X,Y,Z
1104.0,940.0,0.0
1104.0,946.0,0.0
1104.0,985.0,0.0
1104.0,986.0,0.0
1104.0,987.0,0.0
1104.0,997.0,0.0
1104.0,998.0,0.0
1104.0,999.0,0.0
1104.0,1002.0,0.0
1104.0,1003.0,0.0
1104.0,1059.0,0.0
1104.0,1097.0,0.0
1104.0,1115.0,0.0
1104.0,1116.0,0.0
1104.0,1151.0,0.0
1104.0,1152.0,0.0
1104.0,1184.0,0.0
1104.0,1186.0,0.0
1104.0,1217.0,0.0
1104.0,1225.0,0.0
1104.0,1248.0,0.0
1104.0,1281.0,0.0
1104.0,1288.0,0.0
1105.0,982.0,0.0
1105.0,983.0,0.0
1105.0,984.0,0.0
1105.0,985.0,0.0
1105.0,986.0,0.0
1105.0,1059.0,0.0
1105.0,1096.0,0.0
1105.0,1097.0,0.0
1105.0,1115.0,0.0
1105.0,1138.0,0.0
1105.0,1147.0,0.0
1105.0,1151.0,0.0
1105.0,1152.0,0.0
1105.0,1188.0,0.0
1105.0,1202.0,0.0
1105.0,1216.0,0.0
1105.0,1218.0,0.0
1105.0,1227.0,0.0
1105.0,1228.0,0.0
1105.0,1237.0,0.0
1105.0,1240.0,0.0
1105.0,1241.0,0.0
1105.0,1258.0,0.0
1105.0,1269.0,0.0
1105.0,1288.0,0.0
1105.0,1294.0,0.0
1105.0,1345.0,0.0
1106.0,949.0,0.0
1106.0,979.0,0.0
1106.0,980.0,0.0
1106.0,981.0,0.0
1106.0,982.0,0.0
1106.0,1015.0,0.0
1106.0,1016.0,0.0
1106.0,1017.0,0.0
1106.0,1037.0,0.0
1106.0,1038.0,0.0
1106.0,1054.0,0.0
1106.0,1055.0,0.0
1106.0,1060.0,0.0
1106.0,1068.0,0.0
1106.0,1069.0,0.0
1106.0,1097.0,0.0
1106.0,1104.0,0.0
1106.0,1105.0,0.0
1106.0,1112.0,0.0
1106.0,1113.0,0.0
1106.0,1148.0,0.0
1106.0,1171.0,0.0
1106.0,1172.0,0.0
1106.0,1181.0,0.0
1106.0,1182.0,0.0
1106.0,1202.0,0.0
1106.0,1227.0,0.0
1106.0,1236.0,0.0
1106.0,1237.0,0.0
1106.0,1240.0,0.0
1106.0,1241.0,0.0
1106.0,1247.0,0.0
1106.0,1252.0,0.0
1106.0,1258.0,0.0
1106.0,1270.0,0.0
1106.0,1287.0,0.0
1106.0,1291.0,0.0
1106.0,1295.0,0.0
1106.0,1337.0,0.0
1106.0,1338.0,0.0
1106.0,1339.0,0.0
1106.0,1345.0,0.0
1107.0,925.0,0.0
1107.0,926.0,0.0
1107.0,1013.0,0.0
1107.0,1016.0,0.0
1107.0,1017.0,0.0
1107.0,1032.0,0.0
1107.0,1038.0,0.0
1107.0,1054.0,0.0
1107.0,1060.0,0.0
1107.0,1067.0,0.0
1107.0,1069.0,0.0
1107.0,1094.0,0.0
1107.0,1096.0,0.0
1107.0,1104.0,0.0
1107.0,1113.0,0.0
1107.0,1132.0,0.0
1107.0,1148.0,0.0
1107.0,1170.0,0.0
1107.0,1171.0,0.0
1107.0,1178.0,0.0
1107.0,1180.0,0.0
1107.0,1201.0,0.0
1107.0,1202.0,0.0
1107.0,1203.0,0.0
1107.0,1205.0,0.0
1107.0,1225.0,0.0
1107.0,1241.0,0.0
1107.0,1245.0,0.0
1107.0,1251.0,0.0
1107.0,1252.0,0.0
1107.0,1254.0,0.0
1107.0,1258.0,0.0
1107.0,1287.0,0.0
1107.0,1290.0,0.0
1107.0,1294.0,0.0
1107.0,1295.0,0.0
1107.0,1337.0,0.0
1107.0,1345.0,0.0
1108.0,925.0,0.0
1108.0,926.0,0.0
1108.0,929.0,0.0
1108.0,944.0,0.0
1108.0,945.0,0.0
1108.0,952.0,0.0
1108.0,957.0,0.0
1108.0,958.0,0.0
1108.0,1012.0,0.0
1108.0,1013.0,0.0
1108.0,1019.0,0.0
1108.0,1032.0,0.0
1108.0,1033.0,0.0
1108.0,1036.0,0.0
1108.0,1037.0,0.0
1108.0,1058.0,0.0
1108.0,1066.0,0.0
1108.0,1067.0,0.0
1108.0,1094.0,0.0
1108.0,1095.0,0.0
1108.0,1102.0,0.0
1108.0,1103.0,0.0
1108.0,1105.0,0.0
1108.0,1114.0,0.0
1108.0,1131.0,0.0
1108.0,1132.0,0.0
1108.0,1136.0,0.0
1108.0,1137.0,0.0
1108.0,1148.0,0.0
1108.0,1149.0,0.0
1108.0,1155.0,0.0
1108.0,1167.0,0.0
1108.0,1170.0,0.0
1108.0,1173.0,0.0
1108.0,1178.0,0.0
1108.0,1180.0,0.0
1108.0,1182.0,0.0
1108.0,1199.0,0.0
1108.0,1200.0,0.0
1108.0,1204.0,0.0
1108.0,1207.0,0.0
1108.0,1208.0,0.0
1108.0,1223.0,0.0
1108.0,1225.0,0.0
1108.0,1241.0,0.0
1108.0,1242.0,0.0
1108.0,1244.0,0.0
1108.0,1245.0,0.0
1108.0,1264.0,0.0
1108.0,1268.0,0.0
1108.0,1271.0,0.0
1108.0,1272.0,0.0
1108.0,1273.0,0.0
1108.0,1290.0,0.0
1108.0,1293.0,0.0
1108.0,1335.0,0.0
1108.0,1338.0,0.0
1109.0,929.0,0.0
1109.0,932.0,0.0
1109.0,954.0,0.0
1109.0,957.0,0.0
1109.0,958.0,0.0
1109.0,991.0,0.0
1109.0,992.0,0.0
1109.0,1021.0,0.0
1109.0,1022.0,0.0
1109.0,1031.0,0.0
1109.0,1047.0,0.0
1109.0,1066.0,0.0
1109.0,1091.0,0.0
1109.0,1092.0,0.0
1109.0,1108.0,0.0
1109.0,1112.0,0.0
1109.0,1130.0,0.0
1109.0,1131.0,0.0
1109.0,1136.0,0.0
1109.0,1137.0,0.0
1109.0,1149.0,0.0
1109.0,1156.0,0.0
1109.0,1157.0,0.0
1109.0,1168.0,0.0
1109.0,1174.0,0.0
1109.0,1178.0,0.0
1109.0,1199.0,0.0
1109.0,1200.0,0.0
1109.0,1207.0,0.0
1109.0,1208.0,0.0
1109.0,1216.0,0.0
1109.0,1217.0,0.0
1109.0,1224.0,0.0
1109.0,1225.0,0.0
1109.0,1234.0,0.0
1109.0,1239.0,0.0
1109.0,1241.0,0.0
1109.0,1242.0,0.0
1109.0,1264.0,0.0
1109.0,1268.0,0.0
1109.0,1286.0,0.0
1109.0,1287.0,0.0
1109.0,1333.0,0.0
1109.0,1335.0,0.0
1110.0,932.0,0.0
1110.0,934.0,0.0
1110.0,935.0,0.0
1110.0,967.0,0.0
1110.0,1022.0,0.0
1110.0,1023.0,0.0
1110.0,1046.0,0.0
1110.0,1047.0,0.0
1110.0,1048.0,0.0
1110.0,1049.0,0.0
1110.0,1053.0,0.0
1110.0,1054.0,0.0
1110.0,1089.0,0.0
1110.0,1090.0,0.0
1110.0,1091.0,0.0
1110.0,1092.0,0.0
1110.0,1093.0,0.0
1110.0,1113.0,0.0
1110.0,1114.0,0.0
1110.0,1115.0,0.0
1110.0,1129.0,0.0
1110.0,1130.0,0.0
1110.0,1136.0,0.0
1110.0,1147.0,0.0
1110.0,1148.0,0.0
1110.0,1158.0,0.0
1110.0,1168.0,0.0
1110.0,1177.0,0.0
1110.0,1208.0,0.0
1110.0,1209.0,0.0
1110.0,1213.0,0.0
1110.0,1218.0,0.0
1110.0,1224.0,0.0
1110.0,1225.0,0.0
1110.0,1234.0,0.0
1110.0,1238.0,0.0
1110.0,1239.0,0.0
1110.0,1249.0,0.0
1110.0,1251.0,0.0
1110.0,1256.0,0.0
1110.0,1261.0,0.0
1110.0,1264.0,0.0
1110.0,1266.0,0.0
1110.0,1271.0,0.0
1110.0,1293.0,0.0
1110.0,1299.0,0.0
1110.0,1325.0,0.0
1110.0,1326.0,0.0
1110.0,1335.0,0.0
1110.0,1342.0,0.0
1110.0,1345.0,0.0
1111.0,931.0,0.0
1111.0,932.0,0.0
1111.0,934.0,0.0
1111.0,952.0,0.0
1111.0,986.0,0.0
1111.0,991.0,0.0
1111.0,992.0,0.0
1111.0,993.0,0.0
1111.0,1001.0,0.0
1111.0,1003.0,0.0
1111.0,1021.0,0.0
1111.0,1031.0,0.0
1111.0,1032.0,0.0
1111.0,1065.0,0.0
1111.0,1115.0,0.0
1111.0,1128.0,0.0
1111.0,1129.0,0.0
1111.0,1135.0,0.0
1111.0,1136.0,0.0
1111.0,1146.0,0.0
1111.0,1155.0,0.0
1111.0,1167.0,0.0
1111.0,1176.0,0.0
1111.0,1177.0,0.0
1111.0,1218.0,0.0
1111.0,1223.0,0.0
1111.0,1224.0,0.0
1111.0,1242.0,0.0
1111.0,1255.0,0.0
1111.0,1256.0,0.0
1111.0,1257.0,0.0
1111.0,1262.0,0.0
1111.0,1263.0,0.0
1111.0,1265.0,0.0
1111.0,1274.0,0.0
1111.0,1288.0,0.0
1111.0,1292.0,0.0
1111.0,1293.0,0.0
1111.0,1299.0,0.0
1111.0,1300.0,0.0
1111.0,1325.0,0.0
1111.0,1327.0,0.0
1111.0,1328.0,0.0
1111.0,1330.0,0.0
1111.0,1331.0,0.0
1111.0,1333.0,0.0
1111.0,1337.0,0.0
1111.0,1341.0,0.0
1111.0,1345.0,0.0
1112.0,931.0,0.0
1112.0,952.0,0.0
1112.0,980.0,0.0
1112.0,992.0,0.0
1112.0,993.0,0.0
1112.0,1002.0,0.0
1112.0,1003.0,0.0
1112.0,1004.0,0.0
1112.0,1021.0,0.0
1112.0,1031.0,0.0
1112.0,1047.0,0.0
1112.0,1055.0,0.0
1112.0,1064.0,0.0
1112.0,1075.0,0.0
1112.0,1080.0,0.0
1112.0,1081.0,0.0
1112.0,1084.0,0.0
1112.0,1085.0,0.0
1112.0,1086.0,0.0
1112.0,1090.0,0.0
1112.0,1091.0,0.0
1112.0,1109.0,0.0
1112.0,1110.0,0.0
1112.0,1111.0,0.0
1112.0,1128.0,0.0
1112.0,1136.0,0.0
1112.0,1145.0,0.0
1112.0,1146.0,0.0
1112.0,1155.0,0.0
1112.0,1163.0,0.0
1112.0,1167.0,0.0
1112.0,1175.0,0.0
1112.0,1176.0,0.0
1112.0,1224.0,0.0
1112.0,1255.0,0.0
1112.0,1264.0,0.0
1112.0,1265.0,0.0
1112.0,1274.0,0.0
1112.0,1275.0,0.0
1112.0,1284.0,0.0
1112.0,1285.0,0.0
1112.0,1286.0,0.0
1112.0,1290.0,0.0
1112.0,1291.0,0.0
1112.0,1292.0,0.0
1112.0,1294.0,0.0
1112.0,1298.0,0.0
1112.0,1299.0,0.0
1112.0,1309.0,0.0
1112.0,1322.0,0.0
1112.0,1327.0,0.0
1112.0,1334.0,0.0
1112.0,1337.0,0.0
1112.0,1338.0,0.0
1112.0,1339.0,0.0
1112.0,1340.0,0.0
1112.0,1341.0,0.0
1113.0,931.0,0.0
1113.0,976.0,0.0
1113.0,977.0,0.0
1113.0,979.0,0.0
1113.0,1037.0,0.0
1113.0,1052.0,0.0
1113.0,1059.0,0.0
1113.0,1064.0,0.0
1113.0,1065.0,0.0
1113.0,1066.0,0.0
1113.0,1075.0,0.0
1113.0,1080.0,0.0
1113.0,1081.0,0.0
1113.0,1084.0,0.0
1113.0,1085.0,0.0
1113.0,1090.0,0.0
1113.0,1109.0,0.0
1113.0,1134.0,0.0
1113.0,1135.0,0.0
1113.0,1140.0,0.0
1113.0,1141.0,0.0
1113.0,1145.0,0.0
1113.0,1163.0,0.0
1113.0,1166.0,0.0
1113.0,1249.0,0.0
1113.0,1275.0,0.0
1113.0,1276.0,0.0
1113.0,1277.0,0.0
1113.0,1284.0,0.0
1113.0,1291.0,0.0
1113.0,1298.0,0.0
1113.0,1299.0,0.0
1113.0,1309.0,0.0
1113.0,1321.0,0.0
1113.0,1322.0,0.0
1113.0,1334.0,0.0
1113.0,1336.0,0.0
1113.0,1339.0,0.0
1113.0,1340.0,0.0
1114.0,978.0,0.0
1114.0,1003.0,0.0
1114.0,1021.0,0.0
1114.0,1022.0,0.0
1114.0,1030.0,0.0
1114.0,1037.0,0.0
1114.0,1052.0,0.0
1114.0,1053.0,0.0
1114.0,1059.0,0.0
1114.0,1065.0,0.0
1114.0,1089.0,0.0
1114.0,1107.0,0.0
1114.0,1108.0,0.0
1114.0,1109.0,0.0
1114.0,1133.0,0.0
1114.0,1134.0,0.0
1114.0,1140.0,0.0
1114.0,1166.0,0.0
1114.0,1183.0,0.0
1114.0,1184.0,0.0
1114.0,1238.0,0.0
1114.0,1248.0,0.0
1114.0,1265.0,0.0
1114.0,1277.0,0.0
1114.0,1291.0,0.0
1114.0,1297.0,0.0
1114.0,1307.0,0.0
1114.0,1318.0,0.0
1114.0,1320.0,0.0
1114.0,1321.0,0.0
1114.0,1327.0,0.0
1114.0,1333.0,0.0
1114.0,1336.0,0.0
1114.0,1345.0,0.0
1115.0,1022.0,0.0
1115.0,1027.0,0.0
1115.0,1030.0,0.0
1115.0,1037.0,0.0
1115.0,1053.0,0.0
1115.0,1055.0,0.0
1115.0,1117.0,0.0
1115.0,1178.0,0.0
1115.0,1183.0,0.0
1115.0,1199.0,0.0
1115.0,1248.0,0.0
1115.0,1266.0,0.0
1115.0,1272.0,0.0
1115.0,1273.0,0.0
1115.0,1274.0,0.0
1115.0,1304.0,0.0
1115.0,1306.0,0.0
1115.0,1320.0,0.0
1115.0,1324.0,0.0
1115.0,1325.0,0.0
1115.0,1327.0,0.0
1115.0,1328.0,0.0
1115.0,1332.0,0.0
1115.0,1342.0,0.0
1116.0,965.0,0.0
1116.0,1011.0,0.0
1116.0,1027.0,0.0
1116.0,1037.0,0.0
1116.0,1050.0,0.0
1116.0,1053.0,0.0
1116.0,1055.0,0.0
1116.0,1058.0,0.0
1116.0,1061.0,0.0
1116.0,1085.0,0.0
1116.0,1087.0,0.0
1116.0,1111.0,0.0
1116.0,1116.0,0.0
1116.0,1117.0,0.0
1116.0,1139.0,0.0
1116.0,1163.0,0.0
1116.0,1164.0,0.0
1116.0,1178.0,0.0
1116.0,1181.0,0.0
1116.0,1183.0,0.0
1116.0,1197.0,0.0
1116.0,1199.0,0.0
1116.0,1231.0,0.0
1116.0,1232.0,0.0
1116.0,1237.0,0.0
1116.0,1247.0,0.0
1116.0,1248.0,0.0
1116.0,1256.0,0.0
1116.0,1260.0,0.0
1116.0,1272.0,0.0
1116.0,1282.0,0.0
1116.0,1284.0,0.0
1116.0,1285.0,0.0
1116.0,1294.0,0.0
1116.0,1296.0,0.0
1116.0,1297.0,0.0
1116.0,1302.0,0.0
1116.0,1325.0,0.0
1116.0,1332.0,0.0
1116.0,1341.0,0.0
1116.0,1345.0,0.0
1117.0,948.0,0.0
1117.0,949.0,0.0
1117.0,951.0,0.0
1117.0,965.0,0.0
1117.0,966.0,0.0
1117.0,1012.0,0.0
1117.0,1020.0,0.0
1117.0,1021.0,0.0
1117.0,1022.0,0.0
1117.0,1025.0,0.0
1117.0,1026.0,0.0
1117.0,1029.0,0.0
1117.0,1031.0,0.0
1117.0,1033.0,0.0
1117.0,1034.0,0.0
1117.0,1048.0,0.0
1117.0,1050.0,0.0
1117.0,1057.0,0.0
1117.0,1058.0,0.0
1117.0,1062.0,0.0
1117.0,1064.0,0.0
1117.0,1065.0,0.0
1117.0,1066.0,0.0
1117.0,1082.0,0.0
1117.0,1083.0,0.0
1117.0,1086.0,0.0
1117.0,1115.0,0.0
1117.0,1139.0,0.0
1117.0,1145.0,0.0
1117.0,1163.0,0.0
1117.0,1180.0,0.0
1117.0,1183.0,0.0
1117.0,1186.0,0.0
1117.0,1198.0,0.0
1117.0,1230.0,0.0
1117.0,1231.0,0.0
1117.0,1232.0,0.0
1117.0,1245.0,0.0
1117.0,1247.0,0.0
1117.0,1255.0,0.0
1117.0,1266.0,0.0
1117.0,1269.0,0.0
1117.0,1270.0,0.0
1117.0,1271.0,0.0
1117.0,1282.0,0.0
1117.0,1283.0,0.0
1117.0,1289.0,0.0
1117.0,1293.0,0.0
1117.0,1331.0,0.0
1117.0,1332.0,0.0
1117.0,1335.0,0.0
1117.0,1336.0,0.0
1117.0,1337.0,0.0
1117.0,1338.0,0.0
1117.0,1340.0,0.0
1118.0,920.0,0.0
1118.0,954.0,0.0
1118.0,962.0,0.0
1118.0,963.0,0.0
1118.0,964.0,0.0
1118.0,977.0,0.0
1118.0,1006.0,0.0
1118.0,1012.0,0.0
1118.0,1013.0,0.0
1118.0,1014.0,0.0
1118.0,1020.0,0.0
1118.0,1031.0,0.0
1118.0,1033.0,0.0
1118.0,1039.0,0.0
1118.0,1048.0,0.0
1118.0,1049.0,0.0
1118.0,1062.0,0.0
1118.0,1066.0,0.0
1118.0,1085.0,0.0
1118.0,1086.0,0.0
1118.0,1111.0,0.0
1118.0,1115.0,0.0
1118.0,1116.0,0.0
1118.0,1139.0,0.0
1118.0,1145.0,0.0
1118.0,1146.0,0.0
1118.0,1163.0,0.0
1118.0,1180.0,0.0
1118.0,1185.0,0.0
1118.0,1186.0,0.0
1118.0,1193.0,0.0
1118.0,1194.0,0.0
1118.0,1197.0,0.0
1118.0,1198.0,0.0
1118.0,1231.0,0.0
1118.0,1236.0,0.0
1118.0,1244.0,0.0
1118.0,1245.0,0.0
1118.0,1246.0,0.0
1118.0,1254.0,0.0
1118.0,1255.0,0.0
1118.0,1262.0,0.0
1118.0,1263.0,0.0
1118.0,1286.0,0.0
1118.0,1289.0,0.0
1118.0,1301.0,0.0
1118.0,1302.0,0.0
1118.0,1307.0,0.0
1118.0,1312.0,0.0
1118.0,1313.0,0.0
1118.0,1315.0,0.0
1118.0,1316.0,0.0
1118.0,1317.0,0.0
1118.0,1331.0,0.0
1118.0,1338.0,0.0
1119.0,920.0,0.0
1119.0,922.0,0.0
1119.0,971.0,0.0
1119.0,975.0,0.0
1119.0,977.0,0.0
1119.0,978.0,0.0
1119.0,1005.0,0.0
1119.0,1006.0,0.0
1119.0,1014.0,0.0
1119.0,1017.0,0.0
1119.0,1024.0,0.0
1119.0,1025.0,0.0
1119.0,1036.0,0.0
1119.0,1038.0,0.0
1119.0,1039.0,0.0
1119.0,1053.0,0.0
1119.0,1054.0,0.0
1119.0,1055.0,0.0
1119.0,1059.0,0.0
1119.0,1060.0,0.0
1119.0,1085.0,0.0
1119.0,1113.0,0.0
1119.0,1138.0,0.0
1119.0,1139.0,0.0
1119.0,1145.0,0.0
1119.0,1146.0,0.0
1119.0,1181.0,0.0
1119.0,1185.0,0.0
1119.0,1193.0,0.0
1119.0,1197.0,0.0
1119.0,1198.0,0.0
1119.0,1236.0,0.0
1119.0,1238.0,0.0
1119.0,1244.0,0.0
1119.0,1253.0,0.0
1119.0,1254.0,0.0
1119.0,1257.0,0.0
1119.0,1285.0,0.0
1119.0,1292.0,0.0
1119.0,1298.0,0.0
1119.0,1301.0,0.0
1119.0,1302.0,0.0
1119.0,1303.0,0.0
1119.0,1313.0,0.0
1119.0,1315.0,0.0
1119.0,1330.0,0.0
1119.0,1331.0,0.0
1119.0,1344.0,0.0
1120.0,923.0,0.0
1120.0,945.0,0.0
1120.0,947.0,0.0
1120.0,971.0,0.0
1120.0,976.0,0.0
1120.0,1004.0,0.0
1120.0,1015.0,0.0
1120.0,1016.0,0.0
1120.0,1017.0,0.0
1120.0,1018.0,0.0
1120.0,1029.0,0.0
1120.0,1031.0,0.0
1120.0,1036.0,0.0
1120.0,1053.0,0.0
1120.0,1055.0,0.0
1120.0,1059.0,0.0
1120.0,1061.0,0.0
1120.0,1084.0,0.0
1120.0,1085.0,0.0
1120.0,1111.0,0.0
1120.0,1112.0,0.0
1120.0,1137.0,0.0
1120.0,1138.0,0.0
1120.0,1146.0,0.0
1120.0,1163.0,0.0
1120.0,1181.0,0.0
1120.0,1182.0,0.0
1120.0,1192.0,0.0
1120.0,1226.0,0.0
1120.0,1236.0,0.0
1120.0,1239.0,0.0
1120.0,1249.0,0.0
1120.0,1252.0,0.0
1120.0,1253.0,0.0
1120.0,1257.0,0.0
1120.0,1258.0,0.0
1120.0,1259.0,0.0
1120.0,1266.0,0.0
1120.0,1285.0,0.0
1120.0,1290.0,0.0
1120.0,1291.0,0.0
1120.0,1297.0,0.0
1120.0,1301.0,0.0
1120.0,1331.0,0.0
1120.0,1340.0,0.0
1120.0,1344.0,0.0
1121.0,923.0,0.0
1121.0,945.0,0.0
1121.0,979.0,0.0
1121.0,981.0,0.0
1121.0,989.0,0.0
1121.0,990.0,0.0
1121.0,1016.0,0.0
1121.0,1028.0,0.0
1121.0,1030.0,0.0
1121.0,1039.0,0.0
1121.0,1061.0,0.0
1121.0,1082.0,0.0
1121.0,1083.0,0.0
1121.0,1085.0,0.0
1121.0,1109.0,0.0
1121.0,1112.0,0.0
1121.0,1146.0,0.0
1121.0,1163.0,0.0
1121.0,1185.0,0.0
1121.0,1209.0,0.0
1121.0,1210.0,0.0
1121.0,1225.0,0.0
1121.0,1226.0,0.0
1121.0,1237.0,0.0
1121.0,1250.0,0.0
1121.0,1257.0,0.0
1121.0,1289.0,0.0
1121.0,1294.0,0.0
1121.0,1295.0,0.0
1121.0,1296.0,0.0
1121.0,1300.0,0.0
1121.0,1312.0,0.0
1121.0,1318.0,0.0
1121.0,1329.0,0.0
1121.0,1341.0,0.0
1122.0,945.0,0.0
1122.0,946.0,0.0
1122.0,968.0,0.0
1122.0,969.0,0.0
1122.0,974.0,0.0
1122.0,975.0,0.0
1122.0,979.0,0.0
1122.0,980.0,0.0
1122.0,989.0,0.0
1122.0,1028.0,0.0
1122.0,1056.0,0.0
1122.0,1061.0,0.0
1122.0,1062.0,0.0
1122.0,1083.0,0.0
1122.0,1084.0,0.0
1122.0,1086.0,0.0
1122.0,1109.0,0.0
1122.0,1143.0,0.0
1122.0,1144.0,0.0
1122.0,1145.0,0.0
1122.0,1206.0,0.0
1122.0,1209.0,0.0
1122.0,1211.0,0.0
1122.0,1218.0,0.0
1122.0,1234.0,0.0
1122.0,1235.0,0.0
1122.0,1236.0,0.0
1122.0,1243.0,0.0
1122.0,1248.0,0.0
1122.0,1249.0,0.0
1122.0,1251.0,0.0
1122.0,1289.0,0.0
1122.0,1290.0,0.0
1122.0,1300.0,0.0
1122.0,1317.0,0.0
1122.0,1323.0,0.0
1122.0,1325.0,0.0
1122.0,1330.0,0.0
1122.0,1343.0,0.0
1123.0,920.0,0.0
1123.0,970.0,0.0
1123.0,971.0,0.0
1123.0,980.0,0.0
1123.0,989.0,0.0
1123.0,990.0,0.0
1123.0,995.0,0.0
1123.0,996.0,0.0
1123.0,1026.0,0.0
1123.0,1040.0,0.0
1123.0,1056.0,0.0
1123.0,1057.0,0.0
1123.0,1065.0,0.0
1123.0,1106.0,0.0
1123.0,1107.0,0.0
1123.0,1112.0,0.0
1123.0,1145.0,0.0
1123.0,1199.0,0.0
1123.0,1205.0,0.0
1123.0,1206.0,0.0
1123.0,1218.0,0.0
1123.0,1219.0,0.0
1123.0,1225.0,0.0
1123.0,1234.0,0.0
1123.0,1239.0,0.0
1123.0,1240.0,0.0
1123.0,1258.0,0.0
1123.0,1260.0,0.0
1123.0,1263.0,0.0
1123.0,1264.0,0.0
1123.0,1289.0,0.0
1123.0,1296.0,0.0
1123.0,1300.0,0.0
1123.0,1307.0,0.0
1123.0,1315.0,0.0
1123.0,1322.0,0.0
1123.0,1326.0,0.0
1123.0,1329.0,0.0
1123.0,1338.0,0.0
1123.0,1343.0,0.0
1124.0,929.0,0.0
1124.0,930.0,0.0
1124.0,936.0,0.0
1124.0,937.0,0.0
1124.0,958.0,0.0
1124.0,959.0,0.0
1124.0,995.0,0.0
1124.0,1039.0,0.0
1124.0,1050.0,0.0
1124.0,1051.0,0.0
1124.0,1057.0,0.0
1124.0,1058.0,0.0
1124.0,1065.0,0.0
1124.0,1066.0,0.0
1124.0,1083.0,0.0
1124.0,1106.0,0.0
1124.0,1107.0,0.0
1124.0,1110.0,0.0
1124.0,1145.0,0.0
1124.0,1190.0,0.0
1124.0,1191.0,0.0
1124.0,1198.0,0.0
1124.0,1199.0,0.0
1124.0,1210.0,0.0
1124.0,1218.0,0.0
1124.0,1219.0,0.0
1124.0,1223.0,0.0
1124.0,1224.0,0.0
1124.0,1226.0,0.0
1124.0,1238.0,0.0
1124.0,1239.0,0.0
1124.0,1241.0,0.0
1124.0,1247.0,0.0
1124.0,1252.0,0.0
1124.0,1253.0,0.0
1124.0,1264.0,0.0
1124.0,1273.0,0.0
1124.0,1288.0,0.0
1124.0,1289.0,0.0
1124.0,1296.0,0.0
1124.0,1300.0,0.0
1124.0,1301.0,0.0
1124.0,1303.0,0.0
1124.0,1310.0,0.0
1124.0,1311.0,0.0
1124.0,1317.0,0.0
1124.0,1323.0,0.0
1124.0,1324.0,0.0
1124.0,1328.0,0.0
1124.0,1337.0,0.0
1124.0,1338.0,0.0
1124.0,1340.0,0.0
1125.0,920.0,0.0
1125.0,929.0,0.0
1125.0,935.0,0.0
1125.0,937.0,0.0
1125.0,959.0,0.0
1125.0,960.0,0.0
1125.0,961.0,0.0
1125.0,982.0,0.0
1125.0,983.0,0.0
1125.0,985.0,0.0
1125.0,989.0,0.0
1125.0,990.0,0.0
1125.0,994.0,0.0
1125.0,996.0,0.0
1125.0,1027.0,0.0
1125.0,1028.0,0.0
1125.0,1036.0,0.0
1125.0,1051.0,0.0
1125.0,1052.0,0.0
1125.0,1060.0,0.0
1125.0,1066.0,0.0
1125.0,1107.0,0.0
1125.0,1110.0,0.0
1125.0,1112.0,0.0
1125.0,1116.0,0.0
1125.0,1145.0,0.0
1125.0,1209.0,0.0
1125.0,1224.0,0.0
1125.0,1226.0,0.0
1125.0,1229.0,0.0
1125.0,1243.0,0.0
1125.0,1244.0,0.0
1125.0,1261.0,0.0
1125.0,1266.0,0.0
1125.0,1268.0,0.0
1125.0,1269.0,0.0
1125.0,1271.0,0.0
1125.0,1272.0,0.0
1125.0,1273.0,0.0
1125.0,1274.0,0.0
1125.0,1285.0,0.0
1125.0,1288.0,0.0
1125.0,1299.0,0.0
1125.0,1310.0,0.0
1125.0,1320.0,0.0
1125.0,1322.0,0.0
1125.0,1336.0,0.0
1125.0,1337.0,0.0
1125.0,1341.0,0.0
1125.0,1342.0,0.0
1125.0,1344.0,0.0
1126.0,958.0,0.0
1126.0,962.0,0.0
1126.0,984.0,0.0
1126.0,993.0,0.0
1126.0,1004.0,0.0
1126.0,1028.0,0.0
1126.0,1030.0,0.0
1126.0,1033.0,0.0
1126.0,1034.0,0.0
1126.0,1035.0,0.0
1126.0,1051.0,0.0
1126.0,1061.0,0.0
1126.0,1113.0,0.0
1126.0,1114.0,0.0
1126.0,1116.0,0.0
1126.0,1118.0,0.0
1126.0,1119.0,0.0
1126.0,1154.0,0.0
1126.0,1193.0,0.0
1126.0,1201.0,0.0
1126.0,1203.0,0.0
1126.0,1209.0,0.0
1126.0,1211.0,0.0
1126.0,1218.0,0.0
1126.0,1229.0,0.0
1126.0,1231.0,0.0
1126.0,1243.0,0.0
1126.0,1247.0,0.0
1126.0,1251.0,0.0
1126.0,1257.0,0.0
1126.0,1258.0,0.0
1126.0,1260.0,0.0
1126.0,1266.0,0.0
1126.0,1267.0,0.0
1126.0,1268.0,0.0
1126.0,1269.0,0.0
1126.0,1270.0,0.0
1126.0,1273.0,0.0
1126.0,1286.0,0.0
1126.0,1297.0,0.0
1126.0,1298.0,0.0
1126.0,1316.0,0.0
1126.0,1335.0,0.0
1126.0,1336.0,0.0
1126.0,1342.0,0.0
1126.0,1344.0,0.0
1127.0,977.0,0.0
1127.0,991.0,0.0
1127.0,994.0,0.0
1127.0,997.0,0.0
1127.0,1003.0,0.0
1127.0,1005.0,0.0
1127.0,1006.0,0.0
1127.0,1027.0,0.0
1127.0,1029.0,0.0
1127.0,1031.0,0.0
1127.0,1032.0,0.0
1127.0,1035.0,0.0
1127.0,1058.0,0.0
1127.0,1059.0,0.0
1127.0,1066.0,0.0
1127.0,1067.0,0.0
1127.0,1068.0,0.0
1127.0,1112.0,0.0
1127.0,1118.0,0.0
1127.0,1119.0,0.0
1127.0,1130.0,0.0
1127.0,1131.0,0.0
1127.0,1132.0,0.0
1127.0,1143.0,0.0
1127.0,1145.0,0.0
1127.0,1196.0,0.0
1127.0,1201.0,0.0
1127.0,1211.0,0.0
1127.0,1212.0,0.0
1127.0,1215.0,0.0
1127.0,1216.0,0.0
1127.0,1217.0,0.0
1127.0,1218.0,0.0
1127.0,1237.0,0.0
1127.0,1238.0,0.0
1127.0,1239.0,0.0
1127.0,1242.0,0.0
1127.0,1243.0,0.0
1127.0,1244.0,0.0
1127.0,1246.0,0.0
1127.0,1248.0,0.0
1127.0,1260.0,0.0
1127.0,1263.0,0.0
1127.0,1264.0,0.0
1127.0,1284.0,0.0
1127.0,1285.0,0.0
1127.0,1298.0,0.0
1127.0,1299.0,0.0
1127.0,1335.0,0.0
1128.0,983.0,0.0
1128.0,997.0,0.0
1128.0,999.0,0.0
1128.0,1000.0,0.0
1128.0,1001.0,0.0
1128.0,1002.0,0.0
1128.0,1007.0,0.0
1128.0,1009.0,0.0
1128.0,1048.0,0.0
1128.0,1068.0,0.0
1128.0,1069.0,0.0
1128.0,1119.0,0.0
1128.0,1132.0,0.0
1128.0,1133.0,0.0
1128.0,1146.0,0.0
1128.0,1147.0,0.0
1128.0,1152.0,0.0
1128.0,1153.0,0.0
1128.0,1154.0,0.0
1128.0,1191.0,0.0
1128.0,1192.0,0.0
1128.0,1202.0,0.0
1128.0,1212.0,0.0
1128.0,1213.0,0.0
1128.0,1228.0,0.0
1128.0,1229.0,0.0
1128.0,1232.0,0.0
1128.0,1252.0,0.0
1128.0,1254.0,0.0
1128.0,1285.0,0.0
1129.0,950.0,0.0
1129.0,951.0,0.0
1129.0,983.0,0.0
1129.0,984.0,0.0
1129.0,987.0,0.0
1129.0,991.0,0.0
1129.0,992.0,0.0
1129.0,993.0,0.0
1129.0,994.0,0.0
1129.0,1002.0,0.0
1129.0,1009.0,0.0
1129.0,1048.0,0.0
1129.0,1132.0,0.0
1129.0,1133.0,0.0
1129.0,1147.0,0.0
1129.0,1153.0,0.0
1129.0,1228.0,0.0
1129.0,1252.0,0.0
1129.0,1328.0,0.0
1129.0,1329.0,0.0
1129.0,1344.0,0.0
1130.0,923.0,0.0
1130.0,947.0,0.0
1130.0,948.0,0.0
1130.0,949.0,0.0
1130.0,950.0,0.0
1130.0,952.0,0.0
1130.0,972.0,0.0
1130.0,987.0,0.0
1130.0,988.0,0.0
1130.0,998.0,0.0
1130.0,1006.0,0.0
1130.0,1007.0,0.0
1130.0,1008.0,0.0
1130.0,1153.0,0.0
1130.0,1186.0,0.0
1130.0,1188.0,0.0
1130.0,1191.0,0.0
1130.0,1192.0,0.0
1130.0,1196.0,0.0
1130.0,1198.0,0.0
1130.0,1233.0,0.0
1130.0,1234.0,0.0
1130.0,1260.0,0.0
1130.0,1261.0,0.0
1130.0,1288.0,0.0
1130.0,1290.0,0.0
1130.0,1328.0,0.0
1130.0,1345.0,0.0
1131.0,923.0,0.0
1131.0,945.0,0.0
1131.0,972.0,0.0
1131.0,983.0,0.0
1131.0,984.0,0.0
1131.0,997.0,0.0
1131.0,1004.0,0.0
1131.0,1008.0,0.0
1131.0,1159.0,0.0
1131.0,1185.0,0.0
1131.0,1188.0,0.0
1131.0,1191.0,0.0
1131.0,1196.0,0.0
1131.0,1198.0,0.0
1131.0,1232.0,0.0
1131.0,1235.0,0.0
1131.0,1236.0,0.0
1131.0,1240.0,0.0
1131.0,1278.0,0.0
1131.0,1280.0,0.0
1131.0,1282.0,0.0
1131.0,1284.0,0.0
1131.0,1285.0,0.0
1131.0,1288.0,0.0
1131.0,1289.0,0.0
1131.0,1319.0,0.0
1131.0,1328.0,0.0
1131.0,1343.0,0.0
1132.0,946.0,0.0
1132.0,947.0,0.0
1132.0,948.0,0.0
1132.0,982.0,0.0
1132.0,983.0,0.0
1132.0,995.0,0.0
1132.0,997.0,0.0
1132.0,1004.0,0.0
1132.0,1005.0,0.0
1132.0,1065.0,0.0
1132.0,1160.0,0.0
1132.0,1180.0,0.0
1132.0,1184.0,0.0
1132.0,1188.0,0.0
1132.0,1189.0,0.0
1132.0,1190.0,0.0
1132.0,1191.0,0.0
1132.0,1236.0,0.0
1132.0,1239.0,0.0
1132.0,1240.0,0.0
1132.0,1241.0,0.0
1132.0,1243.0,0.0
1132.0,1244.0,0.0
1132.0,1247.0,0.0
1132.0,1256.0,0.0
1132.0,1258.0,0.0
1132.0,1278.0,0.0
1132.0,1281.0,0.0
1132.0,1282.0,0.0
1132.0,1283.0,0.0
1132.0,1285.0,0.0
1132.0,1290.0,0.0
1132.0,1291.0,0.0
1132.0,1312.0,0.0
1132.0,1313.0,0.0
1132.0,1319.0,0.0
1132.0,1320.0,0.0
1132.0,1321.0,0.0
1132.0,1322.0,0.0
1132.0,1343.0,0.0
1132.0,1344.0,0.0
1133.0,949.0,0.0
1133.0,951.0,0.0
1133.0,952.0,0.0
1133.0,953.0,0.0
1133.0,995.0,0.0
1133.0,996.0,0.0
1133.0,1003.0,0.0
1133.0,1008.0,0.0
1133.0,1065.0,0.0
1133.0,1067.0,0.0
1133.0,1071.0,0.0
1133.0,1072.0,0.0
1133.0,1073.0,0.0
1133.0,1085.0,0.0
1133.0,1143.0,0.0
1133.0,1160.0,0.0
1133.0,1178.0,0.0
1133.0,1183.0,0.0
1133.0,1184.0,0.0
1133.0,1234.0,0.0
1133.0,1240.0,0.0
1133.0,1248.0,0.0
1133.0,1249.0,0.0
1133.0,1256.0,0.0
1133.0,1263.0,0.0
1133.0,1264.0,0.0
1133.0,1278.0,0.0
1133.0,1290.0,0.0
1133.0,1312.0,0.0
1133.0,1313.0,0.0
1133.0,1342.0,0.0
1134.0,924.0,0.0
1134.0,925.0,0.0
1134.0,926.0,0.0
1134.0,943.0,0.0
1134.0,944.0,0.0
1134.0,945.0,0.0
1134.0,950.0,0.0
1134.0,1006.0,0.0
1134.0,1007.0,0.0
1134.0,1008.0,0.0
1134.0,1069.0,0.0
1134.0,1082.0,0.0
1134.0,1084.0,0.0
1134.0,1085.0,0.0
1134.0,1086.0,0.0
1134.0,1139.0,0.0
1134.0,1144.0,0.0
1134.0,1151.0,0.0
1134.0,1152.0,0.0
1134.0,1159.0,0.0
1134.0,1160.0,0.0
1134.0,1176.0,0.0
1134.0,1177.0,0.0
1134.0,1222.0,0.0
1134.0,1223.0,0.0
1134.0,1234.0,0.0
1134.0,1235.0,0.0
1134.0,1248.0,0.0
1134.0,1252.0,0.0
1134.0,1259.0,0.0
1134.0,1260.0,0.0
1134.0,1261.0,0.0
1134.0,1262.0,0.0
1134.0,1263.0,0.0
1134.0,1282.0,0.0
1134.0,1311.0,0.0
1134.0,1315.0,0.0
1134.0,1318.0,0.0
1134.0,1341.0,0.0
1135.0,926.0,0.0
1135.0,927.0,0.0
1135.0,942.0,0.0
1135.0,943.0,0.0
1135.0,945.0,0.0
1135.0,963.0,0.0
1135.0,971.0,0.0
1135.0,972.0,0.0
1135.0,997.0,0.0
1135.0,998.0,0.0
1135.0,1005.0,0.0
1135.0,1065.0,0.0
1135.0,1066.0,0.0
1135.0,1067.0,0.0
1135.0,1070.0,0.0
1135.0,1072.0,0.0
1135.0,1073.0,0.0
1135.0,1085.0,0.0
1135.0,1130.0,0.0
1135.0,1131.0,0.0
1135.0,1139.0,0.0
1135.0,1158.0,0.0
1135.0,1159.0,0.0
1135.0,1173.0,0.0
1135.0,1175.0,0.0
1135.0,1181.0,0.0
1135.0,1182.0,0.0
1135.0,1221.0,0.0
1135.0,1223.0,0.0
1135.0,1252.0,0.0
1135.0,1260.0,0.0
1135.0,1262.0,0.0
1135.0,1272.0,0.0
1135.0,1274.0,0.0
1135.0,1275.0,0.0
1135.0,1276.0,0.0
1135.0,1281.0,0.0
1135.0,1282.0,0.0
1135.0,1314.0,0.0
1135.0,1315.0,0.0
1135.0,1319.0,0.0
1135.0,1321.0,0.0
1135.0,1322.0,0.0
1135.0,1323.0,0.0
1135.0,1325.0,0.0
1135.0,1326.0,0.0
1135.0,1327.0,0.0
1135.0,1328.0,0.0
1135.0,1329.0,0.0
1135.0,1341.0,0.0
1135.0,1343.0,0.0
1135.0,1344.0,0.0
1136.0,963.0,0.0
1136.0,997.0,0.0
1136.0,998.0,0.0
1136.0,1005.0,0.0
1136.0,1051.0,0.0
1136.0,1054.0,0.0
1136.0,1069.0,0.0
1136.0,1081.0,0.0
1136.0,1082.0,0.0
1136.0,1115.0,0.0
1136.0,1129.0,0.0
1136.0,1138.0,0.0
1136.0,1156.0,0.0
1136.0,1158.0,0.0
1136.0,1171.0,0.0
1136.0,1172.0,0.0
1136.0,1173.0,0.0
1136.0,1235.0,0.0
1136.0,1236.0,0.0
1136.0,1237.0,0.0
1136.0,1238.0,0.0
1136.0,1239.0,0.0
1136.0,1248.0,0.0
1136.0,1279.0,0.0
1136.0,1280.0,0.0
1136.0,1281.0,0.0
1136.0,1295.0,0.0
1136.0,1296.0,0.0
1136.0,1297.0,0.0
1136.0,1298.0,0.0
1136.0,1313.0,0.0
1136.0,1314.0,0.0
1136.0,1316.0,0.0
1136.0,1317.0,0.0
1136.0,1324.0,0.0
1136.0,1331.0,0.0
1136.0,1332.0,0.0
1136.0,1333.0,0.0
1136.0,1334.0,0.0
1136.0,1339.0,0.0
1136.0,1345.0,0.0
1137.0,969.0,0.0
1137.0,998.0,0.0
1137.0,1005.0,0.0
1137.0,1068.0,0.0
1137.0,1069.0,0.0
1137.0,1091.0,0.0
1137.0,1094.0,0.0
1137.0,1095.0,0.0
1137.0,1112.0,0.0
1137.0,1113.0,0.0
1137.0,1158.0,0.0
1137.0,1171.0,0.0
1137.0,1177.0,0.0
1137.0,1183.0,0.0
1137.0,1184.0,0.0
1137.0,1185.0,0.0
1137.0,1212.0,0.0
1137.0,1239.0,0.0
1137.0,1248.0,0.0
1137.0,1280.0,0.0
1137.0,1296.0,0.0
1137.0,1297.0,0.0
1137.0,1310.0,0.0
1137.0,1338.0,0.0
1137.0,1339.0,0.0
1138.0,924.0,0.0
1138.0,927.0,0.0
1138.0,965.0,0.0
1138.0,966.0,0.0
1138.0,967.0,0.0
1138.0,975.0,0.0
1138.0,976.0,0.0
1138.0,1000.0,0.0
1138.0,1001.0,0.0
1138.0,1072.0,0.0
1138.0,1073.0,0.0
1138.0,1074.0,0.0
1138.0,1109.0,0.0
1138.0,1110.0,0.0
1138.0,1111.0,0.0
1138.0,1127.0,0.0
1138.0,1128.0,0.0
1138.0,1149.0,0.0
1138.0,1150.0,0.0
1138.0,1158.0,0.0
1138.0,1183.0,0.0
1138.0,1184.0,0.0
1138.0,1185.0,0.0
1138.0,1195.0,0.0
1138.0,1226.0,0.0
1138.0,1227.0,0.0
1138.0,1228.0,0.0
1138.0,1239.0,0.0
1138.0,1248.0,0.0
1138.0,1277.0,0.0
1138.0,1309.0,0.0
1138.0,1310.0,0.0
1138.0,1317.0,0.0
1138.0,1328.0,0.0
1138.0,1329.0,0.0
1138.0,1330.0,0.0
1138.0,1341.0,0.0
1139.0,924.0,0.0
1139.0,927.0,0.0
1139.0,965.0,0.0
1139.0,966.0,0.0
1139.0,999.0,0.0
1139.0,1000.0,0.0
1139.0,1003.0,0.0
1139.0,1004.0,0.0
1139.0,1054.0,0.0
1139.0,1074.0,0.0
1139.0,1113.0,0.0
1139.0,1114.0,0.0
1139.0,1127.0,0.0
1139.0,1149.0,0.0
1139.0,1159.0,0.0
1139.0,1183.0,0.0
1139.0,1184.0,0.0
1139.0,1195.0,0.0
1139.0,1196.0,0.0
1139.0,1199.0,0.0
1139.0,1228.0,0.0
1139.0,1248.0,0.0
1139.0,1260.0,0.0
1139.0,1289.0,0.0
1139.0,1307.0,0.0
1139.0,1308.0,0.0
1139.0,1314.0,0.0
1139.0,1317.0,0.0
1139.0,1333.0,0.0
1139.0,1334.0,0.0
1139.0,1341.0,0.0
1140.0,924.0,0.0
1140.0,928.0,0.0
1140.0,940.0,0.0
1140.0,952.0,0.0
1140.0,998.0,0.0
1140.0,999.0,0.0
1140.0,1004.0,0.0
1140.0,1029.0,0.0
1140.0,1051.0,0.0
1140.0,1052.0,0.0
1140.0,1053.0,0.0
1140.0,1069.0,0.0
1140.0,1070.0,0.0
1140.0,1114.0,0.0
1140.0,1124.0,0.0
1140.0,1128.0,0.0
1140.0,1129.0,0.0
1140.0,1159.0,0.0
1140.0,1169.0,0.0
1140.0,1196.0,0.0
1140.0,1199.0,0.0
1140.0,1200.0,0.0
1140.0,1239.0,0.0
1140.0,1240.0,0.0
1140.0,1259.0,0.0
1140.0,1260.0,0.0
1140.0,1261.0,0.0
1140.0,1289.0,0.0
1140.0,1290.0,0.0
1140.0,1306.0,0.0
1140.0,1308.0,0.0
1140.0,1313.0,0.0
1140.0,1314.0,0.0
1140.0,1318.0,0.0
1140.0,1319.0,0.0
1140.0,1333.0,0.0
1140.0,1334.0,0.0
1140.0,1335.0,0.0
1140.0,1339.0,0.0
1141.0,926.0,0.0
1141.0,939.0,0.0
1141.0,955.0,0.0
1141.0,966.0,0.0
1141.0,1027.0,0.0
1141.0,1028.0,0.0
1141.0,1029.0,0.0
1141.0,1050.0,0.0
1141.0,1064.0,0.0
1141.0,1069.0,0.0
1141.0,1070.0,0.0
1141.0,1071.0,0.0
1141.0,1074.0,0.0
1141.0,1075.0,0.0
1141.0,1114.0,0.0
1141.0,1115.0,0.0
1141.0,1128.0,0.0
1141.0,1130.0,0.0
1141.0,1150.0,0.0
1141.0,1151.0,0.0
1141.0,1155.0,0.0
1141.0,1159.0,0.0
1141.0,1160.0,0.0
1141.0,1161.0,0.0
1141.0,1169.0,0.0
1141.0,1187.0,0.0
1141.0,1188.0,0.0
1141.0,1198.0,0.0
1141.0,1199.0,0.0
1141.0,1203.0,0.0
1141.0,1204.0,0.0
1141.0,1229.0,0.0
1141.0,1230.0,0.0
1141.0,1232.0,0.0
1141.0,1242.0,0.0
1141.0,1249.0,0.0
1141.0,1266.0,0.0
1141.0,1276.0,0.0
1141.0,1289.0,0.0
1141.0,1290.0,0.0
1141.0,1306.0,0.0
1141.0,1313.0,0.0
1141.0,1318.0,0.0
1141.0,1319.0,0.0
1141.0,1324.0,0.0
1141.0,1325.0,0.0
1142.0,924.0,0.0
1142.0,927.0,0.0
1142.0,936.0,0.0
1142.0,937.0,0.0
1142.0,938.0,0.0
1142.0,950.0,0.0
1142.0,951.0,0.0
1142.0,954.0,0.0
1142.0,955.0,0.0
1142.0,956.0,0.0
1142.0,965.0,0.0
1142.0,1003.0,0.0
1142.0,1024.0,0.0
1142.0,1025.0,0.0
1142.0,1027.0,0.0
1142.0,1055.0,0.0
1142.0,1056.0,0.0
1142.0,1075.0,0.0
1142.0,1076.0,0.0
1142.0,1113.0,0.0
1142.0,1130.0,0.0
1142.0,1137.0,0.0
1142.0,1144.0,0.0
1142.0,1150.0,0.0
1142.0,1162.0,0.0
1142.0,1164.0,0.0
1142.0,1166.0,0.0
1142.0,1185.0,0.0
1142.0,1187.0,0.0
1142.0,1189.0,0.0
1142.0,1199.0,0.0
1142.0,1205.0,0.0
1142.0,1228.0,0.0
1142.0,1229.0,0.0
1142.0,1231.0,0.0
1142.0,1232.0,0.0
1142.0,1233.0,0.0
1142.0,1249.0,0.0
1142.0,1259.0,0.0
1142.0,1275.0,0.0
1142.0,1289.0,0.0
1142.0,1318.0,0.0
1142.0,1325.0,0.0
1142.0,1326.0,0.0
1142.0,1331.0,0.0
1142.0,1332.0,0.0
1143.0,923.0,0.0
1143.0,924.0,0.0
1143.0,927.0,0.0
1143.0,949.0,0.0
1143.0,950.0,0.0
1143.0,965.0,0.0
1143.0,966.0,0.0
1143.0,1021.0,0.0
1143.0,1022.0,0.0
1143.0,1023.0,0.0
1143.0,1024.0,0.0
1143.0,1028.0,0.0
1143.0,1029.0,0.0
1143.0,1066.0,0.0
1143.0,1067.0,0.0
1143.0,1071.0,0.0
1143.0,1072.0,0.0
1143.0,1078.0,0.0
1143.0,1113.0,0.0
1143.0,1118.0,0.0
1143.0,1119.0,0.0
1143.0,1137.0,0.0
1143.0,1164.0,0.0
1143.0,1182.0,0.0
1143.0,1183.0,0.0
1143.0,1184.0,0.0
1143.0,1185.0,0.0
1143.0,1228.0,0.0
1143.0,1240.0,0.0
1143.0,1241.0,0.0
1143.0,1248.0,0.0
1143.0,1249.0,0.0
1143.0,1287.0,0.0
1143.0,1288.0,0.0
1143.0,1312.0,0.0
1143.0,1313.0,0.0
1144.0,926.0,0.0
1144.0,927.0,0.0
1144.0,931.0,0.0
1144.0,936.0,0.0
1144.0,964.0,0.0
1144.0,996.0,0.0
1144.0,998.0,0.0
1144.0,1020.0,0.0
1144.0,1021.0,0.0
1144.0,1025.0,0.0
1144.0,1065.0,0.0
1144.0,1066.0,0.0
1144.0,1073.0,0.0
1144.0,1074.0,0.0
1144.0,1115.0,0.0
1144.0,1120.0,0.0
1144.0,1131.0,0.0
1144.0,1132.0,0.0
1144.0,1149.0,0.0
1144.0,1164.0,0.0
1144.0,1180.0,0.0
1144.0,1181.0,0.0
1144.0,1182.0,0.0
1144.0,1183.0,0.0
1144.0,1207.0,0.0
1144.0,1208.0,0.0
1144.0,1213.0,0.0
1144.0,1216.0,0.0
1144.0,1217.0,0.0
1144.0,1241.0,0.0
1144.0,1243.0,0.0
1144.0,1248.0,0.0
1144.0,1281.0,0.0
1144.0,1287.0,0.0
1144.0,1291.0,0.0
1144.0,1308.0,0.0
1144.0,1309.0,0.0
1144.0,1311.0,0.0
1144.0,1312.0,0.0
1145.0,926.0,0.0
1145.0,927.0,0.0
1145.0,932.0,0.0
1145.0,933.0,0.0
1145.0,937.0,0.0
1145.0,949.0,0.0
1145.0,951.0,0.0
1145.0,952.0,0.0
1145.0,960.0,0.0
1145.0,961.0,0.0
1145.0,963.0,0.0
1145.0,996.0,0.0
1145.0,998.0,0.0
1145.0,1020.0,0.0
1145.0,1077.0,0.0
1145.0,1079.0,0.0
1145.0,1105.0,0.0
1145.0,1130.0,0.0
1145.0,1131.0,0.0
1145.0,1149.0,0.0
1145.0,1159.0,0.0
1145.0,1196.0,0.0
1145.0,1207.0,0.0
1145.0,1208.0,0.0
1145.0,1221.0,0.0
1145.0,1222.0,0.0
1145.0,1248.0,0.0
1145.0,1258.0,0.0
1145.0,1280.0,0.0
1145.0,1281.0,0.0
1145.0,1282.0,0.0
1145.0,1297.0,0.0
1145.0,1306.0,0.0
1145.0,1307.0,0.0
1146.0,922.0,0.0
1146.0,932.0,0.0
1146.0,1025.0,0.0
1146.0,1028.0,0.0
1146.0,1079.0,0.0
1146.0,1104.0,0.0
1146.0,1123.0,0.0
1146.0,1140.0,0.0
1146.0,1149.0,0.0
1146.0,1150.0,0.0
1146.0,1154.0,0.0
1146.0,1155.0,0.0
1146.0,1158.0,0.0
1146.0,1159.0,0.0
1146.0,1176.0,0.0
1146.0,1177.0,0.0
1146.0,1207.0,0.0
1146.0,1222.0,0.0
1146.0,1223.0,0.0
1146.0,1243.0,0.0
1146.0,1246.0,0.0
1146.0,1247.0,0.0
1146.0,1257.0,0.0
1146.0,1281.0,0.0
1146.0,1282.0,0.0
1146.0,1291.0,0.0
1146.0,1292.0,0.0
1146.0,1296.0,0.0
1146.0,1297.0,0.0
1146.0,1305.0,0.0
1146.0,1306.0,0.0
1147.0,1006.0,0.0
1147.0,1007.0,0.0
1147.0,1008.0,0.0
1147.0,1026.0,0.0
1147.0,1028.0,0.0
1147.0,1118.0,0.0
1147.0,1119.0,0.0
1147.0,1128.0,0.0
1147.0,1140.0,0.0
1147.0,1141.0,0.0
1147.0,1143.0,0.0
1147.0,1149.0,0.0
1147.0,1155.0,0.0
1147.0,1159.0,0.0
1147.0,1176.0,0.0
1147.0,1179.0,0.0
1147.0,1195.0,0.0
1147.0,1196.0,0.0
1147.0,1241.0,0.0
1147.0,1243.0,0.0
1147.0,1244.0,0.0
1147.0,1249.0,0.0
1147.0,1256.0,0.0
1147.0,1286.0,0.0
1147.0,1288.0,0.0
1147.0,1289.0,0.0
1148.0,937.0,0.0
1148.0,995.0,0.0
1148.0,996.0,0.0
1148.0,1026.0,0.0
1148.0,1027.0,0.0
1148.0,1117.0,0.0
1148.0,1122.0,0.0
1148.0,1128.0,0.0
1148.0,1139.0,0.0
1148.0,1140.0,0.0
1148.0,1143.0,0.0
1148.0,1144.0,0.0
1148.0,1147.0,0.0
1148.0,1148.0,0.0
1148.0,1157.0,0.0
1148.0,1158.0,0.0
1148.0,1176.0,0.0
1148.0,1196.0,0.0
1148.0,1225.0,0.0
1148.0,1241.0,0.0
1148.0,1244.0,0.0
1148.0,1248.0,0.0
1148.0,1249.0,0.0
1148.0,1263.0,0.0
1148.0,1267.0,0.0
1148.0,1268.0,0.0
1148.0,1275.0,0.0
1148.0,1280.0,0.0
1148.0,1285.0,0.0
1149.0,924.0,0.0
1149.0,925.0,0.0
1149.0,937.0,0.0
1149.0,959.0,0.0
1149.0,1014.0,0.0
1149.0,1078.0,0.0
1149.0,1114.0,0.0
1149.0,1115.0,0.0
1149.0,1119.0,0.0
1149.0,1122.0,0.0
1149.0,1123.0,0.0
1149.0,1139.0,0.0
1149.0,1143.0,0.0
1149.0,1146.0,0.0
1149.0,1147.0,0.0
1149.0,1163.0,0.0
1149.0,1224.0,0.0
1149.0,1244.0,0.0
1149.0,1262.0,0.0
1149.0,1263.0,0.0
1149.0,1267.0,0.0
1149.0,1276.0,0.0
1149.0,1277.0,0.0
1149.0,1278.0,0.0
1149.0,1289.0,0.0
1149.0,1290.0,0.0
1149.0,1291.0,0.0
1150.0,920.0,0.0
1150.0,921.0,0.0
1150.0,924.0,0.0
1150.0,971.0,0.0
1150.0,972.0,0.0
1150.0,973.0,0.0
1150.0,1015.0,0.0
1150.0,1016.0,0.0
1150.0,1018.0,0.0
1150.0,1019.0,0.0
1150.0,1057.0,0.0
1150.0,1105.0,0.0
1150.0,1106.0,0.0
1150.0,1122.0,0.0
1150.0,1139.0,0.0
1150.0,1145.0,0.0
1150.0,1162.0,0.0
1150.0,1163.0,0.0
1150.0,1164.0,0.0
1150.0,1166.0,0.0
1150.0,1167.0,0.0
1150.0,1192.0,0.0
1150.0,1224.0,0.0
1150.0,1279.0,0.0
1150.0,1280.0,0.0
1150.0,1284.0,0.0
1150.0,1295.0,0.0
1151.0,935.0,0.0
1151.0,939.0,0.0
1151.0,969.0,0.0
1151.0,970.0,0.0
1151.0,971.0,0.0
1151.0,972.0,0.0
1151.0,996.0,0.0
1151.0,1015.0,0.0
1151.0,1055.0,0.0
1151.0,1056.0,0.0
1151.0,1084.0,0.0
1151.0,1085.0,0.0
1151.0,1100.0,0.0
1151.0,1101.0,0.0
1151.0,1107.0,0.0
1151.0,1113.0,0.0
1151.0,1114.0,0.0
1151.0,1130.0,0.0
1151.0,1131.0,0.0
1151.0,1143.0,0.0
1151.0,1145.0,0.0
1151.0,1146.0,0.0
1151.0,1149.0,0.0
1151.0,1151.0,0.0
1151.0,1153.0,0.0
1151.0,1191.0,0.0
1151.0,1192.0,0.0
1151.0,1199.0,0.0
1151.0,1200.0,0.0
1151.0,1201.0,0.0
1151.0,1282.0,0.0
1151.0,1284.0,0.0
1151.0,1295.0,0.0
1151.0,1296.0,0.0
1151.0,1298.0,0.0
1152.0,935.0,0.0
1152.0,936.0,0.0
1152.0,938.0,0.0
1152.0,939.0,0.0
1152.0,969.0,0.0
1152.0,1049.0,0.0
1152.0,1053.0,0.0
1152.0,1054.0,0.0
1152.0,1055.0,0.0
1152.0,1057.0,0.0
1152.0,1059.0,0.0
1152.0,1075.0,0.0
1152.0,1085.0,0.0
1152.0,1086.0,0.0
1152.0,1099.0,0.0
1152.0,1100.0,0.0
1152.0,1115.0,0.0
1152.0,1116.0,0.0
1152.0,1120.0,0.0
1152.0,1121.0,0.0
1152.0,1129.0,0.0
1152.0,1131.0,0.0
1152.0,1132.0,0.0
1152.0,1138.0,0.0
1152.0,1151.0,0.0
1152.0,1154.0,0.0
1152.0,1163.0,0.0
1152.0,1165.0,0.0
1152.0,1166.0,0.0
1152.0,1168.0,0.0
1152.0,1182.0,0.0
1152.0,1183.0,0.0
1152.0,1191.0,0.0
1152.0,1192.0,0.0
1152.0,1196.0,0.0
1152.0,1207.0,0.0
1152.0,1208.0,0.0
1152.0,1226.0,0.0
1152.0,1227.0,0.0
1152.0,1243.0,0.0
1152.0,1295.0,0.0
1152.0,1298.0,0.0
1153.0,919.0,0.0
1153.0,933.0,0.0
1153.0,1015.0,0.0
1153.0,1016.0,0.0
1153.0,1048.0,0.0
1153.0,1075.0,0.0
1153.0,1085.0,0.0
1153.0,1093.0,0.0
1153.0,1094.0,0.0
1153.0,1095.0,0.0
1153.0,1096.0,0.0
1153.0,1097.0,0.0
1153.0,1100.0,0.0
1153.0,1121.0,0.0
1153.0,1129.0,0.0
1153.0,1155.0,0.0
1153.0,1156.0,0.0
1153.0,1157.0,0.0
1153.0,1169.0,0.0
1153.0,1195.0,0.0
1153.0,1207.0,0.0
1153.0,1208.0,0.0
1153.0,1225.0,0.0
1153.0,1226.0,0.0
1153.0,1256.0,0.0
1153.0,1272.0,0.0
1153.0,1273.0,0.0
1153.0,1292.0,0.0
1154.0,921.0,0.0
1154.0,922.0,0.0
1154.0,933.0,0.0
1154.0,934.0,0.0
1154.0,949.0,0.0
1154.0,950.0,0.0
1154.0,1015.0,0.0
1154.0,1053.0,0.0
1154.0,1059.0,0.0
1154.0,1084.0,0.0
1154.0,1091.0,0.0
1154.0,1092.0,0.0
1154.0,1099.0,0.0
1154.0,1100.0,0.0
1154.0,1110.0,0.0
1154.0,1129.0,0.0
1154.0,1130.0,0.0
1154.0,1154.0,0.0
1154.0,1156.0,0.0
1154.0,1168.0,0.0
1154.0,1218.0,0.0
1154.0,1224.0,0.0
1154.0,1255.0,0.0
1154.0,1256.0,0.0
1154.0,1271.0,0.0
1154.0,1283.0,0.0
1155.0,924.0,0.0
1155.0,933.0,0.0
1155.0,949.0,0.0
1155.0,955.0,0.0
1155.0,956.0,0.0
1155.0,957.0,0.0
1155.0,958.0,0.0
1155.0,963.0,0.0
1155.0,965.0,0.0
1155.0,971.0,0.0
1155.0,975.0,0.0
1155.0,976.0,0.0
1155.0,1014.0,0.0
1155.0,1059.0,0.0
1155.0,1060.0,0.0
1155.0,1061.0,0.0
1155.0,1072.0,0.0
1155.0,1084.0,0.0
1155.0,1088.0,0.0
1155.0,1089.0,0.0
1155.0,1091.0,0.0
1155.0,1094.0,0.0
1155.0,1095.0,0.0
1155.0,1098.0,0.0
1155.0,1099.0,0.0
1155.0,1105.0,0.0
1155.0,1130.0,0.0
1155.0,1167.0,0.0
1155.0,1173.0,0.0
1155.0,1217.0,0.0
1155.0,1223.0,0.0
1155.0,1224.0,0.0
1155.0,1234.0,0.0
1155.0,1243.0,0.0
1155.0,1256.0,0.0
1155.0,1264.0,0.0
1155.0,1267.0,0.0
1155.0,1270.0,0.0
1155.0,1283.0,0.0
1155.0,1294.0,0.0
1156.0,923.0,0.0
1156.0,926.0,0.0
1156.0,927.0,0.0
1156.0,929.0,0.0
1156.0,935.0,0.0
1156.0,949.0,0.0
1156.0,962.0,0.0
1156.0,963.0,0.0
1156.0,965.0,0.0
1156.0,970.0,0.0
1156.0,974.0,0.0
1156.0,975.0,0.0
1156.0,982.0,0.0
1156.0,984.0,0.0
1156.0,1014.0,0.0
1156.0,1046.0,0.0
1156.0,1062.0,0.0
1156.0,1063.0,0.0
1156.0,1071.0,0.0
1156.0,1072.0,0.0
1156.0,1073.0,0.0
1156.0,1081.0,0.0
1156.0,1082.0,0.0
1156.0,1084.0,0.0
1156.0,1085.0,0.0
1156.0,1087.0,0.0
1156.0,1088.0,0.0
1156.0,1093.0,0.0
1156.0,1098.0,0.0
1156.0,1105.0,0.0
1156.0,1111.0,0.0
1156.0,1120.0,0.0
1156.0,1121.0,0.0
1156.0,1122.0,0.0
1156.0,1129.0,0.0
1156.0,1132.0,0.0
1156.0,1167.0,0.0
1156.0,1176.0,0.0
1156.0,1199.0,0.0
1156.0,1217.0,0.0
1156.0,1219.0,0.0
1156.0,1222.0,0.0
1156.0,1223.0,0.0
1156.0,1234.0,0.0
1156.0,1235.0,0.0
1156.0,1236.0,0.0
1156.0,1237.0,0.0
1156.0,1238.0,0.0
1156.0,1239.0,0.0
1156.0,1240.0,0.0
1156.0,1245.0,0.0
1156.0,1254.0,0.0
1156.0,1255.0,0.0
1156.0,1256.0,0.0
1156.0,1265.0,0.0
1156.0,1266.0,0.0
1156.0,1267.0,0.0
1156.0,1268.0,0.0
1156.0,1281.0,0.0
1156.0,1282.0,0.0
1156.0,1290.0,0.0
1157.0,921.0,0.0
1157.0,929.0,0.0
1157.0,931.0,0.0
1157.0,935.0,0.0
1157.0,939.0,0.0
1157.0,949.0,0.0
1157.0,963.0,0.0
1157.0,970.0,0.0
1157.0,981.0,0.0
1157.0,982.0,0.0
1157.0,1014.0,0.0
1157.0,1026.0,0.0
1157.0,1042.0,0.0
1157.0,1050.0,0.0
1157.0,1065.0,0.0
1157.0,1085.0,0.0
1157.0,1088.0,0.0
1157.0,1092.0,0.0
1157.0,1098.0,0.0
1157.0,1103.0,0.0
1157.0,1104.0,0.0
1157.0,1112.0,0.0
1157.0,1133.0,0.0
1157.0,1167.0,0.0
1157.0,1177.0,0.0
1157.0,1193.0,0.0
1157.0,1194.0,0.0
1157.0,1219.0,0.0
1157.0,1220.0,0.0
1157.0,1225.0,0.0
1157.0,1226.0,0.0
1157.0,1244.0,0.0
1157.0,1245.0,0.0
1157.0,1246.0,0.0
1157.0,1248.0,0.0
1157.0,1249.0,0.0
1157.0,1251.0,0.0
1157.0,1252.0,0.0
1157.0,1253.0,0.0
1157.0,1254.0,0.0
1157.0,1257.0,0.0
1157.0,1258.0,0.0
1157.0,1267.0,0.0
1157.0,1293.0,0.0
1158.0,917.0,0.0
1158.0,919.0,0.0
1158.0,920.0,0.0
1158.0,934.0,0.0
1158.0,974.0,0.0
1158.0,975.0,0.0
1158.0,980.0,0.0
1158.0,981.0,0.0
1158.0,985.0,0.0
1158.0,986.0,0.0
1158.0,1010.0,0.0
1158.0,1012.0,0.0
1158.0,1013.0,0.0
1158.0,1025.0,0.0
1158.0,1027.0,0.0
1158.0,1029.0,0.0
1158.0,1043.0,0.0
1158.0,1044.0,0.0
1158.0,1045.0,0.0
1158.0,1049.0,0.0
1158.0,1052.0,0.0
1158.0,1053.0,0.0
1158.0,1065.0,0.0
1158.0,1067.0,0.0
1158.0,1068.0,0.0
1158.0,1099.0,0.0
1158.0,1102.0,0.0
1158.0,1103.0,0.0
1158.0,1131.0,0.0
1158.0,1140.0,0.0
1158.0,1141.0,0.0
1158.0,1160.0,0.0
1158.0,1167.0,0.0
1158.0,1177.0,0.0
1158.0,1187.0,0.0
1158.0,1193.0,0.0
1158.0,1194.0,0.0
1158.0,1210.0,0.0
1158.0,1211.0,0.0
1158.0,1220.0,0.0
1158.0,1221.0,0.0
1158.0,1224.0,0.0
1158.0,1225.0,0.0
1158.0,1242.0,0.0
1158.0,1249.0,0.0
1158.0,1251.0,0.0
1158.0,1259.0,0.0
1158.0,1266.0,0.0
1158.0,1289.0,0.0
1158.0,1290.0,0.0
1159.0,918.0,0.0
1159.0,922.0,0.0
1159.0,933.0,0.0
1159.0,959.0,0.0
1159.0,960.0,0.0
1159.0,973.0,0.0
1159.0,974.0,0.0
1159.0,1011.0,0.0
1159.0,1029.0,0.0
1159.0,1049.0,0.0
1159.0,1052.0,0.0
1159.0,1103.0,0.0
1159.0,1135.0,0.0
1159.0,1139.0,0.0
1159.0,1143.0,0.0
1159.0,1145.0,0.0
1159.0,1159.0,0.0
1159.0,1160.0,0.0
1159.0,1161.0,0.0
1159.0,1167.0,0.0
1159.0,1168.0,0.0
1159.0,1177.0,0.0
1159.0,1191.0,0.0
1159.0,1192.0,0.0
1159.0,1220.0,0.0
1159.0,1224.0,0.0
1159.0,1231.0,0.0
1159.0,1232.0,0.0
1159.0,1233.0,0.0
1159.0,1234.0,0.0
1159.0,1246.0,0.0
1159.0,1266.0,0.0
1159.0,1274.0,0.0
1160.0,917.0,0.0
1160.0,920.0,0.0
1160.0,930.0,0.0
1160.0,931.0,0.0
1160.0,932.0,0.0
1160.0,951.0,0.0
1160.0,959.0,0.0
1160.0,1010.0,0.0
1160.0,1028.0,0.0
1160.0,1031.0,0.0
1160.0,1032.0,0.0
1160.0,1033.0,0.0
1160.0,1047.0,0.0
1160.0,1048.0,0.0
1160.0,1049.0,0.0
1160.0,1079.0,0.0
1160.0,1081.0,0.0
1160.0,1082.0,0.0
1160.0,1086.0,0.0
1160.0,1135.0,0.0
1160.0,1144.0,0.0
1160.0,1159.0,0.0
1160.0,1193.0,0.0
1160.0,1209.0,0.0
1160.0,1236.0,0.0
1160.0,1246.0,0.0
1160.0,1247.0,0.0
1160.0,1258.0,0.0
1160.0,1273.0,0.0
1160.0,1274.0,0.0
1160.0,1287.0,0.0
1160.0,1288.0,0.0
1161.0,922.0,0.0
1161.0,923.0,0.0
1161.0,951.0,0.0
1161.0,959.0,0.0
1161.0,972.0,0.0
1161.0,974.0,0.0
1161.0,1011.0,0.0
1161.0,1033.0,0.0
1161.0,1034.0,0.0
1161.0,1048.0,0.0
1161.0,1051.0,0.0
1161.0,1078.0,0.0
1161.0,1079.0,0.0
1161.0,1081.0,0.0
1161.0,1087.0,0.0
1161.0,1135.0,0.0
1161.0,1136.0,0.0
1161.0,1137.0,0.0
1161.0,1144.0,0.0
1161.0,1160.0,0.0
1161.0,1163.0,0.0
1161.0,1164.0,0.0
1161.0,1165.0,0.0
1161.0,1169.0,0.0
1161.0,1170.0,0.0
1161.0,1192.0,0.0
1161.0,1193.0,0.0
1161.0,1209.0,0.0
1161.0,1210.0,0.0
1161.0,1236.0,0.0
1161.0,1247.0,0.0
1161.0,1258.0,0.0
1161.0,1274.0,0.0
1161.0,1283.0,0.0
1161.0,1286.0,0.0
1162.0,922.0,0.0
1162.0,940.0,0.0
1162.0,951.0,0.0
1162.0,972.0,0.0
1162.0,1011.0,0.0
1162.0,1012.0,0.0
1162.0,1023.0,0.0
1162.0,1027.0,0.0
1162.0,1052.0,0.0
1162.0,1094.0,0.0
1162.0,1116.0,0.0
1162.0,1136.0,0.0
1162.0,1137.0,0.0
1162.0,1143.0,0.0
1162.0,1144.0,0.0
1162.0,1171.0,0.0
1162.0,1172.0,0.0
1162.0,1176.0,0.0
1162.0,1210.0,0.0
1162.0,1215.0,0.0
1162.0,1216.0,0.0
1162.0,1220.0,0.0
1162.0,1223.0,0.0
1162.0,1224.0,0.0
1162.0,1247.0,0.0
1162.0,1256.0,0.0
1162.0,1257.0,0.0
1162.0,1266.0,0.0
1162.0,1267.0,0.0
1162.0,1268.0,0.0
1162.0,1279.0,0.0
1162.0,1285.0,0.0
1163.0,927.0,0.0
1163.0,941.0,0.0
1163.0,942.0,0.0
1163.0,1012.0,0.0
1163.0,1023.0,0.0
1163.0,1024.0,0.0
1163.0,1034.0,0.0
1163.0,1050.0,0.0
1163.0,1051.0,0.0
1163.0,1116.0,0.0
1163.0,1141.0,0.0
1163.0,1143.0,0.0
1163.0,1175.0,0.0
1163.0,1189.0,0.0
1163.0,1190.0,0.0
1163.0,1214.0,0.0
1163.0,1215.0,0.0
1163.0,1220.0,0.0
1163.0,1224.0,0.0
1163.0,1226.0,0.0
1163.0,1247.0,0.0
1163.0,1254.0,0.0
1163.0,1256.0,0.0
1163.0,1259.0,0.0
1163.0,1260.0,0.0
1163.0,1261.0,0.0
1163.0,1262.0,0.0
1163.0,1263.0,0.0
1163.0,1264.0,0.0
1163.0,1270.0,0.0
1163.0,1272.0,0.0
1163.0,1278.0,0.0
1163.0,1279.0,0.0
1163.0,1280.0,0.0
1163.0,1281.0,0.0
1164.0,917.0,0.0
1164.0,940.0,0.0
1164.0,941.0,0.0
1164.0,982.0,0.0
1164.0,983.0,0.0
1164.0,988.0,0.0
1164.0,1023.0,0.0
1164.0,1027.0,0.0
1164.0,1032.0,0.0
1164.0,1033.0,0.0
1164.0,1051.0,0.0
1164.0,1053.0,0.0
1164.0,1093.0,0.0
1164.0,1095.0,0.0
1164.0,1096.0,0.0
1164.0,1113.0,0.0
1164.0,1114.0,0.0
1164.0,1116.0,0.0
1164.0,1134.0,0.0
1164.0,1135.0,0.0
1164.0,1136.0,0.0
1164.0,1165.0,0.0
1164.0,1188.0,0.0
1164.0,1191.0,0.0
1164.0,1215.0,0.0
1164.0,1218.0,0.0
1164.0,1221.0,0.0
1164.0,1222.0,0.0
1164.0,1227.0,0.0
1164.0,1231.0,0.0
1164.0,1247.0,0.0
1164.0,1253.0,0.0
1164.0,1254.0,0.0
1164.0,1263.0,0.0
1164.0,1268.0,0.0
1164.0,1270.0,0.0
1164.0,1271.0,0.0
1164.0,1274.0,0.0
1164.0,1276.0,0.0
1164.0,1277.0,0.0
1165.0,939.0,0.0
1165.0,963.0,0.0
1165.0,964.0,0.0
1165.0,975.0,0.0
1165.0,982.0,0.0
1165.0,1011.0,0.0
1165.0,1032.0,0.0
1165.0,1038.0,0.0
1165.0,1054.0,0.0
1165.0,1093.0,0.0
1165.0,1113.0,0.0
1165.0,1135.0,0.0
1165.0,1164.0,0.0
1165.0,1165.0,0.0
1165.0,1185.0,0.0
1165.0,1191.0,0.0
1165.0,1218.0,0.0
1165.0,1227.0,0.0
1165.0,1228.0,0.0
1165.0,1250.0,0.0
1165.0,1251.0,0.0
1165.0,1252.0,0.0
1165.0,1256.0,0.0
1165.0,1257.0,0.0
1165.0,1266.0,0.0
1165.0,1274.0,0.0
1166.0,917.0,0.0
1166.0,961.0,0.0
1166.0,962.0,0.0
1166.0,963.0,0.0
1166.0,1011.0,0.0
1166.0,1034.0,0.0
1166.0,1035.0,0.0
1166.0,1039.0,0.0
1166.0,1182.0,0.0
1166.0,1183.0,0.0
1166.0,1189.0,0.0
1166.0,1190.0,0.0
1166.0,1191.0,0.0
1166.0,1212.0,0.0
1166.0,1213.0,0.0
1166.0,1229.0,0.0
1166.0,1247.0,0.0
1166.0,1248.0,0.0
1166.0,1256.0,0.0
1166.0,1257.0,0.0
1166.0,1263.0,0.0
1166.0,1264.0,0.0
1166.0,1265.0,0.0
1166.0,1266.0,0.0
1167.0,916.0,0.0
1167.0,918.0,0.0
1167.0,935.0,0.0
1167.0,936.0,0.0
1167.0,1012.0,0.0
1167.0,1019.0,0.0
1167.0,1032.0,0.0
1167.0,1035.0,0.0
1167.0,1038.0,0.0
1167.0,1048.0,0.0
1167.0,1114.0,0.0
1167.0,1157.0,0.0
1167.0,1164.0,0.0
1167.0,1183.0,0.0
1167.0,1184.0,0.0
1167.0,1212.0,0.0
1167.0,1247.0,0.0
1167.0,1259.0,0.0
1167.0,1260.0,0.0
1168.0,916.0,0.0
1168.0,918.0,0.0
1168.0,1010.0,0.0
1168.0,1011.0,0.0
1168.0,1032.0,0.0
1168.0,1033.0,0.0
1168.0,1093.0,0.0
1168.0,1110.0,0.0
1168.0,1111.0,0.0
1168.0,1112.0,0.0
1168.0,1113.0,0.0
1168.0,1114.0,0.0
1168.0,1129.0,0.0
1168.0,1135.0,0.0
1168.0,1136.0,0.0
1168.0,1163.0,0.0
1168.0,1181.0,0.0
1168.0,1210.0,0.0
1168.0,1211.0,0.0
1168.0,1225.0,0.0
1168.0,1228.0,0.0
1168.0,1248.0,0.0
1168.0,1257.0,0.0
1168.0,1260.0,0.0
1168.0,1262.0,0.0
1168.0,1264.0,0.0
1168.0,1265.0,0.0
1169.0,915.0,0.0
1169.0,937.0,0.0
1169.0,973.0,0.0
1169.0,1005.0,0.0
1169.0,1006.0,0.0
1169.0,1087.0,0.0
1169.0,1135.0,0.0
1169.0,1181.0,0.0
1169.0,1191.0,0.0
1169.0,1211.0,0.0
1169.0,1248.0,0.0
1169.0,1257.0,0.0
1169.0,1258.0,0.0
1170.0,915.0,0.0
1170.0,920.0,0.0
1170.0,936.0,0.0
1170.0,937.0,0.0
1170.0,1002.0,0.0
1170.0,1003.0,0.0
1170.0,1004.0,0.0
1170.0,1017.0,0.0
1170.0,1018.0,0.0
1170.0,1056.0,0.0
1170.0,1088.0,0.0
1170.0,1136.0,0.0
1170.0,1150.0,0.0
1170.0,1181.0,0.0
1170.0,1182.0,0.0
1170.0,1183.0,0.0
1170.0,1224.0,0.0
1170.0,1257.0,0.0
1171.0,930.0,0.0
1171.0,931.0,0.0
1171.0,933.0,0.0
1171.0,1002.0,0.0
1171.0,1056.0,0.0
1171.0,1057.0,0.0
1171.0,1089.0,0.0
1171.0,1103.0,0.0
1171.0,1182.0,0.0
1171.0,1189.0,0.0
1171.0,1262.0,0.0
1171.0,1274.0,0.0
1171.0,1290.0,0.0
1171.0,1291.0,0.0
1171.0,1323.0,0.0
1172.0,931.0,0.0
1172.0,933.0,0.0
1172.0,1027.0,0.0
1172.0,1032.0,0.0
1172.0,1056.0,0.0
1172.0,1089.0,0.0
1172.0,1095.0,0.0
1172.0,1096.0,0.0
1172.0,1103.0,0.0
1172.0,1104.0,0.0
1172.0,1128.0,0.0
1172.0,1162.0,0.0
1172.0,1190.0,0.0
1172.0,1237.0,0.0
1172.0,1261.0,0.0
1172.0,1262.0,0.0
1172.0,1275.0,0.0
1172.0,1291.0,0.0
1172.0,1323.0,0.0
1172.0,1324.0,0.0
1173.0,925.0,0.0
1173.0,965.0,0.0
1173.0,1001.0,0.0
1173.0,1002.0,0.0
1173.0,1018.0,0.0
1173.0,1027.0,0.0
1173.0,1028.0,0.0
1173.0,1030.0,0.0
1173.0,1034.0,0.0
1173.0,1054.0,0.0
1173.0,1086.0,0.0
1173.0,1096.0,0.0
1173.0,1097.0,0.0
1173.0,1115.0,0.0
1173.0,1127.0,0.0
1173.0,1153.0,0.0
1173.0,1187.0,0.0
1173.0,1189.0,0.0
1173.0,1190.0,0.0
1173.0,1236.0,0.0
1173.0,1237.0,0.0
1173.0,1239.0,0.0
1173.0,1240.0,0.0
1173.0,1258.0,0.0
1173.0,1291.0,0.0
1173.0,1320.0,0.0
1174.0,925.0,0.0
1174.0,938.0,0.0
1174.0,939.0,0.0
1174.0,968.0,0.0
1174.0,1000.0,0.0
1174.0,1016.0,0.0
1174.0,1031.0,0.0
1174.0,1054.0,0.0
1174.0,1055.0,0.0
1174.0,1112.0,0.0
1174.0,1113.0,0.0
1174.0,1114.0,0.0
1174.0,1115.0,0.0
1174.0,1125.0,0.0
1174.0,1126.0,0.0
1174.0,1138.0,0.0
1174.0,1139.0,0.0
1174.0,1156.0,0.0
1174.0,1159.0,0.0
1174.0,1160.0,0.0
1174.0,1216.0,0.0
1174.0,1239.0,0.0
1174.0,1240.0,0.0
1174.0,1241.0,0.0
1174.0,1247.0,0.0
1174.0,1252.0,0.0
1174.0,1253.0,0.0
1174.0,1254.0,0.0
1174.0,1257.0,0.0
1174.0,1271.0,0.0
1174.0,1278.0,0.0
1174.0,1291.0,0.0
1174.0,1313.0,0.0
1174.0,1317.0,0.0
1174.0,1318.0,0.0
1174.0,1320.0,0.0
1174.0,1321.0,0.0
1175.0,915.0,0.0
1175.0,925.0,0.0
1175.0,937.0,0.0
1175.0,938.0,0.0
1175.0,953.0,0.0
1175.0,967.0,0.0
1175.0,968.0,0.0
1175.0,1000.0,0.0
1175.0,1001.0,0.0
1175.0,1003.0,0.0
1175.0,1004.0,0.0
1175.0,1017.0,0.0
1175.0,1018.0,0.0
1175.0,1026.0,0.0
1175.0,1055.0,0.0
1175.0,1060.0,0.0
1175.0,1068.0,0.0
1175.0,1069.0,0.0
1175.0,1101.0,0.0
1175.0,1112.0,0.0
1175.0,1113.0,0.0
1175.0,1121.0,0.0
1175.0,1122.0,0.0
1175.0,1123.0,0.0
1175.0,1125.0,0.0
1175.0,1131.0,0.0
1175.0,1138.0,0.0
1175.0,1156.0,0.0
1175.0,1159.0,0.0
1175.0,1160.0,0.0
1175.0,1190.0,0.0
1175.0,1209.0,0.0
1175.0,1210.0,0.0
1175.0,1216.0,0.0
1175.0,1224.0,0.0
1175.0,1235.0,0.0
1175.0,1236.0,0.0
1175.0,1237.0,0.0
1175.0,1245.0,0.0
1175.0,1246.0,0.0
1175.0,1252.0,0.0
1175.0,1268.0,0.0
1175.0,1275.0,0.0
1175.0,1276.0,0.0
1175.0,1314.0,0.0
1175.0,1315.0,0.0
1175.0,1316.0,0.0
1175.0,1321.0,0.0
1175.0,1322.0,0.0
1175.0,1324.0,0.0
1175.0,1328.0,0.0
1175.0,1329.0,0.0
1176.0,914.0,0.0
1176.0,924.0,0.0
1176.0,930.0,0.0
1176.0,931.0,0.0
1176.0,932.0,0.0
1176.0,937.0,0.0
1176.0,952.0,0.0
1176.0,953.0,0.0
1176.0,972.0,0.0
1176.0,973.0,0.0
1176.0,1005.0,0.0
1176.0,1014.0,0.0
1176.0,1016.0,0.0
1176.0,1018.0,0.0
1176.0,1028.0,0.0
1176.0,1033.0,0.0
1176.0,1060.0,0.0
1176.0,1061.0,0.0
1176.0,1067.0,0.0
1176.0,1068.0,0.0
1176.0,1085.0,0.0
1176.0,1086.0,0.0
1176.0,1094.0,0.0
1176.0,1118.0,0.0
1176.0,1146.0,0.0
1176.0,1156.0,0.0
1176.0,1157.0,0.0
1176.0,1188.0,0.0
1176.0,1189.0,0.0
1176.0,1208.0,0.0
1176.0,1212.0,0.0
1176.0,1235.0,0.0
1176.0,1243.0,0.0
1176.0,1265.0,0.0
1176.0,1268.0,0.0
1176.0,1269.0,0.0
1176.0,1273.0,0.0
1176.0,1275.0,0.0
1176.0,1281.0,0.0
1176.0,1309.0,0.0
1176.0,1310.0,0.0
1176.0,1311.0,0.0
1176.0,1319.0,0.0
1176.0,1324.0,0.0
1176.0,1326.0,0.0
1176.0,1338.0,0.0
1176.0,1341.0,0.0
1176.0,1345.0,0.0
1177.0,932.0,0.0
1177.0,951.0,0.0
1177.0,967.0,0.0
1177.0,968.0,0.0
1177.0,971.0,0.0
1177.0,1011.0,0.0
1177.0,1012.0,0.0
1177.0,1013.0,0.0
1177.0,1014.0,0.0
1177.0,1027.0,0.0
1177.0,1028.0,0.0
1177.0,1056.0,0.0
1177.0,1061.0,0.0
1177.0,1076.0,0.0
1177.0,1087.0,0.0
1177.0,1094.0,0.0
1177.0,1123.0,0.0
1177.0,1137.0,0.0
1177.0,1145.0,0.0
1177.0,1158.0,0.0
1177.0,1187.0,0.0
1177.0,1188.0,0.0
1177.0,1207.0,0.0
1177.0,1208.0,0.0
1177.0,1244.0,0.0
1177.0,1245.0,0.0
1177.0,1257.0,0.0
1177.0,1258.0,0.0
1177.0,1265.0,0.0
1177.0,1275.0,0.0
1177.0,1282.0,0.0
1177.0,1286.0,0.0
1177.0,1332.0,0.0
1177.0,1339.0,0.0
1177.0,1343.0,0.0
1177.0,1344.0,0.0
1178.0,933.0,0.0
1178.0,943.0,0.0
1178.0,952.0,0.0
1178.0,959.0,0.0
1178.0,968.0,0.0
1178.0,986.0,0.0
1178.0,991.0,0.0
1178.0,1010.0,0.0
1178.0,1012.0,0.0
1178.0,1055.0,0.0
1178.0,1056.0,0.0
1178.0,1075.0,0.0
1178.0,1076.0,0.0
1178.0,1077.0,0.0
1178.0,1089.0,0.0
1178.0,1093.0,0.0
1178.0,1130.0,0.0
1178.0,1145.0,0.0
1178.0,1186.0,0.0
1178.0,1187.0,0.0
1178.0,1199.0,0.0
1178.0,1206.0,0.0
1178.0,1207.0,0.0
1178.0,1211.0,0.0
1178.0,1241.0,0.0
1178.0,1256.0,0.0
1178.0,1257.0,0.0
1178.0,1262.0,0.0
1178.0,1282.0,0.0
1178.0,1290.0,0.0
1178.0,1307.0,0.0
1178.0,1317.0,0.0
1178.0,1318.0,0.0
1178.0,1322.0,0.0
1178.0,1331.0,0.0
1178.0,1334.0,0.0
1178.0,1335.0,0.0
1178.0,1336.0,0.0
1179.0,922.0,0.0
1179.0,933.0,0.0
1179.0,937.0,0.0
1179.0,944.0,0.0
1179.0,952.0,0.0
1179.0,971.0,0.0
1179.0,972.0,0.0
1179.0,989.0,0.0
1179.0,991.0,0.0
1179.0,1003.0,0.0
1179.0,1004.0,0.0
1179.0,1007.0,0.0
1179.0,1008.0,0.0
1179.0,1010.0,0.0
1179.0,1056.0,0.0
1179.0,1059.0,0.0
1179.0,1060.0,0.0
1179.0,1074.0,0.0
1179.0,1075.0,0.0
1179.0,1088.0,0.0
1179.0,1089.0,0.0
1179.0,1113.0,0.0
1179.0,1123.0,0.0
1179.0,1128.0,0.0
1179.0,1129.0,0.0
1179.0,1130.0,0.0
1179.0,1131.0,0.0
1179.0,1177.0,0.0
1179.0,1179.0,0.0
1179.0,1180.0,0.0
1179.0,1182.0,0.0
1179.0,1183.0,0.0
1179.0,1184.0,0.0
1179.0,1199.0,0.0
1179.0,1200.0,0.0
1179.0,1206.0,0.0
1179.0,1228.0,0.0
1179.0,1229.0,0.0
1179.0,1230.0,0.0
1179.0,1241.0,0.0
1179.0,1242.0,0.0
1179.0,1256.0,0.0
1179.0,1257.0,0.0
1179.0,1259.0,0.0
1179.0,1260.0,0.0
1179.0,1262.0,0.0
1179.0,1263.0,0.0
1179.0,1271.0,0.0
1179.0,1272.0,0.0
1179.0,1276.0,0.0
1179.0,1277.0,0.0
1179.0,1279.0,0.0
1179.0,1281.0,0.0
1179.0,1284.0,0.0
1179.0,1285.0,0.0
1179.0,1286.0,0.0
1179.0,1287.0,0.0
1179.0,1289.0,0.0
1179.0,1290.0,0.0
1179.0,1304.0,0.0
1179.0,1305.0,0.0
1179.0,1324.0,0.0
1179.0,1326.0,0.0
1179.0,1327.0,0.0
1179.0,1331.0,0.0
1179.0,1341.0,0.0
1179.0,1342.0,0.0
1179.0,1343.0,0.0
1180.0,922.0,0.0
1180.0,933.0,0.0
1180.0,934.0,0.0
1180.0,936.0,0.0
1180.0,937.0,0.0
1180.0,942.0,0.0
1180.0,950.0,0.0
1180.0,954.0,0.0
1180.0,958.0,0.0
1180.0,960.0,0.0
1180.0,974.0,0.0
1180.0,989.0,0.0
1180.0,1029.0,0.0
1180.0,1059.0,0.0
1180.0,1071.0,0.0
1180.0,1072.0,0.0
1180.0,1079.0,0.0
1180.0,1080.0,0.0
1180.0,1087.0,0.0
1180.0,1088.0,0.0
1180.0,1111.0,0.0
1180.0,1112.0,0.0
1180.0,1122.0,0.0
1180.0,1177.0,0.0
1180.0,1179.0,0.0
1180.0,1204.0,0.0
1180.0,1205.0,0.0
1180.0,1230.0,0.0
1180.0,1231.0,0.0
1180.0,1241.0,0.0
1180.0,1242.0,0.0
1180.0,1253.0,0.0
1180.0,1254.0,0.0
1180.0,1255.0,0.0
1180.0,1266.0,0.0
1180.0,1267.0,0.0
1180.0,1273.0,0.0
1180.0,1274.0,0.0
1180.0,1277.0,0.0
1180.0,1289.0,0.0
1180.0,1302.0,0.0
1180.0,1306.0,0.0
1180.0,1308.0,0.0
1180.0,1310.0,0.0
1180.0,1312.0,0.0
1180.0,1313.0,0.0
1180.0,1314.0,0.0
1180.0,1320.0,0.0
1180.0,1321.0,0.0
1180.0,1328.0,0.0
1180.0,1333.0,0.0
1181.0,921.0,0.0
1181.0,923.0,0.0
1181.0,934.0,0.0
1181.0,936.0,0.0
1181.0,944.0,0.0
1181.0,945.0,0.0
1181.0,953.0,0.0
1181.0,955.0,0.0
1181.0,957.0,0.0
1181.0,973.0,0.0
1181.0,974.0,0.0
1181.0,985.0,0.0
1181.0,986.0,0.0
1181.0,1004.0,0.0
1181.0,1006.0,0.0
1181.0,1007.0,0.0
1181.0,1029.0,0.0
1181.0,1030.0,0.0
1181.0,1071.0,0.0
1181.0,1072.0,0.0
1181.0,1078.0,0.0
1181.0,1079.0,0.0
1181.0,1080.0,0.0
1181.0,1087.0,0.0
1181.0,1123.0,0.0
1181.0,1128.0,0.0
1181.0,1129.0,0.0
1181.0,1139.0,0.0
1181.0,1140.0,0.0
1181.0,1192.0,0.0
1181.0,1197.0,0.0
1181.0,1200.0,0.0
1181.0,1201.0,0.0
1181.0,1240.0,0.0
1181.0,1254.0,0.0
1181.0,1255.0,0.0
1181.0,1263.0,0.0
1181.0,1266.0,0.0
1181.0,1268.0,0.0
1181.0,1269.0,0.0
1181.0,1280.0,0.0
1181.0,1289.0,0.0
1181.0,1292.0,0.0
1181.0,1302.0,0.0
1181.0,1307.0,0.0
1181.0,1315.0,0.0
1181.0,1316.0,0.0
1181.0,1319.0,0.0
1181.0,1320.0,0.0
1181.0,1335.0,0.0
1181.0,1339.0,0.0
1182.0,938.0,0.0
1182.0,950.0,0.0
1182.0,953.0,0.0
1182.0,957.0,0.0
1182.0,971.0,0.0
1182.0,973.0,0.0
1182.0,986.0,0.0
1182.0,987.0,0.0
1182.0,1004.0,0.0
1182.0,1005.0,0.0
1182.0,1029.0,0.0
1182.0,1030.0,0.0
1182.0,1071.0,0.0
1182.0,1079.0,0.0
1182.0,1121.0,0.0
1182.0,1122.0,0.0
1182.0,1127.0,0.0
1182.0,1192.0,0.0
1182.0,1193.0,0.0
1182.0,1196.0,0.0
1182.0,1197.0,0.0
1182.0,1202.0,0.0
1182.0,1203.0,0.0
1182.0,1204.0,0.0
1182.0,1214.0,0.0
1182.0,1215.0,0.0
1182.0,1223.0,0.0
1182.0,1258.0,0.0
1182.0,1259.0,0.0
1182.0,1263.0,0.0
1182.0,1264.0,0.0
1182.0,1269.0,0.0
1182.0,1270.0,0.0
1182.0,1288.0,0.0
1182.0,1297.0,0.0
1182.0,1298.0,0.0
1182.0,1311.0,0.0
1182.0,1312.0,0.0
1182.0,1323.0,0.0
1182.0,1341.0,0.0
1182.0,1342.0,0.0
1183.0,925.0,0.0
1183.0,926.0,0.0
1183.0,927.0,0.0
1183.0,937.0,0.0
1183.0,938.0,0.0
1183.0,941.0,0.0
1183.0,959.0,0.0
1183.0,970.0,0.0
1183.0,971.0,0.0
1183.0,977.0,0.0
1183.0,1121.0,0.0
1183.0,1127.0,0.0
1183.0,1149.0,0.0
1183.0,1215.0,0.0
1183.0,1216.0,0.0
1183.0,1230.0,0.0
1183.0,1256.0,0.0
1183.0,1258.0,0.0
1183.0,1260.0,0.0
1183.0,1265.0,0.0
1183.0,1270.0,0.0
1183.0,1274.0,0.0
1183.0,1278.0,0.0
1183.0,1279.0,0.0
1183.0,1288.0,0.0
1183.0,1289.0,0.0
1183.0,1305.0,0.0
1183.0,1306.0,0.0
1183.0,1307.0,0.0
1183.0,1325.0,0.0
1183.0,1326.0,0.0
1183.0,1329.0,0.0
1183.0,1333.0,0.0
1183.0,1336.0,0.0
1183.0,1341.0,0.0
1183.0,1344.0,0.0
1184.0,939.0,0.0
1184.0,947.0,0.0
1184.0,948.0,0.0
1184.0,977.0,0.0
1184.0,1120.0,0.0
1184.0,1230.0,0.0
1184.0,1260.0,0.0
1184.0,1269.0,0.0
1184.0,1287.0,0.0
1184.0,1327.0,0.0
1184.0,1328.0,0.0
1184.0,1343.0,0.0
1184.0,1344.0,0.0
1185.0,925.0,0.0
1185.0,939.0,0.0
1185.0,947.0,0.0
1185.0,948.0,0.0
1185.0,951.0,0.0
1185.0,952.0,0.0
1185.0,970.0,0.0
1185.0,977.0,0.0
1185.0,978.0,0.0
1185.0,1105.0,0.0
1185.0,1106.0,0.0
1185.0,1107.0,0.0
1185.0,1108.0,0.0
1185.0,1136.0,0.0
1185.0,1137.0,0.0
1185.0,1150.0,0.0
1185.0,1151.0,0.0
1185.0,1197.0,0.0
1185.0,1215.0,0.0
1185.0,1226.0,0.0
1185.0,1264.0,0.0
1185.0,1265.0,0.0
1185.0,1275.0,0.0
1185.0,1276.0,0.0
1185.0,1277.0,0.0
1185.0,1278.0,0.0
1185.0,1306.0,0.0
1185.0,1307.0,0.0
1185.0,1333.0,0.0
1185.0,1335.0,0.0
1186.0,954.0,0.0
1186.0,1006.0,0.0
1186.0,1036.0,0.0
1186.0,1037.0,0.0
1186.0,1088.0,0.0
1186.0,1089.0,0.0
1186.0,1104.0,0.0
1186.0,1105.0,0.0
1186.0,1135.0,0.0
1186.0,1136.0,0.0
1186.0,1137.0,0.0
1186.0,1143.0,0.0
1186.0,1150.0,0.0
1186.0,1215.0,0.0
1186.0,1217.0,0.0
1186.0,1223.0,0.0
1186.0,1224.0,0.0
1186.0,1226.0,0.0
1186.0,1232.0,0.0
1186.0,1233.0,0.0
1186.0,1258.0,0.0
1186.0,1263.0,0.0
1186.0,1264.0,0.0
1186.0,1267.0,0.0
1186.0,1268.0,0.0
1186.0,1274.0,0.0
1186.0,1275.0,0.0
1186.0,1278.0,0.0
1186.0,1279.0,0.0
1186.0,1280.0,0.0
1186.0,1282.0,0.0
1186.0,1285.0,0.0
1187.0,923.0,0.0
1187.0,939.0,0.0
1187.0,1007.0,0.0
1187.0,1036.0,0.0
1187.0,1089.0,0.0
1187.0,1125.0,0.0
1187.0,1127.0,0.0
1187.0,1141.0,0.0
1187.0,1194.0,0.0
1187.0,1215.0,0.0
1187.0,1216.0,0.0
1187.0,1224.0,0.0
1187.0,1225.0,0.0
1187.0,1232.0,0.0
1187.0,1257.0,0.0
1187.0,1258.0,0.0
1187.0,1265.0,0.0
1187.0,1266.0,0.0
1187.0,1268.0,0.0
1187.0,1270.0,0.0
1187.0,1271.0,0.0
1187.0,1280.0,0.0
1187.0,1341.0,0.0
1188.0,917.0,0.0
1188.0,918.0,0.0
1188.0,919.0,0.0
1188.0,922.0,0.0
1188.0,923.0,0.0
1188.0,939.0,0.0
1188.0,940.0,0.0
1188.0,977.0,0.0
1188.0,979.0,0.0
1188.0,1005.0,0.0
1188.0,1007.0,0.0
1188.0,1035.0,0.0
1188.0,1036.0,0.0
1188.0,1079.0,0.0
1188.0,1088.0,0.0
1188.0,1089.0,0.0
1188.0,1090.0,0.0
1188.0,1092.0,0.0
1188.0,1094.0,0.0
1188.0,1095.0,0.0
1188.0,1128.0,0.0
1188.0,1193.0,0.0
1188.0,1230.0,0.0
1188.0,1257.0,0.0
1188.0,1267.0,0.0
1188.0,1272.0,0.0
1188.0,1274.0,0.0
1188.0,1279.0,0.0
1188.0,1284.0,0.0
1188.0,1285.0,0.0
1188.0,1287.0,0.0
1188.0,1341.0,0.0
1188.0,1342.0,0.0
1189.0,927.0,0.0
1189.0,942.0,0.0
1189.0,979.0,0.0
1189.0,980.0,0.0
1189.0,1005.0,0.0
1189.0,1058.0,0.0
1189.0,1060.0,0.0
1189.0,1079.0,0.0
1189.0,1088.0,0.0
1189.0,1092.0,0.0
1189.0,1133.0,0.0
1189.0,1134.0,0.0
1189.0,1135.0,0.0
1189.0,1137.0,0.0
1189.0,1155.0,0.0
1189.0,1193.0,0.0
1189.0,1254.0,0.0
1189.0,1258.0,0.0
1189.0,1273.0,0.0
1189.0,1274.0,0.0
1189.0,1279.0,0.0
1189.0,1283.0,0.0
1189.0,1286.0,0.0
1190.0,920.0,0.0
1190.0,924.0,0.0
1190.0,927.0,0.0
1190.0,941.0,0.0
1190.0,960.0,0.0
1190.0,969.0,0.0
1190.0,976.0,0.0
1190.0,983.0,0.0
1190.0,984.0,0.0
1190.0,1005.0,0.0
1190.0,1060.0,0.0
1190.0,1075.0,0.0
1190.0,1078.0,0.0
1190.0,1086.0,0.0
1190.0,1087.0,0.0
1190.0,1097.0,0.0
1190.0,1137.0,0.0
1190.0,1138.0,0.0
1190.0,1155.0,0.0
1190.0,1156.0,0.0
1190.0,1193.0,0.0
1190.0,1194.0,0.0
1190.0,1195.0,0.0
1190.0,1197.0,0.0
1190.0,1254.0,0.0
1190.0,1257.0,0.0
1190.0,1259.0,0.0
1190.0,1261.0,0.0
1190.0,1270.0,0.0
1190.0,1281.0,0.0
1190.0,1282.0,0.0
1190.0,1286.0,0.0
1191.0,924.0,0.0
1191.0,926.0,0.0
1191.0,940.0,0.0
1191.0,941.0,0.0
1191.0,969.0,0.0
1191.0,971.0,0.0
1191.0,976.0,0.0
1191.0,977.0,0.0
1191.0,1074.0,0.0
1191.0,1075.0,0.0
1191.0,1079.0,0.0
1191.0,1080.0,0.0
1191.0,1087.0,0.0
1191.0,1096.0,0.0
1191.0,1097.0,0.0
1191.0,1106.0,0.0
1191.0,1114.0,0.0
1191.0,1115.0,0.0
1191.0,1140.0,0.0
1191.0,1156.0,0.0
1191.0,1197.0,0.0
1191.0,1198.0,0.0
1191.0,1199.0,0.0
1191.0,1252.0,0.0
1191.0,1263.0,0.0
1191.0,1264.0,0.0
1191.0,1286.0,0.0
1191.0,1320.0,0.0
1191.0,1321.0,0.0
1192.0,934.0,0.0
1192.0,939.0,0.0
1192.0,940.0,0.0
1192.0,969.0,0.0
1192.0,978.0,0.0
1192.0,1056.0,0.0
1192.0,1059.0,0.0
1192.0,1084.0,0.0
1192.0,1093.0,0.0
1192.0,1094.0,0.0
1192.0,1101.0,0.0
1192.0,1102.0,0.0
1192.0,1104.0,0.0
1192.0,1106.0,0.0
1192.0,1113.0,0.0
1192.0,1115.0,0.0
1192.0,1138.0,0.0
1192.0,1139.0,0.0
1192.0,1156.0,0.0
1192.0,1158.0,0.0
1192.0,1191.0,0.0
1192.0,1192.0,0.0
1192.0,1198.0,0.0
1192.0,1251.0,0.0
1192.0,1252.0,0.0
1192.0,1256.0,0.0
1192.0,1259.0,0.0
1192.0,1264.0,0.0
1192.0,1265.0,0.0
1192.0,1266.0,0.0
1192.0,1267.0,0.0
1192.0,1268.0,0.0
1192.0,1269.0,0.0
1192.0,1270.0,0.0
1192.0,1286.0,0.0
1192.0,1319.0,0.0
1193.0,929.0,0.0
1193.0,933.0,0.0
1193.0,934.0,0.0
1193.0,939.0,0.0
1193.0,977.0,0.0
1193.0,1045.0,0.0
1193.0,1056.0,0.0
1193.0,1057.0,0.0
1193.0,1081.0,0.0
1193.0,1102.0,0.0
1193.0,1107.0,0.0
1193.0,1113.0,0.0
1193.0,1146.0,0.0
1193.0,1157.0,0.0
1193.0,1158.0,0.0
1193.0,1192.0,0.0
1193.0,1231.0,0.0
1193.0,1241.0,0.0
1193.0,1244.0,0.0
1193.0,1251.0,0.0
1193.0,1252.0,0.0
1193.0,1255.0,0.0
1193.0,1261.0,0.0
1193.0,1271.0,0.0
1193.0,1285.0,0.0
1193.0,1319.0,0.0
1193.0,1320.0,0.0
1194.0,929.0,0.0
1194.0,933.0,0.0
1194.0,966.0,0.0
1194.0,967.0,0.0
1194.0,1041.0,0.0
1194.0,1043.0,0.0
1194.0,1044.0,0.0
1194.0,1081.0,0.0
1194.0,1085.0,0.0
1194.0,1086.0,0.0
1194.0,1123.0,0.0
1194.0,1124.0,0.0
1194.0,1125.0,0.0
1194.0,1126.0,0.0
1194.0,1160.0,0.0
1194.0,1190.0,0.0
1194.0,1191.0,0.0
1194.0,1243.0,0.0
1194.0,1255.0,0.0
1194.0,1289.0,0.0
1194.0,1319.0,0.0
1195.0,909.0,0.0
1195.0,910.0,0.0
1195.0,929.0,0.0
1195.0,938.0,0.0
1195.0,939.0,0.0
1195.0,965.0,0.0
1195.0,967.0,0.0
1195.0,981.0,0.0
1195.0,1040.0,0.0
1195.0,1041.0,0.0
1195.0,1042.0,0.0
1195.0,1060.0,0.0
1195.0,1061.0,0.0
1195.0,1079.0,0.0
1195.0,1080.0,0.0
1195.0,1081.0,0.0
1195.0,1085.0,0.0
1195.0,1086.0,0.0
1195.0,1108.0,0.0
1195.0,1116.0,0.0
1195.0,1117.0,0.0
1195.0,1126.0,0.0
1195.0,1154.0,0.0
1195.0,1163.0,0.0
1195.0,1191.0,0.0
1195.0,1238.0,0.0
1195.0,1239.0,0.0
1195.0,1240.0,0.0
1195.0,1254.0,0.0
1195.0,1282.0,0.0
1195.0,1283.0,0.0
1195.0,1319.0,0.0
1196.0,914.0,0.0
1196.0,918.0,0.0
1196.0,928.0,0.0
1196.0,929.0,0.0
1196.0,930.0,0.0
1196.0,939.0,0.0
1196.0,961.0,0.0
1196.0,964.0,0.0
1196.0,965.0,0.0
1196.0,993.0,0.0
1196.0,994.0,0.0
1196.0,1036.0,0.0
1196.0,1037.0,0.0
1196.0,1048.0,0.0
1196.0,1051.0,0.0
1196.0,1059.0,0.0
1196.0,1060.0,0.0
1196.0,1079.0,0.0
1196.0,1107.0,0.0
1196.0,1115.0,0.0
1196.0,1117.0,0.0
1196.0,1118.0,0.0
1196.0,1149.0,0.0
1196.0,1150.0,0.0
1196.0,1151.0,0.0
1196.0,1154.0,0.0
1196.0,1163.0,0.0
1196.0,1164.0,0.0
1196.0,1166.0,0.0
1196.0,1191.0,0.0
1196.0,1240.0,0.0
1196.0,1245.0,0.0
1196.0,1254.0,0.0
1196.0,1285.0,0.0
1196.0,1319.0,0.0
1196.0,1320.0,0.0
1197.0,912.0,0.0
1197.0,918.0,0.0
1197.0,928.0,0.0
1197.0,929.0,0.0
1197.0,933.0,0.0
1197.0,935.0,0.0
1197.0,939.0,0.0
1197.0,1004.0,0.0
1197.0,1037.0,0.0
1197.0,1048.0,0.0
1197.0,1049.0,0.0
1197.0,1050.0,0.0
1197.0,1051.0,0.0
1197.0,1068.0,0.0
1197.0,1079.0,0.0
1197.0,1107.0,0.0
1197.0,1117.0,0.0
1197.0,1118.0,0.0
1197.0,1154.0,0.0
1197.0,1164.0,0.0
1197.0,1167.0,0.0
1197.0,1239.0,0.0
1197.0,1246.0,0.0
1197.0,1248.0,0.0
1197.0,1251.0,0.0
1197.0,1253.0,0.0
1197.0,1254.0,0.0
1197.0,1289.0,0.0
1198.0,909.0,0.0
1198.0,911.0,0.0
1198.0,912.0,0.0
1198.0,915.0,0.0
1198.0,933.0,0.0
1198.0,935.0,0.0
1198.0,940.0,0.0
1198.0,993.0,0.0
1198.0,994.0,0.0
1198.0,1004.0,0.0
1198.0,1034.0,0.0
1198.0,1035.0,0.0
1198.0,1046.0,0.0
1198.0,1048.0,0.0
1198.0,1058.0,0.0
1198.0,1107.0,0.0
1198.0,1130.0,0.0
1198.0,1131.0,0.0
1198.0,1135.0,0.0
1198.0,1136.0,0.0
1198.0,1137.0,0.0
1198.0,1144.0,0.0
1198.0,1154.0,0.0
1198.0,1160.0,0.0
1198.0,1165.0,0.0
1198.0,1166.0,0.0
1198.0,1167.0,0.0
1198.0,1168.0,0.0
1198.0,1190.0,0.0
1198.0,1214.0,0.0
1198.0,1239.0,0.0
1198.0,1246.0,0.0
1198.0,1252.0,0.0
1198.0,1289.0,0.0
1199.0,911.0,0.0
1199.0,921.0,0.0
1199.0,931.0,0.0
1199.0,941.0,0.0
1199.0,951.0,0.0
1199.0,1004.0,0.0
1199.0,1046.0,0.0
1199.0,1059.0,0.0
1199.0,1060.0,0.0
1199.0,1066.0,0.0
1199.0,1071.0,0.0
1199.0,1072.0,0.0
1199.0,1129.0,0.0
1199.0,1134.0,0.0
1199.0,1135.0,0.0
1199.0,1136.0,0.0
1199.0,1143.0,0.0
1199.0,1144.0,0.0
1199.0,1153.0,0.0
1199.0,1159.0,0.0
1199.0,1160.0,0.0
1199.0,1161.0,0.0
1199.0,1166.0,0.0
1199.0,1187.0,0.0
1199.0,1188.0,0.0
1199.0,1193.0,0.0
1199.0,1194.0,0.0
1199.0,1213.0,0.0
1199.0,1214.0,0.0
1199.0,1235.0,0.0
1199.0,1236.0,0.0
1199.0,1239.0,0.0
1199.0,1251.0,0.0
1199.0,1253.0,0.0
1199.0,1284.0,0.0
1199.0,1288.0,0.0
1200.0,922.0,0.0
1200.0,941.0,0.0
1200.0,951.0,0.0
1200.0,977.0,0.0
1200.0,987.0,0.0
1200.0,988.0,0.0
1200.0,1005.0,0.0
1200.0,1053.0,0.0
1200.0,1054.0,0.0
1200.0,1055.0,0.0
1200.0,1056.0,0.0
1200.0,1060.0,0.0
1200.0,1066.0,0.0
1200.0,1067.0,0.0
1200.0,1070.0,0.0
1200.0,1071.0,0.0
1200.0,1080.0,0.0
1200.0,1081.0,0.0
1200.0,1098.0,0.0
1200.0,1108.0,0.0
1200.0,1109.0,0.0
1200.0,1110.0,0.0
1200.0,1128.0,0.0
1200.0,1141.0,0.0
1200.0,1142.0,0.0
1200.0,1143.0,0.0
1200.0,1148.0,0.0
1200.0,1149.0,0.0
1200.0,1159.0,0.0
1200.0,1176.0,0.0
1200.0,1180.0,0.0
1200.0,1186.0,0.0
1200.0,1187.0,0.0
1200.0,1190.0,0.0
1200.0,1191.0,0.0
1200.0,1192.0,0.0
1200.0,1193.0,0.0
1200.0,1213.0,0.0
1200.0,1214.0,0.0
1200.0,1234.0,0.0
1200.0,1238.0,0.0
1200.0,1239.0,0.0
1200.0,1247.0,0.0
1200.0,1251.0,0.0
1200.0,1252.0,0.0
1200.0,1253.0,0.0
1200.0,1284.0,0.0
1201.0,909.0,0.0
1201.0,910.0,0.0
1201.0,923.0,0.0
1201.0,951.0,0.0
1201.0,953.0,0.0
1201.0,963.0,0.0
1201.0,977.0,0.0
1201.0,990.0,0.0
1201.0,992.0,0.0
1201.0,1004.0,0.0
1201.0,1005.0,0.0
1201.0,1071.0,0.0
1201.0,1072.0,0.0
1201.0,1079.0,0.0
1201.0,1080.0,0.0
1201.0,1099.0,0.0
1201.0,1100.0,0.0
1201.0,1109.0,0.0
1201.0,1110.0,0.0
1201.0,1126.0,0.0
1201.0,1131.0,0.0
1201.0,1165.0,0.0
1201.0,1176.0,0.0
1201.0,1179.0,0.0
1201.0,1180.0,0.0
1201.0,1186.0,0.0
1201.0,1190.0,0.0
1201.0,1235.0,0.0
1201.0,1248.0,0.0
1202.0,952.0,0.0
1202.0,953.0,0.0
1202.0,954.0,0.0
1202.0,961.0,0.0
1202.0,963.0,0.0
1202.0,976.0,0.0
1202.0,989.0,0.0
1202.0,990.0,0.0
1202.0,1067.0,0.0
1202.0,1071.0,0.0
1202.0,1125.0,0.0
1202.0,1126.0,0.0
1202.0,1131.0,0.0
1202.0,1149.0,0.0
1202.0,1165.0,0.0
1202.0,1178.0,0.0
1202.0,1179.0,0.0
1202.0,1201.0,0.0
1202.0,1231.0,0.0
1202.0,1241.0,0.0
1202.0,1245.0,0.0
1202.0,1249.0,0.0
1202.0,1250.0,0.0
1202.0,1285.0,0.0
1202.0,1288.0,0.0
1203.0,911.0,0.0
1203.0,949.0,0.0
1203.0,954.0,0.0
1203.0,975.0,0.0
1203.0,976.0,0.0
1203.0,988.0,0.0
1203.0,1027.0,0.0
1203.0,1036.0,0.0
1203.0,1066.0,0.0
1203.0,1120.0,0.0
1203.0,1122.0,0.0
1203.0,1123.0,0.0
1203.0,1129.0,0.0
1203.0,1158.0,0.0
1203.0,1200.0,0.0
1203.0,1232.0,0.0
1203.0,1233.0,0.0
1203.0,1242.0,0.0
1203.0,1243.0,0.0
1203.0,1286.0,0.0
1203.0,1288.0,0.0
1204.0,911.0,0.0
1204.0,912.0,0.0
1204.0,918.0,0.0
1204.0,924.0,0.0
1204.0,926.0,0.0
1204.0,948.0,0.0
1204.0,949.0,0.0
1204.0,956.0,0.0
1204.0,957.0,0.0
1204.0,960.0,0.0
1204.0,1011.0,0.0
1204.0,1012.0,0.0
1204.0,1026.0,0.0
1204.0,1036.0,0.0
1204.0,1067.0,0.0
1204.0,1069.0,0.0
1204.0,1089.0,0.0
1204.0,1091.0,0.0
1204.0,1121.0,0.0
1204.0,1122.0,0.0
1204.0,1129.0,0.0
1204.0,1156.0,0.0
1204.0,1157.0,0.0
1204.0,1165.0,0.0
1204.0,1173.0,0.0
1204.0,1174.0,0.0
1204.0,1178.0,0.0
1204.0,1179.0,0.0
1204.0,1180.0,0.0
1204.0,1199.0,0.0
1204.0,1209.0,0.0
1204.0,1225.0,0.0
1204.0,1229.0,0.0
1204.0,1235.0,0.0
1204.0,1248.0,0.0
1204.0,1288.0,0.0
1205.0,917.0,0.0
1205.0,918.0,0.0
1205.0,926.0,0.0
1205.0,937.0,0.0
1205.0,948.0,0.0
1205.0,955.0,0.0
1205.0,956.0,0.0
1205.0,960.0,0.0
1205.0,961.0,0.0
1205.0,962.0,0.0
1205.0,1001.0,0.0
1205.0,1009.0,0.0
1205.0,1010.0,0.0
1205.0,1013.0,0.0
1205.0,1035.0,0.0
1205.0,1036.0,0.0
1205.0,1044.0,0.0
1205.0,1065.0,0.0
1205.0,1066.0,0.0
1205.0,1069.0,0.0
1205.0,1089.0,0.0
1205.0,1090.0,0.0
1205.0,1091.0,0.0
1205.0,1158.0,0.0
1205.0,1165.0,0.0
1205.0,1171.0,0.0
1205.0,1172.0,0.0
1205.0,1178.0,0.0
1205.0,1209.0,0.0
1205.0,1220.0,0.0
1205.0,1229.0,0.0
1205.0,1235.0,0.0
1205.0,1241.0,0.0
1205.0,1247.0,0.0
1205.0,1249.0,0.0
1205.0,1250.0,0.0
1205.0,1285.0,0.0
1206.0,912.0,0.0
1206.0,926.0,0.0
1206.0,927.0,0.0
1206.0,928.0,0.0
1206.0,937.0,0.0
1206.0,950.0,0.0
1206.0,954.0,0.0
1206.0,955.0,0.0
1206.0,961.0,0.0
1206.0,1001.0,0.0
1206.0,1010.0,0.0
1206.0,1013.0,0.0
1206.0,1015.0,0.0
1206.0,1044.0,0.0
1206.0,1045.0,0.0
1206.0,1165.0,0.0
1206.0,1166.0,0.0
1206.0,1171.0,0.0
1206.0,1178.0,0.0
1206.0,1193.0,0.0
1206.0,1197.0,0.0
1206.0,1209.0,0.0
1206.0,1219.0,0.0
1206.0,1225.0,0.0
1206.0,1226.0,0.0
1206.0,1227.0,0.0
1206.0,1234.0,0.0
1206.0,1237.0,0.0
1206.0,1238.0,0.0
1206.0,1239.0,0.0
1206.0,1246.0,0.0
1207.0,912.0,0.0
1207.0,915.0,0.0
1207.0,917.0,0.0
1207.0,949.0,0.0
1207.0,950.0,0.0
1207.0,954.0,0.0
1207.0,999.0,0.0
1207.0,1000.0,0.0
1207.0,1001.0,0.0
1207.0,1013.0,0.0
1207.0,1015.0,0.0
1207.0,1045.0,0.0
1207.0,1046.0,0.0
1207.0,1151.0,0.0
1207.0,1165.0,0.0
1207.0,1166.0,0.0
1207.0,1171.0,0.0
1207.0,1175.0,0.0
1207.0,1178.0,0.0
1207.0,1192.0,0.0
1207.0,1193.0,0.0
1207.0,1198.0,0.0
1207.0,1209.0,0.0
1207.0,1212.0,0.0
1207.0,1219.0,0.0
1207.0,1225.0,0.0
1207.0,1231.0,0.0
1207.0,1232.0,0.0
1207.0,1234.0,0.0
1207.0,1236.0,0.0
1207.0,1242.0,0.0
1207.0,1243.0,0.0
1207.0,1244.0,0.0
1207.0,1247.0,0.0
1207.0,1287.0,0.0
1207.0,1289.0,0.0
1208.0,915.0,0.0
1208.0,987.0,0.0
1208.0,988.0,0.0
1208.0,1002.0,0.0
1208.0,1011.0,0.0
1208.0,1012.0,0.0
1208.0,1028.0,0.0
1208.0,1029.0,0.0
1208.0,1046.0,0.0
1208.0,1089.0,0.0
1208.0,1090.0,0.0
1208.0,1098.0,0.0
1208.0,1129.0,0.0
1208.0,1139.0,0.0
1208.0,1168.0,0.0
1208.0,1171.0,0.0
1208.0,1175.0,0.0
1208.0,1176.0,0.0
1208.0,1177.0,0.0
1208.0,1187.0,0.0
1208.0,1188.0,0.0
1208.0,1189.0,0.0
1208.0,1190.0,0.0
1208.0,1212.0,0.0
1208.0,1213.0,0.0
1208.0,1216.0,0.0
1208.0,1223.0,0.0
1208.0,1231.0,0.0
1208.0,1240.0,0.0
1208.0,1241.0,0.0
1208.0,1244.0,0.0
1208.0,1245.0,0.0
1208.0,1287.0,0.0
1209.0,912.0,0.0
1209.0,920.0,0.0
1209.0,942.0,0.0
1209.0,959.0,0.0
1209.0,991.0,0.0
1209.0,993.0,0.0
1209.0,995.0,0.0
1209.0,996.0,0.0
1209.0,1002.0,0.0
1209.0,1086.0,0.0
1209.0,1088.0,0.0
1209.0,1089.0,0.0
1209.0,1090.0,0.0
1209.0,1129.0,0.0
1209.0,1138.0,0.0
1209.0,1152.0,0.0
1209.0,1170.0,0.0
1209.0,1209.0,0.0
1209.0,1213.0,0.0
1209.0,1217.0,0.0
1209.0,1222.0,0.0
1209.0,1223.0,0.0
1209.0,1226.0,0.0
1209.0,1230.0,0.0
1209.0,1231.0,0.0
1209.0,1232.0,0.0
1209.0,1287.0,0.0
1209.0,1288.0,0.0
1210.0,912.0,0.0
1210.0,919.0,0.0
1210.0,920.0,0.0
1210.0,938.0,0.0
1210.0,941.0,0.0
1210.0,942.0,0.0
1210.0,949.0,0.0
1210.0,958.0,0.0
1210.0,959.0,0.0
1210.0,994.0,0.0
1210.0,995.0,0.0
1210.0,1000.0,0.0
1210.0,1023.0,0.0
1210.0,1024.0,0.0
1210.0,1053.0,0.0
1210.0,1054.0,0.0
1210.0,1086.0,0.0
1210.0,1087.0,0.0
1210.0,1129.0,0.0
1210.0,1152.0,0.0
1210.0,1194.0,0.0
1210.0,1209.0,0.0
1210.0,1210.0,0.0
1210.0,1214.0,0.0
1210.0,1216.0,0.0
1210.0,1222.0,0.0
1210.0,1227.0,0.0
1210.0,1229.0,0.0
1210.0,1242.0,0.0
1210.0,1288.0,0.0
1211.0,910.0,0.0
1211.0,911.0,0.0
1211.0,921.0,0.0
1211.0,922.0,0.0
1211.0,940.0,0.0
1211.0,942.0,0.0
1211.0,945.0,0.0
1211.0,946.0,0.0
1211.0,947.0,0.0
1211.0,948.0,0.0
1211.0,949.0,0.0
1211.0,958.0,0.0
1211.0,959.0,0.0
1211.0,990.0,0.0
1211.0,992.0,0.0
1211.0,1000.0,0.0
1211.0,1001.0,0.0
1211.0,1002.0,0.0
1211.0,1006.0,0.0
1211.0,1012.0,0.0
1211.0,1029.0,0.0
1211.0,1053.0,0.0
1211.0,1079.0,0.0
1211.0,1131.0,0.0
1211.0,1135.0,0.0
1211.0,1140.0,0.0
1211.0,1141.0,0.0
1211.0,1151.0,0.0
1211.0,1152.0,0.0
1211.0,1194.0,0.0
1211.0,1209.0,0.0
1211.0,1214.0,0.0
1211.0,1215.0,0.0
1211.0,1222.0,0.0
1211.0,1225.0,0.0
1211.0,1228.0,0.0
1211.0,1287.0,0.0
1211.0,1289.0,0.0
1212.0,922.0,0.0
1212.0,938.0,0.0
1212.0,945.0,0.0
1212.0,949.0,0.0
1212.0,950.0,0.0
1212.0,951.0,0.0
1212.0,1002.0,0.0
1212.0,1004.0,0.0
1212.0,1044.0,0.0
1212.0,1053.0,0.0
1212.0,1079.0,0.0
1212.0,1132.0,0.0
1212.0,1134.0,0.0
1212.0,1135.0,0.0
1212.0,1142.0,0.0
1212.0,1151.0,0.0
1212.0,1169.0,0.0
1212.0,1189.0,0.0
1212.0,1232.0,0.0
1212.0,1233.0,0.0
1212.0,1290.0,0.0
1213.0,911.0,0.0
1213.0,918.0,0.0
1213.0,919.0,0.0
1213.0,930.0,0.0
1213.0,945.0,0.0
1213.0,951.0,0.0
1213.0,1004.0,0.0
1213.0,1006.0,0.0
1213.0,1007.0,0.0
1213.0,1014.0,0.0
1213.0,1022.0,0.0
1213.0,1023.0,0.0
1213.0,1026.0,0.0
1213.0,1041.0,0.0
1213.0,1044.0,0.0
1213.0,1052.0,0.0
1213.0,1053.0,0.0
1213.0,1072.0,0.0
1213.0,1117.0,0.0
1213.0,1127.0,0.0
1213.0,1134.0,0.0
1213.0,1140.0,0.0
1213.0,1151.0,0.0
1213.0,1159.0,0.0
1213.0,1169.0,0.0
1213.0,1170.0,0.0
1213.0,1188.0,0.0
1213.0,1221.0,0.0
1213.0,1223.0,0.0
1213.0,1224.0,0.0
1213.0,1225.0,0.0
1213.0,1232.0,0.0
1213.0,1233.0,0.0
1213.0,1290.0,0.0
1214.0,912.0,0.0
1214.0,918.0,0.0
1214.0,919.0,0.0
1214.0,929.0,0.0
1214.0,937.0,0.0
1214.0,938.0,0.0
1214.0,948.0,0.0
1214.0,951.0,0.0
1214.0,958.0,0.0
1214.0,1014.0,0.0
1214.0,1020.0,0.0
1214.0,1022.0,0.0
1214.0,1058.0,0.0
1214.0,1072.0,0.0
1214.0,1111.0,0.0
1214.0,1116.0,0.0
1214.0,1117.0,0.0
1214.0,1118.0,0.0
1214.0,1159.0,0.0
1214.0,1169.0,0.0
1214.0,1182.0,0.0
1214.0,1187.0,0.0
1214.0,1290.0,0.0
1214.0,1291.0,0.0
1215.0,912.0,0.0
1215.0,913.0,0.0
1215.0,930.0,0.0
1215.0,953.0,0.0
1215.0,984.0,0.0
1215.0,1020.0,0.0
1215.0,1050.0,0.0
1215.0,1121.0,0.0
1215.0,1122.0,0.0
1215.0,1163.0,0.0
1215.0,1164.0,0.0
1215.0,1169.0,0.0
1215.0,1181.0,0.0
1215.0,1182.0,0.0
1215.0,1183.0,0.0
1215.0,1191.0,0.0
1215.0,1193.0,0.0
1215.0,1221.0,0.0
1215.0,1224.0,0.0
1215.0,1227.0,0.0
1215.0,1228.0,0.0
1215.0,1291.0,0.0
1216.0,928.0,0.0
1216.0,949.0,0.0
1216.0,954.0,0.0
1216.0,955.0,0.0
1216.0,957.0,0.0
1216.0,958.0,0.0
1216.0,959.0,0.0
1216.0,960.0,0.0
1216.0,977.0,0.0
1216.0,984.0,0.0
1216.0,986.0,0.0
1216.0,1014.0,0.0
1216.0,1022.0,0.0
1216.0,1105.0,0.0
1216.0,1106.0,0.0
1216.0,1121.0,0.0
1216.0,1139.0,0.0
1216.0,1165.0,0.0
1216.0,1166.0,0.0
1216.0,1168.0,0.0
1216.0,1191.0,0.0
1216.0,1223.0,0.0
1216.0,1227.0,0.0
1216.0,1292.0,0.0
1217.0,913.0,0.0
1217.0,928.0,0.0
1217.0,954.0,0.0
1217.0,976.0,0.0
1217.0,977.0,0.0
1217.0,980.0,0.0
1217.0,984.0,0.0
1217.0,986.0,0.0
1217.0,1014.0,0.0
1217.0,1101.0,0.0
1217.0,1105.0,0.0
1217.0,1135.0,0.0
1217.0,1139.0,0.0
1217.0,1166.0,0.0
1217.0,1168.0,0.0
1217.0,1169.0,0.0
1217.0,1193.0,0.0
1217.0,1224.0,0.0
1217.0,1293.0,0.0
1218.0,913.0,0.0
1218.0,930.0,0.0
1218.0,954.0,0.0
1218.0,960.0,0.0
1218.0,961.0,0.0
1218.0,979.0,0.0
1218.0,980.0,0.0
1218.0,981.0,0.0
1218.0,1024.0,0.0
1218.0,1027.0,0.0
1218.0,1028.0,0.0
1218.0,1038.0,0.0
1218.0,1042.0,0.0
1218.0,1059.0,0.0
1218.0,1073.0,0.0
1218.0,1074.0,0.0
1218.0,1102.0,0.0
1218.0,1105.0,0.0
1218.0,1137.0,0.0
1218.0,1138.0,0.0
1218.0,1139.0,0.0
1218.0,1142.0,0.0
1218.0,1143.0,0.0
1218.0,1144.0,0.0
1218.0,1159.0,0.0
1218.0,1160.0,0.0
1218.0,1167.0,0.0
1218.0,1193.0,0.0
1218.0,1194.0,0.0
1218.0,1215.0,0.0
1218.0,1220.0,0.0
1218.0,1294.0,0.0
1219.0,913.0,0.0
1219.0,930.0,0.0
1219.0,977.0,0.0
1219.0,1012.0,0.0
1219.0,1015.0,0.0
1219.0,1039.0,0.0
1219.0,1042.0,0.0
1219.0,1058.0,0.0
1219.0,1059.0,0.0
1219.0,1073.0,0.0
1219.0,1101.0,0.0
1219.0,1102.0,0.0
1219.0,1105.0,0.0
1219.0,1106.0,0.0
1219.0,1142.0,0.0
1219.0,1144.0,0.0
1219.0,1154.0,0.0
1219.0,1159.0,0.0
1219.0,1193.0,0.0
1219.0,1194.0,0.0
1219.0,1216.0,0.0
1219.0,1217.0,0.0
1219.0,1220.0,0.0
1219.0,1296.0,0.0
1220.0,913.0,0.0
1220.0,932.0,0.0
1220.0,961.0,0.0
1220.0,962.0,0.0
1220.0,964.0,0.0
1220.0,1011.0,0.0
1220.0,1012.0,0.0
1220.0,1060.0,0.0
1220.0,1144.0,0.0
1220.0,1147.0,0.0
1220.0,1152.0,0.0
1220.0,1153.0,0.0
1220.0,1157.0,0.0
1220.0,1158.0,0.0
1220.0,1159.0,0.0
1220.0,1215.0,0.0
1220.0,1217.0,0.0
1220.0,1227.0,0.0
1220.0,1299.0,0.0
1220.0,1300.0,0.0
1220.0,1301.0,0.0
1221.0,920.0,0.0
1221.0,921.0,0.0
1221.0,963.0,0.0
1221.0,1016.0,0.0
1221.0,1018.0,0.0
1221.0,1026.0,0.0
1221.0,1042.0,0.0
1221.0,1063.0,0.0
1221.0,1064.0,0.0
1221.0,1076.0,0.0
1221.0,1077.0,0.0
1221.0,1149.0,0.0
1221.0,1152.0,0.0
1221.0,1154.0,0.0
1221.0,1167.0,0.0
1221.0,1222.0,0.0
1221.0,1223.0,0.0
1221.0,1303.0,0.0
1221.0,1304.0,0.0
1221.0,1305.0,0.0
1221.0,1306.0,0.0
1221.0,1312.0,0.0
1221.0,1313.0,0.0
1222.0,921.0,0.0
1222.0,922.0,0.0
1222.0,926.0,0.0
1222.0,935.0,0.0
1222.0,936.0,0.0
1222.0,963.0,0.0
1222.0,964.0,0.0
1222.0,1015.0,0.0
1222.0,1016.0,0.0
1222.0,1017.0,0.0
1222.0,1025.0,0.0
1222.0,1026.0,0.0
1222.0,1040.0,0.0
1222.0,1064.0,0.0
1222.0,1076.0,0.0
1222.0,1123.0,0.0
1222.0,1128.0,0.0
1222.0,1133.0,0.0
1222.0,1143.0,0.0
1222.0,1147.0,0.0
1222.0,1149.0,0.0
1222.0,1166.0,0.0
1222.0,1167.0,0.0
1222.0,1221.0,0.0
1222.0,1226.0,0.0
1222.0,1307.0,0.0
1222.0,1308.0,0.0
1222.0,1309.0,0.0
1222.0,1310.0,0.0
1222.0,1311.0,0.0
1222.0,1316.0,0.0
1223.0,922.0,0.0
1223.0,925.0,0.0
1223.0,926.0,0.0
1223.0,936.0,0.0
1223.0,946.0,0.0
1223.0,947.0,0.0
1223.0,948.0,0.0
1223.0,983.0,0.0
1223.0,1015.0,0.0
1223.0,1025.0,0.0
1223.0,1029.0,0.0
1223.0,1052.0,0.0
1223.0,1124.0,0.0
1223.0,1125.0,0.0
1223.0,1128.0,0.0
1223.0,1133.0,0.0
1223.0,1143.0,0.0
1223.0,1166.0,0.0
1223.0,1221.0,0.0
1223.0,1228.0,0.0
1223.0,1311.0,0.0
1223.0,1316.0,0.0
1223.0,1318.0,0.0
1223.0,1326.0,0.0
1224.0,911.0,0.0
1224.0,922.0,0.0
1224.0,947.0,0.0
1224.0,982.0,0.0
1224.0,983.0,0.0
1224.0,1016.0,0.0
1224.0,1020.0,0.0
1224.0,1029.0,0.0
1224.0,1132.0,0.0
1224.0,1133.0,0.0
1224.0,1142.0,0.0
1224.0,1154.0,0.0
1224.0,1169.0,0.0
1224.0,1171.0,0.0
1224.0,1214.0,0.0
1224.0,1224.0,0.0
1224.0,1228.0,0.0
1224.0,1312.0,0.0
1224.0,1325.0,0.0
1224.0,1326.0,0.0
1224.0,1327.0,0.0
1224.0,1328.0,0.0
1225.0,922.0,0.0
1225.0,971.0,0.0
1225.0,973.0,0.0
1225.0,982.0,0.0
1225.0,984.0,0.0
1225.0,1012.0,0.0
1225.0,1013.0,0.0
1225.0,1016.0,0.0
1225.0,1026.0,0.0
1225.0,1028.0,0.0
1225.0,1052.0,0.0
1225.0,1053.0,0.0
1225.0,1054.0,0.0
1225.0,1082.0,0.0
1225.0,1083.0,0.0
1225.0,1154.0,0.0
1225.0,1171.0,0.0
1225.0,1195.0,0.0
1225.0,1196.0,0.0
1225.0,1211.0,0.0
1225.0,1212.0,0.0
1225.0,1225.0,0.0
1225.0,1229.0,0.0
1225.0,1311.0,0.0
1225.0,1319.0,0.0
1225.0,1320.0,0.0
1225.0,1325.0,0.0
1225.0,1328.0,0.0
1226.0,910.0,0.0
1226.0,924.0,0.0
1226.0,925.0,0.0
1226.0,970.0,0.0
1226.0,973.0,0.0
1226.0,975.0,0.0
1226.0,1015.0,0.0
1226.0,1017.0,0.0
1226.0,1025.0,0.0
1226.0,1026.0,0.0
1226.0,1152.0,0.0
1226.0,1153.0,0.0
1226.0,1164.0,0.0
1226.0,1165.0,0.0
1226.0,1167.0,0.0
1226.0,1168.0,0.0
1226.0,1169.0,0.0
1226.0,1210.0,0.0
1226.0,1211.0,0.0
1226.0,1212.0,0.0
1226.0,1220.0,0.0
1226.0,1221.0,0.0
1226.0,1318.0,0.0
1226.0,1319.0,0.0
1226.0,1320.0,0.0
1226.0,1333.0,0.0
1226.0,1334.0,0.0
1227.0,909.0,0.0
1227.0,911.0,0.0
1227.0,922.0,0.0
1227.0,970.0,0.0
1227.0,976.0,0.0
1227.0,977.0,0.0
1227.0,1031.0,0.0
1227.0,1038.0,0.0
1227.0,1039.0,0.0
1227.0,1040.0,0.0
1227.0,1044.0,0.0
1227.0,1045.0,0.0
1227.0,1047.0,0.0
1227.0,1083.0,0.0
1227.0,1084.0,0.0
1227.0,1149.0,0.0
1227.0,1150.0,0.0
1227.0,1151.0,0.0
1227.0,1152.0,0.0
1227.0,1163.0,0.0
1227.0,1211.0,0.0
1227.0,1222.0,0.0
1227.0,1223.0,0.0
1227.0,1314.0,0.0
1227.0,1315.0,0.0
1227.0,1319.0,0.0
1227.0,1327.0,0.0
1227.0,1334.0,0.0
1228.0,908.0,0.0
1228.0,922.0,0.0
1228.0,923.0,0.0
1228.0,973.0,0.0
1228.0,979.0,0.0
1228.0,980.0,0.0
1228.0,1016.0,0.0
1228.0,1017.0,0.0
1228.0,1038.0,0.0
1228.0,1045.0,0.0
1228.0,1047.0,0.0
1228.0,1049.0,0.0
1228.0,1050.0,0.0
1228.0,1051.0,0.0
1228.0,1052.0,0.0
1228.0,1082.0,0.0
1228.0,1084.0,0.0
1228.0,1149.0,0.0
1228.0,1163.0,0.0
1228.0,1164.0,0.0
1228.0,1326.0,0.0
1228.0,1327.0,0.0
1228.0,1333.0,0.0
1228.0,1334.0,0.0
1228.0,1339.0,0.0
1229.0,908.0,0.0
1229.0,916.0,0.0
1229.0,918.0,0.0
1229.0,922.0,0.0
1229.0,964.0,0.0
1229.0,971.0,0.0
1229.0,972.0,0.0
1229.0,979.0,0.0
1229.0,1016.0,0.0
1229.0,1051.0,0.0
1229.0,1052.0,0.0
1229.0,1059.0,0.0
1229.0,1148.0,0.0
1229.0,1162.0,0.0
1229.0,1192.0,0.0
1229.0,1202.0,0.0
1229.0,1223.0,0.0
1229.0,1224.0,0.0
1229.0,1230.0,0.0
1229.0,1326.0,0.0
1229.0,1328.0,0.0
1229.0,1339.0,0.0
1229.0,1340.0,0.0
1230.0,915.0,0.0
1230.0,916.0,0.0
1230.0,918.0,0.0
1230.0,967.0,0.0
1230.0,969.0,0.0
1230.0,979.0,0.0
1230.0,980.0,0.0
1230.0,1015.0,0.0
1230.0,1016.0,0.0
1230.0,1056.0,0.0
1230.0,1058.0,0.0
1230.0,1059.0,0.0
1230.0,1074.0,0.0
1230.0,1316.0,0.0
1230.0,1318.0,0.0
1230.0,1319.0,0.0
1231.0,916.0,0.0
1231.0,924.0,0.0
1231.0,968.0,0.0
1231.0,969.0,0.0
1231.0,981.0,0.0
1231.0,985.0,0.0
1231.0,1029.0,0.0
1231.0,1055.0,0.0
1231.0,1075.0,0.0
1231.0,1090.0,0.0
1231.0,1091.0,0.0
1231.0,1158.0,0.0
1231.0,1161.0,0.0
1231.0,1162.0,0.0
1231.0,1163.0,0.0
1231.0,1222.0,0.0
1231.0,1226.0,0.0
1231.0,1319.0,0.0
1231.0,1320.0,0.0
1231.0,1321.0,0.0
1231.0,1322.0,0.0
1231.0,1333.0,0.0
1232.0,911.0,0.0
1232.0,924.0,0.0
1232.0,985.0,0.0
1232.0,1029.0,0.0
1232.0,1057.0,0.0
1232.0,1058.0,0.0
1232.0,1059.0,0.0
1232.0,1073.0,0.0
1232.0,1157.0,0.0
1232.0,1158.0,0.0
1232.0,1159.0,0.0
1232.0,1160.0,0.0
1232.0,1227.0,0.0
1232.0,1229.0,0.0
1232.0,1318.0,0.0
1232.0,1321.0,0.0
1232.0,1322.0,0.0
1232.0,1333.0,0.0
1233.0,911.0,0.0
1233.0,984.0,0.0
1233.0,1013.0,0.0
1233.0,1014.0,0.0
1233.0,1054.0,0.0
1233.0,1067.0,0.0
1233.0,1068.0,0.0
1233.0,1074.0,0.0
1233.0,1159.0,0.0
1233.0,1176.0,0.0
1233.0,1177.0,0.0
1233.0,1185.0,0.0
1233.0,1211.0,0.0
1233.0,1222.0,0.0
1233.0,1226.0,0.0
1233.0,1231.0,0.0
1233.0,1325.0,0.0
1233.0,1326.0,0.0
1233.0,1334.0,0.0
1234.0,921.0,0.0
1234.0,923.0,0.0
1234.0,935.0,0.0
1234.0,967.0,0.0
1234.0,968.0,0.0
1234.0,1067.0,0.0
1234.0,1068.0,0.0
1234.0,1074.0,0.0
1234.0,1094.0,0.0
1234.0,1158.0,0.0
1234.0,1159.0,0.0
1234.0,1165.0,0.0
1234.0,1175.0,0.0
1234.0,1176.0,0.0
1234.0,1177.0,0.0
1234.0,1185.0,0.0
1234.0,1186.0,0.0
1234.0,1211.0,0.0
1234.0,1219.0,0.0
1234.0,1224.0,0.0
1234.0,1225.0,0.0
1234.0,1228.0,0.0
1234.0,1324.0,0.0
1234.0,1327.0,0.0
1234.0,1328.0,0.0
1234.0,1329.0,0.0
1235.0,917.0,0.0
1235.0,918.0,0.0
1235.0,923.0,0.0
1235.0,924.0,0.0
1235.0,928.0,0.0
1235.0,934.0,0.0
1235.0,935.0,0.0
1235.0,962.0,0.0
1235.0,968.0,0.0
1235.0,1012.0,0.0
1235.0,1013.0,0.0
1235.0,1020.0,0.0
1235.0,1026.0,0.0
1235.0,1058.0,0.0
1235.0,1059.0,0.0
1235.0,1060.0,0.0
1235.0,1067.0,0.0
1235.0,1074.0,0.0
1235.0,1087.0,0.0
1235.0,1095.0,0.0
1235.0,1149.0,0.0
1235.0,1150.0,0.0
1235.0,1162.0,0.0
1235.0,1163.0,0.0
1235.0,1165.0,0.0
1235.0,1166.0,0.0
1235.0,1175.0,0.0
1235.0,1176.0,0.0
1235.0,1185.0,0.0
1235.0,1186.0,0.0
1235.0,1208.0,0.0
1235.0,1210.0,0.0
1235.0,1216.0,0.0
1235.0,1221.0,0.0
1235.0,1229.0,0.0
1235.0,1232.0,0.0
1235.0,1322.0,0.0
1235.0,1326.0,0.0
1235.0,1327.0,0.0
1235.0,1335.0,0.0
1235.0,1341.0,0.0
1236.0,908.0,0.0
1236.0,917.0,0.0
1236.0,922.0,0.0
1236.0,923.0,0.0
1236.0,929.0,0.0
1236.0,930.0,0.0
1236.0,935.0,0.0
1236.0,937.0,0.0
1236.0,962.0,0.0
1236.0,965.0,0.0
1236.0,988.0,0.0
1236.0,1012.0,0.0
1236.0,1019.0,0.0
1236.0,1020.0,0.0
1236.0,1024.0,0.0
1236.0,1026.0,0.0
1236.0,1027.0,0.0
1236.0,1058.0,0.0
1236.0,1067.0,0.0
1236.0,1069.0,0.0
1236.0,1095.0,0.0
1236.0,1147.0,0.0
1236.0,1149.0,0.0
1236.0,1163.0,0.0
1236.0,1210.0,0.0
1236.0,1216.0,0.0
1236.0,1219.0,0.0
1236.0,1232.0,0.0
1236.0,1233.0,0.0
1236.0,1334.0,0.0
1236.0,1335.0,0.0
1236.0,1340.0,0.0
1236.0,1341.0,0.0
1236.0,1342.0,0.0
1237.0,909.0,0.0
1237.0,928.0,0.0
1237.0,964.0,0.0
1237.0,965.0,0.0
1237.0,988.0,0.0
1237.0,989.0,0.0
1237.0,1019.0,0.0
1237.0,1024.0,0.0
1237.0,1025.0,0.0
1237.0,1067.0,0.0
1237.0,1071.0,0.0
1237.0,1072.0,0.0
1237.0,1081.0,0.0
1237.0,1107.0,0.0
1237.0,1147.0,0.0
1237.0,1153.0,0.0
1237.0,1158.0,0.0
1237.0,1166.0,0.0
1237.0,1167.0,0.0
1237.0,1183.0,0.0
1237.0,1207.0,0.0
1237.0,1219.0,0.0
1237.0,1221.0,0.0
1237.0,1227.0,0.0
1237.0,1228.0,0.0
1237.0,1233.0,0.0
1237.0,1330.0,0.0
1237.0,1331.0,0.0
1237.0,1342.0,0.0
1237.0,1344.0,0.0
1238.0,909.0,0.0
1238.0,920.0,0.0
1238.0,928.0,0.0
1238.0,963.0,0.0
1238.0,990.0,0.0
1238.0,991.0,0.0
1238.0,1013.0,0.0
1238.0,1046.0,0.0
1238.0,1071.0,0.0
1238.0,1108.0,0.0
1238.0,1109.0,0.0
1238.0,1122.0,0.0
1238.0,1123.0,0.0
1238.0,1152.0,0.0
1238.0,1153.0,0.0
1238.0,1166.0,0.0
1238.0,1167.0,0.0
1238.0,1180.0,0.0
1238.0,1181.0,0.0
1238.0,1183.0,0.0
1238.0,1184.0,0.0
1238.0,1214.0,0.0
1238.0,1220.0,0.0
1238.0,1223.0,0.0
1238.0,1234.0,0.0
1238.0,1331.0,0.0
1238.0,1343.0,0.0
1238.0,1344.0,0.0
1239.0,944.0,0.0
1239.0,945.0,0.0
1239.0,987.0,0.0
1239.0,1004.0,0.0
1239.0,1005.0,0.0
1239.0,1013.0,0.0
1239.0,1014.0,0.0
1239.0,1019.0,0.0
1239.0,1031.0,0.0
1239.0,1046.0,0.0
1239.0,1047.0,0.0
1239.0,1052.0,0.0
1239.0,1055.0,0.0
1239.0,1078.0,0.0
1239.0,1079.0,0.0
1239.0,1109.0,0.0
1239.0,1110.0,0.0
1239.0,1141.0,0.0
1239.0,1180.0,0.0
1239.0,1181.0,0.0
1239.0,1182.0,0.0
1239.0,1204.0,0.0
1239.0,1205.0,0.0
1239.0,1206.0,0.0
1239.0,1213.0,0.0
1239.0,1219.0,0.0
1239.0,1227.0,0.0
1239.0,1235.0,0.0
1239.0,1328.0,0.0
1239.0,1332.0,0.0
1239.0,1336.0,0.0
1239.0,1338.0,0.0
1240.0,910.0,0.0
1240.0,945.0,0.0
1240.0,987.0,0.0
1240.0,991.0,0.0
1240.0,1019.0,0.0
1240.0,1025.0,0.0
1240.0,1046.0,0.0
1240.0,1050.0,0.0
1240.0,1052.0,0.0
1240.0,1096.0,0.0
1240.0,1106.0,0.0
1240.0,1107.0,0.0
1240.0,1124.0,0.0
1240.0,1141.0,0.0
1240.0,1142.0,0.0
1240.0,1143.0,0.0
1240.0,1157.0,0.0
1240.0,1158.0,0.0
1240.0,1174.0,0.0
1240.0,1175.0,0.0
1240.0,1204.0,0.0
1240.0,1207.0,0.0
1240.0,1217.0,0.0
1240.0,1226.0,0.0
1240.0,1234.0,0.0
1240.0,1328.0,0.0
1240.0,1332.0,0.0
1240.0,1333.0,0.0
1240.0,1335.0,0.0
1240.0,1336.0,0.0
1240.0,1337.0,0.0
1241.0,909.0,0.0
1241.0,910.0,0.0
1241.0,912.0,0.0
1241.0,962.0,0.0
1241.0,963.0,0.0
1241.0,964.0,0.0
1241.0,987.0,0.0
1241.0,1004.0,0.0
1241.0,1019.0,0.0
1241.0,1071.0,0.0
1241.0,1105.0,0.0
1241.0,1107.0,0.0
1241.0,1108.0,0.0
1241.0,1112.0,0.0
1241.0,1117.0,0.0
1241.0,1118.0,0.0
1241.0,1119.0,0.0
1241.0,1120.0,0.0
1241.0,1122.0,0.0
1241.0,1126.0,0.0
1241.0,1127.0,0.0
1241.0,1140.0,0.0
1241.0,1141.0,0.0
1241.0,1156.0,0.0
1241.0,1158.0,0.0
1241.0,1167.0,0.0
1241.0,1171.0,0.0
1241.0,1172.0,0.0
1241.0,1173.0,0.0
1241.0,1174.0,0.0
1241.0,1175.0,0.0
1241.0,1189.0,0.0
1241.0,1196.0,0.0
1241.0,1197.0,0.0
1241.0,1199.0,0.0
1241.0,1204.0,0.0
1241.0,1219.0,0.0
1241.0,1224.0,0.0
1241.0,1229.0,0.0
1241.0,1236.0,0.0
1241.0,1237.0,0.0
1241.0,1328.0,0.0
1241.0,1329.0,0.0
1241.0,1334.0,0.0
1241.0,1338.0,0.0
1242.0,911.0,0.0
1242.0,988.0,0.0
1242.0,1050.0,0.0
1242.0,1051.0,0.0
1242.0,1075.0,0.0
1242.0,1079.0,0.0
1242.0,1080.0,0.0
1242.0,1086.0,0.0
1242.0,1105.0,0.0
1242.0,1113.0,0.0
1242.0,1114.0,0.0
1242.0,1123.0,0.0
1242.0,1140.0,0.0
1242.0,1151.0,0.0
1242.0,1168.0,0.0
1242.0,1172.0,0.0
1242.0,1189.0,0.0
1242.0,1198.0,0.0
1242.0,1214.0,0.0
1242.0,1224.0,0.0
1242.0,1229.0,0.0
1242.0,1235.0,0.0
1242.0,1236.0,0.0
1243.0,926.0,0.0
1243.0,965.0,0.0
1243.0,966.0,0.0
1243.0,968.0,0.0
1243.0,969.0,0.0
1243.0,987.0,0.0
1243.0,988.0,0.0
1243.0,1018.0,0.0
1243.0,1019.0,0.0
1243.0,1050.0,0.0
1243.0,1068.0,0.0
1243.0,1069.0,0.0
1243.0,1070.0,0.0
1243.0,1074.0,0.0
1243.0,1079.0,0.0
1243.0,1113.0,0.0
1243.0,1133.0,0.0
1243.0,1135.0,0.0
1243.0,1136.0,0.0
1243.0,1140.0,0.0
1243.0,1157.0,0.0
1243.0,1160.0,0.0
1243.0,1169.0,0.0
1243.0,1188.0,0.0
1243.0,1198.0,0.0
1243.0,1200.0,0.0
1243.0,1201.0,0.0
1243.0,1217.0,0.0
1243.0,1219.0,0.0
1243.0,1225.0,0.0
1243.0,1226.0,0.0
1243.0,1228.0,0.0
1243.0,1229.0,0.0
1243.0,1230.0,0.0
1243.0,1231.0,0.0
1243.0,1326.0,0.0
1243.0,1327.0,0.0
1243.0,1328.0,0.0
1244.0,911.0,0.0
1244.0,914.0,0.0
1244.0,915.0,0.0
1244.0,965.0,0.0
1244.0,969.0,0.0
1244.0,970.0,0.0
1244.0,986.0,0.0
1244.0,1018.0,0.0
1244.0,1050.0,0.0
1244.0,1075.0,0.0
1244.0,1114.0,0.0
1244.0,1115.0,0.0
1244.0,1122.0,0.0
1244.0,1123.0,0.0
1244.0,1126.0,0.0
1244.0,1128.0,0.0
1244.0,1130.0,0.0
1244.0,1131.0,0.0
1244.0,1132.0,0.0
1244.0,1139.0,0.0
1244.0,1160.0,0.0
1244.0,1161.0,0.0
1244.0,1164.0,0.0
1244.0,1183.0,0.0
1244.0,1184.0,0.0
1244.0,1191.0,0.0
1244.0,1192.0,0.0
1244.0,1193.0,0.0
1244.0,1205.0,0.0
1244.0,1230.0,0.0
1244.0,1232.0,0.0
1244.0,1234.0,0.0
1244.0,1239.0,0.0
1244.0,1331.0,0.0
1244.0,1333.0,0.0
1245.0,910.0,0.0
1245.0,911.0,0.0
1245.0,912.0,0.0
1245.0,939.0,0.0
1245.0,940.0,0.0
1245.0,941.0,0.0
1245.0,946.0,0.0
1245.0,947.0,0.0
1245.0,984.0,0.0
1245.0,985.0,0.0
1245.0,986.0,0.0
1245.0,1016.0,0.0
1245.0,1059.0,0.0
1245.0,1060.0,0.0
1245.0,1073.0,0.0
1245.0,1075.0,0.0
1245.0,1076.0,0.0
1245.0,1115.0,0.0
1245.0,1123.0,0.0
1245.0,1138.0,0.0
1245.0,1154.0,0.0
1245.0,1160.0,0.0
1245.0,1182.0,0.0
1245.0,1185.0,0.0
1245.0,1188.0,0.0
1245.0,1205.0,0.0
1245.0,1220.0,0.0
1245.0,1227.0,0.0
1245.0,1237.0,0.0
1245.0,1239.0,0.0
1245.0,1334.0,0.0
1245.0,1338.0,0.0
1245.0,1339.0,0.0
1246.0,911.0,0.0
1246.0,933.0,0.0
1246.0,934.0,0.0
1246.0,935.0,0.0
1246.0,938.0,0.0
1246.0,939.0,0.0
1246.0,940.0,0.0
1246.0,945.0,0.0
1246.0,947.0,0.0
1246.0,971.0,0.0
1246.0,972.0,0.0
1246.0,975.0,0.0
1246.0,986.0,0.0
1246.0,987.0,0.0
1246.0,988.0,0.0
1246.0,1060.0,0.0
1246.0,1075.0,0.0
1246.0,1128.0,0.0
1246.0,1130.0,0.0
1246.0,1132.0,0.0
1246.0,1133.0,0.0
1246.0,1138.0,0.0
1246.0,1155.0,0.0
1246.0,1159.0,0.0
1246.0,1160.0,0.0
1246.0,1181.0,0.0
1246.0,1185.0,0.0
1246.0,1187.0,0.0
1246.0,1188.0,0.0
1246.0,1192.0,0.0
1246.0,1197.0,0.0
1246.0,1204.0,0.0
1246.0,1208.0,0.0
1246.0,1221.0,0.0
1246.0,1224.0,0.0
1246.0,1226.0,0.0
1246.0,1238.0,0.0
1246.0,1316.0,0.0
1246.0,1317.0,0.0
1246.0,1337.0,0.0
1246.0,1338.0,0.0
1246.0,1339.0,0.0
1247.0,934.0,0.0
1247.0,945.0,0.0
1247.0,946.0,0.0
1247.0,970.0,0.0
1247.0,973.0,0.0
1247.0,974.0,0.0
1247.0,975.0,0.0
1247.0,986.0,0.0
1247.0,1035.0,0.0
1247.0,1047.0,0.0
1247.0,1049.0,0.0
1247.0,1050.0,0.0
1247.0,1051.0,0.0
1247.0,1059.0,0.0
1247.0,1105.0,0.0
1247.0,1124.0,0.0
1247.0,1130.0,0.0
1247.0,1131.0,0.0
1247.0,1135.0,0.0
1247.0,1156.0,0.0
1247.0,1164.0,0.0
1247.0,1165.0,0.0
1247.0,1180.0,0.0
1247.0,1181.0,0.0
1247.0,1186.0,0.0
1247.0,1187.0,0.0
1247.0,1208.0,0.0
1247.0,1209.0,0.0
1247.0,1218.0,0.0
1247.0,1225.0,0.0
1247.0,1229.0,0.0
1247.0,1231.0,0.0
1247.0,1239.0,0.0
1247.0,1240.0,0.0
1247.0,1241.0,0.0
1247.0,1324.0,0.0
1247.0,1325.0,0.0
1247.0,1326.0,0.0
1247.0,1327.0,0.0
1247.0,1328.0,0.0
1247.0,1337.0,0.0
1248.0,929.0,0.0
1248.0,970.0,0.0
1248.0,989.0,0.0
1248.0,990.0,0.0
1248.0,991.0,0.0
1248.0,992.0,0.0
1248.0,1007.0,0.0
1248.0,1008.0,0.0
1248.0,1035.0,0.0
1248.0,1046.0,0.0
1248.0,1047.0,0.0
1248.0,1049.0,0.0
1248.0,1051.0,0.0
1248.0,1060.0,0.0
1248.0,1078.0,0.0
1248.0,1101.0,0.0
1248.0,1102.0,0.0
1248.0,1103.0,0.0
1248.0,1104.0,0.0
1248.0,1121.0,0.0
1248.0,1126.0,0.0
1248.0,1127.0,0.0
1248.0,1131.0,0.0
1248.0,1134.0,0.0
1248.0,1135.0,0.0
1248.0,1156.0,0.0
1248.0,1158.0,0.0
1248.0,1159.0,0.0
1248.0,1181.0,0.0
1248.0,1195.0,0.0
1248.0,1196.0,0.0
1248.0,1199.0,0.0
1248.0,1217.0,0.0
1248.0,1220.0,0.0
1248.0,1226.0,0.0
1248.0,1236.0,0.0
1248.0,1242.0,0.0
1248.0,1243.0,0.0
1248.0,1318.0,0.0
1248.0,1319.0,0.0
1248.0,1320.0,0.0
1248.0,1323.0,0.0
1248.0,1324.0,0.0
1248.0,1329.0,0.0
1248.0,1337.0,0.0
1249.0,911.0,0.0
1249.0,912.0,0.0
1249.0,928.0,0.0
1249.0,929.0,0.0
1249.0,1006.0,0.0
1249.0,1011.0,0.0
1249.0,1012.0,0.0
1249.0,1035.0,0.0
1249.0,1046.0,0.0
1249.0,1047.0,0.0
1249.0,1051.0,0.0
1249.0,1094.0,0.0
1249.0,1095.0,0.0
1249.0,1096.0,0.0
1249.0,1102.0,0.0
1249.0,1119.0,0.0
1249.0,1126.0,0.0
1249.0,1131.0,0.0
1249.0,1160.0,0.0
1249.0,1168.0,0.0
1249.0,1172.0,0.0
1249.0,1180.0,0.0
1249.0,1181.0,0.0
1249.0,1190.0,0.0
1249.0,1195.0,0.0
1249.0,1199.0,0.0
1249.0,1215.0,0.0
1249.0,1220.0,0.0
1249.0,1221.0,0.0
1249.0,1232.0,0.0
1249.0,1234.0,0.0
1249.0,1235.0,0.0
1249.0,1244.0,0.0
1249.0,1245.0,0.0
1249.0,1320.0,0.0
1249.0,1321.0,0.0
1249.0,1322.0,0.0
1249.0,1323.0,0.0
1249.0,1325.0,0.0
1249.0,1337.0,0.0
1249.0,1343.0,0.0
1250.0,928.0,0.0
1250.0,929.0,0.0
1250.0,957.0,0.0
1250.0,958.0,0.0
1250.0,960.0,0.0
1250.0,961.0,0.0
1250.0,962.0,0.0
1250.0,971.0,0.0
1250.0,972.0,0.0
1250.0,1011.0,0.0
1250.0,1035.0,0.0
1250.0,1046.0,0.0
1250.0,1070.0,0.0
1250.0,1077.0,0.0
1250.0,1111.0,0.0
1250.0,1113.0,0.0
1250.0,1118.0,0.0
1250.0,1119.0,0.0
1250.0,1131.0,0.0
1250.0,1160.0,0.0
1250.0,1170.0,0.0
1250.0,1172.0,0.0
1250.0,1174.0,0.0
1250.0,1181.0,0.0
1250.0,1190.0,0.0
1250.0,1193.0,0.0
1250.0,1194.0,0.0
1250.0,1197.0,0.0
1250.0,1207.0,0.0
1250.0,1215.0,0.0
1250.0,1222.0,0.0
1250.0,1223.0,0.0
1250.0,1228.0,0.0
1250.0,1231.0,0.0
1250.0,1236.0,0.0
1250.0,1240.0,0.0
1250.0,1247.0,0.0
1250.0,1248.0,0.0
1250.0,1313.0,0.0
1250.0,1314.0,0.0
1250.0,1318.0,0.0
1250.0,1325.0,0.0
1250.0,1329.0,0.0
1251.0,912.0,0.0
1251.0,957.0,0.0
1251.0,958.0,0.0
1251.0,960.0,0.0
1251.0,971.0,0.0
1251.0,987.0,0.0
1251.0,1007.0,0.0
1251.0,1008.0,0.0
1251.0,1009.0,0.0
1251.0,1035.0,0.0
1251.0,1069.0,0.0
1251.0,1077.0,0.0
1251.0,1097.0,0.0
1251.0,1111.0,0.0
1251.0,1112.0,0.0
1251.0,1115.0,0.0
1251.0,1118.0,0.0
1251.0,1174.0,0.0
1251.0,1178.0,0.0
1251.0,1181.0,0.0
1251.0,1186.0,0.0
1251.0,1220.0,0.0
1251.0,1222.0,0.0
1251.0,1248.0,0.0
1251.0,1327.0,0.0
1251.0,1328.0,0.0
1252.0,913.0,0.0
1252.0,917.0,0.0
1252.0,958.0,0.0
1252.0,962.0,0.0
1252.0,963.0,0.0
1252.0,964.0,0.0
1252.0,965.0,0.0
1252.0,969.0,0.0
1252.0,972.0,0.0
1252.0,987.0,0.0
1252.0,1008.0,0.0
1252.0,1009.0,0.0
1252.0,1023.0,0.0
1252.0,1070.0,0.0
1252.0,1071.0,0.0
1252.0,1078.0,0.0
1252.0,1096.0,0.0
1252.0,1098.0,0.0
1252.0,1099.0,0.0
1252.0,1115.0,0.0
1252.0,1117.0,0.0
1252.0,1163.0,0.0
1252.0,1164.0,0.0
1252.0,1165.0,0.0
1252.0,1166.0,0.0
1252.0,1168.0,0.0
1252.0,1170.0,0.0
1252.0,1179.0,0.0
1252.0,1185.0,0.0
1252.0,1186.0,0.0
1252.0,1225.0,0.0
1252.0,1230.0,0.0
1252.0,1231.0,0.0
1252.0,1248.0,0.0
1252.0,1249.0,0.0
1252.0,1250.0,0.0
1252.0,1314.0,0.0
1253.0,910.0,0.0
1253.0,911.0,0.0
1253.0,912.0,0.0
1253.0,913.0,0.0
1253.0,916.0,0.0
1253.0,917.0,0.0
1253.0,924.0,0.0
1253.0,927.0,0.0
1253.0,928.0,0.0
1253.0,935.0,0.0
1253.0,965.0,0.0
1253.0,969.0,0.0
1253.0,985.0,0.0
1253.0,987.0,0.0
1253.0,1025.0,0.0
1253.0,1032.0,0.0
1253.0,1033.0,0.0
1253.0,1034.0,0.0
1253.0,1050.0,0.0
1253.0,1051.0,0.0
1253.0,1052.0,0.0
1253.0,1055.0,0.0
1253.0,1069.0,0.0
1253.0,1070.0,0.0
1253.0,1077.0,0.0
1253.0,1101.0,0.0
1253.0,1161.0,0.0
1253.0,1163.0,0.0
1253.0,1185.0,0.0
1253.0,1186.0,0.0
1253.0,1224.0,0.0
1253.0,1225.0,0.0
1253.0,1231.0,0.0
1253.0,1233.0,0.0
1253.0,1240.0,0.0
1253.0,1249.0,0.0
1253.0,1251.0,0.0
1253.0,1311.0,0.0
1253.0,1312.0,0.0
1253.0,1315.0,0.0
1253.0,1332.0,0.0
1254.0,913.0,0.0
1254.0,914.0,0.0
1254.0,925.0,0.0
1254.0,926.0,0.0
1254.0,936.0,0.0
1254.0,967.0,0.0
1254.0,1032.0,0.0
1254.0,1050.0,0.0
1254.0,1052.0,0.0
1254.0,1053.0,0.0
1254.0,1054.0,0.0
1254.0,1056.0,0.0
1254.0,1091.0,0.0
1254.0,1092.0,0.0
1254.0,1093.0,0.0
1254.0,1165.0,0.0
1254.0,1171.0,0.0
1254.0,1186.0,0.0
1254.0,1199.0,0.0
1254.0,1222.0,0.0
1254.0,1226.0,0.0
1254.0,1227.0,0.0
1254.0,1240.0,0.0
1254.0,1245.0,0.0
1254.0,1251.0,0.0
1254.0,1252.0,0.0
1254.0,1308.0,0.0
1254.0,1311.0,0.0
1254.0,1329.0,0.0
1255.0,910.0,0.0
1255.0,914.0,0.0
1255.0,932.0,0.0
1255.0,939.0,0.0
1255.0,984.0,0.0
1255.0,985.0,0.0
1255.0,1012.0,0.0
1255.0,1024.0,0.0
1255.0,1025.0,0.0
1255.0,1031.0,0.0
1255.0,1059.0,0.0
1255.0,1083.0,0.0
1255.0,1084.0,0.0
1255.0,1085.0,0.0
1255.0,1166.0,0.0
1255.0,1167.0,0.0
1255.0,1168.0,0.0
1255.0,1169.0,0.0
1255.0,1173.0,0.0
1255.0,1198.0,0.0
1255.0,1227.0,0.0
1255.0,1228.0,0.0
1255.0,1238.0,0.0
1255.0,1245.0,0.0
1255.0,1252.0,0.0
1255.0,1300.0,0.0
1255.0,1301.0,0.0
1255.0,1302.0,0.0
1255.0,1309.0,0.0
1255.0,1331.0,0.0
1255.0,1332.0,0.0
1256.0,910.0,0.0
1256.0,913.0,0.0
1256.0,925.0,0.0
1256.0,933.0,0.0
1256.0,939.0,0.0
1256.0,963.0,0.0
1256.0,968.0,0.0
1256.0,985.0,0.0
1256.0,986.0,0.0
1256.0,999.0,0.0
1256.0,1000.0,0.0
1256.0,1012.0,0.0
1256.0,1030.0,0.0
1256.0,1060.0,0.0
1256.0,1086.0,0.0
1256.0,1168.0,0.0
1256.0,1169.0,0.0
1256.0,1175.0,0.0
1256.0,1228.0,0.0
1256.0,1229.0,0.0
1256.0,1232.0,0.0
1256.0,1234.0,0.0
1256.0,1235.0,0.0
1256.0,1237.0,0.0
1256.0,1239.0,0.0
1256.0,1247.0,0.0
1256.0,1248.0,0.0
1256.0,1251.0,0.0
1257.0,910.0,0.0
1257.0,914.0,0.0
1257.0,932.0,0.0
1257.0,963.0,0.0
1257.0,964.0,0.0
1257.0,966.0,0.0
1257.0,981.0,0.0
1257.0,994.0,0.0
1257.0,999.0,0.0
1257.0,1000.0,0.0
1257.0,1029.0,0.0
1257.0,1037.0,0.0
1257.0,1059.0,0.0
1257.0,1066.0,0.0
1257.0,1067.0,0.0
1257.0,1068.0,0.0
1257.0,1072.0,0.0
1257.0,1073.0,0.0
1257.0,1074.0,0.0
1257.0,1086.0,0.0
1257.0,1188.0,0.0
1257.0,1193.0,0.0
1257.0,1194.0,0.0
1257.0,1226.0,0.0
1257.0,1231.0,0.0
1257.0,1237.0,0.0
1257.0,1246.0,0.0
1257.0,1247.0,0.0
1257.0,1299.0,0.0
1257.0,1305.0,0.0
1257.0,1306.0,0.0
1257.0,1307.0,0.0
1257.0,1309.0,0.0
1258.0,909.0,0.0
1258.0,914.0,0.0
1258.0,934.0,0.0
1258.0,963.0,0.0
1258.0,967.0,0.0
1258.0,994.0,0.0
1258.0,1000.0,0.0
1258.0,1038.0,0.0
1258.0,1039.0,0.0
1258.0,1059.0,0.0
1258.0,1066.0,0.0
1258.0,1067.0,0.0
1258.0,1073.0,0.0
1258.0,1084.0,0.0
1258.0,1163.0,0.0
1258.0,1193.0,0.0
1258.0,1194.0,0.0
1258.0,1225.0,0.0
1258.0,1226.0,0.0
1258.0,1251.0,0.0
1258.0,1253.0,0.0
1258.0,1254.0,0.0
1258.0,1255.0,0.0
1258.0,1294.0,0.0
1258.0,1296.0,0.0
1258.0,1297.0,0.0
1258.0,1304.0,0.0
1259.0,907.0,0.0
1259.0,908.0,0.0
1259.0,917.0,0.0
1259.0,918.0,0.0
1259.0,919.0,0.0
1259.0,924.0,0.0
1259.0,925.0,0.0
1259.0,971.0,0.0
1259.0,972.0,0.0
1259.0,991.0,0.0
1259.0,1027.0,0.0
1259.0,1055.0,0.0
1259.0,1058.0,0.0
1259.0,1065.0,0.0
1259.0,1073.0,0.0
1259.0,1084.0,0.0
1259.0,1085.0,0.0
1259.0,1124.0,0.0
1259.0,1175.0,0.0
1259.0,1176.0,0.0
1259.0,1221.0,0.0
1259.0,1222.0,0.0
1259.0,1223.0,0.0
1259.0,1252.0,0.0
1259.0,1254.0,0.0
1259.0,1256.0,0.0
1259.0,1266.0,0.0
1259.0,1303.0,0.0
1259.0,1338.0,0.0
1259.0,1339.0,0.0
1259.0,1340.0,0.0
1259.0,1345.0,0.0
1260.0,906.0,0.0
1260.0,918.0,0.0
1260.0,919.0,0.0
1260.0,920.0,0.0
1260.0,921.0,0.0
1260.0,963.0,0.0
1260.0,967.0,0.0
1260.0,968.0,0.0
1260.0,974.0,0.0
1260.0,989.0,0.0
1260.0,994.0,0.0
1260.0,1005.0,0.0
1260.0,1006.0,0.0
1260.0,1026.0,0.0
1260.0,1032.0,0.0
1260.0,1033.0,0.0
1260.0,1040.0,0.0
1260.0,1041.0,0.0
1260.0,1044.0,0.0
1260.0,1057.0,0.0
1260.0,1059.0,0.0
1260.0,1124.0,0.0
1260.0,1173.0,0.0
1260.0,1175.0,0.0
1260.0,1177.0,0.0
1260.0,1179.0,0.0
1260.0,1188.0,0.0
1260.0,1236.0,0.0
1260.0,1251.0,0.0
1260.0,1256.0,0.0
1260.0,1257.0,0.0
1260.0,1264.0,0.0
1260.0,1268.0,0.0
1260.0,1269.0,0.0
1260.0,1270.0,0.0
1260.0,1271.0,0.0
1260.0,1290.0,0.0
1260.0,1291.0,0.0
1260.0,1292.0,0.0
1260.0,1294.0,0.0
1260.0,1297.0,0.0
1260.0,1307.0,0.0
1260.0,1309.0,0.0
1260.0,1339.0,0.0
1260.0,1342.0,0.0
1260.0,1343.0,0.0
1260.0,1344.0,0.0
1260.0,1345.0,0.0
1261.0,907.0,0.0
1261.0,910.0,0.0
1261.0,911.0,0.0
1261.0,912.0,0.0
1261.0,926.0,0.0
1261.0,963.0,0.0
1261.0,974.0,0.0
1261.0,994.0,0.0
1261.0,1005.0,0.0
1261.0,1018.0,0.0
1261.0,1031.0,0.0
1261.0,1032.0,0.0
1261.0,1043.0,0.0
1261.0,1044.0,0.0
1261.0,1046.0,0.0
1261.0,1120.0,0.0
1261.0,1122.0,0.0
1261.0,1130.0,0.0
1261.0,1172.0,0.0
1261.0,1173.0,0.0
1261.0,1178.0,0.0
1261.0,1185.0,0.0
1261.0,1187.0,0.0
1261.0,1189.0,0.0
1261.0,1208.0,0.0
1261.0,1209.0,0.0
1261.0,1222.0,0.0
1261.0,1224.0,0.0
1261.0,1225.0,0.0
1261.0,1236.0,0.0
1261.0,1257.0,0.0
1261.0,1258.0,0.0
1261.0,1259.0,0.0
1261.0,1262.0,0.0
1261.0,1263.0,0.0
1261.0,1265.0,0.0
1261.0,1267.0,0.0
1261.0,1268.0,0.0
1261.0,1269.0,0.0
1261.0,1271.0,0.0
1261.0,1272.0,0.0
1261.0,1275.0,0.0
1261.0,1279.0,0.0
1261.0,1280.0,0.0
1261.0,1281.0,0.0
1261.0,1283.0,0.0
1261.0,1284.0,0.0
1261.0,1286.0,0.0
1261.0,1287.0,0.0
1261.0,1290.0,0.0
1261.0,1293.0,0.0
1261.0,1297.0,0.0
1261.0,1301.0,0.0
1261.0,1303.0,0.0
1261.0,1308.0,0.0
1261.0,1309.0,0.0
1261.0,1310.0,0.0
1261.0,1311.0,0.0
1262.0,908.0,0.0
1262.0,909.0,0.0
1262.0,910.0,0.0
1262.0,911.0,0.0
1262.0,953.0,0.0
1262.0,954.0,0.0
1262.0,963.0,0.0
1262.0,989.0,0.0
1262.0,990.0,0.0
1262.0,1031.0,0.0
1262.0,1032.0,0.0
1262.0,1057.0,0.0
1262.0,1058.0,0.0
1262.0,1105.0,0.0
1262.0,1120.0,0.0
1262.0,1129.0,0.0
1262.0,1167.0,0.0
1262.0,1168.0,0.0
1262.0,1179.0,0.0
1262.0,1183.0,0.0
1262.0,1208.0,0.0
1262.0,1210.0,0.0
1262.0,1211.0,0.0
1262.0,1217.0,0.0
1262.0,1236.0,0.0
1262.0,1237.0,0.0
1262.0,1252.0,0.0
1262.0,1263.0,0.0
1262.0,1264.0,0.0
1262.0,1272.0,0.0
1262.0,1274.0,0.0
1262.0,1276.0,0.0
1262.0,1279.0,0.0
1262.0,1280.0,0.0
1262.0,1288.0,0.0
1262.0,1289.0,0.0
1262.0,1290.0,0.0
1262.0,1294.0,0.0
1262.0,1296.0,0.0
1262.0,1303.0,0.0
1262.0,1306.0,0.0
1262.0,1310.0,0.0
1263.0,938.0,0.0
1263.0,970.0,0.0
1263.0,971.0,0.0
1263.0,980.0,0.0
1263.0,1016.0,0.0
1263.0,1026.0,0.0
1263.0,1028.0,0.0
1263.0,1029.0,0.0
1263.0,1105.0,0.0
1263.0,1106.0,0.0
1263.0,1114.0,0.0
1263.0,1124.0,0.0
1263.0,1125.0,0.0
1263.0,1126.0,0.0
1263.0,1129.0,0.0
1263.0,1179.0,0.0
1263.0,1180.0,0.0
1263.0,1182.0,0.0
1263.0,1183.0,0.0
1263.0,1191.0,0.0
1263.0,1202.0,0.0
1263.0,1204.0,0.0
1263.0,1208.0,0.0
1263.0,1216.0,0.0
1263.0,1222.0,0.0
1263.0,1223.0,0.0
1263.0,1236.0,0.0
1263.0,1237.0,0.0
1263.0,1239.0,0.0
1263.0,1254.0,0.0
1263.0,1284.0,0.0
1263.0,1294.0,0.0
1263.0,1304.0,0.0
1263.0,1305.0,0.0
1263.0,1328.0,0.0
1263.0,1330.0,0.0
1263.0,1338.0,0.0
1263.0,1339.0,0.0
1264.0,906.0,0.0
1264.0,909.0,0.0
1264.0,932.0,0.0
1264.0,933.0,0.0
1264.0,943.0,0.0
1264.0,961.0,0.0
1264.0,971.0,0.0
1264.0,981.0,0.0
1264.0,997.0,0.0
1264.0,1004.0,0.0
1264.0,1013.0,0.0
1264.0,1015.0,0.0
1264.0,1025.0,0.0
1264.0,1026.0,0.0
1264.0,1031.0,0.0
1264.0,1032.0,0.0
1264.0,1124.0,0.0
1264.0,1151.0,0.0
1264.0,1168.0,0.0
1264.0,1187.0,0.0
1264.0,1188.0,0.0
1264.0,1192.0,0.0
1264.0,1193.0,0.0
1264.0,1202.0,0.0
1264.0,1204.0,0.0
1264.0,1209.0,0.0
1264.0,1210.0,0.0
1264.0,1211.0,0.0
1264.0,1216.0,0.0
1264.0,1239.0,0.0
1264.0,1253.0,0.0
1264.0,1255.0,0.0
1264.0,1258.0,0.0
1264.0,1260.0,0.0
1264.0,1265.0,0.0
1264.0,1268.0,0.0
1264.0,1269.0,0.0
1264.0,1273.0,0.0
1264.0,1276.0,0.0
1264.0,1277.0,0.0
1264.0,1281.0,0.0
1264.0,1291.0,0.0
1264.0,1293.0,0.0
1264.0,1328.0,0.0
1264.0,1332.0,0.0
1264.0,1333.0,0.0
1265.0,905.0,0.0
1265.0,906.0,0.0
1265.0,908.0,0.0
1265.0,909.0,0.0
1265.0,933.0,0.0
1265.0,934.0,0.0
1265.0,940.0,0.0
1265.0,941.0,0.0
1265.0,942.0,0.0
1265.0,946.0,0.0
1265.0,981.0,0.0
1265.0,982.0,0.0
1265.0,996.0,0.0
1265.0,997.0,0.0
1265.0,1003.0,0.0
1265.0,1004.0,0.0
1265.0,1005.0,0.0
1265.0,1006.0,0.0
1265.0,1007.0,0.0
1265.0,1015.0,0.0
1265.0,1026.0,0.0
1265.0,1027.0,0.0
1265.0,1032.0,0.0
1265.0,1037.0,0.0
1265.0,1059.0,0.0
1265.0,1060.0,0.0
1265.0,1061.0,0.0
1265.0,1121.0,0.0
1265.0,1127.0,0.0
1265.0,1128.0,0.0
1265.0,1134.0,0.0
1265.0,1149.0,0.0
1265.0,1150.0,0.0
1265.0,1166.0,0.0
1265.0,1185.0,0.0
1265.0,1186.0,0.0
1265.0,1194.0,0.0
1265.0,1211.0,0.0
1265.0,1212.0,0.0
1265.0,1215.0,0.0
1265.0,1216.0,0.0
1265.0,1217.0,0.0
1265.0,1241.0,0.0
1265.0,1249.0,0.0
1265.0,1250.0,0.0
1265.0,1259.0,0.0
1265.0,1260.0,0.0
1265.0,1266.0,0.0
1265.0,1267.0,0.0
1265.0,1268.0,0.0
1265.0,1286.0,0.0
1265.0,1287.0,0.0
1265.0,1330.0,0.0
1265.0,1331.0,0.0
1265.0,1332.0,0.0
1265.0,1333.0,0.0
1265.0,1334.0,0.0
1265.0,1337.0,0.0
1265.0,1338.0,0.0
1265.0,1345.0,0.0
1266.0,905.0,0.0
1266.0,911.0,0.0
1266.0,912.0,0.0
1266.0,914.0,0.0
1266.0,934.0,0.0
1266.0,942.0,0.0
1266.0,945.0,0.0
1266.0,946.0,0.0
1266.0,981.0,0.0
1266.0,982.0,0.0
1266.0,997.0,0.0
1266.0,1007.0,0.0
1266.0,1009.0,0.0
1266.0,1010.0,0.0
1266.0,1027.0,0.0
1266.0,1032.0,0.0
1266.0,1059.0,0.0
1266.0,1060.0,0.0
1266.0,1084.0,0.0
1266.0,1085.0,0.0
1266.0,1121.0,0.0
1266.0,1125.0,0.0
1266.0,1132.0,0.0
1266.0,1139.0,0.0
1266.0,1149.0,0.0
1266.0,1165.0,0.0
1266.0,1177.0,0.0
1266.0,1178.0,0.0
1266.0,1179.0,0.0
1266.0,1180.0,0.0
1266.0,1181.0,0.0
1266.0,1212.0,0.0
1266.0,1216.0,0.0
1266.0,1227.0,0.0
1266.0,1237.0,0.0
1266.0,1238.0,0.0
1266.0,1239.0,0.0
1266.0,1240.0,0.0
1266.0,1293.0,0.0
1266.0,1305.0,0.0
1266.0,1306.0,0.0
1266.0,1307.0,0.0
1266.0,1337.0,0.0
1266.0,1340.0,0.0
1266.0,1341.0,0.0
1266.0,1344.0,0.0
1267.0,905.0,0.0
1267.0,920.0,0.0
1267.0,922.0,0.0
1267.0,923.0,0.0
1267.0,926.0,0.0
1267.0,942.0,0.0
1267.0,945.0,0.0
1267.0,946.0,0.0
1267.0,958.0,0.0
1267.0,990.0,0.0
1267.0,991.0,0.0
1267.0,1003.0,0.0
1267.0,1008.0,0.0
1267.0,1009.0,0.0
1267.0,1027.0,0.0
1267.0,1037.0,0.0
1267.0,1085.0,0.0
1267.0,1119.0,0.0
1267.0,1120.0,0.0
1267.0,1121.0,0.0
1267.0,1129.0,0.0
1267.0,1131.0,0.0
1267.0,1136.0,0.0
1267.0,1139.0,0.0
1267.0,1140.0,0.0
1267.0,1141.0,0.0
1267.0,1142.0,0.0
1267.0,1143.0,0.0
1267.0,1144.0,0.0
1267.0,1146.0,0.0
1267.0,1147.0,0.0
1267.0,1176.0,0.0
1267.0,1227.0,0.0
1267.0,1228.0,0.0
1267.0,1235.0,0.0
1267.0,1236.0,0.0
1267.0,1237.0,0.0
1267.0,1246.0,0.0
1267.0,1247.0,0.0
1267.0,1248.0,0.0
1267.0,1250.0,0.0
1267.0,1279.0,0.0
1267.0,1303.0,0.0
1267.0,1304.0,0.0
1267.0,1305.0,0.0
1267.0,1320.0,0.0
1267.0,1321.0,0.0
1267.0,1344.0,0.0
1268.0,905.0,0.0
1268.0,911.0,0.0
1268.0,919.0,0.0
1268.0,923.0,0.0
1268.0,957.0,0.0
1268.0,958.0,0.0
1268.0,963.0,0.0
1268.0,964.0,0.0
1268.0,987.0,0.0
1268.0,1028.0,0.0
1268.0,1035.0,0.0
1268.0,1036.0,0.0
1268.0,1037.0,0.0
1268.0,1056.0,0.0
1268.0,1085.0,0.0
1268.0,1088.0,0.0
1268.0,1089.0,0.0
1268.0,1100.0,0.0
1268.0,1103.0,0.0
1268.0,1104.0,0.0
1268.0,1121.0,0.0
1268.0,1124.0,0.0
1268.0,1129.0,0.0
1268.0,1137.0,0.0
1268.0,1142.0,0.0
1268.0,1143.0,0.0
1268.0,1175.0,0.0
1268.0,1185.0,0.0
1268.0,1195.0,0.0
1268.0,1200.0,0.0
1268.0,1203.0,0.0
1268.0,1204.0,0.0
1268.0,1205.0,0.0
1268.0,1225.0,0.0
1268.0,1226.0,0.0
1268.0,1227.0,0.0
1268.0,1228.0,0.0
1268.0,1278.0,0.0
1268.0,1279.0,0.0
1268.0,1280.0,0.0
1268.0,1302.0,0.0
1268.0,1303.0,0.0
1268.0,1320.0,0.0
1268.0,1321.0,0.0
1269.0,911.0,0.0
1269.0,926.0,0.0
1269.0,927.0,0.0
1269.0,933.0,0.0
1269.0,934.0,0.0
1269.0,958.0,0.0
1269.0,963.0,0.0
1269.0,964.0,0.0
1269.0,968.0,0.0
1269.0,969.0,0.0
1269.0,970.0,0.0
1269.0,987.0,0.0
1269.0,990.0,0.0
1269.0,992.0,0.0
1269.0,993.0,0.0
1269.0,1011.0,0.0
1269.0,1012.0,0.0
1269.0,1013.0,0.0
1269.0,1025.0,0.0
1269.0,1026.0,0.0
1269.0,1038.0,0.0
1269.0,1039.0,0.0
1269.0,1050.0,0.0
1269.0,1055.0,0.0
1269.0,1056.0,0.0
1269.0,1088.0,0.0
1269.0,1103.0,0.0
1269.0,1124.0,0.0
1269.0,1131.0,0.0
1269.0,1165.0,0.0
1269.0,1166.0,0.0
1269.0,1168.0,0.0
1269.0,1169.0,0.0
1269.0,1174.0,0.0
1269.0,1175.0,0.0
1269.0,1184.0,0.0
1269.0,1195.0,0.0
1269.0,1196.0,0.0
1269.0,1204.0,0.0
1269.0,1205.0,0.0
1269.0,1233.0,0.0
1269.0,1234.0,0.0
1269.0,1279.0,0.0
1269.0,1296.0,0.0
1269.0,1300.0,0.0
1269.0,1301.0,0.0
1269.0,1333.0,0.0
1269.0,1334.0,0.0
1269.0,1335.0,0.0
1269.0,1343.0,0.0
1270.0,911.0,0.0
1270.0,917.0,0.0
1270.0,933.0,0.0
1270.0,957.0,0.0
1270.0,969.0,0.0
1270.0,992.0,0.0
1270.0,1088.0,0.0
1270.0,1110.0,0.0
1270.0,1120.0,0.0
1270.0,1121.0,0.0
1270.0,1125.0,0.0
1270.0,1169.0,0.0
1270.0,1170.0,0.0
1270.0,1171.0,0.0
1270.0,1172.0,0.0
1270.0,1173.0,0.0
1270.0,1190.0,0.0
1270.0,1196.0,0.0
1270.0,1236.0,0.0
1270.0,1254.0,0.0
1270.0,1256.0,0.0
1270.0,1258.0,0.0
1270.0,1298.0,0.0
1270.0,1333.0,0.0
1270.0,1342.0,0.0
1270.0,1343.0,0.0
1271.0,905.0,0.0
1271.0,909.0,0.0
1271.0,910.0,0.0
1271.0,911.0,0.0
1271.0,919.0,0.0
1271.0,935.0,0.0
1271.0,944.0,0.0
1271.0,974.0,0.0
1271.0,975.0,0.0
1271.0,990.0,0.0
1271.0,1016.0,0.0
1271.0,1017.0,0.0
1271.0,1032.0,0.0
1271.0,1045.0,0.0
1271.0,1046.0,0.0
1271.0,1085.0,0.0
1271.0,1087.0,0.0
1271.0,1107.0,0.0
1271.0,1108.0,0.0
1271.0,1109.0,0.0
1271.0,1110.0,0.0
1271.0,1123.0,0.0
1271.0,1130.0,0.0
1271.0,1131.0,0.0
1271.0,1135.0,0.0
1271.0,1167.0,0.0
1271.0,1168.0,0.0
1271.0,1189.0,0.0
1271.0,1200.0,0.0
1271.0,1201.0,0.0
1271.0,1225.0,0.0
1271.0,1256.0,0.0
1271.0,1258.0,0.0
1271.0,1266.0,0.0
1271.0,1295.0,0.0
1271.0,1296.0,0.0
1271.0,1297.0,0.0
1271.0,1320.0,0.0
1271.0,1321.0,0.0
1271.0,1333.0,0.0
1271.0,1341.0,0.0
1271.0,1342.0,0.0
1272.0,905.0,0.0
1272.0,911.0,0.0
1272.0,939.0,0.0
1272.0,946.0,0.0
1272.0,976.0,0.0
1272.0,989.0,0.0
1272.0,990.0,0.0
1272.0,1012.0,0.0
1272.0,1014.0,0.0
1272.0,1045.0,0.0
1272.0,1084.0,0.0
1272.0,1085.0,0.0
1272.0,1121.0,0.0
1272.0,1124.0,0.0
1272.0,1127.0,0.0
1272.0,1134.0,0.0
1272.0,1135.0,0.0
1272.0,1167.0,0.0
1272.0,1175.0,0.0
1272.0,1185.0,0.0
1272.0,1201.0,0.0
1272.0,1223.0,0.0
1272.0,1226.0,0.0
1272.0,1256.0,0.0
1272.0,1273.0,0.0
1272.0,1332.0,0.0
1272.0,1336.0,0.0
1273.0,905.0,0.0
1273.0,920.0,0.0
1273.0,938.0,0.0
1273.0,939.0,0.0
1273.0,942.0,0.0
1273.0,943.0,0.0
1273.0,944.0,0.0
1273.0,956.0,0.0
1273.0,957.0,0.0
1273.0,974.0,0.0
1273.0,980.0,0.0
1273.0,981.0,0.0
1273.0,989.0,0.0
1273.0,990.0,0.0
1273.0,1031.0,0.0
1273.0,1045.0,0.0
1273.0,1049.0,0.0
1273.0,1050.0,0.0
1273.0,1051.0,0.0
1273.0,1092.0,0.0
1273.0,1120.0,0.0
1273.0,1121.0,0.0
1273.0,1124.0,0.0
1273.0,1129.0,0.0
1273.0,1130.0,0.0
1273.0,1166.0,0.0
1273.0,1167.0,0.0
1273.0,1174.0,0.0
1273.0,1175.0,0.0
1273.0,1176.0,0.0
1273.0,1186.0,0.0
1273.0,1201.0,0.0
1273.0,1203.0,0.0
1273.0,1223.0,0.0
1273.0,1249.0,0.0
1273.0,1262.0,0.0
1273.0,1263.0,0.0
1273.0,1277.0,0.0
1273.0,1278.0,0.0
1273.0,1281.0,0.0
1273.0,1282.0,0.0
1273.0,1292.0,0.0
1273.0,1293.0,0.0
1273.0,1321.0,0.0
1273.0,1322.0,0.0
1273.0,1332.0,0.0
1273.0,1333.0,0.0
1273.0,1336.0,0.0
1273.0,1338.0,0.0
1274.0,908.0,0.0
1274.0,909.0,0.0
1274.0,920.0,0.0
1274.0,939.0,0.0
1274.0,940.0,0.0
1274.0,944.0,0.0
1274.0,945.0,0.0
1274.0,958.0,0.0
1274.0,974.0,0.0
1274.0,975.0,0.0
1274.0,977.0,0.0
1274.0,979.0,0.0
1274.0,980.0,0.0
1274.0,982.0,0.0
1274.0,1012.0,0.0
1274.0,1031.0,0.0
1274.0,1050.0,0.0
1274.0,1088.0,0.0
1274.0,1090.0,0.0
1274.0,1092.0,0.0
1274.0,1109.0,0.0
1274.0,1110.0,0.0
1274.0,1129.0,0.0
1274.0,1168.0,0.0
1274.0,1173.0,0.0
1274.0,1175.0,0.0
1274.0,1176.0,0.0
1274.0,1201.0,0.0
1274.0,1203.0,0.0
1274.0,1248.0,0.0
1274.0,1258.0,0.0
1274.0,1261.0,0.0
1274.0,1262.0,0.0
1274.0,1263.0,0.0
1274.0,1272.0,0.0
1274.0,1273.0,0.0
1274.0,1278.0,0.0
1274.0,1292.0,0.0
1274.0,1320.0,0.0
1274.0,1322.0,0.0
1274.0,1333.0,0.0
1274.0,1334.0,0.0
1274.0,1339.0,0.0
1275.0,907.0,0.0
1275.0,918.0,0.0
1275.0,940.0,0.0
1275.0,975.0,0.0
1275.0,982.0,0.0
1275.0,1018.0,0.0
1275.0,1019.0,0.0
1275.0,1048.0,0.0
1275.0,1049.0,0.0
1275.0,1072.0,0.0
1275.0,1079.0,0.0
1275.0,1080.0,0.0
1275.0,1081.0,0.0
1275.0,1089.0,0.0
1275.0,1092.0,0.0
1275.0,1096.0,0.0
1275.0,1108.0,0.0
1275.0,1109.0,0.0
1275.0,1121.0,0.0
1275.0,1126.0,0.0
1275.0,1127.0,0.0
1275.0,1129.0,0.0
1275.0,1160.0,0.0
1275.0,1161.0,0.0
1275.0,1163.0,0.0
1275.0,1198.0,0.0
1275.0,1219.0,0.0
1275.0,1223.0,0.0
1275.0,1224.0,0.0
1275.0,1249.0,0.0
1275.0,1250.0,0.0
1275.0,1261.0,0.0
1275.0,1270.0,0.0
1275.0,1271.0,0.0
1275.0,1281.0,0.0
1275.0,1290.0,0.0
1275.0,1291.0,0.0
1275.0,1310.0,0.0
1275.0,1320.0,0.0
1276.0,907.0,0.0
1276.0,908.0,0.0
1276.0,974.0,0.0
1276.0,1018.0,0.0
1276.0,1028.0,0.0
1276.0,1060.0,0.0
1276.0,1072.0,0.0
1276.0,1073.0,0.0
1276.0,1074.0,0.0
1276.0,1075.0,0.0
1276.0,1077.0,0.0
1276.0,1096.0,0.0
1276.0,1120.0,0.0
1276.0,1161.0,0.0
1276.0,1163.0,0.0
1276.0,1166.0,0.0
1276.0,1168.0,0.0
1276.0,1170.0,0.0
1276.0,1185.0,0.0
1276.0,1199.0,0.0
1276.0,1201.0,0.0
1276.0,1202.0,0.0
1276.0,1219.0,0.0
1276.0,1220.0,0.0
1276.0,1223.0,0.0
1276.0,1224.0,0.0
1276.0,1242.0,0.0
1276.0,1250.0,0.0
1276.0,1253.0,0.0
1276.0,1254.0,0.0
1276.0,1255.0,0.0
1276.0,1256.0,0.0
1276.0,1284.0,0.0
1276.0,1285.0,0.0
1276.0,1294.0,0.0
1276.0,1295.0,0.0
1276.0,1296.0,0.0
1276.0,1309.0,0.0
1276.0,1310.0,0.0
1276.0,1311.0,0.0
1276.0,1334.0,0.0
1277.0,916.0,0.0
1277.0,920.0,0.0
1277.0,959.0,0.0
1277.0,974.0,0.0
1277.0,975.0,0.0
1277.0,982.0,0.0
1277.0,983.0,0.0
1277.0,1026.0,0.0
1277.0,1028.0,0.0
1277.0,1060.0,0.0
1277.0,1071.0,0.0
1277.0,1077.0,0.0
1277.0,1091.0,0.0
1277.0,1108.0,0.0
1277.0,1124.0,0.0
1277.0,1127.0,0.0
1277.0,1128.0,0.0
1277.0,1170.0,0.0
1277.0,1171.0,0.0
1277.0,1198.0,0.0
1277.0,1199.0,0.0
1277.0,1219.0,0.0
1277.0,1278.0,0.0
1277.0,1279.0,0.0
1277.0,1283.0,0.0
1277.0,1285.0,0.0
1277.0,1296.0,0.0
1277.0,1297.0,0.0
1277.0,1310.0,0.0
1277.0,1317.0,0.0
1277.0,1318.0,0.0
1277.0,1341.0,0.0
1278.0,910.0,0.0
1278.0,913.0,0.0
1278.0,915.0,0.0
1278.0,916.0,0.0
1278.0,919.0,0.0
1278.0,925.0,0.0
1278.0,944.0,0.0
1278.0,945.0,0.0
1278.0,953.0,0.0
1278.0,957.0,0.0
1278.0,958.0,0.0
1278.0,959.0,0.0
1278.0,970.0,0.0
1278.0,983.0,0.0
1278.0,1060.0,0.0
1278.0,1078.0,0.0
1278.0,1108.0,0.0
1278.0,1122.0,0.0
1278.0,1123.0,0.0
1278.0,1124.0,0.0
1278.0,1165.0,0.0
1278.0,1166.0,0.0
1278.0,1170.0,0.0
1278.0,1171.0,0.0
1278.0,1209.0,0.0
1278.0,1242.0,0.0
1278.0,1259.0,0.0
1278.0,1278.0,0.0
1278.0,1279.0,0.0
1278.0,1282.0,0.0
1278.0,1283.0,0.0
1278.0,1312.0,0.0
1278.0,1313.0,0.0
1278.0,1314.0,0.0
1278.0,1315.0,0.0
1278.0,1337.0,0.0
1278.0,1340.0,0.0
1278.0,1341.0,0.0
1279.0,924.0,0.0
1279.0,925.0,0.0
1279.0,942.0,0.0
1279.0,945.0,0.0
1279.0,955.0,0.0
1279.0,956.0,0.0
1279.0,969.0,0.0
1279.0,970.0,0.0
1279.0,975.0,0.0
1279.0,984.0,0.0
1279.0,988.0,0.0
1279.0,989.0,0.0
1279.0,1013.0,0.0
1279.0,1059.0,0.0
1279.0,1084.0,0.0
1279.0,1089.0,0.0
1279.0,1106.0,0.0
1279.0,1107.0,0.0
1279.0,1117.0,0.0
1279.0,1128.0,0.0
1279.0,1187.0,0.0
1279.0,1282.0,0.0
1279.0,1321.0,0.0
1279.0,1328.0,0.0
1279.0,1332.0,0.0
1279.0,1334.0,0.0
1280.0,942.0,0.0
1280.0,970.0,0.0
1280.0,973.0,0.0
1280.0,974.0,0.0
1280.0,988.0,0.0
1280.0,989.0,0.0
1280.0,1013.0,0.0
1280.0,1059.0,0.0
1280.0,1076.0,0.0
1280.0,1080.0,0.0
1280.0,1082.0,0.0
1280.0,1083.0,0.0
1280.0,1089.0,0.0
1280.0,1106.0,0.0
1280.0,1107.0,0.0
1280.0,1116.0,0.0
1280.0,1117.0,0.0
1280.0,1124.0,0.0
1280.0,1125.0,0.0
1280.0,1129.0,0.0
1280.0,1131.0,0.0
1280.0,1187.0,0.0
1280.0,1189.0,0.0
1280.0,1201.0,0.0
1280.0,1205.0,0.0
1280.0,1206.0,0.0
1280.0,1220.0,0.0
1280.0,1258.0,0.0
1280.0,1300.0,0.0
1280.0,1301.0,0.0
1280.0,1302.0,0.0
1280.0,1304.0,0.0
1280.0,1305.0,0.0
1280.0,1310.0,0.0
1280.0,1312.0,0.0
1280.0,1313.0,0.0
1280.0,1320.0,0.0
1280.0,1321.0,0.0
1280.0,1327.0,0.0
1280.0,1336.0,0.0
1280.0,1342.0,0.0
1281.0,910.0,0.0
1281.0,942.0,0.0
1281.0,955.0,0.0
1281.0,956.0,0.0
1281.0,999.0,0.0
1281.0,1011.0,0.0
1281.0,1012.0,0.0
1281.0,1022.0,0.0
1281.0,1023.0,0.0
1281.0,1041.0,0.0
1281.0,1058.0,0.0
1281.0,1077.0,0.0
1281.0,1078.0,0.0
1281.0,1084.0,0.0
1281.0,1087.0,0.0
1281.0,1088.0,0.0
1281.0,1090.0,0.0
1281.0,1106.0,0.0
1281.0,1115.0,0.0
1281.0,1116.0,0.0
1281.0,1124.0,0.0
1281.0,1168.0,0.0
1281.0,1188.0,0.0
1281.0,1189.0,0.0
1281.0,1200.0,0.0
1281.0,1220.0,0.0
1281.0,1226.0,0.0
1281.0,1227.0,0.0
1281.0,1259.0,0.0
1281.0,1291.0,0.0
1281.0,1300.0,0.0
1281.0,1304.0,0.0
1281.0,1309.0,0.0
1281.0,1312.0,0.0
1281.0,1315.0,0.0
1281.0,1316.0,0.0
1281.0,1327.0,0.0
1281.0,1332.0,0.0
1281.0,1333.0,0.0
1281.0,1335.0,0.0
1281.0,1336.0,0.0
1281.0,1341.0,0.0
1281.0,1342.0,0.0
1281.0,1343.0,0.0
1281.0,1344.0,0.0
1281.0,1345.0,0.0
1282.0,911.0,0.0
1282.0,913.0,0.0
1282.0,923.0,0.0
1282.0,925.0,0.0
1282.0,928.0,0.0
1282.0,929.0,0.0
1282.0,941.0,0.0
1282.0,942.0,0.0
1282.0,998.0,0.0
1282.0,999.0,0.0
1282.0,1022.0,0.0
1282.0,1023.0,0.0
1282.0,1039.0,0.0
1282.0,1041.0,0.0
1282.0,1042.0,0.0
1282.0,1058.0,0.0
1282.0,1059.0,0.0
1282.0,1077.0,0.0
1282.0,1079.0,0.0
1282.0,1107.0,0.0
1282.0,1114.0,0.0
1282.0,1115.0,0.0
1282.0,1129.0,0.0
1282.0,1161.0,0.0
1282.0,1166.0,0.0
1282.0,1167.0,0.0
1282.0,1168.0,0.0
1282.0,1171.0,0.0
1282.0,1195.0,0.0
1282.0,1225.0,0.0
1282.0,1226.0,0.0
1282.0,1259.0,0.0
1282.0,1260.0,0.0
1282.0,1292.0,0.0
1282.0,1305.0,0.0
1282.0,1314.0,0.0
1282.0,1315.0,0.0
1282.0,1323.0,0.0
1282.0,1326.0,0.0
1282.0,1334.0,0.0
1282.0,1335.0,0.0
1283.0,916.0,0.0
1283.0,926.0,0.0
1283.0,998.0,0.0
1283.0,1000.0,0.0
1283.0,1001.0,0.0
1283.0,1010.0,0.0
1283.0,1011.0,0.0
1283.0,1022.0,0.0
1283.0,1040.0,0.0
1283.0,1041.0,0.0
1283.0,1062.0,0.0
1283.0,1063.0,0.0
1283.0,1071.0,0.0
1283.0,1079.0,0.0
1283.0,1114.0,0.0
1283.0,1128.0,0.0
1283.0,1161.0,0.0
1283.0,1167.0,0.0
1283.0,1170.0,0.0
1283.0,1171.0,0.0
1283.0,1194.0,0.0
1283.0,1196.0,0.0
1283.0,1218.0,0.0
1283.0,1219.0,0.0
1283.0,1224.0,0.0
1283.0,1225.0,0.0
1283.0,1230.0,0.0
1283.0,1234.0,0.0
1283.0,1277.0,0.0
1283.0,1299.0,0.0
1283.0,1307.0,0.0
1283.0,1316.0,0.0
1283.0,1326.0,0.0
1283.0,1335.0,0.0
1284.0,910.0,0.0
1284.0,915.0,0.0
1284.0,926.0,0.0
1284.0,927.0,0.0
1284.0,943.0,0.0
1284.0,949.0,0.0
1284.0,950.0,0.0
1284.0,1032.0,0.0
1284.0,1034.0,0.0
1284.0,1061.0,0.0
1284.0,1062.0,0.0
1284.0,1072.0,0.0
1284.0,1128.0,0.0
1284.0,1161.0,0.0
1284.0,1169.0,0.0
1284.0,1218.0,0.0
1284.0,1224.0,0.0
1284.0,1230.0,0.0
1284.0,1234.0,0.0
1284.0,1295.0,0.0
1284.0,1296.0,0.0
1284.0,1299.0,0.0
1284.0,1300.0,0.0
1284.0,1308.0,0.0
1284.0,1309.0,0.0
1284.0,1318.0,0.0
1284.0,1319.0,0.0
1284.0,1320.0,0.0
1284.0,1336.0,0.0
1284.0,1341.0,0.0
1285.0,910.0,0.0
1285.0,914.0,0.0
1285.0,922.0,0.0
1285.0,943.0,0.0
1285.0,944.0,0.0
1285.0,947.0,0.0
1285.0,948.0,0.0
1285.0,949.0,0.0
1285.0,956.0,0.0
1285.0,1033.0,0.0
1285.0,1075.0,0.0
1285.0,1077.0,0.0
1285.0,1128.0,0.0
1285.0,1159.0,0.0
1285.0,1161.0,0.0
1285.0,1168.0,0.0
1285.0,1191.0,0.0
1285.0,1194.0,0.0
1285.0,1212.0,0.0
1285.0,1220.0,0.0
1285.0,1228.0,0.0
1285.0,1229.0,0.0
1285.0,1271.0,0.0
1285.0,1272.0,0.0
1285.0,1298.0,0.0
1285.0,1307.0,0.0
1285.0,1308.0,0.0
1285.0,1311.0,0.0
1285.0,1312.0,0.0
1285.0,1324.0,0.0
1286.0,909.0,0.0
1286.0,913.0,0.0
1286.0,917.0,0.0
1286.0,922.0,0.0
1286.0,943.0,0.0
1286.0,944.0,0.0
1286.0,953.0,0.0
1286.0,955.0,0.0
1286.0,956.0,0.0
1286.0,957.0,0.0
1286.0,971.0,0.0
1286.0,972.0,0.0
1286.0,973.0,0.0
1286.0,1033.0,0.0
1286.0,1034.0,0.0
1286.0,1074.0,0.0
1286.0,1076.0,0.0
1286.0,1159.0,0.0
1286.0,1191.0,0.0
1286.0,1219.0,0.0
1286.0,1220.0,0.0
1286.0,1227.0,0.0
1286.0,1228.0,0.0
1286.0,1250.0,0.0
1286.0,1268.0,0.0
1286.0,1269.0,0.0
1286.0,1270.0,0.0
1286.0,1271.0,0.0
1286.0,1272.0,0.0
1286.0,1310.0,0.0
1286.0,1311.0,0.0
1286.0,1312.0,0.0
1286.0,1313.0,0.0
1286.0,1317.0,0.0
1286.0,1318.0,0.0
1286.0,1343.0,0.0
1287.0,912.0,0.0
1287.0,913.0,0.0
1287.0,918.0,0.0
1287.0,919.0,0.0
1287.0,920.0,0.0
1287.0,922.0,0.0
1287.0,956.0,0.0
1287.0,957.0,0.0
1287.0,970.0,0.0
1287.0,974.0,0.0
1287.0,975.0,0.0
1287.0,984.0,0.0
1287.0,1033.0,0.0
1287.0,1034.0,0.0
1287.0,1047.0,0.0
1287.0,1082.0,0.0
1287.0,1098.0,0.0
1287.0,1099.0,0.0
1287.0,1129.0,0.0
1287.0,1157.0,0.0
1287.0,1218.0,0.0
1287.0,1226.0,0.0
1287.0,1227.0,0.0
1287.0,1250.0,0.0
1287.0,1264.0,0.0
1287.0,1265.0,0.0
1287.0,1266.0,0.0
1287.0,1268.0,0.0
1287.0,1271.0,0.0
1287.0,1297.0,0.0
1287.0,1298.0,0.0
1287.0,1315.0,0.0
1287.0,1343.0,0.0
1287.0,1344.0,0.0
1288.0,910.0,0.0
1288.0,914.0,0.0
1288.0,924.0,0.0
1288.0,925.0,0.0
1288.0,933.0,0.0
1288.0,959.0,0.0
1288.0,960.0,0.0
1288.0,971.0,0.0
1288.0,972.0,0.0
1288.0,975.0,0.0
1288.0,976.0,0.0
1288.0,983.0,0.0
1288.0,984.0,0.0
1288.0,1011.0,0.0
1288.0,1047.0,0.0
1288.0,1072.0,0.0
1288.0,1076.0,0.0
1288.0,1078.0,0.0
1288.0,1080.0,0.0
1288.0,1081.0,0.0
1288.0,1099.0,0.0
1288.0,1128.0,0.0
1288.0,1129.0,0.0
1288.0,1157.0,0.0
1288.0,1185.0,0.0
1288.0,1186.0,0.0
1288.0,1187.0,0.0
1288.0,1211.0,0.0
1288.0,1212.0,0.0
1288.0,1227.0,0.0
1288.0,1266.0,0.0
1288.0,1267.0,0.0
1288.0,1297.0,0.0
1288.0,1312.0,0.0
1288.0,1314.0,0.0
1288.0,1315.0,0.0
1288.0,1320.0,0.0
1289.0,909.0,0.0
1289.0,922.0,0.0
1289.0,925.0,0.0
1289.0,932.0,0.0
1289.0,933.0,0.0
1289.0,958.0,0.0
1289.0,959.0,0.0
1289.0,970.0,0.0
1289.0,971.0,0.0
1289.0,975.0,0.0
1289.0,1013.0,0.0
1289.0,1014.0,0.0
1289.0,1048.0,0.0
1289.0,1071.0,0.0
1289.0,1072.0,0.0
1289.0,1078.0,0.0
1289.0,1097.0,0.0
1289.0,1098.0,0.0
1289.0,1154.0,0.0
1289.0,1155.0,0.0
1289.0,1170.0,0.0
1289.0,1189.0,0.0
1289.0,1190.0,0.0
1289.0,1207.0,0.0
1289.0,1227.0,0.0
1289.0,1311.0,0.0
1289.0,1312.0,0.0
1289.0,1313.0,0.0
1289.0,1323.0,0.0
1289.0,1324.0,0.0
1289.0,1341.0,0.0
1290.0,923.0,0.0
1290.0,925.0,0.0
1290.0,932.0,0.0
1290.0,933.0,0.0
1290.0,957.0,0.0
1290.0,958.0,0.0
1290.0,1040.0,0.0
1290.0,1047.0,0.0
1290.0,1048.0,0.0
1290.0,1062.0,0.0
1290.0,1066.0,0.0
1290.0,1068.0,0.0
1290.0,1069.0,0.0
1290.0,1071.0,0.0
1290.0,1125.0,0.0
1290.0,1153.0,0.0
1290.0,1155.0,0.0
1290.0,1188.0,0.0
1290.0,1189.0,0.0
1290.0,1190.0,0.0
1290.0,1208.0,0.0
1290.0,1237.0,0.0
1290.0,1238.0,0.0
1290.0,1250.0,0.0
1290.0,1260.0,0.0
1290.0,1288.0,0.0
1290.0,1323.0,0.0
1290.0,1339.0,0.0
1290.0,1340.0,0.0
1290.0,1341.0,0.0
1291.0,923.0,0.0
1291.0,925.0,0.0
1291.0,933.0,0.0
1291.0,957.0,0.0
1291.0,980.0,0.0
1291.0,981.0,0.0
1291.0,1048.0,0.0
1291.0,1061.0,0.0
1291.0,1066.0,0.0
1291.0,1067.0,0.0
1291.0,1077.0,0.0
1291.0,1153.0,0.0
1291.0,1154.0,0.0
1291.0,1185.0,0.0
1291.0,1186.0,0.0
1291.0,1203.0,0.0
1291.0,1206.0,0.0
1291.0,1207.0,0.0
1291.0,1215.0,0.0
1291.0,1225.0,0.0
1291.0,1226.0,0.0
1291.0,1236.0,0.0
1291.0,1237.0,0.0
1291.0,1249.0,0.0
1291.0,1258.0,0.0
1291.0,1259.0,0.0
1291.0,1277.0,0.0
1291.0,1287.0,0.0
1291.0,1300.0,0.0
1291.0,1310.0,0.0
1291.0,1311.0,0.0
1291.0,1318.0,0.0
1291.0,1319.0,0.0
1291.0,1321.0,0.0
1292.0,916.0,0.0
1292.0,923.0,0.0
1292.0,933.0,0.0
1292.0,973.0,0.0
1292.0,974.0,0.0
1292.0,975.0,0.0
1292.0,1012.0,0.0
1292.0,1047.0,0.0
1292.0,1056.0,0.0
1292.0,1058.0,0.0
1292.0,1067.0,0.0
1292.0,1078.0,0.0
1292.0,1107.0,0.0
1292.0,1123.0,0.0
1292.0,1124.0,0.0
1292.0,1129.0,0.0
1292.0,1167.0,0.0
1292.0,1185.0,0.0
1292.0,1203.0,0.0
1292.0,1204.0,0.0
1292.0,1225.0,0.0
1292.0,1226.0,0.0
1292.0,1237.0,0.0
1292.0,1276.0,0.0
1292.0,1277.0,0.0
1292.0,1296.0,0.0
1292.0,1300.0,0.0
1292.0,1319.0,0.0
1293.0,908.0,0.0
1293.0,916.0,0.0
1293.0,917.0,0.0
1293.0,923.0,0.0
1293.0,932.0,0.0
1293.0,933.0,0.0
1293.0,966.0,0.0
1293.0,968.0,0.0
1293.0,969.0,0.0
1293.0,970.0,0.0
1293.0,978.0,0.0
1293.0,979.0,0.0
1293.0,1056.0,0.0
1293.0,1057.0,0.0
1293.0,1069.0,0.0
1293.0,1088.0,0.0
1293.0,1090.0,0.0
1293.0,1105.0,0.0
1293.0,1107.0,0.0
1293.0,1121.0,0.0
1293.0,1122.0,0.0
1293.0,1123.0,0.0
1293.0,1124.0,0.0
1293.0,1125.0,0.0
1293.0,1128.0,0.0
1293.0,1166.0,0.0
1293.0,1167.0,0.0
1293.0,1185.0,0.0
1293.0,1189.0,0.0
1293.0,1200.0,0.0
1293.0,1201.0,0.0
1293.0,1202.0,0.0
1293.0,1214.0,0.0
1293.0,1215.0,0.0
1293.0,1238.0,0.0
1293.0,1239.0,0.0
1293.0,1258.0,0.0
1293.0,1291.0,0.0
1293.0,1292.0,0.0
1293.0,1299.0,0.0
1293.0,1305.0,0.0
1293.0,1309.0,0.0
1293.0,1310.0,0.0
1293.0,1315.0,0.0
1293.0,1316.0,0.0
1293.0,1317.0,0.0
1294.0,908.0,0.0
1294.0,909.0,0.0
1294.0,910.0,0.0
1294.0,916.0,0.0
1294.0,936.0,0.0
1294.0,943.0,0.0
1294.0,944.0,0.0
1294.0,979.0,0.0
1294.0,980.0,0.0
1294.0,1055.0,0.0
1294.0,1080.0,0.0
1294.0,1081.0,0.0
1294.0,1120.0,0.0
1294.0,1121.0,0.0
1294.0,1153.0,0.0
1294.0,1189.0,0.0
1294.0,1190.0,0.0
1294.0,1191.0,0.0
1294.0,1192.0,0.0
1294.0,1193.0,0.0
1294.0,1213.0,0.0
1294.0,1214.0,0.0
1294.0,1220.0,0.0
1294.0,1238.0,0.0
1294.0,1239.0,0.0
1294.0,1254.0,0.0
1294.0,1255.0,0.0
1294.0,1258.0,0.0
1294.0,1291.0,0.0
1294.0,1293.0,0.0
1294.0,1298.0,0.0
1294.0,1299.0,0.0
1294.0,1309.0,0.0
1294.0,1316.0,0.0
1295.0,907.0,0.0
1295.0,910.0,0.0
1295.0,911.0,0.0
1295.0,916.0,0.0
1295.0,932.0,0.0
1295.0,956.0,0.0
1295.0,965.0,0.0
1295.0,1005.0,0.0
1295.0,1081.0,0.0
1295.0,1088.0,0.0
1295.0,1089.0,0.0
1295.0,1117.0,0.0
1295.0,1118.0,0.0
1295.0,1119.0,0.0
1295.0,1141.0,0.0
1295.0,1151.0,0.0
1295.0,1152.0,0.0
1295.0,1153.0,0.0
1295.0,1215.0,0.0
1295.0,1240.0,0.0
1295.0,1241.0,0.0
1295.0,1253.0,0.0
1295.0,1254.0,0.0
1295.0,1255.0,0.0
1295.0,1258.0,0.0
1295.0,1291.0,0.0
1295.0,1307.0,0.0
1295.0,1314.0,0.0
1295.0,1323.0,0.0
1295.0,1324.0,0.0
1296.0,911.0,0.0
1296.0,915.0,0.0
1296.0,916.0,0.0
1296.0,931.0,0.0
1296.0,932.0,0.0
1296.0,933.0,0.0
1296.0,944.0,0.0
1296.0,956.0,0.0
1296.0,957.0,0.0
1296.0,965.0,0.0
1296.0,991.0,0.0
1296.0,992.0,0.0
1296.0,1022.0,0.0
1296.0,1054.0,0.0
1296.0,1055.0,0.0
1296.0,1082.0,0.0
1296.0,1113.0,0.0
1296.0,1114.0,0.0
1296.0,1115.0,0.0
1296.0,1116.0,0.0
1296.0,1117.0,0.0
1296.0,1141.0,0.0
1296.0,1149.0,0.0
1296.0,1151.0,0.0
1296.0,1157.0,0.0
1296.0,1183.0,0.0
1296.0,1185.0,0.0
1296.0,1201.0,0.0
1296.0,1203.0,0.0
1296.0,1211.0,0.0
1296.0,1241.0,0.0
1296.0,1242.0,0.0
1296.0,1243.0,0.0
1296.0,1249.0,0.0
1296.0,1251.0,0.0
1296.0,1252.0,0.0
1296.0,1276.0,0.0
1296.0,1290.0,0.0
1296.0,1314.0,0.0
1296.0,1325.0,0.0
1297.0,905.0,0.0
1297.0,906.0,0.0
1297.0,910.0,0.0
1297.0,912.0,0.0
1297.0,916.0,0.0
1297.0,932.0,0.0
1297.0,933.0,0.0
1297.0,991.0,0.0
1297.0,992.0,0.0
1297.0,993.0,0.0
1297.0,1021.0,0.0
1297.0,1085.0,0.0
1297.0,1086.0,0.0
1297.0,1097.0,0.0
1297.0,1103.0,0.0
1297.0,1112.0,0.0
1297.0,1113.0,0.0
1297.0,1138.0,0.0
1297.0,1141.0,0.0
1297.0,1157.0,0.0
1297.0,1165.0,0.0
1297.0,1166.0,0.0
1297.0,1185.0,0.0
1297.0,1186.0,0.0
1297.0,1187.0,0.0
1297.0,1188.0,0.0
1297.0,1203.0,0.0
1297.0,1210.0,0.0
1297.0,1211.0,0.0
1297.0,1212.0,0.0
1297.0,1213.0,0.0
1297.0,1241.0,0.0
1297.0,1247.0,0.0
1297.0,1248.0,0.0
1297.0,1249.0,0.0
1297.0,1251.0,0.0
1297.0,1275.0,0.0
1297.0,1276.0,0.0
1297.0,1279.0,0.0
1297.0,1280.0,0.0
1297.0,1290.0,0.0
1297.0,1317.0,0.0
1297.0,1318.0,0.0
1298.0,914.0,0.0
1298.0,939.0,0.0
1298.0,959.0,0.0
1298.0,960.0,0.0
1298.0,962.0,0.0
1298.0,993.0,0.0
1298.0,1015.0,0.0
1298.0,1088.0,0.0
1298.0,1097.0,0.0
1298.0,1102.0,0.0
1298.0,1103.0,0.0
1298.0,1137.0,0.0
1298.0,1138.0,0.0
1298.0,1139.0,0.0
1298.0,1142.0,0.0
1298.0,1143.0,0.0
1298.0,1145.0,0.0
1298.0,1163.0,0.0
1298.0,1165.0,0.0
1298.0,1166.0,0.0
1298.0,1186.0,0.0
1298.0,1189.0,0.0
1298.0,1199.0,0.0
1298.0,1200.0,0.0
1298.0,1249.0,0.0
1298.0,1279.0,0.0
1298.0,1282.0,0.0
1298.0,1283.0,0.0
1298.0,1284.0,0.0
1298.0,1290.0,0.0
1298.0,1309.0,0.0
1298.0,1313.0,0.0
1298.0,1316.0,0.0
1298.0,1317.0,0.0
1298.0,1322.0,0.0
1298.0,1326.0,0.0
1298.0,1327.0,0.0
1298.0,1329.0,0.0
1298.0,1330.0,0.0
1298.0,1331.0,0.0
1299.0,911.0,0.0
1299.0,912.0,0.0
1299.0,939.0,0.0
1299.0,940.0,0.0
1299.0,960.0,0.0
1299.0,1088.0,0.0
1299.0,1136.0,0.0
1299.0,1143.0,0.0
1299.0,1144.0,0.0
1299.0,1145.0,0.0
1299.0,1146.0,0.0
1299.0,1163.0,0.0
1299.0,1165.0,0.0
1299.0,1199.0,0.0
1299.0,1200.0,0.0
1299.0,1285.0,0.0
1299.0,1291.0,0.0
1299.0,1293.0,0.0
1299.0,1294.0,0.0
1299.0,1309.0,0.0
1299.0,1316.0,0.0
1299.0,1320.0,0.0
1299.0,1321.0,0.0
1299.0,1326.0,0.0
1299.0,1329.0,0.0
1299.0,1330.0,0.0
1299.0,1337.0,0.0
1299.0,1338.0,0.0
1299.0,1339.0,0.0
1300.0,905.0,0.0
1300.0,906.0,0.0
1300.0,940.0,0.0
1300.0,975.0,0.0
1300.0,976.0,0.0
1300.0,985.0,0.0
1300.0,997.0,0.0
1300.0,1052.0,0.0
1300.0,1088.0,0.0
1300.0,1089.0,0.0
1300.0,1090.0,0.0
1300.0,1136.0,0.0
1300.0,1137.0,0.0
1300.0,1198.0,0.0
1300.0,1201.0,0.0
1300.0,1202.0,0.0
1300.0,1213.0,0.0
1300.0,1214.0,0.0
1300.0,1215.0,0.0
1300.0,1216.0,0.0
1300.0,1286.0,0.0
1300.0,1293.0,0.0
1300.0,1306.0,0.0
1300.0,1307.0,0.0
1300.0,1315.0,0.0
1300.0,1339.0,0.0
1301.0,930.0,0.0
1301.0,931.0,0.0
1301.0,970.0,0.0
1301.0,985.0,0.0
1301.0,990.0,0.0
1301.0,991.0,0.0
1301.0,992.0,0.0
1301.0,996.0,0.0
1301.0,997.0,0.0
1301.0,1030.0,0.0
1301.0,1031.0,0.0
1301.0,1042.0,0.0
1301.0,1043.0,0.0
1301.0,1052.0,0.0
1301.0,1075.0,0.0
1301.0,1077.0,0.0
1301.0,1086.0,0.0
1301.0,1087.0,0.0
1301.0,1090.0,0.0
1301.0,1137.0,0.0
1301.0,1138.0,0.0
1301.0,1143.0,0.0
1301.0,1147.0,0.0
1301.0,1148.0,0.0
1301.0,1149.0,0.0
1301.0,1198.0,0.0
1301.0,1202.0,0.0
1301.0,1216.0,0.0
1301.0,1218.0,0.0
1301.0,1239.0,0.0
1301.0,1281.0,0.0
1301.0,1285.0,0.0
1301.0,1286.0,0.0
1301.0,1291.0,0.0
1301.0,1292.0,0.0
1301.0,1306.0,0.0
1301.0,1315.0,0.0
1301.0,1318.0,0.0
1301.0,1333.0,0.0
1301.0,1334.0,0.0
1301.0,1339.0,0.0
1301.0,1344.0,0.0
1301.0,1345.0,0.0
1302.0,905.0,0.0
1302.0,908.0,0.0
1302.0,909.0,0.0
1302.0,927.0,0.0
1302.0,931.0,0.0
1302.0,932.0,0.0
1302.0,944.0,0.0
1302.0,971.0,0.0
1302.0,991.0,0.0
1302.0,993.0,0.0
1302.0,994.0,0.0
1302.0,1030.0,0.0
1302.0,1046.0,0.0
1302.0,1075.0,0.0
1302.0,1077.0,0.0
1302.0,1086.0,0.0
1302.0,1138.0,0.0
1302.0,1143.0,0.0
1302.0,1198.0,0.0
1302.0,1202.0,0.0
1302.0,1209.0,0.0
1302.0,1210.0,0.0
1302.0,1217.0,0.0
1302.0,1218.0,0.0
1302.0,1238.0,0.0
1302.0,1280.0,0.0
1302.0,1282.0,0.0
1302.0,1283.0,0.0
1302.0,1284.0,0.0
1302.0,1285.0,0.0
1302.0,1290.0,0.0
1302.0,1291.0,0.0
1302.0,1315.0,0.0
1302.0,1316.0,0.0
1302.0,1317.0,0.0
1302.0,1321.0,0.0
1302.0,1333.0,0.0
1302.0,1334.0,0.0
1302.0,1339.0,0.0
1302.0,1343.0,0.0
1302.0,1345.0,0.0
1303.0,903.0,0.0
1303.0,904.0,0.0
1303.0,926.0,0.0
1303.0,928.0,0.0
1303.0,944.0,0.0
1303.0,955.0,0.0
1303.0,956.0,0.0
1303.0,1043.0,0.0
1303.0,1045.0,0.0
1303.0,1046.0,0.0
1303.0,1050.0,0.0
1303.0,1089.0,0.0
1303.0,1134.0,0.0
1303.0,1135.0,0.0
1303.0,1136.0,0.0
1303.0,1169.0,0.0
1303.0,1170.0,0.0
1303.0,1209.0,0.0
1303.0,1234.0,0.0
1303.0,1247.0,0.0
1303.0,1248.0,0.0
1303.0,1279.0,0.0
1303.0,1280.0,0.0
1303.0,1299.0,0.0
1303.0,1300.0,0.0
1303.0,1307.0,0.0
1303.0,1308.0,0.0
1303.0,1330.0,0.0
1303.0,1331.0,0.0
1303.0,1332.0,0.0
1303.0,1333.0,0.0
1303.0,1343.0,0.0
1304.0,903.0,0.0
1304.0,944.0,0.0
1304.0,947.0,0.0
1304.0,955.0,0.0
1304.0,956.0,0.0
1304.0,963.0,0.0
1304.0,1035.0,0.0
1304.0,1036.0,0.0
1304.0,1037.0,0.0
1304.0,1039.0,0.0
1304.0,1043.0,0.0
1304.0,1049.0,0.0
1304.0,1050.0,0.0
1304.0,1088.0,0.0
1304.0,1136.0,0.0
1304.0,1137.0,0.0
1304.0,1141.0,0.0
1304.0,1142.0,0.0
1304.0,1143.0,0.0
1304.0,1144.0,0.0
1304.0,1189.0,0.0
1304.0,1190.0,0.0
1304.0,1200.0,0.0
1304.0,1201.0,0.0
1304.0,1203.0,0.0
1304.0,1208.0,0.0
1304.0,1221.0,0.0
1304.0,1222.0,0.0
1304.0,1225.0,0.0
1304.0,1226.0,0.0
1304.0,1232.0,0.0
1304.0,1246.0,0.0
1304.0,1248.0,0.0
1304.0,1279.0,0.0
1304.0,1281.0,0.0
1304.0,1288.0,0.0
1304.0,1289.0,0.0
1304.0,1294.0,0.0
1304.0,1295.0,0.0
1304.0,1298.0,0.0
1304.0,1308.0,0.0
1304.0,1315.0,0.0
1304.0,1319.0,0.0
1304.0,1329.0,0.0
1304.0,1330.0,0.0
1304.0,1337.0,0.0
1304.0,1338.0,0.0
1304.0,1341.0,0.0
1305.0,928.0,0.0
1305.0,929.0,0.0
1305.0,964.0,0.0
1305.0,1036.0,0.0
1305.0,1040.0,0.0
1305.0,1041.0,0.0
1305.0,1048.0,0.0
1305.0,1049.0,0.0
1305.0,1098.0,0.0
1305.0,1099.0,0.0
1305.0,1130.0,0.0
1305.0,1136.0,0.0
1305.0,1146.0,0.0
1305.0,1147.0,0.0
1305.0,1149.0,0.0
1305.0,1175.0,0.0
1305.0,1189.0,0.0
1305.0,1190.0,0.0
1305.0,1191.0,0.0
1305.0,1199.0,0.0
1305.0,1200.0,0.0
1305.0,1203.0,0.0
1305.0,1206.0,0.0
1305.0,1208.0,0.0
1305.0,1209.0,0.0
1305.0,1212.0,0.0
1305.0,1213.0,0.0
1305.0,1214.0,0.0
1305.0,1218.0,0.0
1305.0,1222.0,0.0
1305.0,1225.0,0.0
1305.0,1228.0,0.0
1305.0,1229.0,0.0
1305.0,1232.0,0.0
1305.0,1244.0,0.0
1305.0,1245.0,0.0
1305.0,1249.0,0.0
1305.0,1253.0,0.0
1305.0,1285.0,0.0
1305.0,1286.0,0.0
1305.0,1287.0,0.0
1305.0,1293.0,0.0
1305.0,1294.0,0.0
1305.0,1295.0,0.0
1305.0,1298.0,0.0
1305.0,1299.0,0.0
1305.0,1307.0,0.0
1305.0,1316.0,0.0
1305.0,1317.0,0.0
1305.0,1318.0,0.0
1305.0,1320.0,0.0
1305.0,1337.0,0.0
1306.0,899.0,0.0
1306.0,900.0,0.0
1306.0,901.0,0.0
1306.0,909.0,0.0
1306.0,925.0,0.0
1306.0,945.0,0.0
1306.0,963.0,0.0
1306.0,969.0,0.0
1306.0,989.0,0.0
1306.0,990.0,0.0
1306.0,991.0,0.0
1306.0,992.0,0.0
1306.0,1030.0,0.0
1306.0,1049.0,0.0
1306.0,1050.0,0.0
1306.0,1090.0,0.0
1306.0,1129.0,0.0
1306.0,1135.0,0.0
1306.0,1145.0,0.0
1306.0,1146.0,0.0
1306.0,1169.0,0.0
1306.0,1170.0,0.0
1306.0,1173.0,0.0
1306.0,1174.0,0.0
1306.0,1190.0,0.0
1306.0,1191.0,0.0
1306.0,1197.0,0.0
1306.0,1198.0,0.0
1306.0,1206.0,0.0
1306.0,1208.0,0.0
1306.0,1217.0,0.0
1306.0,1218.0,0.0
1306.0,1220.0,0.0
1306.0,1225.0,0.0
1306.0,1227.0,0.0
1306.0,1253.0,0.0
1306.0,1257.0,0.0
1306.0,1259.0,0.0
1306.0,1282.0,0.0
1306.0,1285.0,0.0
1306.0,1293.0,0.0
1306.0,1294.0,0.0
1306.0,1304.0,0.0
1306.0,1306.0,0.0
1306.0,1325.0,0.0
1306.0,1342.0,0.0
1307.0,902.0,0.0
1307.0,903.0,0.0
1307.0,924.0,0.0
1307.0,925.0,0.0
1307.0,944.0,0.0
1307.0,945.0,0.0
1307.0,965.0,0.0
1307.0,966.0,0.0
1307.0,967.0,0.0
1307.0,969.0,0.0
1307.0,986.0,0.0
1307.0,989.0,0.0
1307.0,992.0,0.0
1307.0,1029.0,0.0
1307.0,1088.0,0.0
1307.0,1090.0,0.0
1307.0,1099.0,0.0
1307.0,1127.0,0.0
1307.0,1128.0,0.0
1307.0,1130.0,0.0
1307.0,1132.0,0.0
1307.0,1172.0,0.0
1307.0,1173.0,0.0
1307.0,1176.0,0.0
1307.0,1193.0,0.0
1307.0,1194.0,0.0
1307.0,1198.0,0.0
1307.0,1249.0,0.0
1307.0,1258.0,0.0
1307.0,1259.0,0.0
1307.0,1281.0,0.0
1307.0,1282.0,0.0
1307.0,1283.0,0.0
1307.0,1291.0,0.0
1307.0,1292.0,0.0
1307.0,1304.0,0.0
1307.0,1305.0,0.0
1307.0,1324.0,0.0
1308.0,903.0,0.0
1308.0,943.0,0.0
1308.0,944.0,0.0
1308.0,997.0,0.0
1308.0,998.0,0.0
1308.0,1028.0,0.0
1308.0,1088.0,0.0
1308.0,1100.0,0.0
1308.0,1101.0,0.0
1308.0,1127.0,0.0
1308.0,1133.0,0.0
1308.0,1171.0,0.0
1308.0,1172.0,0.0
1308.0,1176.0,0.0
1308.0,1227.0,0.0
1308.0,1259.0,0.0
1308.0,1280.0,0.0
1308.0,1281.0,0.0
1308.0,1284.0,0.0
1308.0,1292.0,0.0
1308.0,1300.0,0.0
1308.0,1301.0,0.0
1308.0,1305.0,0.0
1308.0,1324.0,0.0
1309.0,925.0,0.0
1309.0,926.0,0.0
1309.0,943.0,0.0
1309.0,988.0,0.0
1309.0,997.0,0.0
1309.0,998.0,0.0
1309.0,1000.0,0.0
1309.0,1017.0,0.0
1309.0,1020.0,0.0
1309.0,1021.0,0.0
1309.0,1022.0,0.0
1309.0,1028.0,0.0
1309.0,1101.0,0.0
1309.0,1124.0,0.0
1309.0,1125.0,0.0
1309.0,1127.0,0.0
1309.0,1133.0,0.0
1309.0,1134.0,0.0
1309.0,1172.0,0.0
1309.0,1226.0,0.0
1309.0,1284.0,0.0
1309.0,1323.0,0.0
1310.0,927.0,0.0
1310.0,931.0,0.0
1310.0,937.0,0.0
1310.0,943.0,0.0
1310.0,952.0,0.0
1310.0,954.0,0.0
1310.0,965.0,0.0
1310.0,966.0,0.0
1310.0,971.0,0.0
1310.0,987.0,0.0
1310.0,989.0,0.0
1310.0,1000.0,0.0
1310.0,1016.0,0.0
1310.0,1017.0,0.0
1310.0,1018.0,0.0
1310.0,1020.0,0.0
1310.0,1021.0,0.0
1310.0,1028.0,0.0
1310.0,1106.0,0.0
1310.0,1107.0,0.0
1310.0,1123.0,0.0
1310.0,1153.0,0.0
1310.0,1175.0,0.0
1310.0,1191.0,0.0
1310.0,1226.0,0.0
1310.0,1260.0,0.0
1310.0,1284.0,0.0
1310.0,1287.0,0.0
1310.0,1302.0,0.0
1310.0,1323.0,0.0
1311.0,927.0,0.0
1311.0,930.0,0.0
1311.0,931.0,0.0
1311.0,937.0,0.0
1311.0,938.0,0.0
1311.0,943.0,0.0
1311.0,966.0,0.0
1311.0,971.0,0.0
1311.0,998.0,0.0
1311.0,999.0,0.0
1311.0,1016.0,0.0
1311.0,1018.0,0.0
1311.0,1090.0,0.0
1311.0,1106.0,0.0
1311.0,1122.0,0.0
1311.0,1142.0,0.0
1311.0,1152.0,0.0
1311.0,1153.0,0.0
1311.0,1174.0,0.0
1311.0,1175.0,0.0
1311.0,1221.0,0.0
1311.0,1239.0,0.0
1311.0,1249.0,0.0
1311.0,1259.0,0.0
1311.0,1260.0,0.0
1311.0,1262.0,0.0
1311.0,1285.0,0.0
1311.0,1287.0,0.0
1311.0,1288.0,0.0
1311.0,1289.0,0.0
1311.0,1301.0,0.0
1311.0,1302.0,0.0
1311.0,1322.0,0.0
1312.0,902.0,0.0
1312.0,915.0,0.0
1312.0,932.0,0.0
1312.0,934.0,0.0
1312.0,935.0,0.0
1312.0,938.0,0.0
1312.0,939.0,0.0
1312.0,962.0,0.0
1312.0,999.0,0.0
1312.0,1027.0,0.0
1312.0,1028.0,0.0
1312.0,1037.0,0.0
1312.0,1047.0,0.0
1312.0,1048.0,0.0
1312.0,1054.0,0.0
1312.0,1076.0,0.0
1312.0,1107.0,0.0
1312.0,1117.0,0.0
1312.0,1120.0,0.0
1312.0,1121.0,0.0
1312.0,1131.0,0.0
1312.0,1133.0,0.0
1312.0,1142.0,0.0
1312.0,1143.0,0.0
1312.0,1151.0,0.0
1312.0,1152.0,0.0
1312.0,1174.0,0.0
1312.0,1175.0,0.0
1312.0,1179.0,0.0
1312.0,1180.0,0.0
1312.0,1181.0,0.0
1312.0,1182.0,0.0
1312.0,1221.0,0.0
1312.0,1222.0,0.0
1312.0,1238.0,0.0
1312.0,1249.0,0.0
1312.0,1250.0,0.0
1312.0,1260.0,0.0
1312.0,1262.0,0.0
1312.0,1263.0,0.0
1312.0,1264.0,0.0
1312.0,1289.0,0.0
1313.0,902.0,0.0
1313.0,918.0,0.0
1313.0,919.0,0.0
1313.0,931.0,0.0
1313.0,933.0,0.0
1313.0,949.0,0.0
1313.0,972.0,0.0
1313.0,973.0,0.0
1313.0,1032.0,0.0
1313.0,1038.0,0.0
1313.0,1048.0,0.0
1313.0,1075.0,0.0
1313.0,1076.0,0.0
1313.0,1091.0,0.0
1313.0,1092.0,0.0
1313.0,1105.0,0.0
1313.0,1106.0,0.0
1313.0,1115.0,0.0
1313.0,1131.0,0.0
1313.0,1133.0,0.0
1313.0,1143.0,0.0
1313.0,1186.0,0.0
1313.0,1187.0,0.0
1313.0,1249.0,0.0
1313.0,1291.0,0.0
1313.0,1323.0,0.0
1313.0,1324.0,0.0
1314.0,901.0,0.0
1314.0,902.0,0.0
1314.0,915.0,0.0
1314.0,918.0,0.0
1314.0,946.0,0.0
1314.0,947.0,0.0
1314.0,969.0,0.0
1314.0,974.0,0.0
1314.0,1001.0,0.0
1314.0,1004.0,0.0
1314.0,1027.0,0.0
1314.0,1028.0,0.0
1314.0,1032.0,0.0
1314.0,1046.0,0.0
1314.0,1047.0,0.0
1314.0,1073.0,0.0
1314.0,1091.0,0.0
1314.0,1114.0,0.0
1314.0,1115.0,0.0
1314.0,1132.0,0.0
1314.0,1133.0,0.0
1314.0,1166.0,0.0
1314.0,1167.0,0.0
1314.0,1173.0,0.0
1314.0,1180.0,0.0
1314.0,1187.0,0.0
1314.0,1221.0,0.0
1314.0,1222.0,0.0
1314.0,1223.0,0.0
1314.0,1247.0,0.0
1314.0,1249.0,0.0
1314.0,1258.0,0.0
1314.0,1278.0,0.0
1314.0,1290.0,0.0
1314.0,1291.0,0.0
1314.0,1292.0,0.0
1314.0,1322.0,0.0
1314.0,1323.0,0.0
1315.0,897.0,0.0
1315.0,898.0,0.0
1315.0,910.0,0.0
1315.0,912.0,0.0
1315.0,913.0,0.0
1315.0,916.0,0.0
1315.0,917.0,0.0
1315.0,946.0,0.0
1315.0,950.0,0.0
1315.0,958.0,0.0
1315.0,969.0,0.0
1315.0,974.0,0.0
1315.0,1002.0,0.0
1315.0,1003.0,0.0
1315.0,1004.0,0.0
1315.0,1032.0,0.0
1315.0,1072.0,0.0
1315.0,1073.0,0.0
1315.0,1130.0,0.0
1315.0,1144.0,0.0
1315.0,1168.0,0.0
1315.0,1169.0,0.0
1315.0,1172.0,0.0
1315.0,1173.0,0.0
1315.0,1179.0,0.0
1315.0,1222.0,0.0
1315.0,1223.0,0.0
1315.0,1229.0,0.0
1315.0,1230.0,0.0
1315.0,1247.0,0.0
1315.0,1257.0,0.0
1315.0,1258.0,0.0
1315.0,1259.0,0.0
1315.0,1277.0,0.0
1315.0,1323.0,0.0
1316.0,897.0,0.0
1316.0,909.0,0.0
1316.0,910.0,0.0
1316.0,945.0,0.0
1316.0,946.0,0.0
1316.0,950.0,0.0
1316.0,960.0,0.0
1316.0,968.0,0.0
1316.0,974.0,0.0
1316.0,975.0,0.0
1316.0,997.0,0.0
1316.0,998.0,0.0
1316.0,1001.0,0.0
1316.0,1073.0,0.0
1316.0,1111.0,0.0
1316.0,1130.0,0.0
1316.0,1133.0,0.0
1316.0,1143.0,0.0
1316.0,1144.0,0.0
1316.0,1147.0,0.0
1316.0,1172.0,0.0
1316.0,1179.0,0.0
1316.0,1245.0,0.0
1316.0,1246.0,0.0
1316.0,1270.0,0.0
1316.0,1277.0,0.0
1316.0,1278.0,0.0
1316.0,1279.0,0.0
1317.0,898.0,0.0
1317.0,908.0,0.0
1317.0,915.0,0.0
1317.0,916.0,0.0
1317.0,920.0,0.0
1317.0,959.0,0.0
1317.0,996.0,0.0
1317.0,1073.0,0.0
1317.0,1112.0,0.0
1317.0,1131.0,0.0
1317.0,1133.0,0.0
1317.0,1146.0,0.0
1317.0,1147.0,0.0
1317.0,1179.0,0.0
1317.0,1180.0,0.0
1317.0,1189.0,0.0
1317.0,1191.0,0.0
1317.0,1227.0,0.0
1317.0,1246.0,0.0
1317.0,1279.0,0.0
1317.0,1290.0,0.0
1317.0,1291.0,0.0
1318.0,898.0,0.0
1318.0,916.0,0.0
1318.0,918.0,0.0
1318.0,919.0,0.0
1318.0,920.0,0.0
1318.0,960.0,0.0
1318.0,962.0,0.0
1318.0,993.0,0.0
1318.0,1020.0,0.0
1318.0,1073.0,0.0
1318.0,1093.0,0.0
1318.0,1095.0,0.0
1318.0,1100.0,0.0
1318.0,1101.0,0.0
1318.0,1103.0,0.0
1318.0,1131.0,0.0
1318.0,1146.0,0.0
1318.0,1147.0,0.0
1318.0,1179.0,0.0
1318.0,1180.0,0.0
1318.0,1189.0,0.0
1318.0,1190.0,0.0
1318.0,1191.0,0.0
1318.0,1226.0,0.0
1318.0,1269.0,0.0
1318.0,1278.0,0.0
1318.0,1291.0,0.0
1318.0,1324.0,0.0
1318.0,1325.0,0.0
1319.0,899.0,0.0
1319.0,901.0,0.0
1319.0,908.0,0.0
1319.0,959.0,0.0
1319.0,961.0,0.0
1319.0,967.0,0.0
1319.0,1020.0,0.0
1319.0,1021.0,0.0
1319.0,1085.0,0.0
1319.0,1086.0,0.0
1319.0,1092.0,0.0
1319.0,1130.0,0.0
1319.0,1131.0,0.0
1319.0,1147.0,0.0
1319.0,1172.0,0.0
1319.0,1180.0,0.0
1319.0,1190.0,0.0
1319.0,1225.0,0.0
1319.0,1226.0,0.0
1320.0,901.0,0.0
1320.0,902.0,0.0
1320.0,906.0,0.0
1320.0,907.0,0.0
1320.0,916.0,0.0
1320.0,917.0,0.0
1320.0,923.0,0.0
1320.0,993.0,0.0
1320.0,994.0,0.0
1320.0,1018.0,0.0
1320.0,1020.0,0.0
1320.0,1021.0,0.0
1320.0,1030.0,0.0
1320.0,1031.0,0.0
1320.0,1060.0,0.0
1320.0,1065.0,0.0
1320.0,1066.0,0.0
1320.0,1069.0,0.0
1320.0,1086.0,0.0
1320.0,1097.0,0.0
1320.0,1107.0,0.0
1320.0,1123.0,0.0
1320.0,1130.0,0.0
1320.0,1147.0,0.0
1320.0,1172.0,0.0
1320.0,1225.0,0.0
1320.0,1240.0,0.0
1320.0,1241.0,0.0
1320.0,1243.0,0.0
1320.0,1244.0,0.0
1320.0,1260.0,0.0
1320.0,1269.0,0.0
1320.0,1277.0,0.0
1320.0,1326.0,0.0
1321.0,907.0,0.0
1321.0,915.0,0.0
1321.0,916.0,0.0
1321.0,917.0,0.0
1321.0,922.0,0.0
1321.0,923.0,0.0
1321.0,926.0,0.0
1321.0,927.0,0.0
1321.0,967.0,0.0
1321.0,994.0,0.0
1321.0,997.0,0.0
1321.0,1014.0,0.0
1321.0,1030.0,0.0
1321.0,1033.0,0.0
1321.0,1034.0,0.0
1321.0,1056.0,0.0
1321.0,1067.0,0.0
1321.0,1069.0,0.0
1321.0,1071.0,0.0
1321.0,1076.0,0.0
1321.0,1123.0,0.0
1321.0,1147.0,0.0
1321.0,1172.0,0.0
1321.0,1174.0,0.0
1321.0,1175.0,0.0
1321.0,1176.0,0.0
1321.0,1224.0,0.0
1321.0,1225.0,0.0
1321.0,1239.0,0.0
1321.0,1241.0,0.0
1321.0,1268.0,0.0
1321.0,1269.0,0.0
1321.0,1276.0,0.0
1321.0,1325.0,0.0
1322.0,903.0,0.0
1322.0,905.0,0.0
1322.0,915.0,0.0
1322.0,922.0,0.0
1322.0,924.0,0.0
1322.0,926.0,0.0
1322.0,927.0,0.0
1322.0,988.0,0.0
1322.0,1016.0,0.0
1322.0,1017.0,0.0
1322.0,1033.0,0.0
1322.0,1057.0,0.0
1322.0,1061.0,0.0
1322.0,1067.0,0.0
1322.0,1071.0,0.0
1322.0,1073.0,0.0
1322.0,1077.0,0.0
1322.0,1104.0,0.0
1322.0,1105.0,0.0
1322.0,1122.0,0.0
1322.0,1145.0,0.0
1322.0,1147.0,0.0
1322.0,1172.0,0.0
1322.0,1182.0,0.0
1322.0,1183.0,0.0
1322.0,1184.0,0.0
1322.0,1187.0,0.0
1322.0,1188.0,0.0
1322.0,1193.0,0.0
1322.0,1195.0,0.0
1322.0,1196.0,0.0
1322.0,1197.0,0.0
1322.0,1225.0,0.0
1322.0,1226.0,0.0
1322.0,1227.0,0.0
1322.0,1239.0,0.0
1322.0,1256.0,0.0
1322.0,1259.0,0.0
1322.0,1265.0,0.0
1322.0,1269.0,0.0
1322.0,1272.0,0.0
1322.0,1274.0,0.0
1322.0,1277.0,0.0
1322.0,1325.0,0.0
1323.0,926.0,0.0
1323.0,930.0,0.0
1323.0,997.0,0.0
1323.0,1009.0,0.0
1323.0,1010.0,0.0
1323.0,1056.0,0.0
1323.0,1076.0,0.0
1323.0,1096.0,0.0
1323.0,1097.0,0.0
1323.0,1102.0,0.0
1323.0,1105.0,0.0
1323.0,1145.0,0.0
1323.0,1146.0,0.0
1323.0,1173.0,0.0
1323.0,1182.0,0.0
1323.0,1183.0,0.0
1323.0,1186.0,0.0
1323.0,1187.0,0.0
1323.0,1188.0,0.0
1323.0,1193.0,0.0
1323.0,1195.0,0.0
1323.0,1196.0,0.0
1323.0,1220.0,0.0
1323.0,1228.0,0.0
1323.0,1229.0,0.0
1323.0,1256.0,0.0
1323.0,1265.0,0.0
1323.0,1272.0,0.0
1323.0,1283.0,0.0
1323.0,1320.0,0.0
1323.0,1322.0,0.0
1324.0,909.0,0.0
1324.0,996.0,0.0
1324.0,1009.0,0.0
1324.0,1071.0,0.0
1324.0,1072.0,0.0
1324.0,1094.0,0.0
1324.0,1095.0,0.0
1324.0,1096.0,0.0
1324.0,1097.0,0.0
1324.0,1137.0,0.0
1324.0,1175.0,0.0
1324.0,1187.0,0.0
1324.0,1228.0,0.0
1324.0,1229.0,0.0
1324.0,1282.0,0.0
1324.0,1283.0,0.0
1324.0,1289.0,0.0
1324.0,1319.0,0.0
1324.0,1320.0,0.0
1324.0,1322.0,0.0
1325.0,913.0,0.0
1325.0,927.0,0.0
1325.0,1004.0,0.0
1325.0,1008.0,0.0
1325.0,1010.0,0.0
1325.0,1026.0,0.0
1325.0,1100.0,0.0
1325.0,1102.0,0.0
1325.0,1136.0,0.0
1325.0,1137.0,0.0
1325.0,1174.0,0.0
1325.0,1175.0,0.0
1325.0,1263.0,0.0
1325.0,1269.0,0.0
1325.0,1281.0,0.0
1325.0,1282.0,0.0
1325.0,1323.0,0.0
1325.0,1344.0,0.0
1326.0,908.0,0.0
1326.0,909.0,0.0
1326.0,913.0,0.0
1326.0,914.0,0.0
1326.0,926.0,0.0
1326.0,933.0,0.0
1326.0,947.0,0.0
1326.0,1025.0,0.0
1326.0,1026.0,0.0
1326.0,1027.0,0.0
1326.0,1063.0,0.0
1326.0,1066.0,0.0
1326.0,1080.0,0.0
1326.0,1100.0,0.0
1326.0,1135.0,0.0
1326.0,1136.0,0.0
1326.0,1143.0,0.0
1326.0,1263.0,0.0
1326.0,1269.0,0.0
1326.0,1281.0,0.0
1326.0,1323.0,0.0
1326.0,1344.0,0.0
1327.0,909.0,0.0
1327.0,912.0,0.0
1327.0,913.0,0.0
1327.0,928.0,0.0
1327.0,933.0,0.0
1327.0,946.0,0.0
1327.0,1001.0,0.0
1327.0,1023.0,0.0
1327.0,1027.0,0.0
1327.0,1063.0,0.0
1327.0,1066.0,0.0
1327.0,1080.0,0.0
1327.0,1081.0,0.0
1327.0,1100.0,0.0
1327.0,1113.0,0.0
1327.0,1143.0,0.0
1327.0,1162.0,0.0
1327.0,1163.0,0.0
1327.0,1190.0,0.0
1327.0,1235.0,0.0
1327.0,1255.0,0.0
1327.0,1258.0,0.0
1327.0,1322.0,0.0
1327.0,1324.0,0.0
1328.0,925.0,0.0
1328.0,932.0,0.0
1328.0,933.0,0.0
1328.0,947.0,0.0
1328.0,951.0,0.0
1328.0,983.0,0.0
1328.0,1002.0,0.0
1328.0,1019.0,0.0
1328.0,1020.0,0.0
1328.0,1021.0,0.0
1328.0,1022.0,0.0
1328.0,1023.0,0.0
1328.0,1029.0,0.0
1328.0,1065.0,0.0
1328.0,1075.0,0.0
1328.0,1077.0,0.0
1328.0,1078.0,0.0
1328.0,1081.0,0.0
1328.0,1086.0,0.0
1328.0,1142.0,0.0
1328.0,1145.0,0.0
1328.0,1146.0,0.0
1328.0,1161.0,0.0
1328.0,1162.0,0.0
1328.0,1234.0,0.0
1328.0,1235.0,0.0
1328.0,1252.0,0.0
1328.0,1259.0,0.0
1328.0,1316.0,0.0
1328.0,1317.0,0.0
1328.0,1318.0,0.0
1328.0,1324.0,0.0
1328.0,1325.0,0.0
1329.0,918.0,0.0
1329.0,932.0,0.0
1329.0,933.0,0.0
1329.0,952.0,0.0
1329.0,983.0,0.0
1329.0,1002.0,0.0
1329.0,1010.0,0.0
1329.0,1065.0,0.0
1329.0,1066.0,0.0
1329.0,1074.0,0.0
1329.0,1075.0,0.0
1329.0,1077.0,0.0
1329.0,1111.0,0.0
1329.0,1116.0,0.0
1329.0,1160.0,0.0
1329.0,1169.0,0.0
1329.0,1178.0,0.0
1329.0,1182.0,0.0
1329.0,1183.0,0.0
1329.0,1250.0,0.0
1329.0,1253.0,0.0
1329.0,1259.0,0.0
1329.0,1260.0,0.0
1329.0,1282.0,0.0
1329.0,1283.0,0.0
1329.0,1315.0,0.0
1329.0,1316.0,0.0
1329.0,1323.0,0.0
1329.0,1331.0,0.0
1329.0,1332.0,0.0
1329.0,1338.0,0.0
1329.0,1341.0,0.0
1330.0,898.0,0.0
1330.0,918.0,0.0
1330.0,945.0,0.0
1330.0,946.0,0.0
1330.0,1009.0,0.0
1330.0,1010.0,0.0
1330.0,1011.0,0.0
1330.0,1016.0,0.0
1330.0,1017.0,0.0
1330.0,1018.0,0.0
1330.0,1019.0,0.0
1330.0,1026.0,0.0
1330.0,1027.0,0.0
1330.0,1030.0,0.0
1330.0,1062.0,0.0
1330.0,1063.0,0.0
1330.0,1086.0,0.0
1330.0,1116.0,0.0
1330.0,1134.0,0.0
1330.0,1160.0,0.0
1330.0,1161.0,0.0
1330.0,1180.0,0.0
1330.0,1181.0,0.0
1330.0,1182.0,0.0
1330.0,1191.0,0.0
1330.0,1219.0,0.0
1330.0,1220.0,0.0
1330.0,1305.0,0.0
1330.0,1314.0,0.0
1330.0,1315.0,0.0
1330.0,1323.0,0.0
1330.0,1324.0,0.0
1330.0,1332.0,0.0
1330.0,1345.0,0.0
1331.0,900.0,0.0
1331.0,901.0,0.0
1331.0,944.0,0.0
1331.0,945.0,0.0
1331.0,955.0,0.0
1331.0,1010.0,0.0
1331.0,1013.0,0.0
1331.0,1014.0,0.0
1331.0,1019.0,0.0
1331.0,1027.0,0.0
1331.0,1030.0,0.0
1331.0,1145.0,0.0
1331.0,1146.0,0.0
1331.0,1159.0,0.0
1331.0,1178.0,0.0
1331.0,1197.0,0.0
1331.0,1207.0,0.0
1331.0,1208.0,0.0
1331.0,1209.0,0.0
1331.0,1219.0,0.0
1331.0,1229.0,0.0
1331.0,1253.0,0.0
1331.0,1254.0,0.0
1331.0,1262.0,0.0
1331.0,1263.0,0.0
1331.0,1271.0,0.0
1331.0,1272.0,0.0
1331.0,1345.0,0.0
1332.0,900.0,0.0
1332.0,944.0,0.0
1332.0,1013.0,0.0
1332.0,1014.0,0.0
1332.0,1015.0,0.0
1332.0,1050.0,0.0
1332.0,1068.0,0.0
1332.0,1143.0,0.0
1332.0,1144.0,0.0
1332.0,1146.0,0.0
1332.0,1178.0,0.0
1332.0,1185.0,0.0
1332.0,1186.0,0.0
1332.0,1191.0,0.0
1332.0,1192.0,0.0
1332.0,1193.0,0.0
1332.0,1200.0,0.0
1332.0,1208.0,0.0
1332.0,1228.0,0.0
1332.0,1236.0,0.0
1332.0,1261.0,0.0
1332.0,1262.0,0.0
1332.0,1263.0,0.0
1332.0,1282.0,0.0
1332.0,1283.0,0.0
1332.0,1322.0,0.0
1332.0,1323.0,0.0
1332.0,1329.0,0.0
1332.0,1331.0,0.0
1332.0,1337.0,0.0
1332.0,1338.0,0.0
1332.0,1341.0,0.0
1333.0,900.0,0.0
1333.0,915.0,0.0
1333.0,931.0,0.0
1333.0,1016.0,0.0
1333.0,1017.0,0.0
1333.0,1039.0,0.0
1333.0,1040.0,0.0
1333.0,1041.0,0.0
1333.0,1042.0,0.0
1333.0,1050.0,0.0
1333.0,1068.0,0.0
1333.0,1122.0,0.0
1333.0,1153.0,0.0
1333.0,1192.0,0.0
1333.0,1193.0,0.0
1333.0,1223.0,0.0
1333.0,1228.0,0.0
1333.0,1236.0,0.0
1333.0,1261.0,0.0
1333.0,1267.0,0.0
1333.0,1268.0,0.0
1333.0,1271.0,0.0
1333.0,1272.0,0.0
1333.0,1316.0,0.0
1333.0,1317.0,0.0
1333.0,1318.0,0.0
1333.0,1319.0,0.0
1333.0,1321.0,0.0
1333.0,1322.0,0.0
1333.0,1323.0,0.0
1333.0,1328.0,0.0
1333.0,1339.0,0.0
1333.0,1341.0,0.0
1334.0,909.0,0.0
1334.0,910.0,0.0
1334.0,915.0,0.0
1334.0,930.0,0.0
1334.0,932.0,0.0
1334.0,939.0,0.0
1334.0,1012.0,0.0
1334.0,1018.0,0.0
1334.0,1035.0,0.0
1334.0,1036.0,0.0
1334.0,1038.0,0.0
1334.0,1049.0,0.0
1334.0,1050.0,0.0
1334.0,1067.0,0.0
1334.0,1093.0,0.0
1334.0,1094.0,0.0
1334.0,1095.0,0.0
1334.0,1112.0,0.0
1334.0,1113.0,0.0
1334.0,1121.0,0.0
1334.0,1122.0,0.0
1334.0,1152.0,0.0
1334.0,1153.0,0.0
1334.0,1154.0,0.0
1334.0,1222.0,0.0
1334.0,1223.0,0.0
1334.0,1229.0,0.0
1334.0,1230.0,0.0
1334.0,1236.0,0.0
1334.0,1271.0,0.0
1334.0,1291.0,0.0
1334.0,1316.0,0.0
1334.0,1317.0,0.0
1334.0,1321.0,0.0
1335.0,912.0,0.0
1335.0,913.0,0.0
1335.0,914.0,0.0
1335.0,915.0,0.0
1335.0,934.0,0.0
1335.0,938.0,0.0
1335.0,939.0,0.0
1335.0,949.0,0.0
1335.0,951.0,0.0
1335.0,1015.0,0.0
1335.0,1016.0,0.0
1335.0,1033.0,0.0
1335.0,1034.0,0.0
1335.0,1067.0,0.0
1335.0,1090.0,0.0
1335.0,1091.0,0.0
1335.0,1095.0,0.0
1335.0,1112.0,0.0
1335.0,1113.0,0.0
1335.0,1121.0,0.0
1335.0,1145.0,0.0
1335.0,1146.0,0.0
1335.0,1153.0,0.0
1335.0,1183.0,0.0
1335.0,1222.0,0.0
1335.0,1229.0,0.0
1335.0,1235.0,0.0
1335.0,1256.0,0.0
1335.0,1284.0,0.0
1335.0,1289.0,0.0
1335.0,1290.0,0.0
1335.0,1302.0,0.0
1335.0,1321.0,0.0
1335.0,1344.0,0.0
1335.0,1345.0,0.0
1336.0,933.0,0.0
1336.0,934.0,0.0
1336.0,949.0,0.0
1336.0,950.0,0.0
1336.0,969.0,0.0
1336.0,970.0,0.0
1336.0,1090.0,0.0
1336.0,1091.0,0.0
1336.0,1095.0,0.0
1336.0,1113.0,0.0
1336.0,1120.0,0.0
1336.0,1121.0,0.0
1336.0,1146.0,0.0
1336.0,1183.0,0.0
1336.0,1222.0,0.0
1336.0,1234.0,0.0
1336.0,1235.0,0.0
1336.0,1238.0,0.0
1336.0,1239.0,0.0
1336.0,1257.0,0.0
1336.0,1258.0,0.0
1336.0,1282.0,0.0
1336.0,1288.0,0.0
1336.0,1289.0,0.0
1336.0,1290.0,0.0
1336.0,1298.0,0.0
1336.0,1301.0,0.0
1336.0,1302.0,0.0
1336.0,1303.0,0.0
1336.0,1344.0,0.0
1337.0,928.0,0.0
1337.0,929.0,0.0
1337.0,930.0,0.0
1337.0,969.0,0.0
1337.0,1065.0,0.0
1337.0,1067.0,0.0
1337.0,1068.0,0.0
1337.0,1121.0,0.0
1337.0,1150.0,0.0
1337.0,1151.0,0.0
1337.0,1222.0,0.0
1337.0,1223.0,0.0
1337.0,1224.0,0.0
1337.0,1276.0,0.0
1337.0,1277.0,0.0
1337.0,1297.0,0.0
1337.0,1298.0,0.0
1337.0,1299.0,0.0
1337.0,1300.0,0.0
1337.0,1320.0,0.0
1338.0,906.0,0.0
1338.0,918.0,0.0
1338.0,927.0,0.0
1338.0,928.0,0.0
1338.0,944.0,0.0
1338.0,945.0,0.0
1338.0,996.0,0.0
1338.0,1030.0,0.0
1338.0,1031.0,0.0
1338.0,1065.0,0.0
1338.0,1067.0,0.0
1338.0,1150.0,0.0
1338.0,1151.0,0.0
1338.0,1174.0,0.0
1338.0,1175.0,0.0
1338.0,1223.0,0.0
1338.0,1236.0,0.0
1338.0,1243.0,0.0
1338.0,1276.0,0.0
1338.0,1277.0,0.0
1338.0,1297.0,0.0
1338.0,1319.0,0.0
1339.0,897.0,0.0
1339.0,907.0,0.0
1339.0,917.0,0.0
1339.0,918.0,0.0
1339.0,962.0,0.0
1339.0,963.0,0.0
1339.0,985.0,0.0
1339.0,1024.0,0.0
1339.0,1025.0,0.0
1339.0,1028.0,0.0
1339.0,1029.0,0.0
1339.0,1061.0,0.0
1339.0,1062.0,0.0
1339.0,1097.0,0.0
1339.0,1118.0,0.0
1339.0,1175.0,0.0
1339.0,1176.0,0.0
1339.0,1228.0,0.0
1339.0,1276.0,0.0
1340.0,897.0,0.0
1340.0,898.0,0.0
1340.0,916.0,0.0
1340.0,917.0,0.0
1340.0,944.0,0.0
1340.0,961.0,0.0
1340.0,963.0,0.0
1340.0,1004.0,0.0
1340.0,1005.0,0.0
1340.0,1008.0,0.0
1340.0,1010.0,0.0
1340.0,1011.0,0.0
1340.0,1012.0,0.0
1340.0,1024.0,0.0
1340.0,1027.0,0.0
1340.0,1028.0,0.0
1340.0,1061.0,0.0
1340.0,1062.0,0.0
1340.0,1071.0,0.0
1340.0,1072.0,0.0
1340.0,1073.0,0.0
1340.0,1118.0,0.0
1340.0,1127.0,0.0
1340.0,1177.0,0.0
1340.0,1178.0,0.0
1340.0,1182.0,0.0
1340.0,1197.0,0.0
1340.0,1200.0,0.0
1340.0,1211.0,0.0
1340.0,1212.0,0.0
1340.0,1228.0,0.0
1340.0,1229.0,0.0
1340.0,1259.0,0.0
1340.0,1260.0,0.0
1340.0,1262.0,0.0
1340.0,1263.0,0.0
1340.0,1281.0,0.0
1341.0,898.0,0.0
1341.0,945.0,0.0
1341.0,946.0,0.0
1341.0,960.0,0.0
1341.0,961.0,0.0
1341.0,990.0,0.0
1341.0,991.0,0.0
1341.0,1006.0,0.0
1341.0,1007.0,0.0
1341.0,1008.0,0.0
1341.0,1010.0,0.0
1341.0,1068.0,0.0
1341.0,1072.0,0.0
1341.0,1120.0,0.0
1341.0,1121.0,0.0
1341.0,1126.0,0.0
1341.0,1198.0,0.0
1341.0,1199.0,0.0
1341.0,1208.0,0.0
1341.0,1211.0,0.0
1341.0,1227.0,0.0
1341.0,1228.0,0.0
1341.0,1244.0,0.0
1341.0,1260.0,0.0
1341.0,1262.0,0.0
1342.0,934.0,0.0
1342.0,935.0,0.0
1342.0,946.0,0.0
1342.0,992.0,0.0
1342.0,993.0,0.0
1342.0,996.0,0.0
1342.0,997.0,0.0
1342.0,998.0,0.0
1342.0,1004.0,0.0
1342.0,1041.0,0.0
1342.0,1068.0,0.0
1342.0,1069.0,0.0
1342.0,1125.0,0.0
1342.0,1126.0,0.0
1342.0,1178.0,0.0
1342.0,1179.0,0.0
1342.0,1180.0,0.0
1342.0,1198.0,0.0
1342.0,1202.0,0.0
1342.0,1203.0,0.0
1342.0,1207.0,0.0
1342.0,1226.0,0.0
1342.0,1227.0,0.0
1342.0,1268.0,0.0
1342.0,1271.0,0.0
1342.0,1275.0,0.0
1342.0,1276.0,0.0
1343.0,909.0,0.0
1343.0,989.0,0.0
1343.0,990.0,0.0
1343.0,997.0,0.0
1343.0,998.0,0.0
1343.0,1005.0,0.0
1343.0,1038.0,0.0
1343.0,1039.0,0.0
1343.0,1041.0,0.0
1343.0,1068.0,0.0
1343.0,1069.0,0.0
1343.0,1072.0,0.0
1343.0,1073.0,0.0
1343.0,1177.0,0.0
1343.0,1182.0,0.0
1343.0,1183.0,0.0
1343.0,1207.0,0.0
1343.0,1208.0,0.0
1343.0,1271.0,0.0
1343.0,1272.0,0.0
1344.0,920.0,0.0
1344.0,923.0,0.0
1344.0,924.0,0.0
1344.0,934.0,0.0
1344.0,936.0,0.0
1344.0,1003.0,0.0
1344.0,1032.0,0.0
1344.0,1033.0,0.0
1344.0,1040.0,0.0
1344.0,1064.0,0.0
1344.0,1065.0,0.0
1344.0,1069.0,0.0
1344.0,1092.0,0.0
1344.0,1094.0,0.0
1344.0,1095.0,0.0
1344.0,1145.0,0.0
1344.0,1173.0,0.0
1344.0,1176.0,0.0
1344.0,1189.0,0.0
1344.0,1196.0,0.0
1344.0,1229.0,0.0
1344.0,1240.0,0.0
1344.0,1345.0,0.0
1345.0,919.0,0.0
1345.0,934.0,0.0
1345.0,947.0,0.0
1345.0,959.0,0.0
1345.0,961.0,0.0
1345.0,965.0,0.0
1345.0,999.0,0.0
1345.0,1000.0,0.0
1345.0,1004.0,0.0
1345.0,1005.0,0.0
1345.0,1033.0,0.0
1345.0,1040.0,0.0
1345.0,1073.0,0.0
1345.0,1092.0,0.0
1345.0,1144.0,0.0
1345.0,1145.0,0.0
1345.0,1154.0,0.0
1345.0,1155.0,0.0
1345.0,1157.0,0.0
1345.0,1158.0,0.0
1345.0,1174.0,0.0
1345.0,1187.0,0.0
1345.0,1237.0,0.0
1345.0,1239.0,0.0
1345.0,1252.0,0.0
1345.0,1253.0,0.0
1345.0,1256.0,0.0
1345.0,1268.0,0.0
1345.0,1282.0,0.0
1345.0,1341.0,0.0
1346.0,898.0,0.0
1346.0,918.0,0.0
1346.0,946.0,0.0
1346.0,958.0,0.0
1346.0,959.0,0.0
1346.0,961.0,0.0
1346.0,966.0,0.0
1346.0,967.0,0.0
1346.0,984.0,0.0
1346.0,985.0,0.0
1346.0,1033.0,0.0
1346.0,1043.0,0.0
1346.0,1062.0,0.0
1346.0,1063.0,0.0
1346.0,1151.0,0.0
1346.0,1152.0,0.0
1346.0,1156.0,0.0
1346.0,1159.0,0.0
1346.0,1160.0,0.0
1346.0,1173.0,0.0
1346.0,1204.0,0.0
1346.0,1209.0,0.0
1346.0,1210.0,0.0
1346.0,1236.0,0.0
1346.0,1237.0,0.0
1346.0,1253.0,0.0
1346.0,1268.0,0.0
1346.0,1269.0,0.0
1346.0,1283.0,0.0
1346.0,1320.0,0.0
1346.0,1321.0,0.0
1346.0,1322.0,0.0
1346.0,1341.0,0.0
1347.0,899.0,0.0
1347.0,935.0,0.0
1347.0,981.0,0.0
1347.0,984.0,0.0
1347.0,1033.0,0.0
1347.0,1043.0,0.0
1347.0,1044.0,0.0
1347.0,1062.0,0.0
1347.0,1131.0,0.0
1347.0,1133.0,0.0
1347.0,1151.0,0.0
1347.0,1155.0,0.0
1347.0,1156.0,0.0
1347.0,1159.0,0.0
1347.0,1173.0,0.0
1347.0,1189.0,0.0
1347.0,1190.0,0.0
1347.0,1203.0,0.0
1347.0,1204.0,0.0
1347.0,1210.0,0.0
1347.0,1238.0,0.0
1347.0,1239.0,0.0
1347.0,1255.0,0.0
1347.0,1267.0,0.0
1347.0,1317.0,0.0
1347.0,1318.0,0.0
1347.0,1320.0,0.0
1347.0,1321.0,0.0
1347.0,1323.0,0.0
1347.0,1324.0,0.0
1348.0,898.0,0.0
1348.0,911.0,0.0
1348.0,912.0,0.0
1348.0,913.0,0.0
1348.0,924.0,0.0
1348.0,936.0,0.0
1348.0,957.0,0.0
1348.0,964.0,0.0
1348.0,965.0,0.0
1348.0,981.0,0.0
1348.0,983.0,0.0
1348.0,1033.0,0.0
1348.0,1043.0,0.0
1348.0,1044.0,0.0
1348.0,1129.0,0.0
1348.0,1150.0,0.0
1348.0,1151.0,0.0
1348.0,1153.0,0.0
1348.0,1190.0,0.0
1348.0,1191.0,0.0
1348.0,1192.0,0.0
1348.0,1206.0,0.0
1348.0,1207.0,0.0
1348.0,1208.0,0.0
1348.0,1267.0,0.0
1348.0,1316.0,0.0
1348.0,1317.0,0.0
1348.0,1318.0,0.0
1348.0,1323.0,0.0
1349.0,897.0,0.0
1349.0,899.0,0.0
1349.0,924.0,0.0
1349.0,925.0,0.0
1349.0,955.0,0.0
1349.0,957.0,0.0
1349.0,965.0,0.0
1349.0,1032.0,0.0
1349.0,1041.0,0.0
1349.0,1044.0,0.0
1349.0,1107.0,0.0
1349.0,1129.0,0.0
1349.0,1151.0,0.0
1349.0,1152.0,0.0
1349.0,1153.0,0.0
1349.0,1194.0,0.0
1349.0,1203.0,0.0
1349.0,1205.0,0.0
1349.0,1206.0,0.0
1349.0,1240.0,0.0
1349.0,1267.0,0.0
1349.0,1288.0,0.0
1349.0,1316.0,0.0
1349.0,1317.0,0.0
1350.0,907.0,0.0
1350.0,913.0,0.0
1350.0,926.0,0.0
1350.0,931.0,0.0
1350.0,932.0,0.0
1350.0,934.0,0.0
1350.0,935.0,0.0
1350.0,946.0,0.0
1350.0,947.0,0.0
1350.0,948.0,0.0
1350.0,952.0,0.0
1350.0,953.0,0.0
1350.0,954.0,0.0
1350.0,994.0,0.0
1350.0,995.0,0.0
1350.0,996.0,0.0
1350.0,997.0,0.0
1350.0,998.0,0.0
1350.0,1041.0,0.0
1350.0,1080.0,0.0
1350.0,1100.0,0.0
1350.0,1101.0,0.0
1350.0,1102.0,0.0
1350.0,1103.0,0.0
1350.0,1104.0,0.0
1350.0,1105.0,0.0
1350.0,1106.0,0.0
1350.0,1107.0,0.0
1350.0,1113.0,0.0
1350.0,1141.0,0.0
1350.0,1159.0,0.0
1350.0,1203.0,0.0
1350.0,1267.0,0.0
1350.0,1268.0,0.0
1350.0,1287.0,0.0
1350.0,1320.0,0.0
1350.0,1321.0,0.0
1351.0,926.0,0.0
1351.0,927.0,0.0
1351.0,931.0,0.0
1351.0,943.0,0.0
1351.0,944.0,0.0
1351.0,946.0,0.0
1351.0,951.0,0.0
1351.0,952.0,0.0
1351.0,953.0,0.0
1351.0,994.0,0.0
1351.0,998.0,0.0
1351.0,999.0,0.0
1351.0,1048.0,0.0
1351.0,1074.0,0.0
1351.0,1078.0,0.0
1351.0,1080.0,0.0
1351.0,1100.0,0.0
1351.0,1101.0,0.0
1351.0,1104.0,0.0
1351.0,1105.0,0.0
1351.0,1110.0,0.0
1351.0,1111.0,0.0
1351.0,1113.0,0.0
1351.0,1133.0,0.0
1351.0,1141.0,0.0
1351.0,1142.0,0.0
1351.0,1145.0,0.0
1351.0,1157.0,0.0
1351.0,1163.0,0.0
1351.0,1202.0,0.0
1351.0,1204.0,0.0
1351.0,1256.0,0.0
1351.0,1268.0,0.0
1351.0,1282.0,0.0
1351.0,1283.0,0.0
1352.0,899.0,0.0
1352.0,900.0,0.0
1352.0,906.0,0.0
1352.0,925.0,0.0
1352.0,926.0,0.0
1352.0,933.0,0.0
1352.0,934.0,0.0
1352.0,945.0,0.0
1352.0,946.0,0.0
1352.0,973.0,0.0
1352.0,974.0,0.0
1352.0,999.0,0.0
1352.0,1047.0,0.0
1352.0,1048.0,0.0
1352.0,1049.0,0.0
1352.0,1070.0,0.0
1352.0,1073.0,0.0
1352.0,1079.0,0.0
1352.0,1080.0,0.0
1352.0,1133.0,0.0
1352.0,1134.0,0.0
1352.0,1135.0,0.0
1352.0,1136.0,0.0
1352.0,1137.0,0.0
1352.0,1138.0,0.0
1352.0,1139.0,0.0
1352.0,1144.0,0.0
1352.0,1158.0,0.0
1352.0,1162.0,0.0
1352.0,1166.0,0.0
1352.0,1168.0,0.0
1352.0,1169.0,0.0
1352.0,1206.0,0.0
1352.0,1207.0,0.0
1352.0,1235.0,0.0
1352.0,1237.0,0.0
1352.0,1255.0,0.0
1352.0,1265.0,0.0
1352.0,1273.0,0.0
1352.0,1283.0,0.0
1352.0,1311.0,0.0
1352.0,1318.0,0.0
1353.0,900.0,0.0
1353.0,901.0,0.0
1353.0,911.0,0.0
1353.0,925.0,0.0
1353.0,935.0,0.0
1353.0,970.0,0.0
1353.0,972.0,0.0
1353.0,1070.0,0.0
1353.0,1071.0,0.0
1353.0,1101.0,0.0
1353.0,1102.0,0.0
1353.0,1111.0,0.0
1353.0,1133.0,0.0
1353.0,1137.0,0.0
1353.0,1146.0,0.0
1353.0,1157.0,0.0
1353.0,1158.0,0.0
1353.0,1163.0,0.0
1353.0,1164.0,0.0
1353.0,1167.0,0.0
1353.0,1207.0,0.0
1353.0,1208.0,0.0
1353.0,1236.0,0.0
1353.0,1239.0,0.0
1353.0,1270.0,0.0
1353.0,1283.0,0.0
1353.0,1284.0,0.0
1353.0,1319.0,0.0
1353.0,1325.0,0.0
1354.0,899.0,0.0
1354.0,900.0,0.0
1354.0,908.0,0.0
1354.0,910.0,0.0
1354.0,930.0,0.0
1354.0,950.0,0.0
1354.0,954.0,0.0
1354.0,1037.0,0.0
1354.0,1038.0,0.0
1354.0,1039.0,0.0
1354.0,1068.0,0.0
1354.0,1069.0,0.0
1354.0,1070.0,0.0
1354.0,1073.0,0.0
1354.0,1100.0,0.0
1354.0,1101.0,0.0
1354.0,1102.0,0.0
1354.0,1111.0,0.0
1354.0,1134.0,0.0
1354.0,1145.0,0.0
1354.0,1146.0,0.0
1354.0,1158.0,0.0
1354.0,1162.0,0.0
1354.0,1163.0,0.0
1354.0,1167.0,0.0
1354.0,1233.0,0.0
1354.0,1239.0,0.0
1354.0,1240.0,0.0
1354.0,1266.0,0.0
1354.0,1291.0,0.0
1354.0,1302.0,0.0
1354.0,1303.0,0.0
1354.0,1317.0,0.0
1354.0,1325.0,0.0
1354.0,1326.0,0.0
1355.0,897.0,0.0
1355.0,910.0,0.0
1355.0,921.0,0.0
1355.0,926.0,0.0
1355.0,927.0,0.0
1355.0,930.0,0.0
1355.0,931.0,0.0
1355.0,949.0,0.0
1355.0,950.0,0.0
1355.0,951.0,0.0
1355.0,954.0,0.0
1355.0,955.0,0.0
1355.0,968.0,0.0
1355.0,969.0,0.0
1355.0,992.0,0.0
1355.0,1036.0,0.0
1355.0,1037.0,0.0
1355.0,1068.0,0.0
1355.0,1071.0,0.0
1355.0,1072.0,0.0
1355.0,1073.0,0.0
1355.0,1101.0,0.0
1355.0,1110.0,0.0
1355.0,1134.0,0.0
1355.0,1135.0,0.0
1355.0,1168.0,0.0
1355.0,1211.0,0.0
1355.0,1212.0,0.0
1355.0,1214.0,0.0
1355.0,1266.0,0.0
1355.0,1268.0,0.0
1355.0,1283.0,0.0
1355.0,1284.0,0.0
1355.0,1293.0,0.0
1355.0,1296.0,0.0
1355.0,1297.0,0.0
1355.0,1302.0,0.0
1356.0,912.0,0.0
1356.0,919.0,0.0
1356.0,921.0,0.0
1356.0,926.0,0.0
1356.0,927.0,0.0
1356.0,928.0,0.0
1356.0,950.0,0.0
1356.0,956.0,0.0
1356.0,964.0,0.0
1356.0,996.0,0.0
1356.0,1036.0,0.0
1356.0,1110.0,0.0
1356.0,1122.0,0.0
1356.0,1143.0,0.0
1356.0,1144.0,0.0
1356.0,1157.0,0.0
1356.0,1189.0,0.0
1356.0,1190.0,0.0
1356.0,1191.0,0.0
1356.0,1195.0,0.0
1356.0,1212.0,0.0
1356.0,1213.0,0.0
1356.0,1217.0,0.0
1356.0,1283.0,0.0
1356.0,1297.0,0.0
1356.0,1298.0,0.0
1356.0,1303.0,0.0
1356.0,1304.0,0.0
1356.0,1308.0,0.0
1356.0,1317.0,0.0
1356.0,1322.0,0.0
1357.0,897.0,0.0
1357.0,910.0,0.0
1357.0,911.0,0.0
1357.0,921.0,0.0
1357.0,922.0,0.0
1357.0,923.0,0.0
1357.0,975.0,0.0
1357.0,976.0,0.0
1357.0,996.0,0.0
1357.0,1038.0,0.0
1357.0,1039.0,0.0
1357.0,1045.0,0.0
1357.0,1046.0,0.0
1357.0,1084.0,0.0
1357.0,1111.0,0.0
1357.0,1121.0,0.0
1357.0,1122.0,0.0
1357.0,1137.0,0.0
1357.0,1143.0,0.0
1357.0,1151.0,0.0
1357.0,1152.0,0.0
1357.0,1153.0,0.0
1357.0,1154.0,0.0
1357.0,1155.0,0.0
1357.0,1157.0,0.0
1357.0,1190.0,0.0
1357.0,1197.0,0.0
1357.0,1198.0,0.0
1357.0,1199.0,0.0
1357.0,1232.0,0.0
1357.0,1233.0,0.0
1357.0,1234.0,0.0
1357.0,1269.0,0.0
1357.0,1308.0,0.0
1357.0,1309.0,0.0
1357.0,1326.0,0.0
1357.0,1327.0,0.0
1357.0,1328.0,0.0
1357.0,1329.0,0.0
1358.0,917.0,0.0
1358.0,918.0,0.0
1358.0,919.0,0.0
1358.0,922.0,0.0
1358.0,930.0,0.0
1358.0,931.0,0.0
1358.0,958.0,0.0
1358.0,959.0,0.0
1358.0,960.0,0.0
1358.0,1045.0,0.0
1358.0,1096.0,0.0
1358.0,1098.0,0.0
1358.0,1099.0,0.0
1358.0,1111.0,0.0
1358.0,1114.0,0.0
1358.0,1151.0,0.0
1358.0,1155.0,0.0
1358.0,1156.0,0.0
1358.0,1186.0,0.0
1358.0,1187.0,0.0
1358.0,1188.0,0.0
1358.0,1214.0,0.0
1358.0,1215.0,0.0
1358.0,1219.0,0.0
1358.0,1233.0,0.0
1358.0,1241.0,0.0
1358.0,1282.0,0.0
1358.0,1307.0,0.0
1358.0,1325.0,0.0
1359.0,912.0,0.0
1359.0,913.0,0.0
1359.0,914.0,0.0
1359.0,916.0,0.0
1359.0,917.0,0.0
1359.0,930.0,0.0
1359.0,960.0,0.0
1359.0,976.0,0.0
1359.0,977.0,0.0
1359.0,995.0,0.0
1359.0,996.0,0.0
1359.0,997.0,0.0
1359.0,1046.0,0.0
1359.0,1082.0,0.0
1359.0,1083.0,0.0
1359.0,1084.0,0.0
1359.0,1085.0,0.0
1359.0,1097.0,0.0
1359.0,1115.0,0.0
1359.0,1116.0,0.0
1359.0,1120.0,0.0
1359.0,1121.0,0.0
1359.0,1122.0,0.0
1359.0,1150.0,0.0
1359.0,1171.0,0.0
1359.0,1172.0,0.0
1359.0,1183.0,0.0
1359.0,1184.0,0.0
1359.0,1216.0,0.0
1359.0,1219.0,0.0
1359.0,1260.0,0.0
1359.0,1268.0,0.0
1359.0,1292.0,0.0
1359.0,1293.0,0.0
1360.0,912.0,0.0
1360.0,915.0,0.0
1360.0,916.0,0.0
1360.0,930.0,0.0
1360.0,933.0,0.0
1360.0,943.0,0.0
1360.0,996.0,0.0
1360.0,1059.0,0.0
1360.0,1075.0,0.0
1360.0,1077.0,0.0
1360.0,1082.0,0.0
1360.0,1083.0,0.0
1360.0,1095.0,0.0
1360.0,1096.0,0.0
1360.0,1097.0,0.0
1360.0,1109.0,0.0
1360.0,1110.0,0.0
1360.0,1116.0,0.0
1360.0,1117.0,0.0
1360.0,1121.0,0.0
1360.0,1148.0,0.0
1360.0,1149.0,0.0
1360.0,1164.0,0.0
1360.0,1165.0,0.0
1360.0,1167.0,0.0
1360.0,1168.0,0.0
1360.0,1196.0,0.0
1360.0,1222.0,0.0
1360.0,1226.0,0.0
1360.0,1227.0,0.0
1360.0,1259.0,0.0
1360.0,1260.0,0.0
1360.0,1313.0,0.0
1360.0,1314.0,0.0
1360.0,1329.0,0.0
1360.0,1330.0,0.0
1360.0,1337.0,0.0
1360.0,1338.0,0.0
1361.0,932.0,0.0
1361.0,933.0,0.0
1361.0,934.0,0.0
1361.0,935.0,0.0
1361.0,943.0,0.0
1361.0,944.0,0.0
1361.0,963.0,0.0
1361.0,1001.0,0.0
1361.0,1008.0,0.0
1361.0,1009.0,0.0
1361.0,1012.0,0.0
1361.0,1038.0,0.0
1361.0,1044.0,0.0
1361.0,1046.0,0.0
1361.0,1062.0,0.0
1361.0,1074.0,0.0
1361.0,1075.0,0.0
1361.0,1083.0,0.0
1361.0,1110.0,0.0
1361.0,1111.0,0.0
1361.0,1112.0,0.0
1361.0,1113.0,0.0
1361.0,1115.0,0.0
1361.0,1118.0,0.0
1361.0,1119.0,0.0
1361.0,1121.0,0.0
1361.0,1128.0,0.0
1361.0,1129.0,0.0
1361.0,1135.0,0.0
1361.0,1148.0,0.0
1361.0,1150.0,0.0
1361.0,1164.0,0.0
1361.0,1171.0,0.0
1361.0,1192.0,0.0
1361.0,1193.0,0.0
1361.0,1208.0,0.0
1361.0,1209.0,0.0
1361.0,1221.0,0.0
1361.0,1222.0,0.0
1361.0,1223.0,0.0
1361.0,1238.0,0.0
1361.0,1260.0,0.0
1361.0,1313.0,0.0
1361.0,1329.0,0.0
1361.0,1338.0,0.0
1362.0,911.0,0.0
1362.0,931.0,0.0
1362.0,956.0,0.0
1362.0,957.0,0.0
1362.0,972.0,0.0
1362.0,973.0,0.0
1362.0,974.0,0.0
1362.0,1009.0,0.0
1362.0,1012.0,0.0
1362.0,1038.0,0.0
1362.0,1039.0,0.0
1362.0,1040.0,0.0
1362.0,1043.0,0.0
1362.0,1044.0,0.0
1362.0,1114.0,0.0
1362.0,1127.0,0.0
1362.0,1128.0,0.0
1362.0,1135.0,0.0
1362.0,1136.0,0.0
1362.0,1148.0,0.0
1362.0,1164.0,0.0
1362.0,1197.0,0.0
1362.0,1209.0,0.0
1362.0,1222.0,0.0
1362.0,1289.0,0.0
1362.0,1328.0,0.0
1362.0,1329.0,0.0
1362.0,1337.0,0.0
1363.0,929.0,0.0
1363.0,935.0,0.0
1363.0,959.0,0.0
1363.0,973.0,0.0
1363.0,990.0,0.0
1363.0,993.0,0.0
1363.0,994.0,0.0
1363.0,1044.0,0.0
1363.0,1075.0,0.0
1363.0,1115.0,0.0
1363.0,1126.0,0.0
1363.0,1127.0,0.0
1363.0,1130.0,0.0
1363.0,1131.0,0.0
1363.0,1135.0,0.0
1363.0,1195.0,0.0
1363.0,1208.0,0.0
1363.0,1277.0,0.0
1363.0,1290.0,0.0
1363.0,1301.0,0.0
1363.0,1302.0,0.0
1363.0,1320.0,0.0
1363.0,1321.0,0.0
1363.0,1328.0,0.0
1363.0,1329.0,0.0
1364.0,930.0,0.0
1364.0,931.0,0.0
1364.0,935.0,0.0
1364.0,952.0,0.0
1364.0,959.0,0.0
1364.0,972.0,0.0
1364.0,977.0,0.0
1364.0,1019.0,0.0
1364.0,1020.0,0.0
1364.0,1021.0,0.0
1364.0,1074.0,0.0
1364.0,1089.0,0.0
1364.0,1090.0,0.0
1364.0,1113.0,0.0
1364.0,1115.0,0.0
1364.0,1117.0,0.0
1364.0,1118.0,0.0
1364.0,1119.0,0.0
1364.0,1123.0,0.0
1364.0,1124.0,0.0
1364.0,1125.0,0.0
1364.0,1126.0,0.0
1364.0,1129.0,0.0
1364.0,1130.0,0.0
1364.0,1134.0,0.0
1364.0,1135.0,0.0
1364.0,1165.0,0.0
1364.0,1166.0,0.0
1364.0,1195.0,0.0
1364.0,1198.0,0.0
1364.0,1199.0,0.0
1364.0,1239.0,0.0
1364.0,1277.0,0.0
1364.0,1291.0,0.0
1364.0,1319.0,0.0
1364.0,1320.0,0.0
1365.0,909.0,0.0
1365.0,931.0,0.0
1365.0,935.0,0.0
1365.0,945.0,0.0
1365.0,969.0,0.0
1365.0,970.0,0.0
1365.0,971.0,0.0
1365.0,972.0,0.0
1365.0,979.0,0.0
1365.0,1003.0,0.0
1365.0,1019.0,0.0
1365.0,1074.0,0.0
1365.0,1075.0,0.0
1365.0,1076.0,0.0
1365.0,1088.0,0.0
1365.0,1089.0,0.0
1365.0,1113.0,0.0
1365.0,1119.0,0.0
1365.0,1123.0,0.0
1365.0,1165.0,0.0
1365.0,1184.0,0.0
1365.0,1246.0,0.0
1365.0,1247.0,0.0
1365.0,1290.0,0.0
1365.0,1291.0,0.0
1365.0,1298.0,0.0
1365.0,1301.0,0.0
1365.0,1316.0,0.0
1365.0,1317.0,0.0
1365.0,1320.0,0.0
1365.0,1329.0,0.0
1366.0,944.0,0.0
1366.0,945.0,0.0
1366.0,958.0,0.0
1366.0,959.0,0.0
1366.0,960.0,0.0
1366.0,969.0,0.0
1366.0,970.0,0.0
1366.0,1075.0,0.0
1366.0,1076.0,0.0
1366.0,1078.0,0.0
1366.0,1079.0,0.0
1366.0,1080.0,0.0
1366.0,1087.0,0.0
1366.0,1119.0,0.0
1366.0,1139.0,0.0
1366.0,1164.0,0.0
1366.0,1202.0,0.0
1366.0,1204.0,0.0
1366.0,1205.0,0.0
1366.0,1214.0,0.0
1366.0,1215.0,0.0
1366.0,1245.0,0.0
1366.0,1247.0,0.0
1366.0,1283.0,0.0
1366.0,1289.0,0.0
1366.0,1290.0,0.0
1366.0,1293.0,0.0
1366.0,1294.0,0.0
1366.0,1296.0,0.0
1366.0,1297.0,0.0
1366.0,1298.0,0.0
1366.0,1299.0,0.0
1366.0,1302.0,0.0
1366.0,1315.0,0.0
1366.0,1316.0,0.0
1366.0,1323.0,0.0
1366.0,1324.0,0.0
1366.0,1325.0,0.0
1367.0,899.0,0.0
1367.0,945.0,0.0
1367.0,982.0,0.0
1367.0,983.0,0.0
1367.0,996.0,0.0
1367.0,1002.0,0.0
1367.0,1005.0,0.0
1367.0,1050.0,0.0
1367.0,1119.0,0.0
1367.0,1122.0,0.0
1367.0,1123.0,0.0
1367.0,1127.0,0.0
1367.0,1139.0,0.0
1367.0,1148.0,0.0
1367.0,1149.0,0.0
1367.0,1150.0,0.0
1367.0,1163.0,0.0
1367.0,1213.0,0.0
1367.0,1214.0,0.0
1367.0,1225.0,0.0
1367.0,1226.0,0.0
1367.0,1253.0,0.0
1367.0,1269.0,0.0
1367.0,1270.0,0.0
1367.0,1289.0,0.0
1367.0,1294.0,0.0
1367.0,1295.0,0.0
1367.0,1302.0,0.0
1367.0,1314.0,0.0
1367.0,1315.0,0.0
1367.0,1339.0,0.0
1368.0,909.0,0.0
1368.0,910.0,0.0
1368.0,918.0,0.0
1368.0,933.0,0.0
1368.0,957.0,0.0
1368.0,958.0,0.0
1368.0,978.0,0.0
1368.0,982.0,0.0
1368.0,983.0,0.0
1368.0,996.0,0.0
1368.0,997.0,0.0
1368.0,998.0,0.0
1368.0,999.0,0.0
1368.0,1000.0,0.0
1368.0,1001.0,0.0
1368.0,1002.0,0.0
1368.0,1020.0,0.0
1368.0,1022.0,0.0
1368.0,1090.0,0.0
1368.0,1091.0,0.0
1368.0,1097.0,0.0
1368.0,1098.0,0.0
1368.0,1099.0,0.0
1368.0,1101.0,0.0
1368.0,1118.0,0.0
1368.0,1123.0,0.0
1368.0,1128.0,0.0
1368.0,1131.0,0.0
1368.0,1132.0,0.0
1368.0,1138.0,0.0
1368.0,1139.0,0.0
1368.0,1140.0,0.0
1368.0,1145.0,0.0
1368.0,1146.0,0.0
1368.0,1147.0,0.0
1368.0,1149.0,0.0
1368.0,1150.0,0.0
1368.0,1203.0,0.0
1368.0,1214.0,0.0
1368.0,1215.0,0.0
1368.0,1221.0,0.0
1368.0,1224.0,0.0
1368.0,1225.0,0.0
1368.0,1226.0,0.0
1368.0,1237.0,0.0
1368.0,1238.0,0.0
1368.0,1239.0,0.0
1368.0,1240.0,0.0
1368.0,1269.0,0.0
1368.0,1313.0,0.0
1368.0,1314.0,0.0
1368.0,1324.0,0.0
1368.0,1327.0,0.0
1368.0,1328.0,0.0
1369.0,910.0,0.0
1369.0,911.0,0.0
1369.0,919.0,0.0
1369.0,939.0,0.0
1369.0,999.0,0.0
1369.0,1020.0,0.0
1369.0,1022.0,0.0
1369.0,1090.0,0.0
1369.0,1099.0,0.0
1369.0,1130.0,0.0
1369.0,1132.0,0.0
1369.0,1145.0,0.0
1369.0,1165.0,0.0
1369.0,1181.0,0.0
1369.0,1203.0,0.0
1369.0,1226.0,0.0
1369.0,1243.0,0.0
1369.0,1244.0,0.0
1369.0,1253.0,0.0
1369.0,1304.0,0.0
1369.0,1305.0,0.0
1369.0,1313.0,0.0
1369.0,1324.0,0.0
1369.0,1326.0,0.0
1369.0,1327.0,0.0
1370.0,899.0,0.0
1370.0,900.0,0.0
1370.0,901.0,0.0
1370.0,902.0,0.0
1370.0,908.0,0.0
1370.0,910.0,0.0
1370.0,911.0,0.0
1370.0,917.0,0.0
1370.0,918.0,0.0
1370.0,930.0,0.0
1370.0,931.0,0.0
1370.0,939.0,0.0
1370.0,940.0,0.0
1370.0,956.0,0.0
1370.0,957.0,0.0
1370.0,1007.0,0.0
1370.0,1008.0,0.0
1370.0,1042.0,0.0
1370.0,1045.0,0.0
1370.0,1065.0,0.0
1370.0,1070.0,0.0
1370.0,1071.0,0.0
1370.0,1084.0,0.0
1370.0,1087.0,0.0
1370.0,1103.0,0.0
1370.0,1116.0,0.0
1370.0,1118.0,0.0
1370.0,1130.0,0.0
1370.0,1134.0,0.0
1370.0,1138.0,0.0
1370.0,1139.0,0.0
1370.0,1140.0,0.0
1370.0,1163.0,0.0
1370.0,1164.0,0.0
1370.0,1170.0,0.0
1370.0,1174.0,0.0
1370.0,1175.0,0.0
1370.0,1176.0,0.0
1370.0,1180.0,0.0
1370.0,1198.0,0.0
1370.0,1202.0,0.0
1370.0,1203.0,0.0
1370.0,1212.0,0.0
1370.0,1213.0,0.0
1370.0,1214.0,0.0
1370.0,1220.0,0.0
1370.0,1222.0,0.0
1370.0,1242.0,0.0
1370.0,1257.0,0.0
1370.0,1258.0,0.0
1370.0,1259.0,0.0
1370.0,1279.0,0.0
1370.0,1287.0,0.0
1370.0,1313.0,0.0
1370.0,1315.0,0.0
1370.0,1323.0,0.0
1370.0,1325.0,0.0
1371.0,902.0,0.0
1371.0,903.0,0.0
1371.0,904.0,0.0
1371.0,906.0,0.0
1371.0,929.0,0.0
1371.0,951.0,0.0
1371.0,978.0,0.0
1371.0,1044.0,0.0
1371.0,1045.0,0.0
1371.0,1046.0,0.0
1371.0,1064.0,0.0
1371.0,1066.0,0.0
1371.0,1070.0,0.0
1371.0,1071.0,0.0
1371.0,1080.0,0.0
1371.0,1083.0,0.0
1371.0,1084.0,0.0
1371.0,1085.0,0.0
1371.0,1099.0,0.0
1371.0,1100.0,0.0
1371.0,1116.0,0.0
1371.0,1118.0,0.0
1371.0,1139.0,0.0
1371.0,1163.0,0.0
1371.0,1181.0,0.0
1371.0,1197.0,0.0
1371.0,1198.0,0.0
1371.0,1211.0,0.0
1371.0,1212.0,0.0
1371.0,1222.0,0.0
1371.0,1242.0,0.0
1371.0,1243.0,0.0
1371.0,1278.0,0.0
1371.0,1314.0,0.0
1371.0,1315.0,0.0
1372.0,901.0,0.0
1372.0,911.0,0.0
1372.0,940.0,0.0
1372.0,965.0,0.0
1372.0,966.0,0.0
1372.0,972.0,0.0
1372.0,978.0,0.0
1372.0,1007.0,0.0
1372.0,1057.0,0.0
1372.0,1067.0,0.0
1372.0,1068.0,0.0
1372.0,1099.0,0.0
1372.0,1103.0,0.0
1372.0,1134.0,0.0
1372.0,1135.0,0.0
1372.0,1150.0,0.0
1372.0,1158.0,0.0
1372.0,1159.0,0.0
1372.0,1163.0,0.0
1372.0,1176.0,0.0
1372.0,1191.0,0.0
1372.0,1201.0,0.0
1372.0,1204.0,0.0
1372.0,1205.0,0.0
1372.0,1216.0,0.0
1372.0,1217.0,0.0
1372.0,1226.0,0.0
1372.0,1242.0,0.0
1372.0,1256.0,0.0
1372.0,1257.0,0.0
1372.0,1258.0,0.0
1372.0,1291.0,0.0
1373.0,977.0,0.0
1373.0,1008.0,0.0
1373.0,1009.0,0.0
1373.0,1044.0,0.0
1373.0,1052.0,0.0
1373.0,1056.0,0.0
1373.0,1057.0,0.0
1373.0,1060.0,0.0
1373.0,1074.0,0.0
1373.0,1098.0,0.0
1373.0,1176.0,0.0
1373.0,1203.0,0.0
1373.0,1204.0,0.0
1373.0,1210.0,0.0
1373.0,1215.0,0.0
1373.0,1216.0,0.0
1373.0,1217.0,0.0
1373.0,1218.0,0.0
1373.0,1241.0,0.0
1373.0,1274.0,0.0
1373.0,1291.0,0.0
1373.0,1294.0,0.0
1373.0,1303.0,0.0
1374.0,897.0,0.0
1374.0,898.0,0.0
1374.0,939.0,0.0
1374.0,940.0,0.0
1374.0,960.0,0.0
1374.0,961.0,0.0
1374.0,975.0,0.0
1374.0,1010.0,0.0
1374.0,1011.0,0.0
1374.0,1050.0,0.0
1374.0,1054.0,0.0
1374.0,1056.0,0.0
1374.0,1059.0,0.0
1374.0,1060.0,0.0
1374.0,1061.0,0.0
1374.0,1067.0,0.0
1374.0,1068.0,0.0
1374.0,1069.0,0.0
1374.0,1072.0,0.0
1374.0,1074.0,0.0
1374.0,1098.0,0.0
1374.0,1125.0,0.0
1374.0,1126.0,0.0
1374.0,1212.0,0.0
1374.0,1213.0,0.0
1374.0,1225.0,0.0
1374.0,1241.0,0.0
1374.0,1273.0,0.0
1374.0,1293.0,0.0
1374.0,1294.0,0.0
1374.0,1296.0,0.0
1374.0,1301.0,0.0
1374.0,1302.0,0.0
1374.0,1303.0,0.0
1374.0,1304.0,0.0
1374.0,1316.0,0.0
1374.0,1317.0,0.0
1374.0,1318.0,0.0
1374.0,1319.0,0.0
1374.0,1340.0,0.0
1375.0,900.0,0.0
1375.0,901.0,0.0
1375.0,940.0,0.0
1375.0,941.0,0.0
1375.0,960.0,0.0
1375.0,972.0,0.0
1375.0,974.0,0.0
1375.0,975.0,0.0
1375.0,1014.0,0.0
1375.0,1015.0,0.0
1375.0,1052.0,0.0
1375.0,1060.0,0.0
1375.0,1061.0,0.0
1375.0,1067.0,0.0
1375.0,1068.0,0.0
1375.0,1070.0,0.0
1375.0,1072.0,0.0
1375.0,1125.0,0.0
1375.0,1133.0,0.0
1375.0,1134.0,0.0
1375.0,1137.0,0.0
1375.0,1181.0,0.0
1375.0,1224.0,0.0
1375.0,1226.0,0.0
1375.0,1238.0,0.0
1375.0,1239.0,0.0
1375.0,1272.0,0.0
1375.0,1273.0,0.0
1375.0,1296.0,0.0
1375.0,1297.0,0.0
1375.0,1298.0,0.0
1375.0,1299.0,0.0
1375.0,1304.0,0.0
1375.0,1315.0,0.0
1375.0,1316.0,0.0
1375.0,1317.0,0.0
1375.0,1331.0,0.0
1375.0,1339.0,0.0
1375.0,1340.0,0.0
1376.0,940.0,0.0
1376.0,958.0,0.0
1376.0,959.0,0.0
1376.0,962.0,0.0
1376.0,964.0,0.0
1376.0,972.0,0.0
1376.0,974.0,0.0
1376.0,1010.0,0.0
1376.0,1015.0,0.0
1376.0,1016.0,0.0
1376.0,1053.0,0.0
1376.0,1073.0,0.0
1376.0,1106.0,0.0
1376.0,1125.0,0.0
1376.0,1126.0,0.0
1376.0,1135.0,0.0
1376.0,1191.0,0.0
1376.0,1218.0,0.0
1376.0,1219.0,0.0
1376.0,1237.0,0.0
1376.0,1299.0,0.0
1376.0,1303.0,0.0
1376.0,1313.0,0.0
1376.0,1314.0,0.0
1376.0,1330.0,0.0
1376.0,1331.0,0.0
1376.0,1337.0,0.0
1376.0,1338.0,0.0
1377.0,913.0,0.0
1377.0,918.0,0.0
1377.0,919.0,0.0
1377.0,920.0,0.0
1377.0,945.0,0.0
1377.0,963.0,0.0
1377.0,973.0,0.0
1377.0,975.0,0.0
1377.0,1014.0,0.0
1377.0,1015.0,0.0
1377.0,1052.0,0.0
1377.0,1054.0,0.0
1377.0,1071.0,0.0
1377.0,1073.0,0.0
1377.0,1106.0,0.0
1377.0,1107.0,0.0
1377.0,1128.0,0.0
1377.0,1129.0,0.0
1377.0,1136.0,0.0
1377.0,1189.0,0.0
1377.0,1192.0,0.0
1377.0,1206.0,0.0
1377.0,1218.0,0.0
1377.0,1219.0,0.0
1377.0,1220.0,0.0
1377.0,1331.0,0.0
1378.0,897.0,0.0
1378.0,913.0,0.0
1378.0,914.0,0.0
1378.0,916.0,0.0
1378.0,971.0,0.0
1378.0,972.0,0.0
1378.0,978.0,0.0
1378.0,1062.0,0.0
1378.0,1063.0,0.0
1378.0,1065.0,0.0
1378.0,1066.0,0.0
1378.0,1071.0,0.0
1378.0,1072.0,0.0
1378.0,1121.0,0.0
1378.0,1122.0,0.0
1378.0,1128.0,0.0
1378.0,1129.0,0.0
1378.0,1141.0,0.0
1378.0,1171.0,0.0
1378.0,1172.0,0.0
1378.0,1188.0,0.0
1378.0,1189.0,0.0
1378.0,1212.0,0.0
1378.0,1213.0,0.0
1378.0,1257.0,0.0
1378.0,1258.0,0.0
1378.0,1272.0,0.0
1378.0,1273.0,0.0
1378.0,1281.0,0.0
1378.0,1282.0,0.0
1378.0,1315.0,0.0
1378.0,1320.0,0.0
1378.0,1344.0,0.0
1379.0,925.0,0.0
1379.0,929.0,0.0
1379.0,945.0,0.0
1379.0,979.0,0.0
1379.0,1017.0,0.0
1379.0,1062.0,0.0
1379.0,1063.0,0.0
1379.0,1065.0,0.0
1379.0,1072.0,0.0
1379.0,1096.0,0.0
1379.0,1097.0,0.0
1379.0,1100.0,0.0
1379.0,1101.0,0.0
1379.0,1102.0,0.0
1379.0,1104.0,0.0
1379.0,1121.0,0.0
1379.0,1129.0,0.0
1379.0,1131.0,0.0
1379.0,1133.0,0.0
1379.0,1138.0,0.0
1379.0,1141.0,0.0
1379.0,1204.0,0.0
1379.0,1214.0,0.0
1379.0,1264.0,0.0
1379.0,1267.0,0.0
1379.0,1270.0,0.0
1379.0,1272.0,0.0
1379.0,1278.0,0.0
1379.0,1281.0,0.0
1379.0,1283.0,0.0
1379.0,1284.0,0.0
1379.0,1314.0,0.0
1379.0,1315.0,0.0
1379.0,1321.0,0.0
1380.0,917.0,0.0
1380.0,923.0,0.0
1380.0,924.0,0.0
1380.0,925.0,0.0
1380.0,928.0,0.0
1380.0,929.0,0.0
1380.0,978.0,0.0
1380.0,979.0,0.0
1380.0,980.0,0.0
1380.0,982.0,0.0
1380.0,984.0,0.0
1380.0,1016.0,0.0
1380.0,1049.0,0.0
1380.0,1050.0,0.0
1380.0,1051.0,0.0
1380.0,1062.0,0.0
1380.0,1073.0,0.0
1380.0,1074.0,0.0
1380.0,1099.0,0.0
1380.0,1100.0,0.0
1380.0,1102.0,0.0
1380.0,1103.0,0.0
1380.0,1104.0,0.0
1380.0,1129.0,0.0
1380.0,1130.0,0.0
1380.0,1160.0,0.0
1380.0,1178.0,0.0
1380.0,1193.0,0.0
1380.0,1202.0,0.0
1380.0,1203.0,0.0
1380.0,1213.0,0.0
1380.0,1234.0,0.0
1380.0,1235.0,0.0
1380.0,1264.0,0.0
1380.0,1265.0,0.0
1380.0,1269.0,0.0
1380.0,1277.0,0.0
1380.0,1278.0,0.0
1380.0,1279.0,0.0
1380.0,1311.0,0.0
1380.0,1320.0,0.0
1380.0,1321.0,0.0
1380.0,1344.0,0.0
1381.0,927.0,0.0
1381.0,983.0,0.0
1381.0,984.0,0.0
1381.0,1017.0,0.0
1381.0,1049.0,0.0
1381.0,1063.0,0.0
1381.0,1074.0,0.0
1381.0,1075.0,0.0
1381.0,1098.0,0.0
1381.0,1099.0,0.0
1381.0,1106.0,0.0
1381.0,1159.0,0.0
1381.0,1177.0,0.0
1381.0,1194.0,0.0
1381.0,1197.0,0.0
1381.0,1198.0,0.0
1381.0,1205.0,0.0
1381.0,1212.0,0.0
1381.0,1214.0,0.0
1381.0,1228.0,0.0
1381.0,1234.0,0.0
1381.0,1235.0,0.0
1381.0,1249.0,0.0
1381.0,1250.0,0.0
1381.0,1251.0,0.0
1381.0,1254.0,0.0
1381.0,1265.0,0.0
1381.0,1310.0,0.0
1381.0,1311.0,0.0
1381.0,1333.0,0.0
1381.0,1334.0,0.0
1381.0,1335.0,0.0
1381.0,1343.0,0.0
1382.0,1016.0,0.0
1382.0,1017.0,0.0
1382.0,1060.0,0.0
1382.0,1075.0,0.0
1382.0,1083.0,0.0
1382.0,1084.0,0.0
1382.0,1106.0,0.0
1382.0,1127.0,0.0
1382.0,1128.0,0.0
1382.0,1129.0,0.0
1382.0,1144.0,0.0
1382.0,1167.0,0.0
1382.0,1169.0,0.0
1382.0,1187.0,0.0
1382.0,1195.0,0.0
1382.0,1196.0,0.0
1382.0,1208.0,0.0
1382.0,1209.0,0.0
1382.0,1223.0,0.0
1382.0,1226.0,0.0
1382.0,1227.0,0.0
1382.0,1229.0,0.0
1382.0,1235.0,0.0
1382.0,1249.0,0.0
1382.0,1253.0,0.0
1382.0,1254.0,0.0
1382.0,1255.0,0.0
1382.0,1289.0,0.0
1382.0,1292.0,0.0
1382.0,1335.0,0.0
1382.0,1336.0,0.0
1382.0,1345.0,0.0
1383.0,943.0,0.0
1383.0,1001.0,0.0
1383.0,1002.0,0.0
1383.0,1003.0,0.0
1383.0,1016.0,0.0
1383.0,1017.0,0.0
1383.0,1032.0,0.0
1383.0,1043.0,0.0
1383.0,1056.0,0.0
1383.0,1060.0,0.0
1383.0,1077.0,0.0
1383.0,1084.0,0.0
1383.0,1105.0,0.0
1383.0,1121.0,0.0
1383.0,1129.0,0.0
1383.0,1167.0,0.0
1383.0,1169.0,0.0
1383.0,1177.0,0.0
1383.0,1178.0,0.0
1383.0,1186.0,0.0
1383.0,1187.0,0.0
1383.0,1196.0,0.0
1383.0,1221.0,0.0
1383.0,1222.0,0.0
1383.0,1285.0,0.0
1383.0,1288.0,0.0
1383.0,1289.0,0.0
1383.0,1345.0,0.0
1384.0,909.0,0.0
1384.0,978.0,0.0
1384.0,995.0,0.0
1384.0,996.0,0.0
1384.0,1001.0,0.0
1384.0,1015.0,0.0
1384.0,1016.0,0.0
1384.0,1032.0,0.0
1384.0,1056.0,0.0
1384.0,1057.0,0.0
1384.0,1058.0,0.0
1384.0,1059.0,0.0
1384.0,1077.0,0.0
1384.0,1078.0,0.0
1384.0,1080.0,0.0
1384.0,1081.0,0.0
1384.0,1099.0,0.0
1384.0,1128.0,0.0
1384.0,1146.0,0.0
1384.0,1150.0,0.0
1384.0,1175.0,0.0
1384.0,1176.0,0.0
1384.0,1265.0,0.0
1384.0,1286.0,0.0
1384.0,1344.0,0.0
1385.0,897.0,0.0
1385.0,909.0,0.0
1385.0,978.0,0.0
1385.0,995.0,0.0
1385.0,996.0,0.0
1385.0,1030.0,0.0
1385.0,1033.0,0.0
1385.0,1034.0,0.0
1385.0,1042.0,0.0
1385.0,1067.0,0.0
1385.0,1069.0,0.0
1385.0,1082.0,0.0
1385.0,1088.0,0.0
1385.0,1089.0,0.0
1385.0,1098.0,0.0
1385.0,1099.0,0.0
1385.0,1146.0,0.0
1385.0,1147.0,0.0
1385.0,1152.0,0.0
1385.0,1159.0,0.0
1385.0,1160.0,0.0
1385.0,1161.0,0.0
1385.0,1264.0,0.0
1385.0,1265.0,0.0
1385.0,1266.0,0.0
1385.0,1267.0,0.0
1385.0,1287.0,0.0
1385.0,1290.0,0.0
1385.0,1291.0,0.0
1385.0,1311.0,0.0
1385.0,1313.0,0.0
1385.0,1343.0,0.0
1385.0,1344.0,0.0
1385.0,1345.0,0.0
1386.0,897.0,0.0
1386.0,927.0,0.0
1386.0,928.0,0.0
1386.0,974.0,0.0
1386.0,1006.0,0.0
1386.0,1007.0,0.0
1386.0,1008.0,0.0
1386.0,1009.0,0.0
1386.0,1010.0,0.0
1386.0,1011.0,0.0
1386.0,1028.0,0.0
1386.0,1029.0,0.0
1386.0,1062.0,0.0
1386.0,1063.0,0.0
1386.0,1066.0,0.0
1386.0,1067.0,0.0
1386.0,1088.0,0.0
1386.0,1095.0,0.0
1386.0,1096.0,0.0
1386.0,1124.0,0.0
1386.0,1125.0,0.0
1386.0,1126.0,0.0
1386.0,1128.0,0.0
1386.0,1134.0,0.0
1386.0,1135.0,0.0
1386.0,1136.0,0.0
1386.0,1145.0,0.0
1386.0,1150.0,0.0
1386.0,1151.0,0.0
1386.0,1158.0,0.0
1386.0,1159.0,0.0
1386.0,1186.0,0.0
1386.0,1222.0,0.0
1386.0,1223.0,0.0
1386.0,1253.0,0.0
1386.0,1255.0,0.0
1386.0,1287.0,0.0
1386.0,1290.0,0.0
1386.0,1305.0,0.0
1386.0,1306.0,0.0
1386.0,1313.0,0.0
1386.0,1344.0,0.0
1387.0,925.0,0.0
1387.0,926.0,0.0
1387.0,927.0,0.0
1387.0,928.0,0.0
1387.0,974.0,0.0
1387.0,1007.0,0.0
1387.0,1008.0,0.0
1387.0,1011.0,0.0
1387.0,1013.0,0.0
1387.0,1028.0,0.0
1387.0,1029.0,0.0
1387.0,1042.0,0.0
1387.0,1043.0,0.0
1387.0,1057.0,0.0
1387.0,1063.0,0.0
1387.0,1067.0,0.0
1387.0,1072.0,0.0
1387.0,1073.0,0.0
1387.0,1086.0,0.0
1387.0,1087.0,0.0
1387.0,1089.0,0.0
1387.0,1095.0,0.0
1387.0,1126.0,0.0
1387.0,1128.0,0.0
1387.0,1129.0,0.0
1387.0,1131.0,0.0
1387.0,1145.0,0.0
1387.0,1160.0,0.0
1387.0,1185.0,0.0
1387.0,1186.0,0.0
1387.0,1188.0,0.0
1387.0,1219.0,0.0
1387.0,1223.0,0.0
1387.0,1244.0,0.0
1387.0,1262.0,0.0
1387.0,1286.0,0.0
1387.0,1312.0,0.0
1387.0,1313.0,0.0
1387.0,1332.0,0.0
1387.0,1333.0,0.0
1387.0,1334.0,0.0
1388.0,907.0,0.0
1388.0,913.0,0.0
1388.0,914.0,0.0
1388.0,939.0,0.0
1388.0,942.0,0.0
1388.0,944.0,0.0
1388.0,1014.0,0.0
1388.0,1015.0,0.0
1388.0,1025.0,0.0
1388.0,1044.0,0.0
1388.0,1046.0,0.0
1388.0,1101.0,0.0
1388.0,1104.0,0.0
1388.0,1105.0,0.0
1388.0,1106.0,0.0
1388.0,1151.0,0.0
1388.0,1152.0,0.0
1388.0,1175.0,0.0
1388.0,1192.0,0.0
1388.0,1225.0,0.0
1388.0,1240.0,0.0
1388.0,1241.0,0.0
1388.0,1260.0,0.0
1388.0,1261.0,0.0
1388.0,1273.0,0.0
1388.0,1307.0,0.0
1388.0,1308.0,0.0
1388.0,1320.0,0.0
1388.0,1332.0,0.0
1388.0,1333.0,0.0
1389.0,898.0,0.0
1389.0,899.0,0.0
1389.0,900.0,0.0
1389.0,901.0,0.0
1389.0,906.0,0.0
1389.0,907.0,0.0
1389.0,915.0,0.0
1389.0,939.0,0.0
1389.0,944.0,0.0
1389.0,1014.0,0.0
1389.0,1042.0,0.0
1389.0,1054.0,0.0
1389.0,1059.0,0.0
1389.0,1061.0,0.0
1389.0,1104.0,0.0
1389.0,1105.0,0.0
1389.0,1176.0,0.0
1389.0,1191.0,0.0
1389.0,1192.0,0.0
1389.0,1218.0,0.0
1389.0,1219.0,0.0
1389.0,1221.0,0.0
1389.0,1243.0,0.0
1389.0,1244.0,0.0
1389.0,1259.0,0.0
1389.0,1308.0,0.0
1389.0,1309.0,0.0
1389.0,1341.0,0.0
1390.0,939.0,0.0
1390.0,1033.0,0.0
1390.0,1034.0,0.0
1390.0,1042.0,0.0
1390.0,1043.0,0.0
1390.0,1054.0,0.0
1390.0,1060.0,0.0
1390.0,1061.0,0.0
1390.0,1071.0,0.0
1390.0,1087.0,0.0
1390.0,1088.0,0.0
1390.0,1089.0,0.0
1390.0,1092.0,0.0
1390.0,1129.0,0.0
1390.0,1176.0,0.0
1390.0,1190.0,0.0
1390.0,1191.0,0.0
1390.0,1218.0,0.0
1390.0,1226.0,0.0
1390.0,1227.0,0.0
1390.0,1262.0,0.0
1390.0,1263.0,0.0
1390.0,1266.0,0.0
1390.0,1278.0,0.0
1390.0,1280.0,0.0
1390.0,1281.0,0.0
1390.0,1340.0,0.0
1390.0,1341.0,0.0
1391.0,903.0,0.0
1391.0,906.0,0.0
1391.0,907.0,0.0
1391.0,939.0,0.0
1391.0,990.0,0.0
1391.0,991.0,0.0
1391.0,992.0,0.0
1391.0,1004.0,0.0
1391.0,1033.0,0.0
1391.0,1034.0,0.0
1391.0,1037.0,0.0
1391.0,1060.0,0.0
1391.0,1061.0,0.0
1391.0,1070.0,0.0
1391.0,1088.0,0.0
1391.0,1092.0,0.0
1391.0,1093.0,0.0
1391.0,1219.0,0.0
1391.0,1223.0,0.0
1391.0,1265.0,0.0
1391.0,1266.0,0.0
1391.0,1274.0,0.0
1391.0,1279.0,0.0
1391.0,1280.0,0.0
1391.0,1281.0,0.0
1391.0,1307.0,0.0
1391.0,1341.0,0.0
1391.0,1342.0,0.0
1392.0,904.0,0.0
1392.0,921.0,0.0
1392.0,938.0,0.0
1392.0,939.0,0.0
1392.0,978.0,0.0
1392.0,979.0,0.0
1392.0,989.0,0.0
1392.0,1004.0,0.0
1392.0,1032.0,0.0
1392.0,1058.0,0.0
1392.0,1131.0,0.0
1392.0,1174.0,0.0
1392.0,1180.0,0.0
1392.0,1222.0,0.0
1392.0,1231.0,0.0
1392.0,1261.0,0.0
1392.0,1262.0,0.0
1392.0,1300.0,0.0
1392.0,1301.0,0.0
1392.0,1306.0,0.0
1392.0,1308.0,0.0
1392.0,1317.0,0.0
1392.0,1338.0,0.0
1393.0,902.0,0.0
1393.0,903.0,0.0
1393.0,921.0,0.0
1393.0,938.0,0.0
1393.0,978.0,0.0
1393.0,1003.0,0.0
1393.0,1004.0,0.0
1393.0,1019.0,0.0
1393.0,1030.0,0.0
1393.0,1092.0,0.0
1393.0,1130.0,0.0
1393.0,1131.0,0.0
1393.0,1157.0,0.0
1393.0,1159.0,0.0
1393.0,1181.0,0.0
1393.0,1207.0,0.0
1393.0,1217.0,0.0
1393.0,1218.0,0.0
1393.0,1223.0,0.0
1393.0,1262.0,0.0
1393.0,1301.0,0.0
1393.0,1316.0,0.0
1393.0,1317.0,0.0
1393.0,1339.0,0.0
1394.0,900.0,0.0
1394.0,901.0,0.0
1394.0,911.0,0.0
1394.0,918.0,0.0
1394.0,919.0,0.0
1394.0,921.0,0.0
1394.0,922.0,0.0
1394.0,934.0,0.0
1394.0,935.0,0.0
1394.0,978.0,0.0
1394.0,1003.0,0.0
1394.0,1016.0,0.0
1394.0,1020.0,0.0
1394.0,1028.0,0.0
1394.0,1035.0,0.0
1394.0,1063.0,0.0
1394.0,1064.0,0.0
1394.0,1075.0,0.0
1394.0,1126.0,0.0
1394.0,1127.0,0.0
1394.0,1131.0,0.0
1394.0,1132.0,0.0
1394.0,1133.0,0.0
1394.0,1157.0,0.0
1394.0,1182.0,0.0
1394.0,1205.0,0.0
1394.0,1207.0,0.0
1394.0,1217.0,0.0
1394.0,1218.0,0.0
1394.0,1219.0,0.0
1394.0,1261.0,0.0
1394.0,1339.0,0.0
1394.0,1342.0,0.0
1394.0,1343.0,0.0
1394.0,1344.0,0.0
1394.0,1345.0,0.0
1395.0,897.0,0.0
1395.0,898.0,0.0
1395.0,899.0,0.0
1395.0,929.0,0.0
1395.0,935.0,0.0
1395.0,936.0,0.0
1395.0,938.0,0.0
1395.0,939.0,0.0
1395.0,981.0,0.0
1395.0,988.0,0.0
1395.0,1019.0,0.0
1395.0,1020.0,0.0
1395.0,1028.0,0.0
1395.0,1029.0,0.0
1395.0,1036.0,0.0
1395.0,1064.0,0.0
1395.0,1075.0,0.0
1395.0,1077.0,0.0
1395.0,1102.0,0.0
1395.0,1103.0,0.0
1395.0,1117.0,0.0
1395.0,1118.0,0.0
1395.0,1119.0,0.0
1395.0,1126.0,0.0
1395.0,1127.0,0.0
1395.0,1139.0,0.0
1395.0,1153.0,0.0
1395.0,1155.0,0.0
1395.0,1156.0,0.0
1395.0,1157.0,0.0
1395.0,1173.0,0.0
1395.0,1205.0,0.0
1395.0,1206.0,0.0
1395.0,1211.0,0.0
1395.0,1216.0,0.0
1395.0,1244.0,0.0
1395.0,1260.0,0.0
1395.0,1261.0,0.0
1395.0,1262.0,0.0
1395.0,1287.0,0.0
1395.0,1317.0,0.0
1395.0,1326.0,0.0
1395.0,1327.0,0.0
1395.0,1328.0,0.0
1395.0,1340.0,0.0
1395.0,1341.0,0.0
1396.0,910.0,0.0
1396.0,911.0,0.0
1396.0,915.0,0.0
1396.0,916.0,0.0
1396.0,932.0,0.0
1396.0,938.0,0.0
1396.0,939.0,0.0
1396.0,977.0,0.0
1396.0,988.0,0.0
1396.0,989.0,0.0
1396.0,1011.0,0.0
1396.0,1048.0,0.0
1396.0,1049.0,0.0
1396.0,1062.0,0.0
1396.0,1063.0,0.0
1396.0,1074.0,0.0
1396.0,1075.0,0.0
1396.0,1077.0,0.0
1396.0,1093.0,0.0
1396.0,1100.0,0.0
1396.0,1103.0,0.0
1396.0,1117.0,0.0
1396.0,1118.0,0.0
1396.0,1126.0,0.0
1396.0,1139.0,0.0
1396.0,1146.0,0.0
1396.0,1147.0,0.0
1396.0,1152.0,0.0
1396.0,1172.0,0.0
1396.0,1211.0,0.0
1396.0,1216.0,0.0
1396.0,1217.0,0.0
1396.0,1230.0,0.0
1396.0,1232.0,0.0
1396.0,1233.0,0.0
1396.0,1254.0,0.0
1396.0,1255.0,0.0
1396.0,1286.0,0.0
1396.0,1287.0,0.0
1396.0,1301.0,0.0
1396.0,1339.0,0.0
1397.0,897.0,0.0
1397.0,912.0,0.0
1397.0,913.0,0.0
1397.0,919.0,0.0
1397.0,927.0,0.0
1397.0,928.0,0.0
1397.0,931.0,0.0
1397.0,932.0,0.0
1397.0,977.0,0.0
1397.0,988.0,0.0
1397.0,989.0,0.0
1397.0,1010.0,0.0
1397.0,1030.0,0.0
1397.0,1036.0,0.0
1397.0,1061.0,0.0
1397.0,1064.0,0.0
1397.0,1074.0,0.0
1397.0,1078.0,0.0
1397.0,1094.0,0.0
1397.0,1096.0,0.0
1397.0,1100.0,0.0
1397.0,1101.0,0.0
1397.0,1121.0,0.0
1397.0,1135.0,0.0
1397.0,1137.0,0.0
1397.0,1151.0,0.0
1397.0,1177.0,0.0
1397.0,1209.0,0.0
1397.0,1217.0,0.0
1397.0,1232.0,0.0
1397.0,1255.0,0.0
1397.0,1261.0,0.0
1397.0,1290.0,0.0
1397.0,1298.0,0.0
1397.0,1302.0,0.0
1397.0,1339.0,0.0
1398.0,919.0,0.0
1398.0,926.0,0.0
1398.0,927.0,0.0
1398.0,932.0,0.0
1398.0,986.0,0.0
1398.0,987.0,0.0
1398.0,990.0,0.0
1398.0,991.0,0.0
1398.0,1010.0,0.0
1398.0,1030.0,0.0
1398.0,1035.0,0.0
1398.0,1048.0,0.0
1398.0,1062.0,0.0
1398.0,1063.0,0.0
1398.0,1064.0,0.0
1398.0,1065.0,0.0
1398.0,1073.0,0.0
1398.0,1074.0,0.0
1398.0,1078.0,0.0
1398.0,1089.0,0.0
1398.0,1092.0,0.0
1398.0,1094.0,0.0
1398.0,1096.0,0.0
1398.0,1097.0,0.0
1398.0,1135.0,0.0
1398.0,1137.0,0.0
1398.0,1146.0,0.0
1398.0,1147.0,0.0
1398.0,1148.0,0.0
1398.0,1176.0,0.0
1398.0,1209.0,0.0
1398.0,1230.0,0.0
1398.0,1243.0,0.0
1398.0,1245.0,0.0
1398.0,1261.0,0.0
1398.0,1299.0,0.0
1398.0,1338.0,0.0
1399.0,898.0,0.0
1399.0,915.0,0.0
1399.0,919.0,0.0
1399.0,979.0,0.0
1399.0,981.0,0.0
1399.0,982.0,0.0
1399.0,983.0,0.0
1399.0,986.0,0.0
1399.0,991.0,0.0
1399.0,1011.0,0.0
1399.0,1013.0,0.0
1399.0,1019.0,0.0
1399.0,1021.0,0.0
1399.0,1035.0,0.0
1399.0,1036.0,0.0
1399.0,1065.0,0.0
1399.0,1078.0,0.0
1399.0,1089.0,0.0
1399.0,1092.0,0.0
1399.0,1118.0,0.0
1399.0,1119.0,0.0
1399.0,1125.0,0.0
1399.0,1147.0,0.0
1399.0,1175.0,0.0
1399.0,1230.0,0.0
1399.0,1233.0,0.0
1399.0,1234.0,0.0
1399.0,1246.0,0.0
1399.0,1247.0,0.0
1399.0,1248.0,0.0
1399.0,1261.0,0.0
1399.0,1263.0,0.0
1399.0,1264.0,0.0
1399.0,1266.0,0.0
1399.0,1268.0,0.0
1399.0,1300.0,0.0
1400.0,919.0,0.0
1400.0,921.0,0.0
1400.0,922.0,0.0
1400.0,979.0,0.0
1400.0,1011.0,0.0
1400.0,1012.0,0.0
1400.0,1019.0,0.0
1400.0,1026.0,0.0
1400.0,1034.0,0.0
1400.0,1036.0,0.0
1400.0,1066.0,0.0
1400.0,1067.0,0.0
1400.0,1070.0,0.0
1400.0,1078.0,0.0
1400.0,1099.0,0.0
1400.0,1100.0,0.0
1400.0,1101.0,0.0
1400.0,1107.0,0.0
1400.0,1118.0,0.0
1400.0,1122.0,0.0
1400.0,1174.0,0.0
1400.0,1175.0,0.0
1400.0,1218.0,0.0
1400.0,1219.0,0.0
1400.0,1227.0,0.0
1400.0,1228.0,0.0
1400.0,1234.0,0.0
1400.0,1248.0,0.0
1400.0,1249.0,0.0
1400.0,1268.0,0.0
1400.0,1283.0,0.0
1400.0,1316.0,0.0
1400.0,1319.0,0.0
1400.0,1321.0,0.0
1400.0,1328.0,0.0
1400.0,1338.0,0.0
1401.0,897.0,0.0
1401.0,919.0,0.0
1401.0,920.0,0.0
1401.0,981.0,0.0
1401.0,1000.0,0.0
1401.0,1011.0,0.0
1401.0,1025.0,0.0
1401.0,1026.0,0.0
1401.0,1027.0,0.0
1401.0,1028.0,0.0
1401.0,1033.0,0.0
1401.0,1037.0,0.0
1401.0,1076.0,0.0
1401.0,1077.0,0.0
1401.0,1078.0,0.0
1401.0,1099.0,0.0
1401.0,1174.0,0.0
1401.0,1217.0,0.0
1401.0,1218.0,0.0
1401.0,1219.0,0.0
1401.0,1222.0,0.0
1401.0,1227.0,0.0
1401.0,1228.0,0.0
1401.0,1234.0,0.0
1401.0,1299.0,0.0
1401.0,1300.0,0.0
1401.0,1310.0,0.0
1401.0,1311.0,0.0
1401.0,1316.0,0.0
1401.0,1321.0,0.0
1401.0,1327.0,0.0
1401.0,1328.0,0.0
1401.0,1329.0,0.0
1401.0,1338.0,0.0
1401.0,1339.0,0.0
1401.0,1340.0,0.0
1401.0,1341.0,0.0
1402.0,1000.0,0.0
1402.0,1001.0,0.0
1402.0,1015.0,0.0
1402.0,1016.0,0.0
1402.0,1024.0,0.0
1402.0,1029.0,0.0
1402.0,1033.0,0.0
1402.0,1036.0,0.0
1402.0,1043.0,0.0
1402.0,1047.0,0.0
1402.0,1075.0,0.0
1402.0,1099.0,0.0
1402.0,1122.0,0.0
1402.0,1161.0,0.0
1402.0,1174.0,0.0
1402.0,1175.0,0.0
1402.0,1218.0,0.0
1402.0,1228.0,0.0
1402.0,1231.0,0.0
1402.0,1248.0,0.0
1402.0,1249.0,0.0
1402.0,1269.0,0.0
1402.0,1303.0,0.0
1402.0,1310.0,0.0
1402.0,1343.0,0.0
1403.0,914.0,0.0
1403.0,915.0,0.0
1403.0,1002.0,0.0
1403.0,1010.0,0.0
1403.0,1020.0,0.0
1403.0,1041.0,0.0
1403.0,1042.0,0.0
1403.0,1043.0,0.0
1403.0,1047.0,0.0
1403.0,1075.0,0.0
1403.0,1121.0,0.0
1403.0,1122.0,0.0
1403.0,1161.0,0.0
1403.0,1176.0,0.0
1403.0,1181.0,0.0
1403.0,1220.0,0.0
1403.0,1231.0,0.0
1403.0,1232.0,0.0
1403.0,1248.0,0.0
1403.0,1249.0,0.0
1403.0,1262.0,0.0
1403.0,1263.0,0.0
1403.0,1268.0,0.0
1403.0,1269.0,0.0
1403.0,1273.0,0.0
1403.0,1274.0,0.0
1403.0,1303.0,0.0
1403.0,1304.0,0.0
1403.0,1310.0,0.0
1403.0,1317.0,0.0
1403.0,1318.0,0.0
1403.0,1319.0,0.0
1403.0,1325.0,0.0
1403.0,1332.0,0.0
1403.0,1345.0,0.0
1404.0,914.0,0.0
1404.0,915.0,0.0
1404.0,921.0,0.0
1404.0,960.0,0.0
1404.0,961.0,0.0
1404.0,962.0,0.0
1404.0,1013.0,0.0
1404.0,1018.0,0.0
1404.0,1019.0,0.0
1404.0,1020.0,0.0
1404.0,1022.0,0.0
1404.0,1046.0,0.0
1404.0,1047.0,0.0
1404.0,1048.0,0.0
1404.0,1118.0,0.0
1404.0,1119.0,0.0
1404.0,1120.0,0.0
1404.0,1123.0,0.0
1404.0,1125.0,0.0
1404.0,1126.0,0.0
1404.0,1174.0,0.0
1404.0,1175.0,0.0
1404.0,1177.0,0.0
1404.0,1181.0,0.0
1404.0,1182.0,0.0
1404.0,1209.0,0.0
1404.0,1210.0,0.0
1404.0,1211.0,0.0
1404.0,1220.0,0.0
1404.0,1221.0,0.0
1404.0,1248.0,0.0
1404.0,1256.0,0.0
1404.0,1259.0,0.0
1404.0,1278.0,0.0
1404.0,1287.0,0.0
1404.0,1288.0,0.0
1404.0,1289.0,0.0
1404.0,1309.0,0.0
1404.0,1324.0,0.0
1404.0,1336.0,0.0
1404.0,1341.0,0.0
1405.0,921.0,0.0
1405.0,959.0,0.0
1405.0,960.0,0.0
1405.0,1007.0,0.0
1405.0,1008.0,0.0
1405.0,1013.0,0.0
1405.0,1017.0,0.0
1405.0,1019.0,0.0
1405.0,1020.0,0.0
1405.0,1021.0,0.0
1405.0,1031.0,0.0
1405.0,1034.0,0.0
1405.0,1035.0,0.0
1405.0,1046.0,0.0
1405.0,1110.0,0.0
1405.0,1112.0,0.0
1405.0,1120.0,0.0
1405.0,1125.0,0.0
1405.0,1158.0,0.0
1405.0,1159.0,0.0
1405.0,1173.0,0.0
1405.0,1174.0,0.0
1405.0,1210.0,0.0
1405.0,1221.0,0.0
1405.0,1233.0,0.0
1405.0,1248.0,0.0
1405.0,1258.0,0.0
1405.0,1259.0,0.0
1405.0,1277.0,0.0
1405.0,1278.0,0.0
1405.0,1287.0,0.0
1405.0,1288.0,0.0
1405.0,1309.0,0.0
1405.0,1324.0,0.0
1405.0,1333.0,0.0
1405.0,1340.0,0.0
1405.0,1341.0,0.0
1405.0,1345.0,0.0
1406.0,990.0,0.0
1406.0,991.0,0.0
1406.0,1011.0,0.0
1406.0,1013.0,0.0
1406.0,1014.0,0.0
1406.0,1015.0,0.0
1406.0,1017.0,0.0
1406.0,1018.0,0.0
1406.0,1029.0,0.0
1406.0,1031.0,0.0
1406.0,1032.0,0.0
1406.0,1033.0,0.0
1406.0,1036.0,0.0
1406.0,1040.0,0.0
1406.0,1041.0,0.0
1406.0,1045.0,0.0
1406.0,1072.0,0.0
1406.0,1074.0,0.0
1406.0,1106.0,0.0
1406.0,1110.0,0.0
1406.0,1122.0,0.0
1406.0,1154.0,0.0
1406.0,1155.0,0.0
1406.0,1157.0,0.0
1406.0,1164.0,0.0
1406.0,1181.0,0.0
1406.0,1182.0,0.0
1406.0,1231.0,0.0
1406.0,1233.0,0.0
1406.0,1234.0,0.0
1406.0,1235.0,0.0
1406.0,1258.0,0.0
1406.0,1259.0,0.0
1406.0,1279.0,0.0
1406.0,1280.0,0.0
1406.0,1281.0,0.0
1406.0,1331.0,0.0
1406.0,1333.0,0.0
1406.0,1343.0,0.0
1406.0,1344.0,0.0
1407.0,990.0,0.0
1407.0,991.0,0.0
1407.0,1010.0,0.0
1407.0,1019.0,0.0
1407.0,1021.0,0.0
1407.0,1026.0,0.0
1407.0,1027.0,0.0
1407.0,1028.0,0.0
1407.0,1029.0,0.0
1407.0,1034.0,0.0
1407.0,1035.0,0.0
1407.0,1041.0,0.0
1407.0,1043.0,0.0
1407.0,1045.0,0.0
1407.0,1074.0,0.0
1407.0,1122.0,0.0
1407.0,1123.0,0.0
1407.0,1155.0,0.0
1407.0,1156.0,0.0
1407.0,1171.0,0.0
1407.0,1172.0,0.0
1407.0,1181.0,0.0
1407.0,1189.0,0.0
1407.0,1191.0,0.0
1407.0,1232.0,0.0
1407.0,1233.0,0.0
1407.0,1279.0,0.0
1407.0,1309.0,0.0
1407.0,1315.0,0.0
1407.0,1331.0,0.0
1407.0,1333.0,0.0
1407.0,1343.0,0.0
1407.0,1344.0,0.0
1408.0,1004.0,0.0
1408.0,1005.0,0.0
1408.0,1009.0,0.0
1408.0,1020.0,0.0
1408.0,1021.0,0.0
1408.0,1073.0,0.0
1408.0,1172.0,0.0
1408.0,1173.0,0.0
1408.0,1181.0,0.0
1408.0,1189.0,0.0
1408.0,1191.0,0.0
1408.0,1222.0,0.0
1408.0,1224.0,0.0
1408.0,1240.0,0.0
1408.0,1241.0,0.0
1408.0,1256.0,0.0
1408.0,1259.0,0.0
1408.0,1272.0,0.0
1408.0,1273.0,0.0
1408.0,1314.0,0.0
1408.0,1315.0,0.0
1409.0,925.0,0.0
1409.0,926.0,0.0
1409.0,947.0,0.0
1409.0,954.0,0.0
1409.0,955.0,0.0
1409.0,993.0,0.0
1409.0,994.0,0.0
1409.0,1004.0,0.0
1409.0,1016.0,0.0
1409.0,1020.0,0.0
1409.0,1134.0,0.0
1409.0,1135.0,0.0
1409.0,1180.0,0.0
1409.0,1190.0,0.0
1409.0,1214.0,0.0
1409.0,1215.0,0.0
1409.0,1222.0,0.0
1409.0,1224.0,0.0
1409.0,1239.0,0.0
1409.0,1240.0,0.0
1409.0,1241.0,0.0
1409.0,1242.0,0.0
1409.0,1249.0,0.0
1409.0,1250.0,0.0
1409.0,1256.0,0.0
1409.0,1259.0,0.0
1409.0,1266.0,0.0
1409.0,1267.0,0.0
1409.0,1334.0,0.0
1410.0,899.0,0.0
1410.0,900.0,0.0
1410.0,925.0,0.0
1410.0,926.0,0.0
1410.0,945.0,0.0
1410.0,947.0,0.0
1410.0,955.0,0.0
1410.0,956.0,0.0
1410.0,957.0,0.0
1410.0,958.0,0.0
1410.0,959.0,0.0
1410.0,960.0,0.0
1410.0,994.0,0.0
1410.0,995.0,0.0
1410.0,1011.0,0.0
1410.0,1013.0,0.0
1410.0,1017.0,0.0
1410.0,1033.0,0.0
1410.0,1034.0,0.0
1410.0,1035.0,0.0
1410.0,1131.0,0.0
1410.0,1134.0,0.0
1410.0,1156.0,0.0
1410.0,1157.0,0.0
1410.0,1158.0,0.0
1410.0,1168.0,0.0
1410.0,1169.0,0.0
1410.0,1170.0,0.0
1410.0,1176.0,0.0
1410.0,1177.0,0.0
1410.0,1221.0,0.0
1410.0,1229.0,0.0
1410.0,1237.0,0.0
1410.0,1249.0,0.0
1410.0,1266.0,0.0
1410.0,1267.0,0.0
1410.0,1334.0,0.0
1410.0,1335.0,0.0
1411.0,924.0,0.0
1411.0,959.0,0.0
1411.0,960.0,0.0
1411.0,1001.0,0.0
1411.0,1002.0,0.0
1411.0,1013.0,0.0
1411.0,1018.0,0.0
1411.0,1035.0,0.0
1411.0,1036.0,0.0
1411.0,1063.0,0.0
1411.0,1072.0,0.0
1411.0,1078.0,0.0
1411.0,1116.0,0.0
1411.0,1131.0,0.0
1411.0,1133.0,0.0
1411.0,1157.0,0.0
1411.0,1158.0,0.0
1411.0,1169.0,0.0
1411.0,1170.0,0.0
1411.0,1191.0,0.0
1411.0,1219.0,0.0
1411.0,1220.0,0.0
1411.0,1230.0,0.0
1411.0,1249.0,0.0
1411.0,1258.0,0.0
1411.0,1259.0,0.0
1411.0,1265.0,0.0
1411.0,1268.0,0.0
1411.0,1279.0,0.0
1411.0,1298.0,0.0
1411.0,1322.0,0.0
1411.0,1323.0,0.0
1411.0,1324.0,0.0
1411.0,1334.0,0.0
1412.0,923.0,0.0
1412.0,924.0,0.0
1412.0,928.0,0.0
1412.0,929.0,0.0
1412.0,942.0,0.0
1412.0,949.0,0.0
1412.0,950.0,0.0
1412.0,951.0,0.0
1412.0,962.0,0.0
1412.0,1002.0,0.0
1412.0,1006.0,0.0
1412.0,1007.0,0.0
1412.0,1014.0,0.0
1412.0,1015.0,0.0
1412.0,1017.0,0.0
1412.0,1037.0,0.0
1412.0,1038.0,0.0
1412.0,1039.0,0.0
1412.0,1062.0,0.0
1412.0,1063.0,0.0
1412.0,1071.0,0.0
1412.0,1077.0,0.0
1412.0,1078.0,0.0
1412.0,1185.0,0.0
1412.0,1186.0,0.0
1412.0,1187.0,0.0
1412.0,1188.0,0.0
1412.0,1189.0,0.0
1412.0,1190.0,0.0
1412.0,1191.0,0.0
1412.0,1234.0,0.0
1412.0,1235.0,0.0
1412.0,1250.0,0.0
1412.0,1251.0,0.0
1412.0,1259.0,0.0
1412.0,1260.0,0.0
1412.0,1261.0,0.0
1412.0,1263.0,0.0
1412.0,1264.0,0.0
1412.0,1271.0,0.0
1412.0,1324.0,0.0
1412.0,1325.0,0.0
1413.0,898.0,0.0
1413.0,899.0,0.0
1413.0,929.0,0.0
1413.0,950.0,0.0
1413.0,961.0,0.0
1413.0,962.0,0.0
1413.0,963.0,0.0
1413.0,964.0,0.0
1413.0,965.0,0.0
1413.0,966.0,0.0
1413.0,972.0,0.0
1413.0,974.0,0.0
1413.0,1000.0,0.0
1413.0,1005.0,0.0
1413.0,1009.0,0.0
1413.0,1010.0,0.0
1413.0,1020.0,0.0
1413.0,1021.0,0.0
1413.0,1038.0,0.0
1413.0,1039.0,0.0
1413.0,1062.0,0.0
1413.0,1072.0,0.0
1413.0,1102.0,0.0
1413.0,1116.0,0.0
1413.0,1117.0,0.0
1413.0,1212.0,0.0
1413.0,1264.0,0.0
1413.0,1290.0,0.0
1413.0,1291.0,0.0
1413.0,1295.0,0.0
1413.0,1296.0,0.0
1413.0,1297.0,0.0
1413.0,1317.0,0.0
1414.0,909.0,0.0
1414.0,961.0,0.0
1414.0,962.0,0.0
1414.0,965.0,0.0
1414.0,1004.0,0.0
1414.0,1005.0,0.0
1414.0,1006.0,0.0
1414.0,1009.0,0.0
1414.0,1011.0,0.0
1414.0,1018.0,0.0
1414.0,1019.0,0.0
1414.0,1072.0,0.0
1414.0,1075.0,0.0
1414.0,1103.0,0.0
1414.0,1114.0,0.0
1414.0,1116.0,0.0
1414.0,1117.0,0.0
1414.0,1147.0,0.0
1414.0,1148.0,0.0
1414.0,1184.0,0.0
1414.0,1185.0,0.0
1414.0,1232.0,0.0
1414.0,1233.0,0.0
1414.0,1234.0,0.0
1414.0,1321.0,0.0
1415.0,897.0,0.0
1415.0,904.0,0.0
1415.0,905.0,0.0
1415.0,907.0,0.0
1415.0,908.0,0.0
1415.0,909.0,0.0
1415.0,911.0,0.0
1415.0,930.0,0.0
1415.0,1016.0,0.0
1415.0,1072.0,0.0
1415.0,1145.0,0.0
1415.0,1147.0,0.0
1415.0,1171.0,0.0
1415.0,1172.0,0.0
1415.0,1183.0,0.0
1415.0,1184.0,0.0
1415.0,1210.0,0.0
1415.0,1211.0,0.0
1415.0,1212.0,0.0
1415.0,1223.0,0.0
1415.0,1224.0,0.0
1415.0,1234.0,0.0
1415.0,1235.0,0.0
1415.0,1250.0,0.0
1415.0,1251.0,0.0
1415.0,1293.0,0.0
1415.0,1294.0,0.0
1415.0,1308.0,0.0
1415.0,1309.0,0.0
1415.0,1316.0,0.0
1415.0,1317.0,0.0
1415.0,1321.0,0.0
1416.0,905.0,0.0
1416.0,906.0,0.0
1416.0,930.0,0.0
1416.0,996.0,0.0
1416.0,997.0,0.0
1416.0,999.0,0.0
1416.0,1001.0,0.0
1416.0,1002.0,0.0
1416.0,1014.0,0.0
1416.0,1015.0,0.0
1416.0,1061.0,0.0
1416.0,1075.0,0.0
1416.0,1076.0,0.0
1416.0,1102.0,0.0
1416.0,1103.0,0.0
1416.0,1104.0,0.0
1416.0,1128.0,0.0
1416.0,1144.0,0.0
1416.0,1145.0,0.0
1416.0,1171.0,0.0
1416.0,1184.0,0.0
1416.0,1199.0,0.0
1416.0,1250.0,0.0
1416.0,1291.0,0.0
1416.0,1292.0,0.0
1416.0,1309.0,0.0
1416.0,1317.0,0.0
1417.0,927.0,0.0
1417.0,930.0,0.0
1417.0,961.0,0.0
1417.0,999.0,0.0
1417.0,1003.0,0.0
1417.0,1014.0,0.0
1417.0,1015.0,0.0
1417.0,1045.0,0.0
1417.0,1061.0,0.0
1417.0,1076.0,0.0
1417.0,1103.0,0.0
1417.0,1107.0,0.0
1417.0,1127.0,0.0
1417.0,1128.0,0.0
1417.0,1144.0,0.0
1417.0,1146.0,0.0
1417.0,1151.0,0.0
1417.0,1167.0,0.0
1417.0,1174.0,0.0
1417.0,1176.0,0.0
1417.0,1177.0,0.0
1417.0,1186.0,0.0
1417.0,1187.0,0.0
1417.0,1195.0,0.0
1417.0,1199.0,0.0
1417.0,1200.0,0.0
1417.0,1201.0,0.0
1417.0,1205.0,0.0
1417.0,1206.0,0.0
1417.0,1224.0,0.0
1417.0,1234.0,0.0
1417.0,1290.0,0.0
1417.0,1307.0,0.0
1417.0,1343.0,0.0
1418.0,960.0,0.0
1418.0,961.0,0.0
1418.0,962.0,0.0
1418.0,999.0,0.0
1418.0,1067.0,0.0
1418.0,1070.0,0.0
1418.0,1075.0,0.0
1418.0,1081.0,0.0
1418.0,1105.0,0.0
1418.0,1107.0,0.0
1418.0,1108.0,0.0
1418.0,1109.0,0.0
1418.0,1144.0,0.0
1418.0,1165.0,0.0
1418.0,1166.0,0.0
1418.0,1167.0,0.0
1418.0,1171.0,0.0
1418.0,1178.0,0.0
1418.0,1194.0,0.0
1418.0,1195.0,0.0
1418.0,1196.0,0.0
1418.0,1204.0,0.0
1418.0,1205.0,0.0
1418.0,1219.0,0.0
1418.0,1220.0,0.0
1418.0,1222.0,0.0
1418.0,1224.0,0.0
1418.0,1234.0,0.0
1419.0,929.0,0.0
1419.0,960.0,0.0
1419.0,961.0,0.0
1419.0,993.0,0.0
1419.0,994.0,0.0
1419.0,1058.0,0.0
1419.0,1064.0,0.0
1419.0,1066.0,0.0
1419.0,1068.0,0.0
1419.0,1074.0,0.0
1419.0,1075.0,0.0
1419.0,1081.0,0.0
1419.0,1082.0,0.0
1419.0,1087.0,0.0
1419.0,1089.0,0.0
1419.0,1109.0,0.0
1419.0,1111.0,0.0
1419.0,1112.0,0.0
1419.0,1166.0,0.0
1419.0,1173.0,0.0
1419.0,1177.0,0.0
1419.0,1178.0,0.0
1419.0,1196.0,0.0
1419.0,1204.0,0.0
1419.0,1219.0,0.0
1419.0,1220.0,0.0
1419.0,1221.0,0.0
1419.0,1222.0,0.0
1419.0,1223.0,0.0
1419.0,1229.0,0.0
1419.0,1230.0,0.0
1419.0,1294.0,0.0
1420.0,909.0,0.0
1420.0,910.0,0.0
1420.0,923.0,0.0
1420.0,929.0,0.0
1420.0,949.0,0.0
1420.0,951.0,0.0
1420.0,1002.0,0.0
1420.0,1063.0,0.0
1420.0,1066.0,0.0
1420.0,1083.0,0.0
1420.0,1086.0,0.0
1420.0,1087.0,0.0
1420.0,1089.0,0.0
1420.0,1090.0,0.0
1420.0,1096.0,0.0
1420.0,1097.0,0.0
1420.0,1156.0,0.0
1420.0,1157.0,0.0
1420.0,1159.0,0.0
1420.0,1160.0,0.0
1420.0,1169.0,0.0
1420.0,1170.0,0.0
1420.0,1172.0,0.0
1420.0,1173.0,0.0
1420.0,1192.0,0.0
1420.0,1193.0,0.0
1420.0,1194.0,0.0
1420.0,1214.0,0.0
1420.0,1215.0,0.0
1420.0,1294.0,0.0
1420.0,1307.0,0.0
1420.0,1308.0,0.0
1420.0,1339.0,0.0
1420.0,1340.0,0.0
1421.0,909.0,0.0
1421.0,910.0,0.0
1421.0,914.0,0.0
1421.0,915.0,0.0
1421.0,924.0,0.0
1421.0,936.0,0.0
1421.0,937.0,0.0
1421.0,943.0,0.0
1421.0,949.0,0.0
1421.0,951.0,0.0
1421.0,952.0,0.0
1421.0,979.0,0.0
1421.0,1001.0,0.0
1421.0,1002.0,0.0
1421.0,1007.0,0.0
1421.0,1008.0,0.0
1421.0,1043.0,0.0
1421.0,1057.0,0.0
1421.0,1064.0,0.0
1421.0,1065.0,0.0
1421.0,1069.0,0.0
1421.0,1070.0,0.0
1421.0,1091.0,0.0
1421.0,1094.0,0.0
1421.0,1156.0,0.0
1421.0,1160.0,0.0
1421.0,1161.0,0.0
1421.0,1163.0,0.0
1421.0,1169.0,0.0
1421.0,1172.0,0.0
1421.0,1190.0,0.0
1421.0,1191.0,0.0
1421.0,1192.0,0.0
1421.0,1208.0,0.0
1421.0,1215.0,0.0
1421.0,1255.0,0.0
1421.0,1292.0,0.0
1421.0,1308.0,0.0
1421.0,1345.0,0.0
1422.0,912.0,0.0
1422.0,913.0,0.0
1422.0,914.0,0.0
1422.0,915.0,0.0
1422.0,923.0,0.0
1422.0,925.0,0.0
1422.0,936.0,0.0
1422.0,941.0,0.0
1422.0,942.0,0.0
1422.0,943.0,0.0
1422.0,979.0,0.0
1422.0,980.0,0.0
1422.0,1016.0,0.0
1422.0,1028.0,0.0
1422.0,1056.0,0.0
1422.0,1070.0,0.0
1422.0,1073.0,0.0
1422.0,1074.0,0.0
1422.0,1116.0,0.0
1422.0,1189.0,0.0
1422.0,1190.0,0.0
1422.0,1204.0,0.0
1422.0,1205.0,0.0
1422.0,1229.0,0.0
1422.0,1230.0,0.0
1422.0,1254.0,0.0
1422.0,1255.0,0.0
1422.0,1266.0,0.0
1422.0,1275.0,0.0
1422.0,1278.0,0.0
1422.0,1291.0,0.0
1422.0,1292.0,0.0
1422.0,1299.0,0.0
1422.0,1345.0,0.0
1423.0,898.0,0.0
1423.0,899.0,0.0
1423.0,908.0,0.0
1423.0,914.0,0.0
1423.0,930.0,0.0
1423.0,935.0,0.0
1423.0,936.0,0.0
1423.0,942.0,0.0
1423.0,957.0,0.0
1423.0,979.0,0.0
1423.0,989.0,0.0
1423.0,990.0,0.0
1423.0,1050.0,0.0
1423.0,1074.0,0.0
1423.0,1075.0,0.0
1423.0,1084.0,0.0
1423.0,1085.0,0.0
1423.0,1086.0,0.0
1423.0,1097.0,0.0
1423.0,1116.0,0.0
1423.0,1187.0,0.0
1423.0,1188.0,0.0
1423.0,1204.0,0.0
1423.0,1205.0,0.0
1423.0,1258.0,0.0
1423.0,1272.0,0.0
1423.0,1273.0,0.0
1423.0,1277.0,0.0
1423.0,1278.0,0.0
1423.0,1305.0,0.0
1423.0,1306.0,0.0
1423.0,1340.0,0.0
1423.0,1341.0,0.0
1423.0,1345.0,0.0
1424.0,899.0,0.0
1424.0,916.0,0.0
1424.0,920.0,0.0
1424.0,957.0,0.0
1424.0,980.0,0.0
1424.0,1030.0,0.0
1424.0,1031.0,0.0
1424.0,1032.0,0.0
1424.0,1049.0,0.0
1424.0,1050.0,0.0
1424.0,1086.0,0.0
1424.0,1089.0,0.0
1424.0,1090.0,0.0
1424.0,1153.0,0.0
1424.0,1170.0,0.0
1424.0,1171.0,0.0
1424.0,1188.0,0.0
1424.0,1211.0,0.0
1424.0,1214.0,0.0
1424.0,1215.0,0.0
1424.0,1216.0,0.0
1424.0,1241.0,0.0
1424.0,1254.0,0.0
1424.0,1258.0,0.0
1424.0,1272.0,0.0
1424.0,1291.0,0.0
1424.0,1297.0,0.0
1424.0,1299.0,0.0
1424.0,1305.0,0.0
1424.0,1340.0,0.0
1425.0,915.0,0.0
1425.0,916.0,0.0
1425.0,920.0,0.0
1425.0,928.0,0.0
1425.0,931.0,0.0
1425.0,932.0,0.0
1425.0,933.0,0.0
1425.0,1033.0,0.0
1425.0,1035.0,0.0
1425.0,1040.0,0.0
1425.0,1049.0,0.0
1425.0,1089.0,0.0
1425.0,1098.0,0.0
1425.0,1143.0,0.0
1425.0,1152.0,0.0
1425.0,1186.0,0.0
1425.0,1217.0,0.0
1425.0,1218.0,0.0
1425.0,1241.0,0.0
1425.0,1242.0,0.0
1425.0,1248.0,0.0
1425.0,1253.0,0.0
1425.0,1254.0,0.0
1425.0,1258.0,0.0
1425.0,1293.0,0.0
1425.0,1306.0,0.0
1425.0,1340.0,0.0
1425.0,1341.0,0.0
1425.0,1342.0,0.0
1425.0,1343.0,0.0
1426.0,928.0,0.0
1426.0,933.0,0.0
1426.0,991.0,0.0
1426.0,994.0,0.0
1426.0,996.0,0.0
1426.0,1025.0,0.0
1426.0,1032.0,0.0
1426.0,1034.0,0.0
1426.0,1037.0,0.0
1426.0,1038.0,0.0
1426.0,1039.0,0.0
1426.0,1040.0,0.0
1426.0,1049.0,0.0
1426.0,1098.0,0.0
1426.0,1129.0,0.0
1426.0,1147.0,0.0
1426.0,1172.0,0.0
1426.0,1173.0,0.0
1426.0,1174.0,0.0
1426.0,1175.0,0.0
1426.0,1176.0,0.0
1426.0,1177.0,0.0
1426.0,1207.0,0.0
1426.0,1208.0,0.0
1426.0,1219.0,0.0
1426.0,1221.0,0.0
1426.0,1228.0,0.0
1426.0,1229.0,0.0
1426.0,1237.0,0.0
1426.0,1238.0,0.0
1426.0,1242.0,0.0
1426.0,1252.0,0.0
1426.0,1293.0,0.0
1426.0,1325.0,0.0
1426.0,1326.0,0.0
1426.0,1341.0,0.0
1427.0,958.0,0.0
1427.0,959.0,0.0
1427.0,990.0,0.0
1427.0,991.0,0.0
1427.0,992.0,0.0
1427.0,993.0,0.0
1427.0,1022.0,0.0
1427.0,1023.0,0.0
1427.0,1024.0,0.0
1427.0,1025.0,0.0
1427.0,1028.0,0.0
1427.0,1049.0,0.0
1427.0,1057.0,0.0
1427.0,1059.0,0.0
1427.0,1084.0,0.0
1427.0,1085.0,0.0
1427.0,1121.0,0.0
1427.0,1122.0,0.0
1427.0,1141.0,0.0
1427.0,1142.0,0.0
1427.0,1147.0,0.0
1427.0,1171.0,0.0
1427.0,1176.0,0.0
1427.0,1177.0,0.0
1427.0,1178.0,0.0
1427.0,1208.0,0.0
1427.0,1221.0,0.0
1427.0,1228.0,0.0
1427.0,1229.0,0.0
1427.0,1230.0,0.0
1427.0,1231.0,0.0
1427.0,1237.0,0.0
1427.0,1238.0,0.0
1427.0,1242.0,0.0
1427.0,1274.0,0.0
1427.0,1275.0,0.0
1427.0,1293.0,0.0
1427.0,1326.0,0.0
1427.0,1341.0,0.0
1427.0,1345.0,0.0
1428.0,927.0,0.0
1428.0,928.0,0.0
1428.0,929.0,0.0
1428.0,959.0,0.0
1428.0,961.0,0.0
1428.0,992.0,0.0
1428.0,1029.0,0.0
1428.0,1030.0,0.0
1428.0,1039.0,0.0
1428.0,1049.0,0.0
1428.0,1058.0,0.0
1428.0,1059.0,0.0
1428.0,1081.0,0.0
1428.0,1082.0,0.0
1428.0,1083.0,0.0
1428.0,1084.0,0.0
1428.0,1085.0,0.0
1428.0,1099.0,0.0
1428.0,1100.0,0.0
1428.0,1104.0,0.0
1428.0,1120.0,0.0
1428.0,1121.0,0.0
1428.0,1122.0,0.0
1428.0,1138.0,0.0
1428.0,1139.0,0.0
1428.0,1140.0,0.0
1428.0,1141.0,0.0
1428.0,1157.0,0.0
1428.0,1169.0,0.0
1428.0,1170.0,0.0
1428.0,1208.0,0.0
1428.0,1217.0,0.0
1428.0,1242.0,0.0
1428.0,1243.0,0.0
1428.0,1246.0,0.0
1428.0,1247.0,0.0
1428.0,1267.0,0.0
1428.0,1274.0,0.0
1428.0,1322.0,0.0
1428.0,1325.0,0.0
1428.0,1342.0,0.0
1428.0,1343.0,0.0
1429.0,916.0,0.0
1429.0,927.0,0.0
1429.0,945.0,0.0
1429.0,953.0,0.0
1429.0,972.0,0.0
1429.0,973.0,0.0
1429.0,998.0,0.0
1429.0,1039.0,0.0
1429.0,1049.0,0.0
1429.0,1057.0,0.0
1429.0,1058.0,0.0
1429.0,1078.0,0.0
1429.0,1079.0,0.0
1429.0,1080.0,0.0
1429.0,1099.0,0.0
1429.0,1100.0,0.0
1429.0,1103.0,0.0
1429.0,1121.0,0.0
1429.0,1129.0,0.0
1429.0,1138.0,0.0
1429.0,1145.0,0.0
1429.0,1146.0,0.0
1429.0,1149.0,0.0
1429.0,1150.0,0.0
1429.0,1163.0,0.0
1429.0,1169.0,0.0
1429.0,1209.0,0.0
1429.0,1217.0,0.0
1429.0,1218.0,0.0
1429.0,1237.0,0.0
1429.0,1247.0,0.0
1429.0,1252.0,0.0
1429.0,1269.0,0.0
1429.0,1325.0,0.0
1429.0,1335.0,0.0
1429.0,1337.0,0.0
1429.0,1339.0,0.0
1429.0,1340.0,0.0
1430.0,915.0,0.0
1430.0,916.0,0.0
1430.0,918.0,0.0
1430.0,927.0,0.0
1430.0,935.0,0.0
1430.0,936.0,0.0
1430.0,945.0,0.0
1430.0,946.0,0.0
1430.0,949.0,0.0
1430.0,950.0,0.0
1430.0,953.0,0.0
1430.0,954.0,0.0
1430.0,963.0,0.0
1430.0,964.0,0.0
1430.0,973.0,0.0
1430.0,992.0,0.0
1430.0,997.0,0.0
1430.0,998.0,0.0
1430.0,1038.0,0.0
1430.0,1078.0,0.0
1430.0,1101.0,0.0
1430.0,1102.0,0.0
1430.0,1129.0,0.0
1430.0,1130.0,0.0
1430.0,1136.0,0.0
1430.0,1138.0,0.0
1430.0,1148.0,0.0
1430.0,1149.0,0.0
1430.0,1150.0,0.0
1430.0,1151.0,0.0
1430.0,1152.0,0.0
1430.0,1153.0,0.0
1430.0,1162.0,0.0
1430.0,1163.0,0.0
1430.0,1170.0,0.0
1430.0,1206.0,0.0
1430.0,1207.0,0.0
1430.0,1210.0,0.0
1430.0,1217.0,0.0
1430.0,1225.0,0.0
1430.0,1233.0,0.0
1430.0,1236.0,0.0
1430.0,1237.0,0.0
1430.0,1248.0,0.0
1430.0,1252.0,0.0
1430.0,1253.0,0.0
1430.0,1267.0,0.0
1430.0,1268.0,0.0
1430.0,1300.0,0.0
1430.0,1301.0,0.0
1430.0,1302.0,0.0
1430.0,1303.0,0.0
1430.0,1304.0,0.0
1430.0,1321.0,0.0
1430.0,1323.0,0.0
1430.0,1334.0,0.0
1430.0,1335.0,0.0
1430.0,1336.0,0.0
1431.0,898.0,0.0
1431.0,899.0,0.0
1431.0,936.0,0.0
1431.0,948.0,0.0
1431.0,952.0,0.0
1431.0,974.0,0.0
1431.0,984.0,0.0
1431.0,996.0,0.0
1431.0,997.0,0.0
1431.0,1068.0,0.0
1431.0,1101.0,0.0
1431.0,1122.0,0.0
1431.0,1123.0,0.0
1431.0,1129.0,0.0
1431.0,1130.0,0.0
1431.0,1136.0,0.0
1431.0,1152.0,0.0
1431.0,1171.0,0.0
1431.0,1207.0,0.0
1431.0,1216.0,0.0
1431.0,1224.0,0.0
1431.0,1234.0,0.0
1431.0,1236.0,0.0
1431.0,1248.0,0.0
1431.0,1257.0,0.0
1431.0,1262.0,0.0
1431.0,1264.0,0.0
1431.0,1265.0,0.0
1431.0,1272.0,0.0
1431.0,1273.0,0.0
1431.0,1319.0,0.0
1431.0,1320.0,0.0
1431.0,1321.0,0.0
1431.0,1324.0,0.0
1431.0,1333.0,0.0
1431.0,1334.0,0.0
1432.0,934.0,0.0
1432.0,938.0,0.0
1432.0,939.0,0.0
1432.0,949.0,0.0
1432.0,950.0,0.0
1432.0,983.0,0.0
1432.0,984.0,0.0
1432.0,985.0,0.0
1432.0,997.0,0.0
1432.0,1030.0,0.0
1432.0,1032.0,0.0
1432.0,1101.0,0.0
1432.0,1113.0,0.0
1432.0,1120.0,0.0
1432.0,1121.0,0.0
1432.0,1123.0,0.0
1432.0,1124.0,0.0
1432.0,1126.0,0.0
1432.0,1158.0,0.0
1432.0,1159.0,0.0
1432.0,1162.0,0.0
1432.0,1170.0,0.0
1432.0,1171.0,0.0
1432.0,1223.0,0.0
1432.0,1234.0,0.0
1432.0,1235.0,0.0
1432.0,1237.0,0.0
1432.0,1248.0,0.0
1432.0,1258.0,0.0
1432.0,1261.0,0.0
1432.0,1272.0,0.0
1432.0,1300.0,0.0
1432.0,1301.0,0.0
1432.0,1324.0,0.0
1432.0,1325.0,0.0
1432.0,1333.0,0.0
1433.0,897.0,0.0
1433.0,934.0,0.0
1433.0,935.0,0.0
1433.0,938.0,0.0
1433.0,970.0,0.0
1433.0,980.0,0.0
1433.0,985.0,0.0
1433.0,1032.0,0.0
1433.0,1044.0,0.0
1433.0,1045.0,0.0
1433.0,1083.0,0.0
1433.0,1127.0,0.0
1433.0,1133.0,0.0
1433.0,1134.0,0.0
1433.0,1169.0,0.0
1433.0,1170.0,0.0
1433.0,1209.0,0.0
1433.0,1211.0,0.0
1433.0,1212.0,0.0
1433.0,1215.0,0.0
1433.0,1216.0,0.0
1433.0,1218.0,0.0
1433.0,1222.0,0.0
1433.0,1245.0,0.0
1433.0,1246.0,0.0
1433.0,1261.0,0.0
1433.0,1263.0,0.0
1433.0,1267.0,0.0
1433.0,1272.0,0.0
1433.0,1333.0,0.0
1434.0,897.0,0.0
1434.0,898.0,0.0
1434.0,900.0,0.0
1434.0,901.0,0.0
1434.0,924.0,0.0
1434.0,925.0,0.0
1434.0,935.0,0.0
1434.0,1035.0,0.0
1434.0,1036.0,0.0
1434.0,1043.0,0.0
1434.0,1082.0,0.0
1434.0,1083.0,0.0
1434.0,1127.0,0.0
1434.0,1134.0,0.0
1434.0,1136.0,0.0
1434.0,1159.0,0.0
1434.0,1160.0,0.0
1434.0,1163.0,0.0
1434.0,1169.0,0.0
1434.0,1207.0,0.0
1434.0,1209.0,0.0
1434.0,1211.0,0.0
1434.0,1215.0,0.0
1434.0,1218.0,0.0
1434.0,1244.0,0.0
1434.0,1246.0,0.0
1434.0,1267.0,0.0
1434.0,1271.0,0.0
1434.0,1272.0,0.0
1434.0,1311.0,0.0
1434.0,1329.0,0.0
1434.0,1332.0,0.0
1435.0,900.0,0.0
1435.0,961.0,0.0
1435.0,1028.0,0.0
1435.0,1029.0,0.0
1435.0,1035.0,0.0
1435.0,1043.0,0.0
1435.0,1044.0,0.0
1435.0,1052.0,0.0
1435.0,1059.0,0.0
1435.0,1060.0,0.0
1435.0,1083.0,0.0
1435.0,1136.0,0.0
1435.0,1160.0,0.0
1435.0,1167.0,0.0
1435.0,1168.0,0.0
1435.0,1234.0,0.0
1435.0,1235.0,0.0
1435.0,1236.0,0.0
1435.0,1262.0,0.0
1435.0,1264.0,0.0
1435.0,1270.0,0.0
1435.0,1311.0,0.0
1435.0,1329.0,0.0
1435.0,1332.0,0.0
1436.0,908.0,0.0
1436.0,909.0,0.0
1436.0,925.0,0.0
1436.0,957.0,0.0
1436.0,958.0,0.0
1436.0,962.0,0.0
1436.0,963.0,0.0
1436.0,1052.0,0.0
1436.0,1060.0,0.0
1436.0,1061.0,0.0
1436.0,1083.0,0.0
1436.0,1134.0,0.0
1436.0,1135.0,0.0
1436.0,1164.0,0.0
1436.0,1166.0,0.0
1436.0,1167.0,0.0
1436.0,1185.0,0.0
1436.0,1186.0,0.0
1436.0,1236.0,0.0
1436.0,1262.0,0.0
1436.0,1263.0,0.0
1436.0,1266.0,0.0
1436.0,1310.0,0.0
1436.0,1311.0,0.0
1436.0,1313.0,0.0
1436.0,1316.0,0.0
1437.0,908.0,0.0
1437.0,942.0,0.0
1437.0,951.0,0.0
1437.0,952.0,0.0
1437.0,964.0,0.0
1437.0,975.0,0.0
1437.0,1027.0,0.0
1437.0,1049.0,0.0
1437.0,1083.0,0.0
1437.0,1084.0,0.0
1437.0,1114.0,0.0
1437.0,1163.0,0.0
1437.0,1164.0,0.0
1437.0,1166.0,0.0
1437.0,1184.0,0.0
1437.0,1185.0,0.0
1437.0,1186.0,0.0
1437.0,1207.0,0.0
1437.0,1208.0,0.0
1437.0,1223.0,0.0
1437.0,1224.0,0.0
1437.0,1225.0,0.0
1437.0,1226.0,0.0
1437.0,1264.0,0.0
1437.0,1311.0,0.0
1437.0,1315.0,0.0
1438.0,942.0,0.0
1438.0,975.0,0.0
1438.0,1027.0,0.0
1438.0,1029.0,0.0
1438.0,1044.0,0.0
1438.0,1048.0,0.0
1438.0,1070.0,0.0
1438.0,1112.0,0.0
1438.0,1115.0,0.0
1438.0,1125.0,0.0
1438.0,1183.0,0.0
1438.0,1185.0,0.0
1438.0,1204.0,0.0
1438.0,1205.0,0.0
1438.0,1207.0,0.0
1438.0,1258.0,0.0
1438.0,1260.0,0.0
1438.0,1299.0,0.0
1438.0,1301.0,0.0
1438.0,1328.0,0.0
1438.0,1332.0,0.0
1439.0,900.0,0.0
1439.0,902.0,0.0
1439.0,906.0,0.0
1439.0,973.0,0.0
1439.0,975.0,0.0
1439.0,1029.0,0.0
1439.0,1032.0,0.0
1439.0,1033.0,0.0
1439.0,1034.0,0.0
1439.0,1044.0,0.0
1439.0,1046.0,0.0
1439.0,1069.0,0.0
1439.0,1070.0,0.0
1439.0,1071.0,0.0
1439.0,1081.0,0.0
1439.0,1135.0,0.0
1439.0,1165.0,0.0
1439.0,1166.0,0.0
1439.0,1173.0,0.0
1439.0,1174.0,0.0
1439.0,1175.0,0.0
1439.0,1177.0,0.0
1439.0,1178.0,0.0
1439.0,1183.0,0.0
1439.0,1184.0,0.0
1439.0,1191.0,0.0
1439.0,1193.0,0.0
1439.0,1203.0,0.0
1439.0,1229.0,0.0
1439.0,1255.0,0.0
1439.0,1258.0,0.0
1439.0,1261.0,0.0
1439.0,1263.0,0.0
1439.0,1264.0,0.0
1439.0,1300.0,0.0
1439.0,1308.0,0.0
1439.0,1309.0,0.0
1439.0,1329.0,0.0
1439.0,1330.0,0.0
1439.0,1331.0,0.0
1439.0,1332.0,0.0
1440.0,917.0,0.0
1440.0,943.0,0.0
1440.0,944.0,0.0
1440.0,965.0,0.0
1440.0,1022.0,0.0
1440.0,1031.0,0.0
1440.0,1046.0,0.0
1440.0,1070.0,0.0
1440.0,1129.0,0.0
1440.0,1135.0,0.0
1440.0,1165.0,0.0
1440.0,1166.0,0.0
1440.0,1172.0,0.0
1440.0,1174.0,0.0
1440.0,1182.0,0.0
1440.0,1192.0,0.0
1440.0,1193.0,0.0
1440.0,1194.0,0.0
1440.0,1197.0,0.0
1440.0,1198.0,0.0
1440.0,1199.0,0.0
1440.0,1202.0,0.0
1440.0,1208.0,0.0
1440.0,1253.0,0.0
1440.0,1254.0,0.0
1440.0,1327.0,0.0
1441.0,899.0,0.0
1441.0,916.0,0.0
1441.0,939.0,0.0
1441.0,940.0,0.0
1441.0,957.0,0.0
1441.0,961.0,0.0
1441.0,964.0,0.0
1441.0,1026.0,0.0
1441.0,1027.0,0.0
1441.0,1028.0,0.0
1441.0,1033.0,0.0
1441.0,1034.0,0.0
1441.0,1065.0,0.0
1441.0,1067.0,0.0
1441.0,1162.0,0.0
1441.0,1163.0,0.0
1441.0,1166.0,0.0
1441.0,1170.0,0.0
1441.0,1171.0,0.0
1441.0,1172.0,0.0
1441.0,1176.0,0.0
1441.0,1177.0,0.0
1441.0,1181.0,0.0
1441.0,1182.0,0.0
1441.0,1192.0,0.0
1441.0,1201.0,0.0
1441.0,1210.0,0.0
1441.0,1251.0,0.0
1441.0,1252.0,0.0
1441.0,1255.0,0.0
1441.0,1313.0,0.0
1441.0,1327.0,0.0
1442.0,899.0,0.0
1442.0,900.0,0.0
1442.0,917.0,0.0
1442.0,920.0,0.0
1442.0,921.0,0.0
1442.0,955.0,0.0
1442.0,956.0,0.0
1442.0,957.0,0.0
1442.0,958.0,0.0
1442.0,961.0,0.0
1442.0,976.0,0.0
1442.0,1006.0,0.0
1442.0,1026.0,0.0
1442.0,1034.0,0.0
1442.0,1067.0,0.0
1442.0,1068.0,0.0
1442.0,1163.0,0.0
1442.0,1168.0,0.0
1442.0,1169.0,0.0
1442.0,1191.0,0.0
1442.0,1201.0,0.0
1442.0,1202.0,0.0
1442.0,1232.0,0.0
1442.0,1249.0,0.0
1442.0,1313.0,0.0
1442.0,1332.0,0.0
1442.0,1333.0,0.0
1443.0,902.0,0.0
1443.0,919.0,0.0
1443.0,920.0,0.0
1443.0,941.0,0.0
1443.0,944.0,0.0
1443.0,945.0,0.0
1443.0,956.0,0.0
1443.0,977.0,0.0
1443.0,1005.0,0.0
1443.0,1024.0,0.0
1443.0,1025.0,0.0
1443.0,1065.0,0.0
1443.0,1066.0,0.0
1443.0,1067.0,0.0
1443.0,1071.0,0.0
1443.0,1072.0,0.0
1443.0,1073.0,0.0
1443.0,1109.0,0.0
1443.0,1110.0,0.0
1443.0,1112.0,0.0
1443.0,1118.0,0.0
1443.0,1161.0,0.0
1443.0,1167.0,0.0
1443.0,1168.0,0.0
1443.0,1180.0,0.0
1443.0,1181.0,0.0
1443.0,1191.0,0.0
1443.0,1205.0,0.0
1443.0,1207.0,0.0
1443.0,1208.0,0.0
1443.0,1209.0,0.0
1443.0,1230.0,0.0
1443.0,1231.0,0.0
1443.0,1328.0,0.0
1443.0,1329.0,0.0
1443.0,1330.0,0.0
1443.0,1331.0,0.0
1443.0,1332.0,0.0
1443.0,1335.0,0.0
1443.0,1337.0,0.0
1444.0,901.0,0.0
1444.0,902.0,0.0
1444.0,903.0,0.0
1444.0,940.0,0.0
1444.0,941.0,0.0
1444.0,942.0,0.0
1444.0,944.0,0.0
1444.0,945.0,0.0
1444.0,969.0,0.0
1444.0,971.0,0.0
1444.0,978.0,0.0
1444.0,985.0,0.0
1444.0,986.0,0.0
1444.0,987.0,0.0
1444.0,988.0,0.0
1444.0,1062.0,0.0
1444.0,1099.0,0.0
1444.0,1100.0,0.0
1444.0,1101.0,0.0
1444.0,1102.0,0.0
1444.0,1103.0,0.0
1444.0,1104.0,0.0
1444.0,1107.0,0.0
1444.0,1111.0,0.0
1444.0,1117.0,0.0
1444.0,1118.0,0.0
1444.0,1167.0,0.0
1444.0,1172.0,0.0
1444.0,1173.0,0.0
1444.0,1181.0,0.0
1444.0,1182.0,0.0
1444.0,1184.0,0.0
1444.0,1185.0,0.0
1444.0,1205.0,0.0
1444.0,1230.0,0.0
1444.0,1231.0,0.0
1444.0,1236.0,0.0
1444.0,1237.0,0.0
1444.0,1266.0,0.0
1444.0,1305.0,0.0
1444.0,1312.0,0.0
1444.0,1335.0,0.0
1444.0,1336.0,0.0
1445.0,901.0,0.0
1445.0,902.0,0.0
1445.0,942.0,0.0
1445.0,956.0,0.0
1445.0,957.0,0.0
1445.0,958.0,0.0
1445.0,970.0,0.0
1445.0,973.0,0.0
1445.0,974.0,0.0
1445.0,983.0,0.0
1445.0,985.0,0.0
1445.0,1023.0,0.0
1445.0,1024.0,0.0
1445.0,1034.0,0.0
1445.0,1035.0,0.0
1445.0,1061.0,0.0
1445.0,1077.0,0.0
1445.0,1096.0,0.0
1445.0,1097.0,0.0
1445.0,1098.0,0.0
1445.0,1099.0,0.0
1445.0,1100.0,0.0
1445.0,1104.0,0.0
1445.0,1107.0,0.0
1445.0,1108.0,0.0
1445.0,1111.0,0.0
1445.0,1162.0,0.0
1445.0,1165.0,0.0
1445.0,1172.0,0.0
1445.0,1174.0,0.0
1445.0,1175.0,0.0
1445.0,1184.0,0.0
1445.0,1189.0,0.0
1445.0,1190.0,0.0
1445.0,1230.0,0.0
1445.0,1237.0,0.0
1445.0,1266.0,0.0
1445.0,1267.0,0.0
1445.0,1304.0,0.0
1445.0,1305.0,0.0
1445.0,1328.0,0.0
1445.0,1336.0,0.0
1445.0,1345.0,0.0
1446.0,908.0,0.0
1446.0,909.0,0.0
1446.0,941.0,0.0
1446.0,947.0,0.0
1446.0,973.0,0.0
1446.0,974.0,0.0
1446.0,1004.0,0.0
1446.0,1025.0,0.0
1446.0,1082.0,0.0
1446.0,1083.0,0.0
1446.0,1095.0,0.0
1446.0,1096.0,0.0
1446.0,1135.0,0.0
1446.0,1154.0,0.0
1446.0,1155.0,0.0
1446.0,1162.0,0.0
1446.0,1165.0,0.0
1446.0,1175.0,0.0
1446.0,1266.0,0.0
1446.0,1305.0,0.0
1446.0,1306.0,0.0
1446.0,1307.0,0.0
1446.0,1326.0,0.0
1446.0,1337.0,0.0
1446.0,1340.0,0.0
1446.0,1343.0,0.0
1447.0,915.0,0.0
1447.0,945.0,0.0
1447.0,947.0,0.0
1447.0,974.0,0.0
1447.0,980.0,0.0
1447.0,1004.0,0.0
1447.0,1024.0,0.0
1447.0,1034.0,0.0
1447.0,1035.0,0.0
1447.0,1083.0,0.0
1447.0,1084.0,0.0
1447.0,1085.0,0.0
1447.0,1114.0,0.0
1447.0,1115.0,0.0
1447.0,1153.0,0.0
1447.0,1156.0,0.0
1447.0,1159.0,0.0
1447.0,1160.0,0.0
1447.0,1166.0,0.0
1447.0,1188.0,0.0
1447.0,1216.0,0.0
1447.0,1217.0,0.0
1447.0,1222.0,0.0
1447.0,1237.0,0.0
1447.0,1266.0,0.0
1447.0,1317.0,0.0
1447.0,1319.0,0.0
1447.0,1320.0,0.0
1447.0,1321.0,0.0
1447.0,1342.0,0.0
1448.0,915.0,0.0
1448.0,945.0,0.0
1448.0,958.0,0.0
1448.0,959.0,0.0
1448.0,968.0,0.0
1448.0,973.0,0.0
1448.0,975.0,0.0
1448.0,976.0,0.0
1448.0,983.0,0.0
1448.0,985.0,0.0
1448.0,1004.0,0.0
1448.0,1032.0,0.0
1448.0,1034.0,0.0
1448.0,1062.0,0.0
1448.0,1081.0,0.0
1448.0,1094.0,0.0
1448.0,1095.0,0.0
1448.0,1110.0,0.0
1448.0,1111.0,0.0
1448.0,1114.0,0.0
1448.0,1136.0,0.0
1448.0,1153.0,0.0
1448.0,1154.0,0.0
1448.0,1156.0,0.0
1448.0,1159.0,0.0
1448.0,1183.0,0.0
1448.0,1184.0,0.0
1448.0,1189.0,0.0
1448.0,1221.0,0.0
1448.0,1222.0,0.0
1448.0,1226.0,0.0
1448.0,1227.0,0.0
1448.0,1228.0,0.0
1448.0,1230.0,0.0
1448.0,1237.0,0.0
1448.0,1305.0,0.0
1448.0,1316.0,0.0
1448.0,1317.0,0.0
1448.0,1319.0,0.0
1448.0,1344.0,0.0
1448.0,1345.0,0.0
1449.0,941.0,0.0
1449.0,954.0,0.0
1449.0,955.0,0.0
1449.0,960.0,0.0
1449.0,966.0,0.0
1449.0,967.0,0.0
1449.0,972.0,0.0
1449.0,983.0,0.0
1449.0,1031.0,0.0
1449.0,1050.0,0.0
1449.0,1051.0,0.0
1449.0,1059.0,0.0
1449.0,1062.0,0.0
1449.0,1063.0,0.0
1449.0,1088.0,0.0
1449.0,1089.0,0.0
1449.0,1093.0,0.0
1449.0,1114.0,0.0
1449.0,1135.0,0.0
1449.0,1184.0,0.0
1449.0,1185.0,0.0
1449.0,1214.0,0.0
1449.0,1220.0,0.0
1449.0,1237.0,0.0
1449.0,1238.0,0.0
1449.0,1267.0,0.0
1449.0,1305.0,0.0
1449.0,1341.0,0.0
1450.0,933.0,0.0
1450.0,953.0,0.0
1450.0,961.0,0.0
1450.0,967.0,0.0
1450.0,983.0,0.0
1450.0,984.0,0.0
1450.0,991.0,0.0
1450.0,992.0,0.0
1450.0,998.0,0.0
1450.0,1007.0,0.0
1450.0,1047.0,0.0
1450.0,1048.0,0.0
1450.0,1061.0,0.0
1450.0,1082.0,0.0
1450.0,1087.0,0.0
1450.0,1093.0,0.0
1450.0,1149.0,0.0
1450.0,1157.0,0.0
1450.0,1173.0,0.0
1450.0,1214.0,0.0
1450.0,1216.0,0.0
1450.0,1222.0,0.0
1450.0,1238.0,0.0
1450.0,1266.0,0.0
1450.0,1267.0,0.0
1450.0,1268.0,0.0
1450.0,1298.0,0.0
1450.0,1299.0,0.0
1450.0,1305.0,0.0
1450.0,1315.0,0.0
1450.0,1316.0,0.0
1450.0,1317.0,0.0
1451.0,920.0,0.0
1451.0,933.0,0.0
1451.0,939.0,0.0
1451.0,940.0,0.0
1451.0,960.0,0.0
1451.0,961.0,0.0
1451.0,969.0,0.0
1451.0,1026.0,0.0
1451.0,1027.0,0.0
1451.0,1030.0,0.0
1451.0,1031.0,0.0
1451.0,1039.0,0.0
1451.0,1047.0,0.0
1451.0,1081.0,0.0
1451.0,1087.0,0.0
1451.0,1093.0,0.0
1451.0,1095.0,0.0
1451.0,1122.0,0.0
1451.0,1148.0,0.0
1451.0,1175.0,0.0
1451.0,1176.0,0.0
1451.0,1177.0,0.0
1451.0,1178.0,0.0
1451.0,1179.0,0.0
1451.0,1187.0,0.0
1451.0,1189.0,0.0
1451.0,1204.0,0.0
1451.0,1205.0,0.0
1451.0,1206.0,0.0
1451.0,1207.0,0.0
1451.0,1208.0,0.0
1451.0,1209.0,0.0
1451.0,1210.0,0.0
1451.0,1211.0,0.0
1451.0,1212.0,0.0
1451.0,1213.0,0.0
1451.0,1214.0,0.0
1451.0,1223.0,0.0
1451.0,1238.0,0.0
1451.0,1239.0,0.0
1451.0,1266.0,0.0
1451.0,1268.0,0.0
1451.0,1271.0,0.0
1451.0,1273.0,0.0
1451.0,1297.0,0.0
1451.0,1298.0,0.0
1451.0,1301.0,0.0
1452.0,920.0,0.0
1452.0,928.0,0.0
1452.0,929.0,0.0
1452.0,939.0,0.0
1452.0,950.0,0.0
1452.0,951.0,0.0
1452.0,969.0,0.0
1452.0,970.0,0.0
1452.0,1004.0,0.0
1452.0,1011.0,0.0
1452.0,1027.0,0.0
1452.0,1028.0,0.0
1452.0,1029.0,0.0
1452.0,1030.0,0.0
1452.0,1038.0,0.0
1452.0,1039.0,0.0
1452.0,1046.0,0.0
1452.0,1080.0,0.0
1452.0,1095.0,0.0
1452.0,1102.0,0.0
1452.0,1112.0,0.0
1452.0,1116.0,0.0
1452.0,1143.0,0.0
1452.0,1159.0,0.0
1452.0,1171.0,0.0
1452.0,1172.0,0.0
1452.0,1174.0,0.0
1452.0,1179.0,0.0
1452.0,1183.0,0.0
1452.0,1207.0,0.0
1452.0,1208.0,0.0
1452.0,1215.0,0.0
1452.0,1217.0,0.0
1452.0,1218.0,0.0
1452.0,1219.0,0.0
1452.0,1222.0,0.0
1452.0,1233.0,0.0
1452.0,1234.0,0.0
1452.0,1246.0,0.0
1452.0,1271.0,0.0
1452.0,1273.0,0.0
1452.0,1274.0,0.0
1452.0,1296.0,0.0
1452.0,1313.0,0.0
1452.0,1315.0,0.0
1453.0,920.0,0.0
1453.0,932.0,0.0
1453.0,946.0,0.0
1453.0,951.0,0.0
1453.0,952.0,0.0
1453.0,969.0,0.0
1453.0,970.0,0.0
1453.0,991.0,0.0
1453.0,994.0,0.0
1453.0,1003.0,0.0
1453.0,1004.0,0.0
1453.0,1021.0,0.0
1453.0,1025.0,0.0
1453.0,1038.0,0.0
1453.0,1096.0,0.0
1453.0,1097.0,0.0
1453.0,1101.0,0.0
1453.0,1102.0,0.0
1453.0,1115.0,0.0
1453.0,1116.0,0.0
1453.0,1141.0,0.0
1453.0,1143.0,0.0
1453.0,1160.0,0.0
1453.0,1166.0,0.0
1453.0,1169.0,0.0
1453.0,1170.0,0.0
1453.0,1181.0,0.0
1453.0,1182.0,0.0
1453.0,1192.0,0.0
1453.0,1219.0,0.0
1453.0,1220.0,0.0
1453.0,1221.0,0.0
1453.0,1222.0,0.0
1453.0,1233.0,0.0
1453.0,1243.0,0.0
1453.0,1246.0,0.0
1453.0,1247.0,0.0
1453.0,1302.0,0.0
1453.0,1303.0,0.0
1453.0,1313.0,0.0
1454.0,933.0,0.0
1454.0,969.0,0.0
1454.0,983.0,0.0
1454.0,984.0,0.0
1454.0,993.0,0.0
1454.0,1003.0,0.0
1454.0,1021.0,0.0
1454.0,1022.0,0.0
1454.0,1023.0,0.0
1454.0,1096.0,0.0
1454.0,1102.0,0.0
1454.0,1115.0,0.0
1454.0,1138.0,0.0
1454.0,1139.0,0.0
1454.0,1140.0,0.0
1454.0,1141.0,0.0
1454.0,1145.0,0.0
1454.0,1147.0,0.0
1454.0,1159.0,0.0
1454.0,1165.0,0.0
1454.0,1167.0,0.0
1454.0,1168.0,0.0
1454.0,1180.0,0.0
1454.0,1184.0,0.0
1454.0,1185.0,0.0
1454.0,1192.0,0.0
1454.0,1202.0,0.0
1454.0,1203.0,0.0
1454.0,1207.0,0.0
1454.0,1221.0,0.0
1454.0,1222.0,0.0
1454.0,1243.0,0.0
1454.0,1247.0,0.0
1454.0,1276.0,0.0
1454.0,1277.0,0.0
1454.0,1287.0,0.0
1454.0,1288.0,0.0
1454.0,1302.0,0.0
1454.0,1303.0,0.0
1455.0,968.0,0.0
1455.0,969.0,0.0
1455.0,981.0,0.0
1455.0,982.0,0.0
1455.0,984.0,0.0
1455.0,1004.0,0.0
1455.0,1022.0,0.0
1455.0,1061.0,0.0
1455.0,1092.0,0.0
1455.0,1093.0,0.0
1455.0,1157.0,0.0
1455.0,1158.0,0.0
1455.0,1159.0,0.0
1455.0,1164.0,0.0
1455.0,1165.0,0.0
1455.0,1179.0,0.0
1455.0,1180.0,0.0
1455.0,1202.0,0.0
1455.0,1205.0,0.0
1455.0,1206.0,0.0
1455.0,1233.0,0.0
1455.0,1285.0,0.0
1455.0,1286.0,0.0
1455.0,1287.0,0.0
1455.0,1293.0,0.0
1455.0,1302.0,0.0
1456.0,906.0,0.0
1456.0,920.0,0.0
1456.0,921.0,0.0
1456.0,922.0,0.0
1456.0,923.0,0.0
1456.0,926.0,0.0
1456.0,927.0,0.0
1456.0,967.0,0.0
1456.0,977.0,0.0
1456.0,981.0,0.0
1456.0,1040.0,0.0
1456.0,1041.0,0.0
1456.0,1062.0,0.0
1456.0,1090.0,0.0
1456.0,1137.0,0.0
1456.0,1157.0,0.0
1456.0,1179.0,0.0
1456.0,1180.0,0.0
1456.0,1184.0,0.0
1456.0,1201.0,0.0
1456.0,1225.0,0.0
1456.0,1226.0,0.0
1456.0,1232.0,0.0
1456.0,1233.0,0.0
1456.0,1234.0,0.0
1456.0,1276.0,0.0
1456.0,1284.0,0.0
1456.0,1285.0,0.0
1456.0,1302.0,0.0
1457.0,924.0,0.0
1457.0,939.0,0.0
1457.0,940.0,0.0
1457.0,941.0,0.0
1457.0,942.0,0.0
1457.0,1038.0,0.0
1457.0,1039.0,0.0
1457.0,1114.0,0.0
1457.0,1142.0,0.0
1457.0,1143.0,0.0
1457.0,1185.0,0.0
1457.0,1198.0,0.0
1457.0,1199.0,0.0
1457.0,1200.0,0.0
1457.0,1227.0,0.0
1457.0,1277.0,0.0
1457.0,1301.0,0.0
1457.0,1302.0,0.0
1458.0,904.0,0.0
1458.0,905.0,0.0
1458.0,906.0,0.0
1458.0,925.0,0.0
1458.0,939.0,0.0
1458.0,942.0,0.0
1458.0,956.0,0.0
1458.0,1033.0,0.0
1458.0,1034.0,0.0
1458.0,1037.0,0.0
1458.0,1038.0,0.0
1458.0,1063.0,0.0
1458.0,1090.0,0.0
1458.0,1091.0,0.0
1458.0,1115.0,0.0
1458.0,1120.0,0.0
1458.0,1121.0,0.0
1458.0,1143.0,0.0
1458.0,1146.0,0.0
1458.0,1180.0,0.0
1458.0,1181.0,0.0
1458.0,1189.0,0.0
1458.0,1190.0,0.0
1458.0,1196.0,0.0
1458.0,1201.0,0.0
1458.0,1202.0,0.0
1458.0,1229.0,0.0
1458.0,1288.0,0.0
1458.0,1289.0,0.0
1458.0,1290.0,0.0
1458.0,1343.0,0.0
1458.0,1345.0,0.0
1459.0,928.0,0.0
1459.0,938.0,0.0
1459.0,956.0,0.0
1459.0,1032.0,0.0
1459.0,1036.0,0.0
1459.0,1037.0,0.0
1459.0,1067.0,0.0
1459.0,1091.0,0.0
1459.0,1113.0,0.0
1459.0,1121.0,0.0
1459.0,1123.0,0.0
1459.0,1125.0,0.0
1459.0,1126.0,0.0
1459.0,1132.0,0.0
1459.0,1145.0,0.0
1459.0,1159.0,0.0
1459.0,1160.0,0.0
1459.0,1169.0,0.0
1459.0,1180.0,0.0
1459.0,1181.0,0.0
1459.0,1188.0,0.0
1459.0,1189.0,0.0
1459.0,1230.0,0.0
1459.0,1231.0,0.0
1459.0,1261.0,0.0
1459.0,1262.0,0.0
1459.0,1335.0,0.0
1459.0,1345.0,0.0
1460.0,926.0,0.0
1460.0,939.0,0.0
1460.0,972.0,0.0
1460.0,1027.0,0.0
1460.0,1033.0,0.0
1460.0,1056.0,0.0
1460.0,1057.0,0.0
1460.0,1058.0,0.0
1460.0,1064.0,0.0
1460.0,1065.0,0.0
1460.0,1113.0,0.0
1460.0,1122.0,0.0
1460.0,1123.0,0.0
1460.0,1131.0,0.0
1460.0,1139.0,0.0
1460.0,1141.0,0.0
1460.0,1145.0,0.0
1460.0,1147.0,0.0
1460.0,1157.0,0.0
1460.0,1159.0,0.0
1460.0,1165.0,0.0
1460.0,1171.0,0.0
1460.0,1175.0,0.0
1460.0,1177.0,0.0
1460.0,1178.0,0.0
1460.0,1195.0,0.0
1460.0,1201.0,0.0
1460.0,1231.0,0.0
1460.0,1232.0,0.0
1460.0,1261.0,0.0
1460.0,1262.0,0.0
1460.0,1302.0,0.0
1460.0,1318.0,0.0
1460.0,1334.0,0.0
1460.0,1335.0,0.0
1460.0,1342.0,0.0
1461.0,926.0,0.0
1461.0,927.0,0.0
1461.0,943.0,0.0
1461.0,972.0,0.0
1461.0,982.0,0.0
1461.0,1028.0,0.0
1461.0,1055.0,0.0
1461.0,1063.0,0.0
1461.0,1064.0,0.0
1461.0,1065.0,0.0
1461.0,1091.0,0.0
1461.0,1092.0,0.0
1461.0,1119.0,0.0
1461.0,1135.0,0.0
1461.0,1136.0,0.0
1461.0,1137.0,0.0
1461.0,1139.0,0.0
1461.0,1140.0,0.0
1461.0,1155.0,0.0
1461.0,1165.0,0.0
1461.0,1175.0,0.0
1461.0,1176.0,0.0
1461.0,1195.0,0.0
1461.0,1196.0,0.0
1461.0,1197.0,0.0
1461.0,1198.0,0.0
1461.0,1232.0,0.0
1461.0,1255.0,0.0
1461.0,1261.0,0.0
1461.0,1281.0,0.0
1461.0,1282.0,0.0
1461.0,1285.0,0.0
1461.0,1286.0,0.0
1461.0,1302.0,0.0
1461.0,1333.0,0.0
1461.0,1334.0,0.0
1462.0,927.0,0.0
1462.0,937.0,0.0
1462.0,942.0,0.0
1462.0,981.0,0.0
1462.0,1038.0,0.0
1462.0,1039.0,0.0
1462.0,1043.0,0.0
1462.0,1044.0,0.0
1462.0,1050.0,0.0
1462.0,1063.0,0.0
1462.0,1114.0,0.0
1462.0,1116.0,0.0
1462.0,1118.0,0.0
1462.0,1136.0,0.0
1462.0,1137.0,0.0
1462.0,1145.0,0.0
1462.0,1147.0,0.0
1462.0,1156.0,0.0
1462.0,1157.0,0.0
1462.0,1161.0,0.0
1462.0,1171.0,0.0
1462.0,1172.0,0.0
1462.0,1179.0,0.0
1462.0,1180.0,0.0
1462.0,1195.0,0.0
1462.0,1198.0,0.0
1462.0,1199.0,0.0
1462.0,1232.0,0.0
1462.0,1233.0,0.0
1462.0,1234.0,0.0
1462.0,1256.0,0.0
1462.0,1257.0,0.0
1462.0,1258.0,0.0
1462.0,1262.0,0.0
1462.0,1282.0,0.0
1462.0,1283.0,0.0
1462.0,1286.0,0.0
1462.0,1287.0,0.0
1462.0,1300.0,0.0
1462.0,1301.0,0.0
1462.0,1303.0,0.0
1462.0,1306.0,0.0
1462.0,1307.0,0.0
1462.0,1308.0,0.0
1462.0,1342.0,0.0
1462.0,1343.0,0.0
1462.0,1344.0,0.0
1462.0,1345.0,0.0
1463.0,903.0,0.0
1463.0,927.0,0.0
1463.0,937.0,0.0
1463.0,938.0,0.0
1463.0,942.0,0.0
1463.0,1037.0,0.0
1463.0,1040.0,0.0
1463.0,1041.0,0.0
1463.0,1043.0,0.0
1463.0,1044.0,0.0
1463.0,1048.0,0.0
1463.0,1049.0,0.0
1463.0,1061.0,0.0
1463.0,1110.0,0.0
1463.0,1112.0,0.0
1463.0,1116.0,0.0
1463.0,1117.0,0.0
1463.0,1142.0,0.0
1463.0,1149.0,0.0
1463.0,1151.0,0.0
1463.0,1160.0,0.0
1463.0,1161.0,0.0
1463.0,1162.0,0.0
1463.0,1179.0,0.0
1463.0,1180.0,0.0
1463.0,1199.0,0.0
1463.0,1232.0,0.0
1463.0,1238.0,0.0
1463.0,1251.0,0.0
1463.0,1257.0,0.0
1463.0,1258.0,0.0
1463.0,1281.0,0.0
1463.0,1287.0,0.0
1463.0,1301.0,0.0
1463.0,1307.0,0.0
1463.0,1345.0,0.0
1464.0,918.0,0.0
1464.0,919.0,0.0
1464.0,922.0,0.0
1464.0,924.0,0.0
1464.0,926.0,0.0
1464.0,935.0,0.0
1464.0,936.0,0.0
1464.0,938.0,0.0
1464.0,952.0,0.0
1464.0,979.0,0.0
1464.0,1001.0,0.0
1464.0,1045.0,0.0
1464.0,1046.0,0.0
1464.0,1060.0,0.0
1464.0,1063.0,0.0
1464.0,1065.0,0.0
1464.0,1109.0,0.0
1464.0,1110.0,0.0
1464.0,1112.0,0.0
1464.0,1113.0,0.0
1464.0,1143.0,0.0
1464.0,1149.0,0.0
1464.0,1153.0,0.0
1464.0,1154.0,0.0
1464.0,1159.0,0.0
1464.0,1161.0,0.0
1464.0,1163.0,0.0
1464.0,1194.0,0.0
1464.0,1198.0,0.0
1464.0,1233.0,0.0
1464.0,1238.0,0.0
1464.0,1286.0,0.0
1464.0,1287.0,0.0
1464.0,1296.0,0.0
1464.0,1298.0,0.0
1465.0,901.0,0.0
1465.0,912.0,0.0
1465.0,925.0,0.0
1465.0,926.0,0.0
1465.0,935.0,0.0
1465.0,952.0,0.0
1465.0,953.0,0.0
1465.0,978.0,0.0
1465.0,1059.0,0.0
1465.0,1060.0,0.0
1465.0,1061.0,0.0
1465.0,1086.0,0.0
1465.0,1095.0,0.0
1465.0,1107.0,0.0
1465.0,1108.0,0.0
1465.0,1144.0,0.0
1465.0,1146.0,0.0
1465.0,1149.0,0.0
1465.0,1154.0,0.0
1465.0,1157.0,0.0
1465.0,1196.0,0.0
1465.0,1198.0,0.0
1465.0,1234.0,0.0
1465.0,1237.0,0.0
1465.0,1250.0,0.0
1465.0,1260.0,0.0
1465.0,1261.0,0.0
1465.0,1262.0,0.0
1465.0,1282.0,0.0
1465.0,1298.0,0.0
1465.0,1323.0,0.0
1465.0,1331.0,0.0
1465.0,1332.0,0.0
1466.0,905.0,0.0
1466.0,913.0,0.0
1466.0,931.0,0.0
1466.0,932.0,0.0
1466.0,933.0,0.0
1466.0,938.0,0.0
1466.0,1064.0,0.0
1466.0,1065.0,0.0
1466.0,1067.0,0.0
1466.0,1086.0,0.0
1466.0,1087.0,0.0
1466.0,1098.0,0.0
1466.0,1152.0,0.0
1466.0,1161.0,0.0
1466.0,1178.0,0.0
1466.0,1180.0,0.0
1466.0,1181.0,0.0
1466.0,1196.0,0.0
1466.0,1197.0,0.0
1466.0,1199.0,0.0
1466.0,1235.0,0.0
1466.0,1237.0,0.0
1466.0,1238.0,0.0
1466.0,1258.0,0.0
1466.0,1260.0,0.0
1466.0,1262.0,0.0
1466.0,1263.0,0.0
1466.0,1280.0,0.0
1466.0,1283.0,0.0
1466.0,1295.0,0.0
1466.0,1298.0,0.0
1467.0,922.0,0.0
1467.0,923.0,0.0
1467.0,937.0,0.0
1467.0,938.0,0.0
1467.0,948.0,0.0
1467.0,949.0,0.0
1467.0,957.0,0.0
1467.0,976.0,0.0
1467.0,977.0,0.0
1467.0,1006.0,0.0
1467.0,1008.0,0.0
1467.0,1065.0,0.0
1467.0,1087.0,0.0
1467.0,1095.0,0.0
1467.0,1097.0,0.0
1467.0,1102.0,0.0
1467.0,1103.0,0.0
1467.0,1145.0,0.0
1467.0,1152.0,0.0
1467.0,1160.0,0.0
1467.0,1180.0,0.0
1467.0,1185.0,0.0
1467.0,1186.0,0.0
1467.0,1196.0,0.0
1467.0,1249.0,0.0
1467.0,1251.0,0.0
1467.0,1254.0,0.0
1467.0,1256.0,0.0
1467.0,1257.0,0.0
1467.0,1258.0,0.0
1467.0,1259.0,0.0
1467.0,1279.0,0.0
1467.0,1280.0,0.0
1467.0,1281.0,0.0
1467.0,1282.0,0.0
1467.0,1283.0,0.0
1467.0,1286.0,0.0
1467.0,1287.0,0.0
1467.0,1295.0,0.0
1467.0,1325.0,0.0
1467.0,1332.0,0.0
1468.0,902.0,0.0
1468.0,908.0,0.0
1468.0,909.0,0.0
1468.0,918.0,0.0
1468.0,923.0,0.0
1468.0,934.0,0.0
1468.0,935.0,0.0
1468.0,937.0,0.0
1468.0,948.0,0.0
1468.0,949.0,0.0
1468.0,950.0,0.0
1468.0,956.0,0.0
1468.0,1006.0,0.0
1468.0,1007.0,0.0
1468.0,1102.0,0.0
1468.0,1103.0,0.0
1468.0,1109.0,0.0
1468.0,1144.0,0.0
1468.0,1145.0,0.0
1468.0,1152.0,0.0
1468.0,1157.0,0.0
1468.0,1160.0,0.0
1468.0,1173.0,0.0
1468.0,1182.0,0.0
1468.0,1183.0,0.0
1468.0,1184.0,0.0
1468.0,1196.0,0.0
1468.0,1252.0,0.0
1468.0,1262.0,0.0
1468.0,1285.0,0.0
1468.0,1286.0,0.0
1468.0,1293.0,0.0
1468.0,1294.0,0.0
1468.0,1321.0,0.0
1468.0,1323.0,0.0
1469.0,901.0,0.0
1469.0,902.0,0.0
1469.0,956.0,0.0
1469.0,977.0,0.0
1469.0,978.0,0.0
1469.0,979.0,0.0
1469.0,981.0,0.0
1469.0,983.0,0.0
1469.0,985.0,0.0
1469.0,1008.0,0.0
1469.0,1010.0,0.0
1469.0,1068.0,0.0
1469.0,1069.0,0.0
1469.0,1111.0,0.0
1469.0,1114.0,0.0
1469.0,1144.0,0.0
1469.0,1160.0,0.0
1469.0,1171.0,0.0
1469.0,1176.0,0.0
1469.0,1184.0,0.0
1469.0,1196.0,0.0
1469.0,1197.0,0.0
1469.0,1236.0,0.0
1469.0,1237.0,0.0
1469.0,1239.0,0.0
1469.0,1262.0,0.0
1469.0,1263.0,0.0
1469.0,1266.0,0.0
1469.0,1267.0,0.0
1469.0,1276.0,0.0
1469.0,1278.0,0.0
1469.0,1279.0,0.0
1469.0,1293.0,0.0
1469.0,1295.0,0.0
1469.0,1317.0,0.0
1469.0,1321.0,0.0
1469.0,1322.0,0.0
1469.0,1328.0,0.0
1469.0,1329.0,0.0
1470.0,897.0,0.0
1470.0,901.0,0.0
1470.0,916.0,0.0
1470.0,918.0,0.0
1470.0,981.0,0.0
1470.0,986.0,0.0
1470.0,1010.0,0.0
1470.0,1117.0,0.0
1470.0,1118.0,0.0
1470.0,1119.0,0.0
1470.0,1120.0,0.0
1470.0,1121.0,0.0
1470.0,1143.0,0.0
1470.0,1160.0,0.0
1470.0,1171.0,0.0
1470.0,1172.0,0.0
1470.0,1179.0,0.0
1470.0,1183.0,0.0
1470.0,1187.0,0.0
1470.0,1197.0,0.0
1470.0,1236.0,0.0
1470.0,1237.0,0.0
1470.0,1250.0,0.0
1470.0,1251.0,0.0
1470.0,1255.0,0.0
1470.0,1256.0,0.0
1470.0,1266.0,0.0
1470.0,1268.0,0.0
1470.0,1269.0,0.0
1470.0,1277.0,0.0
1470.0,1285.0,0.0
1470.0,1298.0,0.0
1470.0,1304.0,0.0
1470.0,1305.0,0.0
1470.0,1316.0,0.0
1470.0,1317.0,0.0
1471.0,899.0,0.0
1471.0,910.0,0.0
1471.0,912.0,0.0
1471.0,916.0,0.0
1471.0,918.0,0.0
1471.0,937.0,0.0
1471.0,938.0,0.0
1471.0,1019.0,0.0
1471.0,1067.0,0.0
1471.0,1069.0,0.0
1471.0,1075.0,0.0
1471.0,1079.0,0.0
1471.0,1086.0,0.0
1471.0,1087.0,0.0
1471.0,1088.0,0.0
1471.0,1109.0,0.0
1471.0,1119.0,0.0
1471.0,1142.0,0.0
1471.0,1143.0,0.0
1471.0,1169.0,0.0
1471.0,1187.0,0.0
1471.0,1193.0,0.0
1471.0,1240.0,0.0
1471.0,1256.0,0.0
1471.0,1264.0,0.0
1471.0,1282.0,0.0
1471.0,1283.0,0.0
1471.0,1284.0,0.0
1471.0,1285.0,0.0
1471.0,1298.0,0.0
1471.0,1302.0,0.0
1471.0,1304.0,0.0
1471.0,1315.0,0.0
1471.0,1316.0,0.0
1472.0,906.0,0.0
1472.0,912.0,0.0
1472.0,913.0,0.0
1472.0,927.0,0.0
1472.0,936.0,0.0
1472.0,937.0,0.0
1472.0,988.0,0.0
1472.0,990.0,0.0
1472.0,993.0,0.0
1472.0,1007.0,0.0
1472.0,1039.0,0.0
1472.0,1070.0,0.0
1472.0,1073.0,0.0
1472.0,1074.0,0.0
1472.0,1079.0,0.0
1472.0,1085.0,0.0
1472.0,1086.0,0.0
1472.0,1087.0,0.0
1472.0,1102.0,0.0
1472.0,1103.0,0.0
1472.0,1104.0,0.0
1472.0,1107.0,0.0
1472.0,1109.0,0.0
1472.0,1120.0,0.0
1472.0,1143.0,0.0
1472.0,1170.0,0.0
1472.0,1177.0,0.0
1472.0,1178.0,0.0
1472.0,1188.0,0.0
1472.0,1192.0,0.0
1472.0,1193.0,0.0
1472.0,1237.0,0.0
1472.0,1240.0,0.0
1472.0,1244.0,0.0
1472.0,1245.0,0.0
1472.0,1282.0,0.0
1472.0,1303.0,0.0
1472.0,1315.0,0.0
1472.0,1318.0,0.0
1472.0,1319.0,0.0
1472.0,1321.0,0.0
1473.0,905.0,0.0
1473.0,906.0,0.0
1473.0,907.0,0.0
1473.0,926.0,0.0
1473.0,988.0,0.0
1473.0,1054.0,0.0
1473.0,1070.0,0.0
1473.0,1073.0,0.0
1473.0,1113.0,0.0
1473.0,1115.0,0.0
1473.0,1119.0,0.0
1473.0,1120.0,0.0
1473.0,1167.0,0.0
1473.0,1171.0,0.0
1473.0,1172.0,0.0
1473.0,1176.0,0.0
1473.0,1188.0,0.0
1473.0,1190.0,0.0
1473.0,1192.0,0.0
1473.0,1193.0,0.0
1473.0,1197.0,0.0
1473.0,1242.0,0.0
1473.0,1244.0,0.0
1473.0,1245.0,0.0
1473.0,1256.0,0.0
1473.0,1257.0,0.0
1473.0,1264.0,0.0
1473.0,1275.0,0.0
1473.0,1281.0,0.0
1473.0,1301.0,0.0
1473.0,1319.0,0.0
1473.0,1321.0,0.0
1474.0,923.0,0.0
1474.0,924.0,0.0
1474.0,925.0,0.0
1474.0,926.0,0.0
1474.0,933.0,0.0
1474.0,987.0,0.0
1474.0,1010.0,0.0
1474.0,1054.0,0.0
1474.0,1069.0,0.0
1474.0,1071.0,0.0
1474.0,1075.0,0.0
1474.0,1077.0,0.0
1474.0,1100.0,0.0
1474.0,1116.0,0.0
1474.0,1166.0,0.0
1474.0,1167.0,0.0
1474.0,1168.0,0.0
1474.0,1175.0,0.0
1474.0,1187.0,0.0
1474.0,1192.0,0.0
1474.0,1193.0,0.0
1474.0,1242.0,0.0
1474.0,1264.0,0.0
1474.0,1278.0,0.0
1474.0,1282.0,0.0
1474.0,1288.0,0.0
1474.0,1300.0,0.0
1474.0,1301.0,0.0
1475.0,901.0,0.0
1475.0,923.0,0.0
1475.0,924.0,0.0
1475.0,929.0,0.0
1475.0,932.0,0.0
1475.0,938.0,0.0
1475.0,1009.0,0.0
1475.0,1010.0,0.0
1475.0,1028.0,0.0
1475.0,1040.0,0.0
1475.0,1051.0,0.0
1475.0,1052.0,0.0
1475.0,1053.0,0.0
1475.0,1054.0,0.0
1475.0,1064.0,0.0
1475.0,1069.0,0.0
1475.0,1075.0,0.0
1475.0,1097.0,0.0
1475.0,1104.0,0.0
1475.0,1109.0,0.0
1475.0,1110.0,0.0
1475.0,1117.0,0.0
1475.0,1119.0,0.0
1475.0,1166.0,0.0
1475.0,1175.0,0.0
1475.0,1176.0,0.0
1475.0,1192.0,0.0
1475.0,1239.0,0.0
1475.0,1240.0,0.0
1475.0,1256.0,0.0
1475.0,1264.0,0.0
1475.0,1282.0,0.0
1475.0,1299.0,0.0
1475.0,1300.0,0.0
1475.0,1314.0,0.0
1475.0,1331.0,0.0
1476.0,901.0,0.0
1476.0,902.0,0.0
1476.0,906.0,0.0
1476.0,907.0,0.0
1476.0,927.0,0.0
1476.0,937.0,0.0
1476.0,938.0,0.0
1476.0,940.0,0.0
1476.0,941.0,0.0
1476.0,995.0,0.0
1476.0,996.0,0.0
1476.0,1028.0,0.0
1476.0,1039.0,0.0
1476.0,1053.0,0.0
1476.0,1065.0,0.0
1476.0,1078.0,0.0
1476.0,1088.0,0.0
1476.0,1089.0,0.0
1476.0,1092.0,0.0
1476.0,1102.0,0.0
1476.0,1103.0,0.0
1476.0,1111.0,0.0
1476.0,1112.0,0.0
1476.0,1114.0,0.0
1476.0,1115.0,0.0
1476.0,1119.0,0.0
1476.0,1120.0,0.0
1476.0,1121.0,0.0
1476.0,1165.0,0.0
1476.0,1170.0,0.0
1476.0,1171.0,0.0
1476.0,1189.0,0.0
1476.0,1240.0,0.0
1476.0,1243.0,0.0
1476.0,1244.0,0.0
1476.0,1254.0,0.0
1476.0,1255.0,0.0
1476.0,1257.0,0.0
1476.0,1264.0,0.0
1476.0,1274.0,0.0
1476.0,1276.0,0.0
1476.0,1289.0,0.0
1476.0,1314.0,0.0
1477.0,919.0,0.0
1477.0,960.0,0.0
1477.0,961.0,0.0
1477.0,963.0,0.0
1477.0,964.0,0.0
1477.0,965.0,0.0
1477.0,970.0,0.0
1477.0,971.0,0.0
1477.0,972.0,0.0
1477.0,987.0,0.0
1477.0,988.0,0.0
1477.0,994.0,0.0
1477.0,1009.0,0.0
1477.0,1010.0,0.0
1477.0,1039.0,0.0
1477.0,1086.0,0.0
1477.0,1087.0,0.0
1477.0,1091.0,0.0
1477.0,1120.0,0.0
1477.0,1165.0,0.0
1477.0,1171.0,0.0
1477.0,1172.0,0.0
1477.0,1191.0,0.0
1477.0,1192.0,0.0
1477.0,1193.0,0.0
1477.0,1196.0,0.0
1477.0,1240.0,0.0
1477.0,1241.0,0.0
1477.0,1243.0,0.0
1477.0,1253.0,0.0
1477.0,1264.0,0.0
1477.0,1265.0,0.0
1477.0,1273.0,0.0
1477.0,1274.0,0.0
1477.0,1285.0,0.0
1477.0,1288.0,0.0
1477.0,1303.0,0.0
1477.0,1315.0,0.0
1477.0,1316.0,0.0
1477.0,1329.0,0.0
1477.0,1330.0,0.0
1477.0,1331.0,0.0
1477.0,1332.0,0.0
1478.0,919.0,0.0
1478.0,920.0,0.0
1478.0,927.0,0.0
1478.0,928.0,0.0
1478.0,929.0,0.0
1478.0,930.0,0.0
1478.0,937.0,0.0
1478.0,938.0,0.0
1478.0,939.0,0.0
1478.0,950.0,0.0
1478.0,951.0,0.0
1478.0,952.0,0.0
1478.0,961.0,0.0
1478.0,966.0,0.0
1478.0,972.0,0.0
1478.0,988.0,0.0
1478.0,994.0,0.0
1478.0,995.0,0.0
1478.0,1027.0,0.0
1478.0,1028.0,0.0
1478.0,1039.0,0.0
1478.0,1077.0,0.0
1478.0,1085.0,0.0
1478.0,1108.0,0.0
1478.0,1110.0,0.0
1478.0,1137.0,0.0
1478.0,1166.0,0.0
1478.0,1169.0,0.0
1478.0,1170.0,0.0
1478.0,1193.0,0.0
1478.0,1243.0,0.0
1478.0,1256.0,0.0
1478.0,1264.0,0.0
1478.0,1265.0,0.0
1478.0,1272.0,0.0
1478.0,1273.0,0.0
1478.0,1278.0,0.0
1478.0,1282.0,0.0
1478.0,1284.0,0.0
1478.0,1288.0,0.0
1478.0,1314.0,0.0
1478.0,1315.0,0.0
1479.0,902.0,0.0
1479.0,903.0,0.0
1479.0,917.0,0.0
1479.0,919.0,0.0
1479.0,936.0,0.0
1479.0,970.0,0.0
1479.0,971.0,0.0
1479.0,982.0,0.0
1479.0,983.0,0.0
1479.0,985.0,0.0
1479.0,1075.0,0.0
1479.0,1076.0,0.0
1479.0,1082.0,0.0
1479.0,1083.0,0.0
1479.0,1084.0,0.0
1479.0,1085.0,0.0
1479.0,1101.0,0.0
1479.0,1106.0,0.0
1479.0,1163.0,0.0
1479.0,1165.0,0.0
1479.0,1178.0,0.0
1479.0,1192.0,0.0
1479.0,1244.0,0.0
1479.0,1271.0,0.0
1479.0,1272.0,0.0
1479.0,1277.0,0.0
1479.0,1291.0,0.0
1479.0,1334.0,0.0
1480.0,917.0,0.0
1480.0,942.0,0.0
1480.0,943.0,0.0
1480.0,951.0,0.0
1480.0,981.0,0.0
1480.0,982.0,0.0
1480.0,985.0,0.0
1480.0,1010.0,0.0
1480.0,1074.0,0.0
1480.0,1075.0,0.0
1480.0,1082.0,0.0
1480.0,1086.0,0.0
1480.0,1094.0,0.0
1480.0,1100.0,0.0
1480.0,1101.0,0.0
1480.0,1147.0,0.0
1480.0,1163.0,0.0
1480.0,1168.0,0.0
1480.0,1173.0,0.0
1480.0,1193.0,0.0
1480.0,1196.0,0.0
1480.0,1240.0,0.0
1480.0,1241.0,0.0
1480.0,1244.0,0.0
1480.0,1262.0,0.0
1480.0,1264.0,0.0
1480.0,1265.0,0.0
1480.0,1268.0,0.0
1480.0,1282.0,0.0
1480.0,1283.0,0.0
1480.0,1291.0,0.0
1480.0,1292.0,0.0
1480.0,1333.0,0.0
1480.0,1334.0,0.0
1480.0,1336.0,0.0
1481.0,902.0,0.0
1481.0,943.0,0.0
1481.0,951.0,0.0
1481.0,952.0,0.0
1481.0,987.0,0.0
1481.0,988.0,0.0
1481.0,996.0,0.0
1481.0,997.0,0.0
1481.0,1001.0,0.0
1481.0,1003.0,0.0
1481.0,1004.0,0.0
1481.0,1006.0,0.0
1481.0,1008.0,0.0
1481.0,1033.0,0.0
1481.0,1038.0,0.0
1481.0,1042.0,0.0
1481.0,1059.0,0.0
1481.0,1060.0,0.0
1481.0,1079.0,0.0
1481.0,1088.0,0.0
1481.0,1092.0,0.0
1481.0,1093.0,0.0
1481.0,1094.0,0.0
1481.0,1096.0,0.0
1481.0,1097.0,0.0
1481.0,1098.0,0.0
1481.0,1113.0,0.0
1481.0,1114.0,0.0
1481.0,1116.0,0.0
1481.0,1133.0,0.0
1481.0,1135.0,0.0
1481.0,1136.0,0.0
1481.0,1147.0,0.0
1481.0,1165.0,0.0
1481.0,1170.0,0.0
1481.0,1172.0,0.0
1481.0,1173.0,0.0
1481.0,1175.0,0.0
1481.0,1180.0,0.0
1481.0,1196.0,0.0
1481.0,1242.0,0.0
1481.0,1261.0,0.0
1481.0,1262.0,0.0
1481.0,1263.0,0.0
1481.0,1267.0,0.0
1481.0,1268.0,0.0
1481.0,1270.0,0.0
1481.0,1273.0,0.0
1481.0,1275.0,0.0
1481.0,1280.0,0.0
1481.0,1281.0,0.0
1482.0,937.0,0.0
1482.0,944.0,0.0
1482.0,952.0,0.0
1482.0,987.0,0.0
1482.0,988.0,0.0
1482.0,996.0,0.0
1482.0,998.0,0.0
1482.0,999.0,0.0
1482.0,1000.0,0.0
1482.0,1008.0,0.0
1482.0,1013.0,0.0
1482.0,1015.0,0.0
1482.0,1017.0,0.0
1482.0,1020.0,0.0
1482.0,1021.0,0.0
1482.0,1030.0,0.0
1482.0,1031.0,0.0
1482.0,1038.0,0.0
1482.0,1041.0,0.0
1482.0,1042.0,0.0
1482.0,1089.0,0.0
1482.0,1090.0,0.0
1482.0,1099.0,0.0
1482.0,1111.0,0.0
1482.0,1112.0,0.0
1482.0,1120.0,0.0
1482.0,1121.0,0.0
1482.0,1123.0,0.0
1482.0,1128.0,0.0
1482.0,1129.0,0.0
1482.0,1135.0,0.0
1482.0,1143.0,0.0
1482.0,1144.0,0.0
1482.0,1147.0,0.0
1482.0,1165.0,0.0
1482.0,1166.0,0.0
1482.0,1170.0,0.0
1482.0,1173.0,0.0
1482.0,1194.0,0.0
1482.0,1195.0,0.0
1482.0,1196.0,0.0
1482.0,1269.0,0.0
1482.0,1270.0,0.0
1482.0,1291.0,0.0
1482.0,1341.0,0.0
1482.0,1342.0,0.0
1483.0,922.0,0.0
1483.0,936.0,0.0
1483.0,937.0,0.0
1483.0,956.0,0.0
1483.0,957.0,0.0
1483.0,987.0,0.0
1483.0,995.0,0.0
1483.0,1014.0,0.0
1483.0,1015.0,0.0
1483.0,1017.0,0.0
1483.0,1020.0,0.0
1483.0,1022.0,0.0
1483.0,1025.0,0.0
1483.0,1026.0,0.0
1483.0,1029.0,0.0
1483.0,1036.0,0.0
1483.0,1085.0,0.0
1483.0,1093.0,0.0
1483.0,1107.0,0.0
1483.0,1109.0,0.0
1483.0,1111.0,0.0
1483.0,1142.0,0.0
1483.0,1143.0,0.0
1483.0,1169.0,0.0
1483.0,1175.0,0.0
1483.0,1178.0,0.0
1483.0,1196.0,0.0
1483.0,1241.0,0.0
1483.0,1242.0,0.0
1483.0,1266.0,0.0
1483.0,1272.0,0.0
1483.0,1339.0,0.0
1483.0,1340.0,0.0
1483.0,1345.0,0.0
1484.0,898.0,0.0
1484.0,899.0,0.0
1484.0,911.0,0.0
1484.0,914.0,0.0
1484.0,922.0,0.0
1484.0,935.0,0.0
1484.0,951.0,0.0
1484.0,956.0,0.0
1484.0,981.0,0.0
1484.0,982.0,0.0
1484.0,985.0,0.0
1484.0,992.0,0.0
1484.0,993.0,0.0
1484.0,996.0,0.0
1484.0,1023.0,0.0
1484.0,1025.0,0.0
1484.0,1027.0,0.0
1484.0,1028.0,0.0
1484.0,1036.0,0.0
1484.0,1039.0,0.0
1484.0,1040.0,0.0
1484.0,1076.0,0.0
1484.0,1082.0,0.0
1484.0,1085.0,0.0
1484.0,1087.0,0.0
1484.0,1088.0,0.0
1484.0,1089.0,0.0
1484.0,1096.0,0.0
1484.0,1097.0,0.0
1484.0,1099.0,0.0
1484.0,1100.0,0.0
1484.0,1108.0,0.0
1484.0,1111.0,0.0
1484.0,1143.0,0.0
1484.0,1168.0,0.0
1484.0,1169.0,0.0
1484.0,1178.0,0.0
1484.0,1182.0,0.0
1484.0,1197.0,0.0
1484.0,1199.0,0.0
1484.0,1252.0,0.0
1484.0,1273.0,0.0
1484.0,1338.0,0.0
1484.0,1340.0,0.0
1484.0,1344.0,0.0
1485.0,897.0,0.0
1485.0,898.0,0.0
1485.0,905.0,0.0
1485.0,906.0,0.0
1485.0,922.0,0.0
1485.0,946.0,0.0
1485.0,951.0,0.0
1485.0,984.0,0.0
1485.0,992.0,0.0
1485.0,1002.0,0.0
1485.0,1003.0,0.0
1485.0,1004.0,0.0
1485.0,1007.0,0.0
1485.0,1008.0,0.0
1485.0,1023.0,0.0
1485.0,1024.0,0.0
1485.0,1027.0,0.0
1485.0,1029.0,0.0
1485.0,1033.0,0.0
1485.0,1034.0,0.0
1485.0,1038.0,0.0
1485.0,1039.0,0.0
1485.0,1076.0,0.0
1485.0,1082.0,0.0
1485.0,1085.0,0.0
1485.0,1086.0,0.0
1485.0,1098.0,0.0
1485.0,1103.0,0.0
1485.0,1107.0,0.0
1485.0,1152.0,0.0
1485.0,1167.0,0.0
1485.0,1180.0,0.0
1485.0,1243.0,0.0
1485.0,1271.0,0.0
1485.0,1344.0,0.0
1486.0,905.0,0.0
1486.0,906.0,0.0
1486.0,934.0,0.0
1486.0,951.0,0.0
1486.0,981.0,0.0
1486.0,987.0,0.0
1486.0,988.0,0.0
1486.0,1009.0,0.0
1486.0,1010.0,0.0
1486.0,1011.0,0.0
1486.0,1013.0,0.0
1486.0,1014.0,0.0
1486.0,1015.0,0.0
1486.0,1017.0,0.0
1486.0,1018.0,0.0
1486.0,1027.0,0.0
1486.0,1031.0,0.0
1486.0,1032.0,0.0
1486.0,1056.0,0.0
1486.0,1077.0,0.0
1486.0,1083.0,0.0
1486.0,1092.0,0.0
1486.0,1098.0,0.0
1486.0,1102.0,0.0
1486.0,1103.0,0.0
1486.0,1106.0,0.0
1486.0,1107.0,0.0
1486.0,1108.0,0.0
1486.0,1109.0,0.0
1486.0,1130.0,0.0
1486.0,1131.0,0.0
1486.0,1132.0,0.0
1486.0,1133.0,0.0
1486.0,1143.0,0.0
1486.0,1149.0,0.0
1486.0,1153.0,0.0
1486.0,1154.0,0.0
1486.0,1169.0,0.0
1486.0,1170.0,0.0
1486.0,1182.0,0.0
1486.0,1183.0,0.0
1486.0,1198.0,0.0
1486.0,1243.0,0.0
1486.0,1244.0,0.0
1486.0,1252.0,0.0
1486.0,1260.0,0.0
1486.0,1262.0,0.0
1486.0,1264.0,0.0
1486.0,1265.0,0.0
1486.0,1266.0,0.0
1486.0,1338.0,0.0
1486.0,1343.0,0.0
1486.0,1345.0,0.0
1487.0,903.0,0.0
1487.0,934.0,0.0
1487.0,948.0,0.0
1487.0,950.0,0.0
1487.0,956.0,0.0
1487.0,969.0,0.0
1487.0,981.0,0.0
1487.0,982.0,0.0
1487.0,983.0,0.0
1487.0,995.0,0.0
1487.0,996.0,0.0
1487.0,997.0,0.0
1487.0,1000.0,0.0
1487.0,1001.0,0.0
1487.0,1017.0,0.0
1487.0,1019.0,0.0
1487.0,1021.0,0.0
1487.0,1033.0,0.0
1487.0,1034.0,0.0
1487.0,1055.0,0.0
1487.0,1056.0,0.0
1487.0,1064.0,0.0
1487.0,1091.0,0.0
1487.0,1092.0,0.0
1487.0,1107.0,0.0
1487.0,1130.0,0.0
1487.0,1132.0,0.0
1487.0,1133.0,0.0
1487.0,1137.0,0.0
1487.0,1148.0,0.0
1487.0,1149.0,0.0
1487.0,1153.0,0.0
1487.0,1170.0,0.0
1487.0,1196.0,0.0
1487.0,1244.0,0.0
1487.0,1252.0,0.0
1487.0,1254.0,0.0
1487.0,1257.0,0.0
1487.0,1260.0,0.0
1487.0,1266.0,0.0
1487.0,1276.0,0.0
1487.0,1282.0,0.0
1487.0,1283.0,0.0
1487.0,1338.0,0.0
1487.0,1343.0,0.0
1488.0,903.0,0.0
1488.0,910.0,0.0
1488.0,911.0,0.0
1488.0,916.0,0.0
1488.0,917.0,0.0
1488.0,934.0,0.0
1488.0,948.0,0.0
1488.0,950.0,0.0
1488.0,969.0,0.0
1488.0,970.0,0.0
1488.0,971.0,0.0
1488.0,972.0,0.0
1488.0,973.0,0.0
1488.0,982.0,0.0
1488.0,990.0,0.0
1488.0,991.0,0.0
1488.0,995.0,0.0
1488.0,1021.0,0.0
1488.0,1022.0,0.0
1488.0,1035.0,0.0
1488.0,1037.0,0.0
1488.0,1038.0,0.0
1488.0,1039.0,0.0
1488.0,1042.0,0.0
1488.0,1044.0,0.0
1488.0,1064.0,0.0
1488.0,1076.0,0.0
1488.0,1090.0,0.0
1488.0,1091.0,0.0
1488.0,1093.0,0.0
1488.0,1103.0,0.0
1488.0,1106.0,0.0
1488.0,1137.0,0.0
1488.0,1141.0,0.0
1488.0,1155.0,0.0
1488.0,1156.0,0.0
1488.0,1183.0,0.0
1488.0,1185.0,0.0
1488.0,1186.0,0.0
1488.0,1242.0,0.0
1488.0,1257.0,0.0
1488.0,1261.0,0.0
1488.0,1266.0,0.0
1488.0,1275.0,0.0
1488.0,1280.0,0.0
1488.0,1281.0,0.0
1488.0,1282.0,0.0
1488.0,1283.0,0.0
1489.0,910.0,0.0
1489.0,915.0,0.0
1489.0,919.0,0.0
1489.0,933.0,0.0
1489.0,982.0,0.0
1489.0,987.0,0.0
1489.0,988.0,0.0
1489.0,992.0,0.0
1489.0,994.0,0.0
1489.0,996.0,0.0
1489.0,999.0,0.0
1489.0,1001.0,0.0
1489.0,1002.0,0.0
1489.0,1003.0,0.0
1489.0,1020.0,0.0
1489.0,1023.0,0.0
1489.0,1038.0,0.0
1489.0,1042.0,0.0
1489.0,1044.0,0.0
1489.0,1064.0,0.0
1489.0,1065.0,0.0
1489.0,1095.0,0.0
1489.0,1104.0,0.0
1489.0,1105.0,0.0
1489.0,1132.0,0.0
1489.0,1140.0,0.0
1489.0,1151.0,0.0
1489.0,1152.0,0.0
1489.0,1169.0,0.0
1489.0,1170.0,0.0
1489.0,1174.0,0.0
1489.0,1175.0,0.0
1489.0,1180.0,0.0
1489.0,1185.0,0.0
1489.0,1242.0,0.0
1489.0,1254.0,0.0
1489.0,1260.0,0.0
1489.0,1265.0,0.0
1489.0,1274.0,0.0
1489.0,1275.0,0.0
1489.0,1338.0,0.0
1490.0,911.0,0.0
1490.0,915.0,0.0
1490.0,919.0,0.0
1490.0,920.0,0.0
1490.0,934.0,0.0
1490.0,947.0,0.0
1490.0,987.0,0.0
1490.0,992.0,0.0
1490.0,993.0,0.0
1490.0,997.0,0.0
1490.0,1020.0,0.0
1490.0,1024.0,0.0
1490.0,1034.0,0.0
1490.0,1042.0,0.0
1490.0,1043.0,0.0
1490.0,1054.0,0.0
1490.0,1065.0,0.0
1490.0,1096.0,0.0
1490.0,1098.0,0.0
1490.0,1105.0,0.0
1490.0,1134.0,0.0
1490.0,1135.0,0.0
1490.0,1141.0,0.0
1490.0,1167.0,0.0
1490.0,1169.0,0.0
1490.0,1170.0,0.0
1490.0,1172.0,0.0
1490.0,1173.0,0.0
1490.0,1174.0,0.0
1490.0,1175.0,0.0
1490.0,1176.0,0.0
1490.0,1180.0,0.0
1490.0,1181.0,0.0
1490.0,1182.0,0.0
1490.0,1183.0,0.0
1490.0,1200.0,0.0
1490.0,1243.0,0.0
1490.0,1254.0,0.0
1490.0,1258.0,0.0
1490.0,1272.0,0.0
1490.0,1273.0,0.0
1490.0,1274.0,0.0
1490.0,1284.0,0.0
1490.0,1337.0,0.0
1490.0,1339.0,0.0
1491.0,901.0,0.0
1491.0,902.0,0.0
1491.0,905.0,0.0
1491.0,937.0,0.0
1491.0,947.0,0.0
1491.0,983.0,0.0
1491.0,984.0,0.0
1491.0,985.0,0.0
1491.0,986.0,0.0
1491.0,988.0,0.0
1491.0,995.0,0.0
1491.0,1006.0,0.0
1491.0,1007.0,0.0
1491.0,1033.0,0.0
1491.0,1036.0,0.0
1491.0,1037.0,0.0
1491.0,1075.0,0.0
1491.0,1094.0,0.0
1491.0,1136.0,0.0
1491.0,1140.0,0.0
1491.0,1153.0,0.0
1491.0,1154.0,0.0
1491.0,1167.0,0.0
1491.0,1169.0,0.0
1491.0,1172.0,0.0
1491.0,1178.0,0.0
1491.0,1197.0,0.0
1491.0,1199.0,0.0
1491.0,1200.0,0.0
1491.0,1241.0,0.0
1491.0,1242.0,0.0
1491.0,1243.0,0.0
1491.0,1254.0,0.0
1491.0,1258.0,0.0
1491.0,1259.0,0.0
1491.0,1272.0,0.0
1491.0,1285.0,0.0
1491.0,1329.0,0.0
1491.0,1330.0,0.0
1492.0,905.0,0.0
1492.0,907.0,0.0
1492.0,908.0,0.0
1492.0,910.0,0.0
1492.0,913.0,0.0
1492.0,947.0,0.0
1492.0,984.0,0.0
1492.0,985.0,0.0
1492.0,987.0,0.0
1492.0,988.0,0.0
1492.0,990.0,0.0
1492.0,998.0,0.0
1492.0,1001.0,0.0
1492.0,1004.0,0.0
1492.0,1006.0,0.0
1492.0,1025.0,0.0
1492.0,1033.0,0.0
1492.0,1037.0,0.0
1492.0,1039.0,0.0
1492.0,1066.0,0.0
1492.0,1074.0,0.0
1492.0,1075.0,0.0
1492.0,1076.0,0.0
1492.0,1080.0,0.0
1492.0,1096.0,0.0
1492.0,1137.0,0.0
1492.0,1138.0,0.0
1492.0,1140.0,0.0
1492.0,1141.0,0.0
1492.0,1153.0,0.0
1492.0,1154.0,0.0
1492.0,1156.0,0.0
1492.0,1178.0,0.0
1492.0,1179.0,0.0
1492.0,1197.0,0.0
1492.0,1198.0,0.0
1492.0,1199.0,0.0
1492.0,1201.0,0.0
1492.0,1203.0,0.0
1492.0,1231.0,0.0
1492.0,1232.0,0.0
1492.0,1244.0,0.0
1492.0,1252.0,0.0
1492.0,1253.0,0.0
1492.0,1254.0,0.0
1492.0,1258.0,0.0
1492.0,1286.0,0.0
1492.0,1326.0,0.0
1492.0,1327.0,0.0
1492.0,1328.0,0.0
1492.0,1329.0,0.0
1492.0,1330.0,0.0
1492.0,1332.0,0.0
1493.0,899.0,0.0
1493.0,901.0,0.0
1493.0,911.0,0.0
1493.0,913.0,0.0
1493.0,914.0,0.0
1493.0,940.0,0.0
1493.0,946.0,0.0
1493.0,1001.0,0.0
1493.0,1002.0,0.0
1493.0,1031.0,0.0
1493.0,1051.0,0.0
1493.0,1054.0,0.0
1493.0,1065.0,0.0
1493.0,1066.0,0.0
1493.0,1071.0,0.0
1493.0,1078.0,0.0
1493.0,1079.0,0.0
1493.0,1080.0,0.0
1493.0,1100.0,0.0
1493.0,1101.0,0.0
1493.0,1134.0,0.0
1493.0,1135.0,0.0
1493.0,1136.0,0.0
1493.0,1140.0,0.0
1493.0,1202.0,0.0
1493.0,1231.0,0.0
1493.0,1232.0,0.0
1493.0,1233.0,0.0
1493.0,1249.0,0.0
1493.0,1288.0,0.0
1493.0,1289.0,0.0
1494.0,899.0,0.0
1494.0,909.0,0.0
1494.0,912.0,0.0
1494.0,914.0,0.0
1494.0,936.0,0.0
1494.0,937.0,0.0
1494.0,991.0,0.0
1494.0,1025.0,0.0
1494.0,1026.0,0.0
1494.0,1031.0,0.0
1494.0,1051.0,0.0
1494.0,1052.0,0.0
1494.0,1067.0,0.0
1494.0,1068.0,0.0
1494.0,1069.0,0.0
1494.0,1070.0,0.0
1494.0,1071.0,0.0
1494.0,1098.0,0.0
1494.0,1099.0,0.0
1494.0,1100.0,0.0
1494.0,1102.0,0.0
1494.0,1134.0,0.0
1494.0,1154.0,0.0
1494.0,1232.0,0.0
1494.0,1241.0,0.0
1494.0,1248.0,0.0
1494.0,1288.0,0.0
1494.0,1289.0,0.0
1495.0,907.0,0.0
1495.0,908.0,0.0
1495.0,909.0,0.0
1495.0,923.0,0.0
1495.0,924.0,0.0
1495.0,934.0,0.0
1495.0,935.0,0.0
1495.0,941.0,0.0
1495.0,942.0,0.0
1495.0,990.0,0.0
1495.0,991.0,0.0
1495.0,1019.0,0.0
1495.0,1022.0,0.0
1495.0,1030.0,0.0
1495.0,1065.0,0.0
1495.0,1099.0,0.0
1495.0,1102.0,0.0
1495.0,1103.0,0.0
1495.0,1166.0,0.0
1495.0,1167.0,0.0
1495.0,1199.0,0.0
1495.0,1203.0,0.0
1495.0,1240.0,0.0
1495.0,1242.0,0.0
1495.0,1248.0,0.0
1495.0,1290.0,0.0
1495.0,1338.0,0.0
1496.0,907.0,0.0
1496.0,924.0,0.0
1496.0,938.0,0.0
1496.0,941.0,0.0
1496.0,979.0,0.0
1496.0,980.0,0.0
1496.0,982.0,0.0
1496.0,983.0,0.0
1496.0,1022.0,0.0
1496.0,1023.0,0.0
1496.0,1075.0,0.0
1496.0,1103.0,0.0
1496.0,1131.0,0.0
1496.0,1136.0,0.0
1496.0,1137.0,0.0
1496.0,1154.0,0.0
1496.0,1160.0,0.0
1496.0,1161.0,0.0
1496.0,1169.0,0.0
1496.0,1173.0,0.0
1496.0,1177.0,0.0
1496.0,1199.0,0.0
1496.0,1204.0,0.0
1496.0,1205.0,0.0
1496.0,1239.0,0.0
1496.0,1240.0,0.0
1496.0,1242.0,0.0
1496.0,1243.0,0.0
1496.0,1244.0,0.0
1496.0,1290.0,0.0
1496.0,1291.0,0.0
1496.0,1292.0,0.0
1497.0,922.0,0.0
1497.0,930.0,0.0
1497.0,935.0,0.0
1497.0,936.0,0.0
1497.0,940.0,0.0
1497.0,944.0,0.0
1497.0,979.0,0.0
1497.0,986.0,0.0
1497.0,987.0,0.0
1497.0,988.0,0.0
1497.0,1025.0,0.0
1497.0,1027.0,0.0
1497.0,1030.0,0.0
1497.0,1039.0,0.0
1497.0,1048.0,0.0
1497.0,1049.0,0.0
1497.0,1050.0,0.0
1497.0,1051.0,0.0
1497.0,1063.0,0.0
1497.0,1075.0,0.0
1497.0,1102.0,0.0
1497.0,1103.0,0.0
1497.0,1131.0,0.0
1497.0,1135.0,0.0
1497.0,1136.0,0.0
1497.0,1137.0,0.0
1497.0,1154.0,0.0
1497.0,1160.0,0.0
1497.0,1164.0,0.0
1497.0,1172.0,0.0
1497.0,1173.0,0.0
1497.0,1175.0,0.0
1497.0,1176.0,0.0
1497.0,1199.0,0.0
1497.0,1200.0,0.0
1497.0,1205.0,0.0
1497.0,1206.0,0.0
1497.0,1239.0,0.0
1497.0,1246.0,0.0
1497.0,1249.0,0.0
1497.0,1253.0,0.0
1498.0,901.0,0.0
1498.0,902.0,0.0
1498.0,903.0,0.0
1498.0,906.0,0.0
1498.0,907.0,0.0
1498.0,915.0,0.0
1498.0,922.0,0.0
1498.0,923.0,0.0
1498.0,933.0,0.0
1498.0,936.0,0.0
1498.0,945.0,0.0
1498.0,1022.0,0.0
1498.0,1026.0,0.0
1498.0,1031.0,0.0
1498.0,1033.0,0.0
1498.0,1034.0,0.0
1498.0,1048.0,0.0
1498.0,1058.0,0.0
1498.0,1059.0,0.0
1498.0,1078.0,0.0
1498.0,1102.0,0.0
1498.0,1131.0,0.0
1498.0,1132.0,0.0
1498.0,1133.0,0.0
1498.0,1159.0,0.0
1498.0,1163.0,0.0
1498.0,1164.0,0.0
1498.0,1165.0,0.0
1498.0,1172.0,0.0
1498.0,1201.0,0.0
1498.0,1208.0,0.0
1498.0,1240.0,0.0
1498.0,1242.0,0.0
1498.0,1246.0,0.0
1498.0,1249.0,0.0
1498.0,1252.0,0.0
1498.0,1253.0,0.0
1498.0,1254.0,0.0
1499.0,903.0,0.0
1499.0,915.0,0.0
1499.0,916.0,0.0
1499.0,917.0,0.0
1499.0,922.0,0.0
1499.0,930.0,0.0
1499.0,931.0,0.0
1499.0,936.0,0.0
1499.0,940.0,0.0
1499.0,941.0,0.0
1499.0,942.0,0.0
1499.0,988.0,0.0
1499.0,989.0,0.0
1499.0,1026.0,0.0
1499.0,1027.0,0.0
1499.0,1033.0,0.0
1499.0,1034.0,0.0
1499.0,1077.0,0.0
1499.0,1078.0,0.0
1499.0,1089.0,0.0
1499.0,1090.0,0.0
1499.0,1100.0,0.0
1499.0,1170.0,0.0
1499.0,1207.0,0.0
1499.0,1237.0,0.0
1499.0,1239.0,0.0
1499.0,1246.0,0.0
1499.0,1255.0,0.0
1499.0,1256.0,0.0
1499.0,1257.0,0.0
1499.0,1258.0,0.0
1499.0,1259.0,0.0
1499.0,1326.0,0.0
1499.0,1327.0,0.0
1499.0,1337.0,0.0
1499.0,1338.0,0.0
1500.0,903.0,0.0
1500.0,904.0,0.0
1500.0,917.0,0.0
1500.0,918.0,0.0
1500.0,919.0,0.0
1500.0,928.0,0.0
1500.0,930.0,0.0
1500.0,931.0,0.0
1500.0,932.0,0.0
1500.0,936.0,0.0
1500.0,937.0,0.0
1500.0,939.0,0.0
1500.0,947.0,0.0
1500.0,948.0,0.0
1500.0,989.0,0.0
1500.0,990.0,0.0
1500.0,991.0,0.0
1500.0,1026.0,0.0
1500.0,1027.0,0.0
1500.0,1042.0,0.0
1500.0,1043.0,0.0
1500.0,1052.0,0.0
1500.0,1056.0,0.0
1500.0,1062.0,0.0
1500.0,1063.0,0.0
1500.0,1064.0,0.0
1500.0,1077.0,0.0
1500.0,1088.0,0.0
1500.0,1089.0,0.0
1500.0,1097.0,0.0
1500.0,1098.0,0.0
1500.0,1099.0,0.0
1500.0,1102.0,0.0
1500.0,1103.0,0.0
1500.0,1120.0,0.0
1500.0,1161.0,0.0
1500.0,1163.0,0.0
1500.0,1169.0,0.0
1500.0,1170.0,0.0
1500.0,1203.0,0.0
1500.0,1255.0,0.0
1500.0,1259.0,0.0
1500.0,1301.0,0.0
1500.0,1302.0,0.0
1500.0,1303.0,0.0
1500.0,1324.0,0.0
1500.0,1325.0,0.0
1500.0,1326.0,0.0
1500.0,1328.0,0.0
1500.0,1329.0,0.0
1500.0,1337.0,0.0
1500.0,1338.0,0.0
1501.0,905.0,0.0
1501.0,917.0,0.0
1501.0,919.0,0.0
1501.0,938.0,0.0
1501.0,947.0,0.0
1501.0,980.0,0.0
1501.0,992.0,0.0
1501.0,1026.0,0.0
1501.0,1038.0,0.0
1501.0,1039.0,0.0
1501.0,1040.0,0.0
1501.0,1041.0,0.0
1501.0,1042.0,0.0
1501.0,1047.0,0.0
1501.0,1048.0,0.0
1501.0,1049.0,0.0
1501.0,1054.0,0.0
1501.0,1055.0,0.0
1501.0,1061.0,0.0
1501.0,1062.0,0.0
1501.0,1103.0,0.0
1501.0,1104.0,0.0
1501.0,1105.0,0.0
1501.0,1120.0,0.0
1501.0,1154.0,0.0
1501.0,1168.0,0.0
1501.0,1172.0,0.0
1501.0,1173.0,0.0
1501.0,1208.0,0.0
1501.0,1209.0,0.0
1501.0,1210.0,0.0
1501.0,1235.0,0.0
1501.0,1237.0,0.0
1501.0,1243.0,0.0
1501.0,1244.0,0.0
1501.0,1245.0,0.0
1501.0,1255.0,0.0
1501.0,1259.0,0.0
1501.0,1322.0,0.0
1501.0,1324.0,0.0
1501.0,1328.0,0.0
1502.0,901.0,0.0
1502.0,906.0,0.0
1502.0,908.0,0.0
1502.0,916.0,0.0
1502.0,934.0,0.0
1502.0,949.0,0.0
1502.0,992.0,0.0
1502.0,1034.0,0.0
1502.0,1038.0,0.0
1502.0,1054.0,0.0
1502.0,1056.0,0.0
1502.0,1058.0,0.0
1502.0,1142.0,0.0
1502.0,1143.0,0.0
1502.0,1153.0,0.0
1502.0,1167.0,0.0
1502.0,1168.0,0.0
1502.0,1171.0,0.0
1502.0,1201.0,0.0
1502.0,1202.0,0.0
1502.0,1203.0,0.0
1502.0,1204.0,0.0
1502.0,1211.0,0.0
1502.0,1212.0,0.0
1502.0,1233.0,0.0
1502.0,1234.0,0.0
1502.0,1237.0,0.0
1502.0,1243.0,0.0
1502.0,1322.0,0.0
1502.0,1323.0,0.0
1502.0,1344.0,0.0
1503.0,900.0,0.0
1503.0,908.0,0.0
1503.0,915.0,0.0
1503.0,916.0,0.0
1503.0,949.0,0.0
1503.0,1024.0,0.0
1503.0,1025.0,0.0
1503.0,1036.0,0.0
1503.0,1037.0,0.0
1503.0,1038.0,0.0
1503.0,1058.0,0.0
1503.0,1059.0,0.0
1503.0,1067.0,0.0
1503.0,1068.0,0.0
1503.0,1091.0,0.0
1503.0,1107.0,0.0
1503.0,1153.0,0.0
1503.0,1158.0,0.0
1503.0,1159.0,0.0
1503.0,1160.0,0.0
1503.0,1164.0,0.0
1503.0,1165.0,0.0
1503.0,1167.0,0.0
1503.0,1171.0,0.0
1503.0,1173.0,0.0
1503.0,1202.0,0.0
1503.0,1204.0,0.0
1503.0,1212.0,0.0
1503.0,1213.0,0.0
1503.0,1231.0,0.0
1503.0,1241.0,0.0
1503.0,1242.0,0.0
1503.0,1244.0,0.0
1503.0,1293.0,0.0
1503.0,1294.0,0.0
1503.0,1309.0,0.0
1503.0,1310.0,0.0
1503.0,1338.0,0.0
1503.0,1343.0,0.0
1503.0,1344.0,0.0
1504.0,899.0,0.0
1504.0,907.0,0.0
1504.0,916.0,0.0
1504.0,926.0,0.0
1504.0,927.0,0.0
1504.0,928.0,0.0
1504.0,937.0,0.0
1504.0,938.0,0.0
1504.0,947.0,0.0
1504.0,949.0,0.0
1504.0,1022.0,0.0
1504.0,1024.0,0.0
1504.0,1025.0,0.0
1504.0,1053.0,0.0
1504.0,1054.0,0.0
1504.0,1067.0,0.0
1504.0,1070.0,0.0
1504.0,1106.0,0.0
1504.0,1135.0,0.0
1504.0,1139.0,0.0
1504.0,1153.0,0.0
1504.0,1157.0,0.0
1504.0,1161.0,0.0
1504.0,1166.0,0.0
1504.0,1173.0,0.0
1504.0,1212.0,0.0
1504.0,1213.0,0.0
1504.0,1214.0,0.0
1504.0,1228.0,0.0
1504.0,1229.0,0.0
1504.0,1231.0,0.0
1504.0,1235.0,0.0
1504.0,1241.0,0.0
1504.0,1303.0,0.0
1504.0,1304.0,0.0
1504.0,1337.0,0.0
1504.0,1338.0,0.0
1504.0,1344.0,0.0
1505.0,898.0,0.0
1505.0,899.0,0.0
1505.0,909.0,0.0
1505.0,925.0,0.0
1505.0,926.0,0.0
1505.0,937.0,0.0
1505.0,938.0,0.0
1505.0,948.0,0.0
1505.0,949.0,0.0
1505.0,1053.0,0.0
1505.0,1057.0,0.0
1505.0,1086.0,0.0
1505.0,1135.0,0.0
1505.0,1138.0,0.0
1505.0,1155.0,0.0
1505.0,1156.0,0.0
1505.0,1157.0,0.0
1505.0,1161.0,0.0
1505.0,1163.0,0.0
1505.0,1169.0,0.0
1505.0,1170.0,0.0
1505.0,1214.0,0.0
1505.0,1215.0,0.0
1505.0,1217.0,0.0
1505.0,1222.0,0.0
1505.0,1224.0,0.0
1505.0,1230.0,0.0
1505.0,1231.0,0.0
1505.0,1232.0,0.0
1505.0,1243.0,0.0
1505.0,1265.0,0.0
1505.0,1268.0,0.0
1505.0,1275.0,0.0
1505.0,1276.0,0.0
1505.0,1304.0,0.0
1505.0,1305.0,0.0
1505.0,1308.0,0.0
1506.0,917.0,0.0
1506.0,925.0,0.0
1506.0,926.0,0.0
1506.0,937.0,0.0
1506.0,951.0,0.0
1506.0,1025.0,0.0
1506.0,1026.0,0.0
1506.0,1052.0,0.0
1506.0,1054.0,0.0
1506.0,1058.0,0.0
1506.0,1108.0,0.0
1506.0,1127.0,0.0
1506.0,1133.0,0.0
1506.0,1135.0,0.0
1506.0,1136.0,0.0
1506.0,1137.0,0.0
1506.0,1151.0,0.0
1506.0,1163.0,0.0
1506.0,1170.0,0.0
1506.0,1209.0,0.0
1506.0,1215.0,0.0
1506.0,1216.0,0.0
1506.0,1230.0,0.0
1506.0,1234.0,0.0
1506.0,1237.0,0.0
1506.0,1238.0,0.0
1506.0,1244.0,0.0
1506.0,1264.0,0.0
1506.0,1266.0,0.0
1506.0,1268.0,0.0
1506.0,1276.0,0.0
1506.0,1293.0,0.0
1506.0,1296.0,0.0
1506.0,1297.0,0.0
1506.0,1305.0,0.0
1506.0,1307.0,0.0
1506.0,1309.0,0.0
1506.0,1312.0,0.0
1506.0,1313.0,0.0
1507.0,897.0,0.0
1507.0,917.0,0.0
1507.0,930.0,0.0
1507.0,946.0,0.0
1507.0,947.0,0.0
1507.0,950.0,0.0
1507.0,951.0,0.0
1507.0,956.0,0.0
1507.0,957.0,0.0
1507.0,958.0,0.0
1507.0,1025.0,0.0
1507.0,1055.0,0.0
1507.0,1059.0,0.0
1507.0,1060.0,0.0
1507.0,1067.0,0.0
1507.0,1079.0,0.0
1507.0,1080.0,0.0
1507.0,1089.0,0.0
1507.0,1090.0,0.0
1507.0,1108.0,0.0
1507.0,1109.0,0.0
1507.0,1112.0,0.0
1507.0,1127.0,0.0
1507.0,1136.0,0.0
1507.0,1151.0,0.0
1507.0,1159.0,0.0
1507.0,1160.0,0.0
1507.0,1161.0,0.0
1507.0,1163.0,0.0
1507.0,1166.0,0.0
1507.0,1174.0,0.0
1507.0,1209.0,0.0
1507.0,1210.0,0.0
1507.0,1211.0,0.0
1507.0,1217.0,0.0
1507.0,1226.0,0.0
1507.0,1229.0,0.0
1507.0,1237.0,0.0
1507.0,1243.0,0.0
1507.0,1244.0,0.0
1507.0,1254.0,0.0
1507.0,1263.0,0.0
1507.0,1266.0,0.0
1507.0,1268.0,0.0
1507.0,1291.0,0.0
1507.0,1299.0,0.0
1508.0,912.0,0.0
1508.0,917.0,0.0
1508.0,930.0,0.0
1508.0,946.0,0.0
1508.0,957.0,0.0
1508.0,958.0,0.0
1508.0,1054.0,0.0
1508.0,1056.0,0.0
1508.0,1066.0,0.0
1508.0,1079.0,0.0
1508.0,1090.0,0.0
1508.0,1113.0,0.0
1508.0,1127.0,0.0
1508.0,1131.0,0.0
1508.0,1151.0,0.0
1508.0,1154.0,0.0
1508.0,1155.0,0.0
1508.0,1158.0,0.0
1508.0,1166.0,0.0
1508.0,1173.0,0.0
1508.0,1175.0,0.0
1508.0,1218.0,0.0
1508.0,1219.0,0.0
1508.0,1220.0,0.0
1508.0,1225.0,0.0
1508.0,1228.0,0.0
1508.0,1243.0,0.0
1508.0,1244.0,0.0
1508.0,1254.0,0.0
1508.0,1262.0,0.0
1508.0,1263.0,0.0
1508.0,1290.0,0.0
1508.0,1291.0,0.0
1508.0,1298.0,0.0
1508.0,1299.0,0.0
1508.0,1310.0,0.0
1508.0,1311.0,0.0
1509.0,913.0,0.0
1509.0,920.0,0.0
1509.0,921.0,0.0
1509.0,922.0,0.0
1509.0,931.0,0.0
1509.0,1056.0,0.0
1509.0,1065.0,0.0
1509.0,1069.0,0.0
1509.0,1078.0,0.0
1509.0,1079.0,0.0
1509.0,1081.0,0.0
1509.0,1082.0,0.0
1509.0,1083.0,0.0
1509.0,1090.0,0.0
1509.0,1091.0,0.0
1509.0,1113.0,0.0
1509.0,1131.0,0.0
1509.0,1156.0,0.0
1509.0,1170.0,0.0
1509.0,1175.0,0.0
1509.0,1210.0,0.0
1509.0,1218.0,0.0
1509.0,1221.0,0.0
1509.0,1225.0,0.0
1509.0,1228.0,0.0
1509.0,1261.0,0.0
1509.0,1298.0,0.0
1509.0,1309.0,0.0
1509.0,1311.0,0.0
1510.0,899.0,0.0
1510.0,905.0,0.0
1510.0,906.0,0.0
1510.0,913.0,0.0
1510.0,917.0,0.0
1510.0,920.0,0.0
1510.0,921.0,0.0
1510.0,925.0,0.0
1510.0,928.0,0.0
1510.0,930.0,0.0
1510.0,931.0,0.0
1510.0,1065.0,0.0
1510.0,1067.0,0.0
1510.0,1068.0,0.0
1510.0,1069.0,0.0
1510.0,1078.0,0.0
1510.0,1083.0,0.0
1510.0,1085.0,0.0
1510.0,1086.0,0.0
1510.0,1095.0,0.0
1510.0,1113.0,0.0
1510.0,1135.0,0.0
1510.0,1136.0,0.0
1510.0,1170.0,0.0
1510.0,1175.0,0.0
1510.0,1210.0,0.0
1510.0,1220.0,0.0
1510.0,1221.0,0.0
1510.0,1261.0,0.0
1510.0,1289.0,0.0
1510.0,1298.0,0.0
1510.0,1300.0,0.0
1510.0,1308.0,0.0
1510.0,1316.0,0.0
1511.0,897.0,0.0
1511.0,898.0,0.0
1511.0,899.0,0.0
1511.0,904.0,0.0
1511.0,905.0,0.0
1511.0,916.0,0.0
1511.0,917.0,0.0
1511.0,925.0,0.0
1511.0,928.0,0.0
1511.0,929.0,0.0
1511.0,953.0,0.0
1511.0,954.0,0.0
1511.0,1032.0,0.0
1511.0,1035.0,0.0
1511.0,1062.0,0.0
1511.0,1063.0,0.0
1511.0,1084.0,0.0
1511.0,1085.0,0.0
1511.0,1091.0,0.0
1511.0,1113.0,0.0
1511.0,1114.0,0.0
1511.0,1158.0,0.0
1511.0,1168.0,0.0
1511.0,1170.0,0.0
1511.0,1175.0,0.0
1511.0,1177.0,0.0
1511.0,1199.0,0.0
1511.0,1202.0,0.0
1511.0,1227.0,0.0
1511.0,1248.0,0.0
1511.0,1249.0,0.0
1511.0,1261.0,0.0
1511.0,1299.0,0.0
1511.0,1300.0,0.0
1511.0,1308.0,0.0
1511.0,1313.0,0.0
1511.0,1314.0,0.0
1512.0,922.0,0.0
1512.0,954.0,0.0
1512.0,1034.0,0.0
1512.0,1035.0,0.0
1512.0,1053.0,0.0
1512.0,1060.0,0.0
1512.0,1079.0,0.0
1512.0,1080.0,0.0
1512.0,1106.0,0.0
1512.0,1114.0,0.0
1512.0,1121.0,0.0
1512.0,1158.0,0.0
1512.0,1170.0,0.0
1512.0,1177.0,0.0
1512.0,1178.0,0.0
1512.0,1199.0,0.0
1512.0,1209.0,0.0
1512.0,1210.0,0.0
1512.0,1221.0,0.0
1512.0,1224.0,0.0
1512.0,1225.0,0.0
1512.0,1226.0,0.0
1512.0,1227.0,0.0
1512.0,1261.0,0.0
1512.0,1269.0,0.0
1512.0,1289.0,0.0
1512.0,1308.0,0.0
1512.0,1309.0,0.0
1512.0,1310.0,0.0
1512.0,1311.0,0.0
1512.0,1312.0,0.0
1512.0,1313.0,0.0
1512.0,1314.0,0.0
1512.0,1345.0,0.0
1513.0,922.0,0.0
1513.0,923.0,0.0
1513.0,925.0,0.0
1513.0,926.0,0.0
1513.0,1028.0,0.0
1513.0,1080.0,0.0
1513.0,1081.0,0.0
1513.0,1112.0,0.0
1513.0,1123.0,0.0
1513.0,1124.0,0.0
1513.0,1142.0,0.0
1513.0,1177.0,0.0
1513.0,1178.0,0.0
1513.0,1201.0,0.0
1513.0,1209.0,0.0
1513.0,1211.0,0.0
1513.0,1220.0,0.0
1513.0,1221.0,0.0
1513.0,1224.0,0.0
1513.0,1225.0,0.0
1513.0,1248.0,0.0
1513.0,1249.0,0.0
1513.0,1269.0,0.0
1513.0,1288.0,0.0
1513.0,1304.0,0.0
1513.0,1310.0,0.0
1513.0,1311.0,0.0
1513.0,1327.0,0.0
1513.0,1328.0,0.0
1513.0,1343.0,0.0
1513.0,1344.0,0.0
1514.0,925.0,0.0
1514.0,933.0,0.0
1514.0,934.0,0.0
1514.0,939.0,0.0
1514.0,941.0,0.0
1514.0,942.0,0.0
1514.0,1028.0,0.0
1514.0,1047.0,0.0
1514.0,1058.0,0.0
1514.0,1113.0,0.0
1514.0,1125.0,0.0
1514.0,1142.0,0.0
1514.0,1172.0,0.0
1514.0,1180.0,0.0
1514.0,1181.0,0.0
1514.0,1192.0,0.0
1514.0,1193.0,0.0
1514.0,1203.0,0.0
1514.0,1204.0,0.0
1514.0,1220.0,0.0
1514.0,1240.0,0.0
1514.0,1241.0,0.0
1514.0,1242.0,0.0
1514.0,1249.0,0.0
1514.0,1262.0,0.0
1514.0,1264.0,0.0
1514.0,1270.0,0.0
1514.0,1302.0,0.0
1514.0,1303.0,0.0
1514.0,1306.0,0.0
1514.0,1327.0,0.0
1514.0,1328.0,0.0
1514.0,1337.0,0.0
1514.0,1343.0,0.0
1514.0,1344.0,0.0
1515.0,940.0,0.0
1515.0,953.0,0.0
1515.0,1025.0,0.0
1515.0,1027.0,0.0
1515.0,1028.0,0.0
1515.0,1034.0,0.0
1515.0,1035.0,0.0
1515.0,1045.0,0.0
1515.0,1059.0,0.0
1515.0,1073.0,0.0
1515.0,1076.0,0.0
1515.0,1082.0,0.0
1515.0,1110.0,0.0
1515.0,1114.0,0.0
1515.0,1125.0,0.0
1515.0,1128.0,0.0
1515.0,1144.0,0.0
1515.0,1153.0,0.0
1515.0,1172.0,0.0
1515.0,1181.0,0.0
1515.0,1191.0,0.0
1515.0,1192.0,0.0
1515.0,1219.0,0.0
1515.0,1240.0,0.0
1515.0,1241.0,0.0
1515.0,1262.0,0.0
1515.0,1264.0,0.0
1515.0,1270.0,0.0
1515.0,1283.0,0.0
1515.0,1306.0,0.0
1515.0,1312.0,0.0
1515.0,1317.0,0.0
1515.0,1337.0,0.0
1516.0,921.0,0.0
1516.0,938.0,0.0
1516.0,951.0,0.0
1516.0,953.0,0.0
1516.0,954.0,0.0
1516.0,967.0,0.0
1516.0,968.0,0.0
1516.0,1018.0,0.0
1516.0,1024.0,0.0
1516.0,1029.0,0.0
1516.0,1030.0,0.0
1516.0,1070.0,0.0
1516.0,1077.0,0.0
1516.0,1078.0,0.0
1516.0,1079.0,0.0
1516.0,1082.0,0.0
1516.0,1108.0,0.0
1516.0,1110.0,0.0
1516.0,1123.0,0.0
1516.0,1127.0,0.0
1516.0,1143.0,0.0
1516.0,1144.0,0.0
1516.0,1146.0,0.0
1516.0,1150.0,0.0
1516.0,1153.0,0.0
1516.0,1154.0,0.0
1516.0,1159.0,0.0
1516.0,1171.0,0.0
1516.0,1172.0,0.0
1516.0,1190.0,0.0
1516.0,1191.0,0.0
1516.0,1195.0,0.0
1516.0,1205.0,0.0
1516.0,1207.0,0.0
1516.0,1209.0,0.0
1516.0,1210.0,0.0
1516.0,1211.0,0.0
1516.0,1262.0,0.0
1516.0,1272.0,0.0
1516.0,1273.0,0.0
1516.0,1283.0,0.0
1516.0,1311.0,0.0
1516.0,1315.0,0.0
1516.0,1316.0,0.0
1516.0,1317.0,0.0
1516.0,1325.0,0.0
1517.0,938.0,0.0
1517.0,951.0,0.0
1517.0,952.0,0.0
1517.0,966.0,0.0
1517.0,967.0,0.0
1517.0,1018.0,0.0
1517.0,1021.0,0.0
1517.0,1023.0,0.0
1517.0,1024.0,0.0
1517.0,1060.0,0.0
1517.0,1061.0,0.0
1517.0,1064.0,0.0
1517.0,1078.0,0.0
1517.0,1118.0,0.0
1517.0,1121.0,0.0
1517.0,1125.0,0.0
1517.0,1126.0,0.0
1517.0,1129.0,0.0
1517.0,1130.0,0.0
1517.0,1146.0,0.0
1517.0,1149.0,0.0
1517.0,1150.0,0.0
1517.0,1158.0,0.0
1517.0,1172.0,0.0
1517.0,1184.0,0.0
1517.0,1188.0,0.0
1517.0,1190.0,0.0
1517.0,1191.0,0.0
1517.0,1192.0,0.0
1517.0,1195.0,0.0
1517.0,1207.0,0.0
1517.0,1211.0,0.0
1517.0,1220.0,0.0
1517.0,1221.0,0.0
1517.0,1224.0,0.0
1517.0,1249.0,0.0
1517.0,1262.0,0.0
1517.0,1269.0,0.0
1517.0,1270.0,0.0
1517.0,1272.0,0.0
1517.0,1281.0,0.0
1517.0,1303.0,0.0
1517.0,1338.0,0.0
1517.0,1339.0,0.0
1518.0,924.0,0.0
1518.0,936.0,0.0
1518.0,938.0,0.0
1518.0,952.0,0.0
1518.0,965.0,0.0
1518.0,966.0,0.0
1518.0,1006.0,0.0
1518.0,1010.0,0.0
1518.0,1011.0,0.0
1518.0,1019.0,0.0
1518.0,1020.0,0.0
1518.0,1021.0,0.0
1518.0,1024.0,0.0
1518.0,1029.0,0.0
1518.0,1030.0,0.0
1518.0,1034.0,0.0
1518.0,1035.0,0.0
1518.0,1062.0,0.0
1518.0,1063.0,0.0
1518.0,1097.0,0.0
1518.0,1117.0,0.0
1518.0,1118.0,0.0
1518.0,1129.0,0.0
1518.0,1131.0,0.0
1518.0,1143.0,0.0
1518.0,1144.0,0.0
1518.0,1149.0,0.0
1518.0,1153.0,0.0
1518.0,1155.0,0.0
1518.0,1156.0,0.0
1518.0,1183.0,0.0
1518.0,1184.0,0.0
1518.0,1187.0,0.0
1518.0,1188.0,0.0
1518.0,1244.0,0.0
1518.0,1246.0,0.0
1518.0,1270.0,0.0
1518.0,1271.0,0.0
1518.0,1302.0,0.0
1518.0,1303.0,0.0
1518.0,1338.0,0.0
1518.0,1342.0,0.0
1519.0,912.0,0.0
1519.0,922.0,0.0
1519.0,923.0,0.0
1519.0,961.0,0.0
1519.0,962.0,0.0
1519.0,969.0,0.0
1519.0,970.0,0.0
1519.0,1011.0,0.0
1519.0,1020.0,0.0
1519.0,1029.0,0.0
1519.0,1030.0,0.0
1519.0,1062.0,0.0
1519.0,1063.0,0.0
1519.0,1119.0,0.0
1519.0,1120.0,0.0
1519.0,1127.0,0.0
1519.0,1131.0,0.0
1519.0,1132.0,0.0
1519.0,1143.0,0.0
1519.0,1153.0,0.0
1519.0,1159.0,0.0
1519.0,1160.0,0.0
1519.0,1161.0,0.0
1519.0,1162.0,0.0
1519.0,1183.0,0.0
1519.0,1187.0,0.0
1519.0,1206.0,0.0
1519.0,1222.0,0.0
1519.0,1244.0,0.0
1519.0,1261.0,0.0
1519.0,1267.0,0.0
1519.0,1268.0,0.0
1519.0,1332.0,0.0
1519.0,1337.0,0.0
1520.0,907.0,0.0
1520.0,908.0,0.0
1520.0,909.0,0.0
1520.0,912.0,0.0
1520.0,928.0,0.0
1520.0,937.0,0.0
1520.0,941.0,0.0
1520.0,950.0,0.0
1520.0,951.0,0.0
1520.0,959.0,0.0
1520.0,960.0,0.0
1520.0,962.0,0.0
1520.0,970.0,0.0
1520.0,998.0,0.0
1520.0,999.0,0.0
1520.0,1058.0,0.0
1520.0,1062.0,0.0
1520.0,1063.0,0.0
1520.0,1098.0,0.0
1520.0,1099.0,0.0
1520.0,1119.0,0.0
1520.0,1120.0,0.0
1520.0,1124.0,0.0
1520.0,1125.0,0.0
1520.0,1143.0,0.0
1520.0,1160.0,0.0
1520.0,1162.0,0.0
1520.0,1182.0,0.0
1520.0,1185.0,0.0
1520.0,1204.0,0.0
1520.0,1206.0,0.0
1520.0,1209.0,0.0
1520.0,1212.0,0.0
1520.0,1213.0,0.0
1520.0,1215.0,0.0
1520.0,1222.0,0.0
1520.0,1242.0,0.0
1520.0,1245.0,0.0
1520.0,1280.0,0.0
1520.0,1281.0,0.0
1520.0,1336.0,0.0
1520.0,1337.0,0.0
1521.0,929.0,0.0
1521.0,940.0,0.0
1521.0,941.0,0.0
1521.0,944.0,0.0
1521.0,956.0,0.0
1521.0,957.0,0.0
1521.0,964.0,0.0
1521.0,987.0,0.0
1521.0,999.0,0.0
1521.0,1000.0,0.0
1521.0,1023.0,0.0
1521.0,1057.0,0.0
1521.0,1058.0,0.0
1521.0,1098.0,0.0
1521.0,1099.0,0.0
1521.0,1124.0,0.0
1521.0,1125.0,0.0
1521.0,1141.0,0.0
1521.0,1142.0,0.0
1521.0,1143.0,0.0
1521.0,1150.0,0.0
1521.0,1179.0,0.0
1521.0,1180.0,0.0
1521.0,1181.0,0.0
1521.0,1185.0,0.0
1521.0,1209.0,0.0
1521.0,1211.0,0.0
1521.0,1212.0,0.0
1521.0,1221.0,0.0
1521.0,1241.0,0.0
1521.0,1242.0,0.0
1521.0,1273.0,0.0
1521.0,1280.0,0.0
1521.0,1286.0,0.0
1522.0,897.0,0.0
1522.0,929.0,0.0
1522.0,930.0,0.0
1522.0,939.0,0.0
1522.0,940.0,0.0
1522.0,944.0,0.0
1522.0,945.0,0.0
1522.0,949.0,0.0
1522.0,955.0,0.0
1522.0,956.0,0.0
1522.0,986.0,0.0
1522.0,987.0,0.0
1522.0,988.0,0.0
1522.0,1000.0,0.0
1522.0,1002.0,0.0
1522.0,1003.0,0.0
1522.0,1004.0,0.0
1522.0,1024.0,0.0
1522.0,1026.0,0.0
1522.0,1027.0,0.0
1522.0,1044.0,0.0
1522.0,1045.0,0.0
1522.0,1057.0,0.0
1522.0,1058.0,0.0
1522.0,1059.0,0.0
1522.0,1066.0,0.0
1522.0,1092.0,0.0
1522.0,1093.0,0.0
1522.0,1101.0,0.0
1522.0,1122.0,0.0
1522.0,1142.0,0.0
1522.0,1149.0,0.0
1522.0,1161.0,0.0
1522.0,1180.0,0.0
1522.0,1188.0,0.0
1522.0,1241.0,0.0
1522.0,1254.0,0.0
1522.0,1255.0,0.0
1522.0,1257.0,0.0
1522.0,1273.0,0.0
1522.0,1275.0,0.0
1522.0,1278.0,0.0
1522.0,1279.0,0.0
1522.0,1281.0,0.0
1523.0,928.0,0.0
1523.0,929.0,0.0
1523.0,932.0,0.0
1523.0,945.0,0.0
1523.0,949.0,0.0
1523.0,955.0,0.0
1523.0,986.0,0.0
1523.0,988.0,0.0
1523.0,1002.0,0.0
1523.0,1003.0,0.0
1523.0,1044.0,0.0
1523.0,1059.0,0.0
1523.0,1061.0,0.0
1523.0,1063.0,0.0
1523.0,1065.0,0.0
1523.0,1092.0,0.0
1523.0,1099.0,0.0
1523.0,1100.0,0.0
1523.0,1117.0,0.0
1523.0,1118.0,0.0
1523.0,1147.0,0.0
1523.0,1148.0,0.0
1523.0,1161.0,0.0
1523.0,1162.0,0.0
1523.0,1182.0,0.0
1523.0,1195.0,0.0
1523.0,1196.0,0.0
1523.0,1202.0,0.0
1523.0,1206.0,0.0
1523.0,1207.0,0.0
1523.0,1208.0,0.0
1523.0,1209.0,0.0
1523.0,1254.0,0.0
1523.0,1275.0,0.0
1523.0,1276.0,0.0
1523.0,1278.0,0.0
1523.0,1328.0,0.0
1523.0,1330.0,0.0
1524.0,929.0,0.0
1524.0,949.0,0.0
1524.0,955.0,0.0
1524.0,959.0,0.0
1524.0,995.0,0.0
1524.0,998.0,0.0
1524.0,999.0,0.0
1524.0,1059.0,0.0
1524.0,1061.0,0.0
1524.0,1063.0,0.0
1524.0,1068.0,0.0
1524.0,1069.0,0.0
1524.0,1079.0,0.0
1524.0,1081.0,0.0
1524.0,1082.0,0.0
1524.0,1083.0,0.0
1524.0,1091.0,0.0
1524.0,1092.0,0.0
1524.0,1110.0,0.0
1524.0,1111.0,0.0
1524.0,1116.0,0.0
1524.0,1117.0,0.0
1524.0,1131.0,0.0
1524.0,1145.0,0.0
1524.0,1179.0,0.0
1524.0,1180.0,0.0
1524.0,1181.0,0.0
1524.0,1182.0,0.0
1524.0,1187.0,0.0
1524.0,1195.0,0.0
1524.0,1196.0,0.0
1524.0,1202.0,0.0
1524.0,1206.0,0.0
1524.0,1210.0,0.0
1524.0,1213.0,0.0
1524.0,1215.0,0.0
1524.0,1240.0,0.0
1524.0,1256.0,0.0
1524.0,1275.0,0.0
1524.0,1280.0,0.0
1524.0,1328.0,0.0
1524.0,1330.0,0.0
1524.0,1333.0,0.0
1524.0,1334.0,0.0
1524.0,1345.0,0.0
1525.0,955.0,0.0
1525.0,956.0,0.0
1525.0,959.0,0.0
1525.0,996.0,0.0
1525.0,997.0,0.0
1525.0,998.0,0.0
1525.0,1000.0,0.0
1525.0,1028.0,0.0
1525.0,1029.0,0.0
1525.0,1031.0,0.0
1525.0,1082.0,0.0
1525.0,1086.0,0.0
1525.0,1087.0,0.0
1525.0,1088.0,0.0
1525.0,1089.0,0.0
1525.0,1107.0,0.0
1525.0,1108.0,0.0
1525.0,1110.0,0.0
1525.0,1111.0,0.0
1525.0,1144.0,0.0
1525.0,1145.0,0.0
1525.0,1150.0,0.0
1525.0,1155.0,0.0
1525.0,1156.0,0.0
1525.0,1187.0,0.0
1525.0,1209.0,0.0
1525.0,1210.0,0.0
1525.0,1215.0,0.0
1525.0,1239.0,0.0
1525.0,1256.0,0.0
1525.0,1280.0,0.0
1525.0,1285.0,0.0
1525.0,1291.0,0.0
1525.0,1333.0,0.0
1525.0,1334.0,0.0
1525.0,1336.0,0.0
1525.0,1345.0,0.0
1526.0,936.0,0.0
1526.0,944.0,0.0
1526.0,945.0,0.0
1526.0,948.0,0.0
1526.0,956.0,0.0
1526.0,958.0,0.0
1526.0,959.0,0.0
1526.0,1010.0,0.0
1526.0,1031.0,0.0
1526.0,1063.0,0.0
1526.0,1068.0,0.0
1526.0,1080.0,0.0
1526.0,1087.0,0.0
1526.0,1088.0,0.0
1526.0,1095.0,0.0
1526.0,1096.0,0.0
1526.0,1097.0,0.0
1526.0,1107.0,0.0
1526.0,1130.0,0.0
1526.0,1156.0,0.0
1526.0,1186.0,0.0
1526.0,1201.0,0.0
1526.0,1202.0,0.0
1526.0,1208.0,0.0
1526.0,1238.0,0.0
1526.0,1239.0,0.0
1526.0,1258.0,0.0
1526.0,1259.0,0.0
1526.0,1284.0,0.0
1526.0,1306.0,0.0
1526.0,1307.0,0.0
1527.0,934.0,0.0
1527.0,944.0,0.0
1527.0,945.0,0.0
1527.0,958.0,0.0
1527.0,995.0,0.0
1527.0,1058.0,0.0
1527.0,1063.0,0.0
1527.0,1072.0,0.0
1527.0,1076.0,0.0
1527.0,1077.0,0.0
1527.0,1078.0,0.0
1527.0,1079.0,0.0
1527.0,1080.0,0.0
1527.0,1095.0,0.0
1527.0,1096.0,0.0
1527.0,1111.0,0.0
1527.0,1156.0,0.0
1527.0,1177.0,0.0
1527.0,1178.0,0.0
1527.0,1181.0,0.0
1527.0,1200.0,0.0
1527.0,1208.0,0.0
1527.0,1248.0,0.0
1527.0,1249.0,0.0
1527.0,1253.0,0.0
1527.0,1257.0,0.0
1527.0,1261.0,0.0
1527.0,1276.0,0.0
1527.0,1277.0,0.0
1527.0,1283.0,0.0
1527.0,1306.0,0.0
1527.0,1307.0,0.0
1527.0,1343.0,0.0
1528.0,907.0,0.0
1528.0,908.0,0.0
1528.0,911.0,0.0
1528.0,912.0,0.0
1528.0,951.0,0.0
1528.0,958.0,0.0
1528.0,991.0,0.0
1528.0,1058.0,0.0
1528.0,1061.0,0.0
1528.0,1062.0,0.0
1528.0,1064.0,0.0
1528.0,1074.0,0.0
1528.0,1129.0,0.0
1528.0,1133.0,0.0
1528.0,1155.0,0.0
1528.0,1156.0,0.0
1528.0,1178.0,0.0
1528.0,1186.0,0.0
1528.0,1188.0,0.0
1528.0,1194.0,0.0
1528.0,1195.0,0.0
1528.0,1196.0,0.0
1528.0,1200.0,0.0
1528.0,1201.0,0.0
1528.0,1203.0,0.0
1528.0,1204.0,0.0
1528.0,1206.0,0.0
1528.0,1207.0,0.0
1528.0,1221.0,0.0
1528.0,1222.0,0.0
1528.0,1253.0,0.0
1528.0,1257.0,0.0
1528.0,1262.0,0.0
1528.0,1278.0,0.0
1528.0,1283.0,0.0
1528.0,1284.0,0.0
1529.0,927.0,0.0
1529.0,928.0,0.0
1529.0,957.0,0.0
1529.0,990.0,0.0
1529.0,991.0,0.0
1529.0,996.0,0.0
1529.0,997.0,0.0
1529.0,1005.0,0.0
1529.0,1065.0,0.0
1529.0,1066.0,0.0
1529.0,1095.0,0.0
1529.0,1096.0,0.0
1529.0,1100.0,0.0
1529.0,1101.0,0.0
1529.0,1124.0,0.0
1529.0,1125.0,0.0
1529.0,1131.0,0.0
1529.0,1132.0,0.0
1529.0,1133.0,0.0
1529.0,1139.0,0.0
1529.0,1140.0,0.0
1529.0,1155.0,0.0
1529.0,1184.0,0.0
1529.0,1195.0,0.0
1529.0,1196.0,0.0
1529.0,1203.0,0.0
1529.0,1219.0,0.0
1529.0,1220.0,0.0
1529.0,1222.0,0.0
1529.0,1259.0,0.0
1530.0,905.0,0.0
1530.0,906.0,0.0
1530.0,913.0,0.0
1530.0,914.0,0.0
1530.0,920.0,0.0
1530.0,921.0,0.0
1530.0,950.0,0.0
1530.0,1001.0,0.0
1530.0,1004.0,0.0
1530.0,1058.0,0.0
1530.0,1059.0,0.0
1530.0,1065.0,0.0
1530.0,1068.0,0.0
1530.0,1069.0,0.0
1530.0,1070.0,0.0
1530.0,1073.0,0.0
1530.0,1099.0,0.0
1530.0,1100.0,0.0
1530.0,1123.0,0.0
1530.0,1126.0,0.0
1530.0,1127.0,0.0
1530.0,1137.0,0.0
1530.0,1138.0,0.0
1530.0,1140.0,0.0
1530.0,1144.0,0.0
1530.0,1145.0,0.0
1530.0,1146.0,0.0
1530.0,1166.0,0.0
1530.0,1167.0,0.0
1530.0,1183.0,0.0
1530.0,1184.0,0.0
1530.0,1188.0,0.0
1530.0,1204.0,0.0
1530.0,1207.0,0.0
1530.0,1208.0,0.0
1530.0,1228.0,0.0
1530.0,1259.0,0.0
1530.0,1277.0,0.0
1530.0,1279.0,0.0
1530.0,1345.0,0.0
1531.0,907.0,0.0
1531.0,912.0,0.0
1531.0,913.0,0.0
1531.0,928.0,0.0
1531.0,929.0,0.0
1531.0,949.0,0.0
1531.0,980.0,0.0
1531.0,1001.0,0.0
1531.0,1002.0,0.0
1531.0,1007.0,0.0
1531.0,1009.0,0.0
1531.0,1058.0,0.0
1531.0,1071.0,0.0
1531.0,1095.0,0.0
1531.0,1100.0,0.0
1531.0,1127.0,0.0
1531.0,1136.0,0.0
1531.0,1137.0,0.0
1531.0,1144.0,0.0
1531.0,1151.0,0.0
1531.0,1180.0,0.0
1531.0,1183.0,0.0
1531.0,1184.0,0.0
1531.0,1199.0,0.0
1531.0,1223.0,0.0
1531.0,1225.0,0.0
1531.0,1226.0,0.0
1531.0,1228.0,0.0
1531.0,1277.0,0.0
1531.0,1345.0,0.0
1532.0,897.0,0.0
1532.0,909.0,0.0
1532.0,912.0,0.0
1532.0,916.0,0.0
1532.0,919.0,0.0
1532.0,920.0,0.0
1532.0,949.0,0.0
1532.0,980.0,0.0
1532.0,981.0,0.0
1532.0,982.0,0.0
1532.0,983.0,0.0
1532.0,984.0,0.0
1532.0,1003.0,0.0
1532.0,1004.0,0.0
1532.0,1007.0,0.0
1532.0,1022.0,0.0
1532.0,1067.0,0.0
1532.0,1095.0,0.0
1532.0,1096.0,0.0
1532.0,1098.0,0.0
1532.0,1108.0,0.0
1532.0,1109.0,0.0
1532.0,1125.0,0.0
1532.0,1126.0,0.0
1532.0,1136.0,0.0
1532.0,1144.0,0.0
1532.0,1155.0,0.0
1532.0,1167.0,0.0
1532.0,1179.0,0.0
1532.0,1180.0,0.0
1532.0,1181.0,0.0
1532.0,1190.0,0.0
1532.0,1197.0,0.0
1532.0,1198.0,0.0
1532.0,1206.0,0.0
1532.0,1212.0,0.0
1532.0,1213.0,0.0
1532.0,1215.0,0.0
1532.0,1217.0,0.0
1532.0,1218.0,0.0
1532.0,1222.0,0.0
1532.0,1223.0,0.0
1532.0,1276.0,0.0
1533.0,911.0,0.0
1533.0,914.0,0.0
1533.0,915.0,0.0
1533.0,932.0,0.0
1533.0,933.0,0.0
1533.0,948.0,0.0
1533.0,949.0,0.0
1533.0,983.0,0.0
1533.0,988.0,0.0
1533.0,1004.0,0.0
1533.0,1058.0,0.0
1533.0,1068.0,0.0
1533.0,1089.0,0.0
1533.0,1096.0,0.0
1533.0,1109.0,0.0
1533.0,1117.0,0.0
1533.0,1123.0,0.0
1533.0,1124.0,0.0
1533.0,1154.0,0.0
1533.0,1179.0,0.0
1533.0,1180.0,0.0
1533.0,1181.0,0.0
1533.0,1197.0,0.0
1533.0,1198.0,0.0
1533.0,1215.0,0.0
1533.0,1275.0,0.0
1533.0,1277.0,0.0
1534.0,901.0,0.0
1534.0,902.0,0.0
1534.0,915.0,0.0
1534.0,916.0,0.0
1534.0,932.0,0.0
1534.0,999.0,0.0
1534.0,1049.0,0.0
1534.0,1058.0,0.0
1534.0,1059.0,0.0
1534.0,1061.0,0.0
1534.0,1067.0,0.0
1534.0,1069.0,0.0
1534.0,1076.0,0.0
1534.0,1077.0,0.0
1534.0,1088.0,0.0
1534.0,1110.0,0.0
1534.0,1113.0,0.0
1534.0,1114.0,0.0
1534.0,1116.0,0.0
1534.0,1117.0,0.0
1534.0,1123.0,0.0
1534.0,1152.0,0.0
1534.0,1154.0,0.0
1534.0,1180.0,0.0
1534.0,1204.0,0.0
1534.0,1205.0,0.0
1534.0,1212.0,0.0
1534.0,1213.0,0.0
1534.0,1223.0,0.0
1534.0,1234.0,0.0
1534.0,1256.0,0.0
1534.0,1272.0,0.0
1534.0,1273.0,0.0
1534.0,1275.0,0.0
1534.0,1294.0,0.0
1534.0,1296.0,0.0
1534.0,1310.0,0.0
1535.0,901.0,0.0
1535.0,902.0,0.0
1535.0,935.0,0.0
1535.0,940.0,0.0
1535.0,941.0,0.0
1535.0,1000.0,0.0
1535.0,1001.0,0.0
1535.0,1002.0,0.0
1535.0,1027.0,0.0
1535.0,1028.0,0.0
1535.0,1030.0,0.0
1535.0,1044.0,0.0
1535.0,1045.0,0.0
1535.0,1046.0,0.0
1535.0,1047.0,0.0
1535.0,1048.0,0.0
1535.0,1056.0,0.0
1535.0,1057.0,0.0
1535.0,1088.0,0.0
1535.0,1110.0,0.0
1535.0,1152.0,0.0
1535.0,1153.0,0.0
1535.0,1168.0,0.0
1535.0,1192.0,0.0
1535.0,1201.0,0.0
1535.0,1212.0,0.0
1535.0,1231.0,0.0
1535.0,1256.0,0.0
1535.0,1266.0,0.0
1535.0,1267.0,0.0
1535.0,1269.0,0.0
1535.0,1270.0,0.0
1535.0,1271.0,0.0
1535.0,1280.0,0.0
1535.0,1281.0,0.0
1535.0,1282.0,0.0
1535.0,1295.0,0.0
1535.0,1310.0,0.0
1536.0,897.0,0.0
1536.0,898.0,0.0
1536.0,900.0,0.0
1536.0,901.0,0.0
1536.0,905.0,0.0
1536.0,908.0,0.0
1536.0,909.0,0.0
1536.0,910.0,0.0
1536.0,926.0,0.0
1536.0,927.0,0.0
1536.0,952.0,0.0
1536.0,984.0,0.0
1536.0,1029.0,0.0
1536.0,1037.0,0.0
1536.0,1038.0,0.0
1536.0,1044.0,0.0
1536.0,1047.0,0.0
1536.0,1113.0,0.0
1536.0,1150.0,0.0
1536.0,1159.0,0.0
1536.0,1168.0,0.0
1536.0,1191.0,0.0
1536.0,1192.0,0.0
1536.0,1193.0,0.0
1536.0,1197.0,0.0
1536.0,1201.0,0.0
1536.0,1224.0,0.0
1536.0,1225.0,0.0
1536.0,1226.0,0.0
1536.0,1232.0,0.0
1536.0,1263.0,0.0
1536.0,1266.0,0.0
1536.0,1270.0,0.0
1536.0,1280.0,0.0
1536.0,1281.0,0.0
1536.0,1286.0,0.0
1536.0,1296.0,0.0
1536.0,1309.0,0.0
1536.0,1320.0,0.0
1536.0,1321.0,0.0
1537.0,897.0,0.0
1537.0,933.0,0.0
1537.0,934.0,0.0
1537.0,935.0,0.0
1537.0,936.0,0.0
1537.0,938.0,0.0
1537.0,939.0,0.0
1537.0,983.0,0.0
1537.0,984.0,0.0
1537.0,985.0,0.0
1537.0,1029.0,0.0
1537.0,1036.0,0.0
1537.0,1037.0,0.0
1537.0,1038.0,0.0
1537.0,1064.0,0.0
1537.0,1083.0,0.0
1537.0,1113.0,0.0
1537.0,1131.0,0.0
1537.0,1132.0,0.0
1537.0,1134.0,0.0
1537.0,1154.0,0.0
1537.0,1159.0,0.0
1537.0,1160.0,0.0
1537.0,1168.0,0.0
1537.0,1169.0,0.0
1537.0,1191.0,0.0
1537.0,1192.0,0.0
1537.0,1195.0,0.0
1537.0,1197.0,0.0
1537.0,1198.0,0.0
1537.0,1225.0,0.0
1537.0,1234.0,0.0
1537.0,1254.0,0.0
1537.0,1263.0,0.0
1537.0,1265.0,0.0
1537.0,1286.0,0.0
1537.0,1288.0,0.0
1537.0,1289.0,0.0
1537.0,1290.0,0.0
1537.0,1291.0,0.0
1537.0,1292.0,0.0
1537.0,1320.0,0.0
1537.0,1321.0,0.0
1538.0,950.0,0.0
1538.0,951.0,0.0
1538.0,981.0,0.0
1538.0,982.0,0.0
1538.0,1014.0,0.0
1538.0,1018.0,0.0
1538.0,1019.0,0.0
1538.0,1048.0,0.0
1538.0,1060.0,0.0
1538.0,1061.0,0.0
1538.0,1083.0,0.0
1538.0,1092.0,0.0
1538.0,1113.0,0.0
1538.0,1114.0,0.0
1538.0,1120.0,0.0
1538.0,1121.0,0.0
1538.0,1131.0,0.0
1538.0,1134.0,0.0
1538.0,1154.0,0.0
1538.0,1158.0,0.0
1538.0,1160.0,0.0
1538.0,1174.0,0.0
1538.0,1176.0,0.0
1538.0,1186.0,0.0
1538.0,1198.0,0.0
1538.0,1200.0,0.0
1538.0,1208.0,0.0
1538.0,1252.0,0.0
1538.0,1253.0,0.0
1538.0,1262.0,0.0
1538.0,1293.0,0.0
1538.0,1308.0,0.0
1538.0,1309.0,0.0
1539.0,909.0,0.0
1539.0,913.0,0.0
1539.0,951.0,0.0
1539.0,975.0,0.0
1539.0,1017.0,0.0
1539.0,1018.0,0.0
1539.0,1036.0,0.0
1539.0,1039.0,0.0
1539.0,1040.0,0.0
1539.0,1094.0,0.0
1539.0,1116.0,0.0
1539.0,1121.0,0.0
1539.0,1125.0,0.0
1539.0,1130.0,0.0
1539.0,1154.0,0.0
1539.0,1155.0,0.0
1539.0,1156.0,0.0
1539.0,1169.0,0.0
1539.0,1173.0,0.0
1539.0,1174.0,0.0
1539.0,1197.0,0.0
1539.0,1207.0,0.0
1539.0,1231.0,0.0
1539.0,1232.0,0.0
1539.0,1262.0,0.0
1539.0,1267.0,0.0
1539.0,1285.0,0.0
1540.0,897.0,0.0
1540.0,905.0,0.0
1540.0,909.0,0.0
1540.0,910.0,0.0
1540.0,913.0,0.0
1540.0,939.0,0.0
1540.0,950.0,0.0
1540.0,958.0,0.0
1540.0,975.0,0.0
1540.0,982.0,0.0
1540.0,1039.0,0.0
1540.0,1047.0,0.0
1540.0,1124.0,0.0
1540.0,1125.0,0.0
1540.0,1126.0,0.0
1540.0,1130.0,0.0
1540.0,1161.0,0.0
1540.0,1162.0,0.0
1540.0,1189.0,0.0
1540.0,1195.0,0.0
1540.0,1196.0,0.0
1540.0,1198.0,0.0
1540.0,1205.0,0.0
1540.0,1206.0,0.0
1540.0,1215.0,0.0
1540.0,1216.0,0.0
1540.0,1227.0,0.0
1540.0,1228.0,0.0
1540.0,1250.0,0.0
1540.0,1252.0,0.0
1540.0,1253.0,0.0
1540.0,1265.0,0.0
1540.0,1270.0,0.0
1540.0,1274.0,0.0
1540.0,1275.0,0.0
1540.0,1285.0,0.0
1540.0,1289.0,0.0
1540.0,1308.0,0.0
1540.0,1309.0,0.0
1540.0,1344.0,0.0
1540.0,1345.0,0.0
1541.0,897.0,0.0
1541.0,939.0,0.0
1541.0,975.0,0.0
1541.0,1037.0,0.0
1541.0,1038.0,0.0
1541.0,1050.0,0.0
1541.0,1051.0,0.0
1541.0,1091.0,0.0
1541.0,1092.0,0.0
1541.0,1125.0,0.0
1541.0,1129.0,0.0
1541.0,1161.0,0.0
1541.0,1172.0,0.0
1541.0,1189.0,0.0
1541.0,1227.0,0.0
1541.0,1249.0,0.0
1541.0,1250.0,0.0
1541.0,1263.0,0.0
1541.0,1265.0,0.0
1541.0,1269.0,0.0
1541.0,1273.0,0.0
1541.0,1274.0,0.0
1541.0,1288.0,0.0
1541.0,1289.0,0.0
1541.0,1309.0,0.0
1541.0,1337.0,0.0
1542.0,918.0,0.0
1542.0,919.0,0.0
1542.0,920.0,0.0
1542.0,937.0,0.0
1542.0,938.0,0.0
1542.0,948.0,0.0
1542.0,949.0,0.0
1542.0,951.0,0.0
1542.0,952.0,0.0
1542.0,975.0,0.0
1542.0,1029.0,0.0
1542.0,1045.0,0.0
1542.0,1046.0,0.0
1542.0,1050.0,0.0
1542.0,1066.0,0.0
1542.0,1069.0,0.0
1542.0,1074.0,0.0
1542.0,1075.0,0.0
1542.0,1091.0,0.0
1542.0,1096.0,0.0
1542.0,1102.0,0.0
1542.0,1128.0,0.0
1542.0,1130.0,0.0
1542.0,1160.0,0.0
1542.0,1171.0,0.0
1542.0,1173.0,0.0
1542.0,1195.0,0.0
1542.0,1210.0,0.0
1542.0,1211.0,0.0
1542.0,1216.0,0.0
1542.0,1227.0,0.0
1542.0,1248.0,0.0
1542.0,1249.0,0.0
1542.0,1263.0,0.0
1542.0,1273.0,0.0
1542.0,1293.0,0.0
1542.0,1327.0,0.0
1542.0,1329.0,0.0
1542.0,1337.0,0.0
1542.0,1338.0,0.0
1543.0,918.0,0.0
1543.0,936.0,0.0
1543.0,937.0,0.0
1543.0,949.0,0.0
1543.0,952.0,0.0
1543.0,976.0,0.0
1543.0,1030.0,0.0
1543.0,1046.0,0.0
1543.0,1049.0,0.0
1543.0,1064.0,0.0
1543.0,1066.0,0.0
1543.0,1072.0,0.0
1543.0,1103.0,0.0
1543.0,1121.0,0.0
1543.0,1129.0,0.0
1543.0,1130.0,0.0
1543.0,1136.0,0.0
1543.0,1138.0,0.0
1543.0,1171.0,0.0
1543.0,1173.0,0.0
1543.0,1178.0,0.0
1543.0,1210.0,0.0
1543.0,1211.0,0.0
1543.0,1226.0,0.0
1543.0,1248.0,0.0
1543.0,1256.0,0.0
1543.0,1271.0,0.0
1543.0,1272.0,0.0
1543.0,1309.0,0.0
1543.0,1310.0,0.0
1543.0,1324.0,0.0
1543.0,1329.0,0.0
1544.0,913.0,0.0
1544.0,915.0,0.0
1544.0,934.0,0.0
1544.0,935.0,0.0
1544.0,936.0,0.0
1544.0,960.0,0.0
1544.0,975.0,0.0
1544.0,1005.0,0.0
1544.0,1006.0,0.0
1544.0,1032.0,0.0
1544.0,1052.0,0.0
1544.0,1064.0,0.0
1544.0,1065.0,0.0
1544.0,1094.0,0.0
1544.0,1121.0,0.0
1544.0,1122.0,0.0
1544.0,1136.0,0.0
1544.0,1138.0,0.0
1544.0,1139.0,0.0
1544.0,1143.0,0.0
1544.0,1144.0,0.0
1544.0,1178.0,0.0
1544.0,1180.0,0.0
1544.0,1214.0,0.0
1544.0,1248.0,0.0
1544.0,1254.0,0.0
1544.0,1262.0,0.0
1544.0,1270.0,0.0
1544.0,1271.0,0.0
1544.0,1287.0,0.0
1544.0,1288.0,0.0
1544.0,1310.0,0.0
1544.0,1324.0,0.0
1544.0,1326.0,0.0
1545.0,897.0,0.0
1545.0,914.0,0.0
1545.0,915.0,0.0
1545.0,935.0,0.0
1545.0,939.0,0.0
1545.0,942.0,0.0
1545.0,951.0,0.0
1545.0,952.0,0.0
1545.0,953.0,0.0
1545.0,954.0,0.0
1545.0,955.0,0.0
1545.0,956.0,0.0
1545.0,957.0,0.0
1545.0,1003.0,0.0
1545.0,1004.0,0.0
1545.0,1005.0,0.0
1545.0,1006.0,0.0
1545.0,1024.0,0.0
1545.0,1032.0,0.0
1545.0,1049.0,0.0
1545.0,1050.0,0.0
1545.0,1052.0,0.0
1545.0,1053.0,0.0
1545.0,1054.0,0.0
1545.0,1092.0,0.0
1545.0,1093.0,0.0
1545.0,1121.0,0.0
1545.0,1122.0,0.0
1545.0,1133.0,0.0
1545.0,1134.0,0.0
1545.0,1143.0,0.0
1545.0,1207.0,0.0
1545.0,1208.0,0.0
1545.0,1213.0,0.0
1545.0,1214.0,0.0
1545.0,1248.0,0.0
1545.0,1251.0,0.0
1545.0,1262.0,0.0
1545.0,1288.0,0.0
1545.0,1289.0,0.0
1545.0,1294.0,0.0
1545.0,1312.0,0.0
1545.0,1314.0,0.0
1545.0,1316.0,0.0
1545.0,1334.0,0.0
1545.0,1335.0,0.0
1545.0,1336.0,0.0
1545.0,1337.0,0.0
1545.0,1338.0,0.0
1546.0,908.0,0.0
1546.0,913.0,0.0
1546.0,914.0,0.0
1546.0,928.0,0.0
1546.0,929.0,0.0
1546.0,930.0,0.0
1546.0,940.0,0.0
1546.0,942.0,0.0
1546.0,951.0,0.0
1546.0,952.0,0.0
1546.0,956.0,0.0
1546.0,960.0,0.0
1546.0,961.0,0.0
1546.0,990.0,0.0
1546.0,991.0,0.0
1546.0,1007.0,0.0
1546.0,1022.0,0.0
1546.0,1023.0,0.0
1546.0,1025.0,0.0
1546.0,1115.0,0.0
1546.0,1126.0,0.0
1546.0,1133.0,0.0
1546.0,1134.0,0.0
1546.0,1144.0,0.0
1546.0,1151.0,0.0
1546.0,1174.0,0.0
1546.0,1177.0,0.0
1546.0,1190.0,0.0
1546.0,1195.0,0.0
1546.0,1201.0,0.0
1546.0,1202.0,0.0
1546.0,1208.0,0.0
1546.0,1214.0,0.0
1546.0,1250.0,0.0
1546.0,1251.0,0.0
1546.0,1254.0,0.0
1546.0,1280.0,0.0
1546.0,1281.0,0.0
1546.0,1287.0,0.0
1546.0,1288.0,0.0
1546.0,1289.0,0.0
1546.0,1294.0,0.0
1546.0,1310.0,0.0
1546.0,1312.0,0.0
1546.0,1314.0,0.0
1546.0,1316.0,0.0
1546.0,1317.0,0.0
1547.0,909.0,0.0
1547.0,927.0,0.0
1547.0,930.0,0.0
1547.0,931.0,0.0
1547.0,971.0,0.0
1547.0,1007.0,0.0
1547.0,1016.0,0.0
1547.0,1043.0,0.0
1547.0,1054.0,0.0
1547.0,1073.0,0.0
1547.0,1075.0,0.0
1547.0,1088.0,0.0
1547.0,1103.0,0.0
1547.0,1150.0,0.0
1547.0,1151.0,0.0
1547.0,1176.0,0.0
1547.0,1195.0,0.0
1547.0,1196.0,0.0
1547.0,1208.0,0.0
1547.0,1218.0,0.0
1547.0,1224.0,0.0
1547.0,1225.0,0.0
1547.0,1250.0,0.0
1547.0,1256.0,0.0
1547.0,1257.0,0.0
1547.0,1260.0,0.0
1547.0,1261.0,0.0
1547.0,1262.0,0.0
1547.0,1279.0,0.0
1547.0,1280.0,0.0
1547.0,1281.0,0.0
1547.0,1288.0,0.0
1547.0,1292.0,0.0
1547.0,1293.0,0.0
1547.0,1297.0,0.0
1547.0,1299.0,0.0
1547.0,1300.0,0.0
1547.0,1310.0,0.0
1547.0,1316.0,0.0
1548.0,909.0,0.0
1548.0,910.0,0.0
1548.0,955.0,0.0
1548.0,970.0,0.0
1548.0,997.0,0.0
1548.0,998.0,0.0
1548.0,1039.0,0.0
1548.0,1040.0,0.0
1548.0,1041.0,0.0
1548.0,1075.0,0.0
1548.0,1086.0,0.0
1548.0,1088.0,0.0
1548.0,1093.0,0.0
1548.0,1104.0,0.0
1548.0,1123.0,0.0
1548.0,1126.0,0.0
1548.0,1127.0,0.0
1548.0,1128.0,0.0
1548.0,1149.0,0.0
1548.0,1150.0,0.0
1548.0,1176.0,0.0
1548.0,1186.0,0.0
1548.0,1208.0,0.0
1548.0,1218.0,0.0
1548.0,1219.0,0.0
1548.0,1223.0,0.0
1548.0,1224.0,0.0
1548.0,1225.0,0.0
1548.0,1257.0,0.0
1548.0,1263.0,0.0
1548.0,1315.0,0.0
1549.0,949.0,0.0
1549.0,955.0,0.0
1549.0,971.0,0.0
1549.0,997.0,0.0
1549.0,998.0,0.0
1549.0,1039.0,0.0
1549.0,1086.0,0.0
1549.0,1093.0,0.0
1549.0,1104.0,0.0
1549.0,1128.0,0.0
1549.0,1147.0,0.0
1549.0,1149.0,0.0
1549.0,1207.0,0.0
1549.0,1208.0,0.0
1549.0,1219.0,0.0
1549.0,1220.0,0.0
1549.0,1221.0,0.0
1549.0,1223.0,0.0
1549.0,1224.0,0.0
1549.0,1264.0,0.0
1549.0,1340.0,0.0
1549.0,1341.0,0.0
1550.0,930.0,0.0
1550.0,931.0,0.0
1550.0,932.0,0.0
1550.0,952.0,0.0
1550.0,953.0,0.0
1550.0,971.0,0.0
1550.0,972.0,0.0
1550.0,989.0,0.0
1550.0,1000.0,0.0
1550.0,1001.0,0.0
1550.0,1052.0,0.0
1550.0,1053.0,0.0
1550.0,1054.0,0.0
1550.0,1061.0,0.0
1550.0,1094.0,0.0
1550.0,1138.0,0.0
1550.0,1139.0,0.0
1550.0,1140.0,0.0
1550.0,1157.0,0.0
1550.0,1159.0,0.0
1550.0,1167.0,0.0
1550.0,1168.0,0.0
1550.0,1192.0,0.0
1550.0,1220.0,0.0
1550.0,1246.0,0.0
1550.0,1256.0,0.0
1550.0,1258.0,0.0
1550.0,1259.0,0.0
1550.0,1266.0,0.0
1550.0,1269.0,0.0
1550.0,1301.0,0.0
1550.0,1302.0,0.0
1550.0,1318.0,0.0
1550.0,1319.0,0.0
1550.0,1340.0,0.0
1550.0,1341.0,0.0
1550.0,1342.0,0.0
1550.0,1344.0,0.0
1550.0,1345.0,0.0
1551.0,911.0,0.0
1551.0,931.0,0.0
1551.0,953.0,0.0
1551.0,954.0,0.0
1551.0,972.0,0.0
1551.0,973.0,0.0
1551.0,974.0,0.0
1551.0,981.0,0.0
1551.0,982.0,0.0
1551.0,1001.0,0.0
1551.0,1002.0,0.0
1551.0,1027.0,0.0
1551.0,1028.0,0.0
1551.0,1052.0,0.0
1551.0,1053.0,0.0
1551.0,1061.0,0.0
1551.0,1084.0,0.0
1551.0,1085.0,0.0
1551.0,1134.0,0.0
1551.0,1135.0,0.0
1551.0,1157.0,0.0
1551.0,1159.0,0.0
1551.0,1167.0,0.0
1551.0,1175.0,0.0
1551.0,1244.0,0.0
1551.0,1246.0,0.0
1551.0,1252.0,0.0
1551.0,1255.0,0.0
1551.0,1266.0,0.0
1551.0,1300.0,0.0
1551.0,1302.0,0.0
1551.0,1303.0,0.0
1551.0,1304.0,0.0
1551.0,1335.0,0.0
1551.0,1344.0,0.0
1551.0,1345.0,0.0
1552.0,907.0,0.0
1552.0,911.0,0.0
1552.0,976.0,0.0
1552.0,987.0,0.0
1552.0,1002.0,0.0
1552.0,1061.0,0.0
1552.0,1062.0,0.0
1552.0,1085.0,0.0
1552.0,1103.0,0.0
1552.0,1104.0,0.0
1552.0,1115.0,0.0
1552.0,1129.0,0.0
1552.0,1132.0,0.0
1552.0,1134.0,0.0
1552.0,1135.0,0.0
1552.0,1141.0,0.0
1552.0,1164.0,0.0
1552.0,1165.0,0.0
1552.0,1166.0,0.0
1552.0,1175.0,0.0
1552.0,1192.0,0.0
1552.0,1193.0,0.0
1552.0,1236.0,0.0
1552.0,1237.0,0.0
1552.0,1244.0,0.0
1552.0,1251.0,0.0
1552.0,1252.0,0.0
1552.0,1253.0,0.0
1552.0,1254.0,0.0
1552.0,1255.0,0.0
1552.0,1258.0,0.0
1552.0,1274.0,0.0
1552.0,1298.0,0.0
1552.0,1300.0,0.0
1552.0,1312.0,0.0
1552.0,1335.0,0.0
1552.0,1344.0,0.0
1553.0,957.0,0.0
1553.0,975.0,0.0
1553.0,987.0,0.0
1553.0,1002.0,0.0
1553.0,1028.0,0.0
1553.0,1060.0,0.0
1553.0,1086.0,0.0
1553.0,1103.0,0.0
1553.0,1104.0,0.0
1553.0,1114.0,0.0
1553.0,1129.0,0.0
1553.0,1132.0,0.0
1553.0,1133.0,0.0
1553.0,1141.0,0.0
1553.0,1142.0,0.0
1553.0,1161.0,0.0
1553.0,1163.0,0.0
1553.0,1164.0,0.0
1553.0,1175.0,0.0
1553.0,1193.0,0.0
1553.0,1228.0,0.0
1553.0,1235.0,0.0
1553.0,1236.0,0.0
1553.0,1244.0,0.0
1553.0,1251.0,0.0
1553.0,1252.0,0.0
1553.0,1259.0,0.0
1553.0,1260.0,0.0
1553.0,1269.0,0.0
1553.0,1270.0,0.0
1553.0,1274.0,0.0
1553.0,1275.0,0.0
1553.0,1292.0,0.0
1553.0,1293.0,0.0
1553.0,1312.0,0.0
1553.0,1313.0,0.0
1553.0,1319.0,0.0
1553.0,1320.0,0.0
1554.0,911.0,0.0
1554.0,957.0,0.0
1554.0,958.0,0.0
1554.0,978.0,0.0
1554.0,994.0,0.0
1554.0,1002.0,0.0
1554.0,1003.0,0.0
1554.0,1022.0,0.0
1554.0,1048.0,0.0
1554.0,1114.0,0.0
1554.0,1133.0,0.0
1554.0,1134.0,0.0
1554.0,1141.0,0.0
1554.0,1142.0,0.0
1554.0,1163.0,0.0
1554.0,1209.0,0.0
1554.0,1228.0,0.0
1554.0,1234.0,0.0
1554.0,1235.0,0.0
1554.0,1261.0,0.0
1554.0,1263.0,0.0
1554.0,1270.0,0.0
1554.0,1276.0,0.0
1554.0,1318.0,0.0
1555.0,905.0,0.0
1555.0,922.0,0.0
1555.0,923.0,0.0
1555.0,955.0,0.0
1555.0,956.0,0.0
1555.0,985.0,0.0
1555.0,986.0,0.0
1555.0,1022.0,0.0
1555.0,1023.0,0.0
1555.0,1048.0,0.0
1555.0,1103.0,0.0
1555.0,1104.0,0.0
1555.0,1163.0,0.0
1555.0,1173.0,0.0
1555.0,1176.0,0.0
1555.0,1187.0,0.0
1555.0,1197.0,0.0
1555.0,1205.0,0.0
1555.0,1207.0,0.0
1555.0,1234.0,0.0
1555.0,1262.0,0.0
1555.0,1263.0,0.0
1555.0,1270.0,0.0
1555.0,1277.0,0.0
1555.0,1297.0,0.0
1555.0,1298.0,0.0
1555.0,1331.0,0.0
1556.0,905.0,0.0
1556.0,910.0,0.0
1556.0,921.0,0.0
1556.0,922.0,0.0
1556.0,931.0,0.0
1556.0,980.0,0.0
1556.0,985.0,0.0
1556.0,986.0,0.0
1556.0,1020.0,0.0
1556.0,1021.0,0.0
1556.0,1026.0,0.0
1556.0,1103.0,0.0
1556.0,1107.0,0.0
1556.0,1108.0,0.0
1556.0,1117.0,0.0
1556.0,1119.0,0.0
1556.0,1128.0,0.0
1556.0,1173.0,0.0
1556.0,1175.0,0.0
1556.0,1176.0,0.0
1556.0,1195.0,0.0
1556.0,1197.0,0.0
1556.0,1206.0,0.0
1556.0,1227.0,0.0
1556.0,1235.0,0.0
1556.0,1264.0,0.0
1556.0,1270.0,0.0
1556.0,1274.0,0.0
1556.0,1279.0,0.0
1556.0,1280.0,0.0
1556.0,1297.0,0.0
1556.0,1321.0,0.0
1556.0,1322.0,0.0
1556.0,1329.0,0.0
1556.0,1331.0,0.0
1556.0,1332.0,0.0
1556.0,1333.0,0.0
1556.0,1334.0,0.0
1557.0,897.0,0.0
1557.0,901.0,0.0
1557.0,909.0,0.0
1557.0,910.0,0.0
1557.0,926.0,0.0
1557.0,961.0,0.0
1557.0,969.0,0.0
1557.0,997.0,0.0
1557.0,998.0,0.0
1557.0,1020.0,0.0
1557.0,1034.0,0.0
1557.0,1055.0,0.0
1557.0,1056.0,0.0
1557.0,1067.0,0.0
1557.0,1090.0,0.0
1557.0,1093.0,0.0
1557.0,1094.0,0.0
1557.0,1107.0,0.0
1557.0,1116.0,0.0
1557.0,1117.0,0.0
1557.0,1141.0,0.0
1557.0,1142.0,0.0
1557.0,1143.0,0.0
1557.0,1147.0,0.0
1557.0,1164.0,0.0
1557.0,1227.0,0.0
1557.0,1228.0,0.0
1557.0,1235.0,0.0
1557.0,1236.0,0.0
1557.0,1244.0,0.0
1557.0,1263.0,0.0
1557.0,1264.0,0.0
1557.0,1270.0,0.0
1557.0,1273.0,0.0
1557.0,1276.0,0.0
1557.0,1320.0,0.0
1557.0,1322.0,0.0
1557.0,1329.0,0.0
1557.0,1335.0,0.0
1558.0,909.0,0.0
1558.0,910.0,0.0
1558.0,918.0,0.0
1558.0,925.0,0.0
1558.0,927.0,0.0
1558.0,928.0,0.0
1558.0,929.0,0.0
1558.0,930.0,0.0
1558.0,939.0,0.0
1558.0,957.0,0.0
1558.0,958.0,0.0
1558.0,959.0,0.0
1558.0,961.0,0.0
1558.0,962.0,0.0
1558.0,963.0,0.0
1558.0,969.0,0.0
1558.0,980.0,0.0
1558.0,998.0,0.0
1558.0,999.0,0.0
1558.0,1018.0,0.0
1558.0,1019.0,0.0
1558.0,1024.0,0.0
1558.0,1026.0,0.0
1558.0,1051.0,0.0
1558.0,1052.0,0.0
1558.0,1054.0,0.0
1558.0,1055.0,0.0
1558.0,1081.0,0.0
1558.0,1090.0,0.0
1558.0,1102.0,0.0
1558.0,1117.0,0.0
1558.0,1132.0,0.0
1558.0,1133.0,0.0
1558.0,1134.0,0.0
1558.0,1137.0,0.0
1558.0,1139.0,0.0
1558.0,1145.0,0.0
1558.0,1164.0,0.0
1558.0,1166.0,0.0
1558.0,1226.0,0.0
1558.0,1227.0,0.0
1558.0,1244.0,0.0
1558.0,1245.0,0.0
1558.0,1262.0,0.0
1558.0,1273.0,0.0
1558.0,1276.0,0.0
1558.0,1279.0,0.0
1558.0,1280.0,0.0
1558.0,1282.0,0.0
1558.0,1284.0,0.0
1558.0,1285.0,0.0
1558.0,1302.0,0.0
1558.0,1317.0,0.0
1558.0,1318.0,0.0
1558.0,1319.0,0.0
1558.0,1320.0,0.0
1559.0,920.0,0.0
1559.0,922.0,0.0
1559.0,929.0,0.0
1559.0,937.0,0.0
1559.0,938.0,0.0
1559.0,942.0,0.0
1559.0,943.0,0.0
1559.0,957.0,0.0
1559.0,959.0,0.0
1559.0,969.0,0.0
1559.0,975.0,0.0
1559.0,976.0,0.0
1559.0,980.0,0.0
1559.0,997.0,0.0
1559.0,998.0,0.0
1559.0,999.0,0.0
1559.0,1017.0,0.0
1559.0,1028.0,0.0
1559.0,1048.0,0.0
1559.0,1102.0,0.0
1559.0,1103.0,0.0
1559.0,1104.0,0.0
1559.0,1125.0,0.0
1559.0,1126.0,0.0
1559.0,1127.0,0.0
1559.0,1142.0,0.0
1559.0,1148.0,0.0
1559.0,1166.0,0.0
1559.0,1171.0,0.0
1559.0,1184.0,0.0
1559.0,1195.0,0.0
1559.0,1196.0,0.0
1559.0,1205.0,0.0
1559.0,1207.0,0.0
1559.0,1228.0,0.0
1559.0,1262.0,0.0
1559.0,1276.0,0.0
1559.0,1282.0,0.0
1559.0,1283.0,0.0
1559.0,1284.0,0.0
1559.0,1302.0,0.0
1559.0,1304.0,0.0
1559.0,1322.0,0.0
1560.0,917.0,0.0
1560.0,918.0,0.0
1560.0,932.0,0.0
1560.0,933.0,0.0
1560.0,937.0,0.0
1560.0,938.0,0.0
1560.0,943.0,0.0
1560.0,957.0,0.0
1560.0,963.0,0.0
1560.0,964.0,0.0
1560.0,965.0,0.0
1560.0,970.0,0.0
1560.0,973.0,0.0
1560.0,974.0,0.0
1560.0,994.0,0.0
1560.0,995.0,0.0
1560.0,996.0,0.0
1560.0,997.0,0.0
1560.0,1032.0,0.0
1560.0,1033.0,0.0
1560.0,1057.0,0.0
1560.0,1065.0,0.0
1560.0,1066.0,0.0
1560.0,1087.0,0.0
1560.0,1120.0,0.0
1560.0,1125.0,0.0
1560.0,1129.0,0.0
1560.0,1130.0,0.0
1560.0,1148.0,0.0
1560.0,1171.0,0.0
1560.0,1194.0,0.0
1560.0,1198.0,0.0
1560.0,1204.0,0.0
1560.0,1206.0,0.0
1560.0,1209.0,0.0
1560.0,1210.0,0.0
1560.0,1223.0,0.0
1560.0,1228.0,0.0
1560.0,1229.0,0.0
1560.0,1303.0,0.0
1560.0,1322.0,0.0
1560.0,1338.0,0.0
1561.0,897.0,0.0
1561.0,916.0,0.0
1561.0,917.0,0.0
1561.0,931.0,0.0
1561.0,933.0,0.0
1561.0,957.0,0.0
1561.0,958.0,0.0
1561.0,960.0,0.0
1561.0,961.0,0.0
1561.0,969.0,0.0
1561.0,972.0,0.0
1561.0,973.0,0.0
1561.0,1015.0,0.0
1561.0,1016.0,0.0
1561.0,1017.0,0.0
1561.0,1018.0,0.0
1561.0,1033.0,0.0
1561.0,1057.0,0.0
1561.0,1063.0,0.0
1561.0,1064.0,0.0
1561.0,1080.0,0.0
1561.0,1144.0,0.0
1561.0,1148.0,0.0
1561.0,1165.0,0.0
1561.0,1171.0,0.0
1561.0,1201.0,0.0
1561.0,1210.0,0.0
1561.0,1221.0,0.0
1561.0,1222.0,0.0
1561.0,1223.0,0.0
1561.0,1231.0,0.0
1561.0,1233.0,0.0
1561.0,1316.0,0.0
1561.0,1317.0,0.0
1561.0,1321.0,0.0
1561.0,1322.0,0.0
1561.0,1323.0,0.0
1561.0,1338.0,0.0
1561.0,1339.0,0.0
1562.0,909.0,0.0
1562.0,910.0,0.0
1562.0,915.0,0.0
1562.0,916.0,0.0
1562.0,931.0,0.0
1562.0,959.0,0.0
1562.0,960.0,0.0
1562.0,967.0,0.0
1562.0,978.0,0.0
1562.0,1046.0,0.0
1562.0,1048.0,0.0
1562.0,1061.0,0.0
1562.0,1062.0,0.0
1562.0,1063.0,0.0
1562.0,1078.0,0.0
1562.0,1079.0,0.0
1562.0,1080.0,0.0
1562.0,1101.0,0.0
1562.0,1102.0,0.0
1562.0,1148.0,0.0
1562.0,1166.0,0.0
1562.0,1171.0,0.0
1562.0,1200.0,0.0
1562.0,1201.0,0.0
1562.0,1208.0,0.0
1562.0,1275.0,0.0
1562.0,1276.0,0.0
1562.0,1279.0,0.0
1562.0,1321.0,0.0
1562.0,1340.0,0.0
1563.0,899.0,0.0
1563.0,921.0,0.0
1563.0,931.0,0.0
1563.0,951.0,0.0
1563.0,1032.0,0.0
1563.0,1046.0,0.0
1563.0,1048.0,0.0
1563.0,1056.0,0.0
1563.0,1057.0,0.0
1563.0,1059.0,0.0
1563.0,1060.0,0.0
1563.0,1080.0,0.0
1563.0,1100.0,0.0
1563.0,1101.0,0.0
1563.0,1142.0,0.0
1563.0,1148.0,0.0
1563.0,1149.0,0.0
1563.0,1171.0,0.0
1563.0,1200.0,0.0
1563.0,1204.0,0.0
1563.0,1276.0,0.0
1563.0,1316.0,0.0
1563.0,1317.0,0.0
1563.0,1323.0,0.0
1563.0,1324.0,0.0
1563.0,1325.0,0.0
1563.0,1340.0,0.0
1564.0,897.0,0.0
1564.0,899.0,0.0
1564.0,900.0,0.0
1564.0,908.0,0.0
1564.0,909.0,0.0
1564.0,910.0,0.0
1564.0,931.0,0.0
1564.0,932.0,0.0
1564.0,951.0,0.0
1564.0,969.0,0.0
1564.0,971.0,0.0
1564.0,979.0,0.0
1564.0,1001.0,0.0
1564.0,1002.0,0.0
1564.0,1053.0,0.0
1564.0,1059.0,0.0
1564.0,1072.0,0.0
1564.0,1092.0,0.0
1564.0,1093.0,0.0
1564.0,1100.0,0.0
1564.0,1121.0,0.0
1564.0,1146.0,0.0
1564.0,1148.0,0.0
1564.0,1151.0,0.0
1564.0,1170.0,0.0
1564.0,1171.0,0.0
1564.0,1205.0,0.0
1564.0,1206.0,0.0
1564.0,1234.0,0.0
1564.0,1238.0,0.0
1564.0,1259.0,0.0
1564.0,1279.0,0.0
1564.0,1345.0,0.0
1565.0,900.0,0.0
1565.0,907.0,0.0
1565.0,909.0,0.0
1565.0,921.0,0.0
1565.0,931.0,0.0
1565.0,967.0,0.0
1565.0,969.0,0.0
1565.0,991.0,0.0
1565.0,992.0,0.0
1565.0,1023.0,0.0
1565.0,1024.0,0.0
1565.0,1073.0,0.0
1565.0,1092.0,0.0
1565.0,1093.0,0.0
1565.0,1147.0,0.0
1565.0,1151.0,0.0
1565.0,1153.0,0.0
1565.0,1156.0,0.0
1565.0,1168.0,0.0
1565.0,1170.0,0.0
1565.0,1171.0,0.0
1565.0,1172.0,0.0
1565.0,1173.0,0.0
1565.0,1177.0,0.0
1565.0,1181.0,0.0
1565.0,1205.0,0.0
1565.0,1207.0,0.0
1565.0,1233.0,0.0
1565.0,1234.0,0.0
1565.0,1256.0,0.0
1565.0,1257.0,0.0
1565.0,1258.0,0.0
1565.0,1261.0,0.0
1565.0,1288.0,0.0
1565.0,1289.0,0.0
1565.0,1325.0,0.0
1565.0,1343.0,0.0
1565.0,1345.0,0.0
1566.0,897.0,0.0
1566.0,919.0,0.0
1566.0,920.0,0.0
1566.0,924.0,0.0
1566.0,925.0,0.0
1566.0,926.0,0.0
1566.0,932.0,0.0
1566.0,935.0,0.0
1566.0,937.0,0.0
1566.0,966.0,0.0
1566.0,980.0,0.0
1566.0,981.0,0.0
1566.0,990.0,0.0
1566.0,991.0,0.0
1566.0,1024.0,0.0
1566.0,1025.0,0.0
1566.0,1038.0,0.0
1566.0,1039.0,0.0
1566.0,1040.0,0.0
1566.0,1041.0,0.0
1566.0,1043.0,0.0
1566.0,1070.0,0.0
1566.0,1139.0,0.0
1566.0,1143.0,0.0
1566.0,1144.0,0.0
1566.0,1154.0,0.0
1566.0,1156.0,0.0
1566.0,1157.0,0.0
1566.0,1158.0,0.0
1566.0,1159.0,0.0
1566.0,1160.0,0.0
1566.0,1166.0,0.0
1566.0,1175.0,0.0
1566.0,1177.0,0.0
1566.0,1214.0,0.0
1566.0,1232.0,0.0
1566.0,1233.0,0.0
1566.0,1256.0,0.0
1566.0,1257.0,0.0
1566.0,1261.0,0.0
1566.0,1285.0,0.0
1566.0,1286.0,0.0
1566.0,1287.0,0.0
1566.0,1291.0,0.0
1566.0,1310.0,0.0
1566.0,1323.0,0.0
1566.0,1324.0,0.0
1567.0,897.0,0.0
1567.0,898.0,0.0
1567.0,919.0,0.0
1567.0,924.0,0.0
1567.0,925.0,0.0
1567.0,937.0,0.0
1567.0,951.0,0.0
1567.0,952.0,0.0
1567.0,965.0,0.0
1567.0,966.0,0.0
1567.0,979.0,0.0
1567.0,980.0,0.0
1567.0,994.0,0.0
1567.0,1041.0,0.0
1567.0,1043.0,0.0
1567.0,1085.0,0.0
1567.0,1142.0,0.0
1567.0,1165.0,0.0
1567.0,1166.0,0.0
1567.0,1212.0,0.0
1567.0,1213.0,0.0
1567.0,1226.0,0.0
1567.0,1231.0,0.0
1567.0,1232.0,0.0
1567.0,1280.0,0.0
1567.0,1281.0,0.0
1567.0,1283.0,0.0
1567.0,1291.0,0.0
1567.0,1322.0,0.0
1567.0,1323.0,0.0
1567.0,1343.0,0.0
1568.0,904.0,0.0
1568.0,922.0,0.0
1568.0,923.0,0.0
1568.0,927.0,0.0
1568.0,928.0,0.0
1568.0,931.0,0.0
1568.0,934.0,0.0
1568.0,955.0,0.0
1568.0,956.0,0.0
1568.0,966.0,0.0
1568.0,976.0,0.0
1568.0,977.0,0.0
1568.0,994.0,0.0
1568.0,998.0,0.0
1568.0,999.0,0.0
1568.0,1008.0,0.0
1568.0,1009.0,0.0
1568.0,1031.0,0.0
1568.0,1052.0,0.0
1568.0,1071.0,0.0
1568.0,1073.0,0.0
1568.0,1074.0,0.0
1568.0,1154.0,0.0
1568.0,1161.0,0.0
1568.0,1162.0,0.0
1568.0,1169.0,0.0
1568.0,1170.0,0.0
1568.0,1196.0,0.0
1568.0,1197.0,0.0
1568.0,1198.0,0.0
1568.0,1199.0,0.0
1568.0,1205.0,0.0
1568.0,1210.0,0.0
1568.0,1213.0,0.0
1568.0,1247.0,0.0
1568.0,1249.0,0.0
1568.0,1260.0,0.0
1568.0,1279.0,0.0
1568.0,1285.0,0.0
1568.0,1321.0,0.0
1568.0,1322.0,0.0
1569.0,900.0,0.0
1569.0,905.0,0.0
1569.0,923.0,0.0
1569.0,926.0,0.0
1569.0,927.0,0.0
1569.0,929.0,0.0
1569.0,930.0,0.0
1569.0,951.0,0.0
1569.0,952.0,0.0
1569.0,955.0,0.0
1569.0,956.0,0.0
1569.0,991.0,0.0
1569.0,1009.0,0.0
1569.0,1052.0,0.0
1569.0,1088.0,0.0
1569.0,1094.0,0.0
1569.0,1122.0,0.0
1569.0,1124.0,0.0
1569.0,1125.0,0.0
1569.0,1139.0,0.0
1569.0,1140.0,0.0
1569.0,1155.0,0.0
1569.0,1161.0,0.0
1569.0,1162.0,0.0
1569.0,1163.0,0.0
1569.0,1164.0,0.0
1569.0,1165.0,0.0
1569.0,1199.0,0.0
1569.0,1201.0,0.0
1569.0,1202.0,0.0
1569.0,1203.0,0.0
1569.0,1206.0,0.0
1569.0,1209.0,0.0
1569.0,1214.0,0.0
1569.0,1244.0,0.0
1569.0,1247.0,0.0
1569.0,1248.0,0.0
1569.0,1249.0,0.0
1569.0,1250.0,0.0
1569.0,1260.0,0.0
1569.0,1279.0,0.0
1570.0,919.0,0.0
1570.0,920.0,0.0
1570.0,926.0,0.0
1570.0,942.0,0.0
1570.0,952.0,0.0
1570.0,956.0,0.0
1570.0,968.0,0.0
1570.0,969.0,0.0
1570.0,990.0,0.0
1570.0,998.0,0.0
1570.0,999.0,0.0
1570.0,1000.0,0.0
1570.0,1020.0,0.0
1570.0,1021.0,0.0
1570.0,1022.0,0.0
1570.0,1035.0,0.0
1570.0,1051.0,0.0
1570.0,1052.0,0.0
1570.0,1063.0,0.0
1570.0,1068.0,0.0
1570.0,1069.0,0.0
1570.0,1075.0,0.0
1570.0,1086.0,0.0
1570.0,1093.0,0.0
1570.0,1101.0,0.0
1570.0,1124.0,0.0
1570.0,1132.0,0.0
1570.0,1139.0,0.0
1570.0,1172.0,0.0
1570.0,1175.0,0.0
1570.0,1176.0,0.0
1570.0,1200.0,0.0
1570.0,1201.0,0.0
1570.0,1207.0,0.0
1570.0,1214.0,0.0
1570.0,1225.0,0.0
1570.0,1226.0,0.0
1570.0,1229.0,0.0
1570.0,1230.0,0.0
1570.0,1242.0,0.0
1570.0,1243.0,0.0
1570.0,1244.0,0.0
1570.0,1248.0,0.0
1570.0,1285.0,0.0
1570.0,1286.0,0.0
1570.0,1297.0,0.0
1570.0,1300.0,0.0
1571.0,904.0,0.0
1571.0,905.0,0.0
1571.0,914.0,0.0
1571.0,915.0,0.0
1571.0,918.0,0.0
1571.0,919.0,0.0
1571.0,927.0,0.0
1571.0,953.0,0.0
1571.0,957.0,0.0
1571.0,969.0,0.0
1571.0,978.0,0.0
1571.0,1026.0,0.0
1571.0,1066.0,0.0
1571.0,1067.0,0.0
1571.0,1069.0,0.0
1571.0,1074.0,0.0
1571.0,1085.0,0.0
1571.0,1091.0,0.0
1571.0,1111.0,0.0
1571.0,1133.0,0.0
1571.0,1140.0,0.0
1571.0,1156.0,0.0
1571.0,1171.0,0.0
1571.0,1174.0,0.0
1571.0,1179.0,0.0
1571.0,1222.0,0.0
1571.0,1223.0,0.0
1571.0,1232.0,0.0
1571.0,1235.0,0.0
1571.0,1236.0,0.0
1571.0,1237.0,0.0
1571.0,1238.0,0.0
1571.0,1239.0,0.0
1571.0,1240.0,0.0
1571.0,1241.0,0.0
1571.0,1244.0,0.0
1571.0,1251.0,0.0
1571.0,1252.0,0.0
1571.0,1286.0,0.0
1571.0,1290.0,0.0
1571.0,1297.0,0.0
1572.0,912.0,0.0
1572.0,913.0,0.0
1572.0,914.0,0.0
1572.0,917.0,0.0
1572.0,918.0,0.0
1572.0,953.0,0.0
1572.0,977.0,0.0
1572.0,978.0,0.0
1572.0,988.0,0.0
1572.0,989.0,0.0
1572.0,996.0,0.0
1572.0,997.0,0.0
1572.0,1027.0,0.0
1572.0,1054.0,0.0
1572.0,1062.0,0.0
1572.0,1078.0,0.0
1572.0,1079.0,0.0
1572.0,1085.0,0.0
1572.0,1110.0,0.0
1572.0,1111.0,0.0
1572.0,1131.0,0.0
1572.0,1132.0,0.0
1572.0,1156.0,0.0
1572.0,1159.0,0.0
1572.0,1170.0,0.0
1572.0,1171.0,0.0
1572.0,1177.0,0.0
1572.0,1178.0,0.0
1572.0,1201.0,0.0
1572.0,1213.0,0.0
1572.0,1219.0,0.0
1572.0,1220.0,0.0
1572.0,1222.0,0.0
1572.0,1230.0,0.0
1572.0,1231.0,0.0
1572.0,1233.0,0.0
1572.0,1234.0,0.0
1572.0,1236.0,0.0
1572.0,1237.0,0.0
1572.0,1245.0,0.0
1572.0,1250.0,0.0
1572.0,1252.0,0.0
1572.0,1253.0,0.0
1572.0,1283.0,0.0
1572.0,1290.0,0.0
1572.0,1297.0,0.0
1572.0,1307.0,0.0
1572.0,1308.0,0.0
1572.0,1317.0,0.0
1573.0,913.0,0.0
1573.0,933.0,0.0
1573.0,941.0,0.0
1573.0,953.0,0.0
1573.0,977.0,0.0
1573.0,978.0,0.0
1573.0,987.0,0.0
1573.0,988.0,0.0
1573.0,1035.0,0.0
1573.0,1036.0,0.0
1573.0,1054.0,0.0
1573.0,1063.0,0.0
1573.0,1073.0,0.0
1573.0,1074.0,0.0
1573.0,1078.0,0.0
1573.0,1085.0,0.0
1573.0,1108.0,0.0
1573.0,1120.0,0.0
1573.0,1121.0,0.0
1573.0,1131.0,0.0
1573.0,1135.0,0.0
1573.0,1156.0,0.0
1573.0,1159.0,0.0
1573.0,1169.0,0.0
1573.0,1172.0,0.0
1573.0,1174.0,0.0
1573.0,1175.0,0.0
1573.0,1193.0,0.0
1573.0,1200.0,0.0
1573.0,1201.0,0.0
1573.0,1203.0,0.0
1573.0,1204.0,0.0
1573.0,1213.0,0.0
1573.0,1218.0,0.0
1573.0,1219.0,0.0
1573.0,1234.0,0.0
1573.0,1250.0,0.0
1573.0,1253.0,0.0
1573.0,1254.0,0.0
1573.0,1282.0,0.0
1573.0,1286.0,0.0
1573.0,1287.0,0.0
1573.0,1289.0,0.0
1573.0,1309.0,0.0
1574.0,903.0,0.0
1574.0,904.0,0.0
1574.0,913.0,0.0
1574.0,934.0,0.0
1574.0,935.0,0.0
1574.0,936.0,0.0
1574.0,961.0,0.0
1574.0,962.0,0.0
1574.0,963.0,0.0
1574.0,986.0,0.0
1574.0,987.0,0.0
1574.0,1020.0,0.0
1574.0,1026.0,0.0
1574.0,1036.0,0.0
1574.0,1037.0,0.0
1574.0,1061.0,0.0
1574.0,1085.0,0.0
1574.0,1119.0,0.0
1574.0,1121.0,0.0
1574.0,1136.0,0.0
1574.0,1156.0,0.0
1574.0,1160.0,0.0
1574.0,1168.0,0.0
1574.0,1177.0,0.0
1574.0,1191.0,0.0
1574.0,1192.0,0.0
1574.0,1200.0,0.0
1574.0,1201.0,0.0
1574.0,1212.0,0.0
1574.0,1240.0,0.0
1574.0,1254.0,0.0
1574.0,1268.0,0.0
1574.0,1282.0,0.0
1574.0,1295.0,0.0
1574.0,1305.0,0.0
1574.0,1306.0,0.0
1575.0,897.0,0.0
1575.0,898.0,0.0
1575.0,899.0,0.0
1575.0,900.0,0.0
1575.0,935.0,0.0
1575.0,936.0,0.0
1575.0,937.0,0.0
1575.0,938.0,0.0
1575.0,971.0,0.0
1575.0,987.0,0.0
1575.0,1013.0,0.0
1575.0,1014.0,0.0
1575.0,1018.0,0.0
1575.0,1020.0,0.0
1575.0,1021.0,0.0
1575.0,1022.0,0.0
1575.0,1037.0,0.0
1575.0,1050.0,0.0
1575.0,1064.0,0.0
1575.0,1065.0,0.0
1575.0,1068.0,0.0
1575.0,1072.0,0.0
1575.0,1073.0,0.0
1575.0,1113.0,0.0
1575.0,1119.0,0.0
1575.0,1136.0,0.0
1575.0,1158.0,0.0
1575.0,1159.0,0.0
1575.0,1169.0,0.0
1575.0,1177.0,0.0
1575.0,1181.0,0.0
1575.0,1191.0,0.0
1575.0,1201.0,0.0
1575.0,1215.0,0.0
1575.0,1220.0,0.0
1575.0,1222.0,0.0
1575.0,1223.0,0.0
1575.0,1228.0,0.0
1575.0,1232.0,0.0
1575.0,1242.0,0.0
1575.0,1256.0,0.0
1575.0,1259.0,0.0
1575.0,1260.0,0.0
1575.0,1261.0,0.0
1575.0,1282.0,0.0
1575.0,1305.0,0.0
1575.0,1316.0,0.0
1575.0,1318.0,0.0
1575.0,1319.0,0.0
1576.0,906.0,0.0
1576.0,907.0,0.0
1576.0,926.0,0.0
1576.0,947.0,0.0
1576.0,950.0,0.0
1576.0,954.0,0.0
1576.0,970.0,0.0
1576.0,1007.0,0.0
1576.0,1008.0,0.0
1576.0,1009.0,0.0
1576.0,1012.0,0.0
1576.0,1013.0,0.0
1576.0,1014.0,0.0
1576.0,1023.0,0.0
1576.0,1035.0,0.0
1576.0,1057.0,0.0
1576.0,1067.0,0.0
1576.0,1068.0,0.0
1576.0,1073.0,0.0
1576.0,1094.0,0.0
1576.0,1095.0,0.0
1576.0,1107.0,0.0
1576.0,1108.0,0.0
1576.0,1160.0,0.0
1576.0,1162.0,0.0
1576.0,1165.0,0.0
1576.0,1166.0,0.0
1576.0,1167.0,0.0
1576.0,1178.0,0.0
1576.0,1180.0,0.0
1576.0,1188.0,0.0
1576.0,1192.0,0.0
1576.0,1193.0,0.0
1576.0,1194.0,0.0
1576.0,1214.0,0.0
1576.0,1223.0,0.0
1576.0,1224.0,0.0
1576.0,1225.0,0.0
1576.0,1229.0,0.0
1576.0,1231.0,0.0
1576.0,1241.0,0.0
1576.0,1245.0,0.0
1576.0,1246.0,0.0
1576.0,1250.0,0.0
1576.0,1251.0,0.0
1576.0,1315.0,0.0
1576.0,1316.0,0.0
1576.0,1340.0,0.0
1577.0,898.0,0.0
1577.0,904.0,0.0
1577.0,906.0,0.0
1577.0,908.0,0.0
1577.0,927.0,0.0
1577.0,928.0,0.0
1577.0,929.0,0.0
1577.0,947.0,0.0
1577.0,949.0,0.0
1577.0,950.0,0.0
1577.0,951.0,0.0
1577.0,955.0,0.0
1577.0,971.0,0.0
1577.0,1007.0,0.0
1577.0,1036.0,0.0
1577.0,1037.0,0.0
1577.0,1058.0,0.0
1577.0,1094.0,0.0
1577.0,1095.0,0.0
1577.0,1107.0,0.0
1577.0,1108.0,0.0
1577.0,1155.0,0.0
1577.0,1163.0,0.0
1577.0,1165.0,0.0
1577.0,1168.0,0.0
1577.0,1170.0,0.0
1577.0,1199.0,0.0
1577.0,1223.0,0.0
1577.0,1224.0,0.0
1577.0,1228.0,0.0
1577.0,1236.0,0.0
1577.0,1243.0,0.0
1577.0,1251.0,0.0
1577.0,1256.0,0.0
1577.0,1259.0,0.0
1577.0,1295.0,0.0
1577.0,1320.0,0.0
1577.0,1321.0,0.0
1577.0,1343.0,0.0
1578.0,898.0,0.0
1578.0,904.0,0.0
1578.0,905.0,0.0
1578.0,909.0,0.0
1578.0,928.0,0.0
1578.0,955.0,0.0
1578.0,956.0,0.0
1578.0,988.0,0.0
1578.0,989.0,0.0
1578.0,990.0,0.0
1578.0,992.0,0.0
1578.0,1008.0,0.0
1578.0,1009.0,0.0
1578.0,1019.0,0.0
1578.0,1047.0,0.0
1578.0,1051.0,0.0
1578.0,1067.0,0.0
1578.0,1078.0,0.0
1578.0,1136.0,0.0
1578.0,1155.0,0.0
1578.0,1174.0,0.0
1578.0,1175.0,0.0
1578.0,1180.0,0.0
1578.0,1181.0,0.0
1578.0,1188.0,0.0
1578.0,1198.0,0.0
1578.0,1199.0,0.0
1578.0,1200.0,0.0
1578.0,1202.0,0.0
1578.0,1232.0,0.0
1578.0,1233.0,0.0
1578.0,1234.0,0.0
1578.0,1247.0,0.0
1578.0,1248.0,0.0
1578.0,1254.0,0.0
1578.0,1255.0,0.0
1578.0,1258.0,0.0
1578.0,1259.0,0.0
1578.0,1295.0,0.0
1578.0,1297.0,0.0
1578.0,1298.0,0.0
1578.0,1305.0,0.0
1578.0,1306.0,0.0
1578.0,1320.0,0.0
1578.0,1321.0,0.0
1578.0,1322.0,0.0
1578.0,1342.0,0.0
1579.0,949.0,0.0
1579.0,955.0,0.0
1579.0,971.0,0.0
1579.0,975.0,0.0
1579.0,990.0,0.0
1579.0,992.0,0.0
1579.0,997.0,0.0
1579.0,1009.0,0.0
1579.0,1020.0,0.0
1579.0,1039.0,0.0
1579.0,1050.0,0.0
1579.0,1067.0,0.0
1579.0,1076.0,0.0
1579.0,1077.0,0.0
1579.0,1080.0,0.0
1579.0,1094.0,0.0
1579.0,1136.0,0.0
1579.0,1155.0,0.0
1579.0,1156.0,0.0
1579.0,1157.0,0.0
1579.0,1177.0,0.0
1579.0,1178.0,0.0
1579.0,1183.0,0.0
1579.0,1189.0,0.0
1579.0,1190.0,0.0
1579.0,1200.0,0.0
1579.0,1201.0,0.0
1579.0,1229.0,0.0
1579.0,1230.0,0.0
1579.0,1234.0,0.0
1579.0,1248.0,0.0
1579.0,1254.0,0.0
1579.0,1282.0,0.0
1579.0,1285.0,0.0
1579.0,1296.0,0.0
1579.0,1297.0,0.0
1579.0,1306.0,0.0
1579.0,1307.0,0.0
1579.0,1340.0,0.0
1579.0,1341.0,0.0
1580.0,948.0,0.0
1580.0,950.0,0.0
1580.0,970.0,0.0
1580.0,971.0,0.0
1580.0,972.0,0.0
1580.0,973.0,0.0
1580.0,974.0,0.0
1580.0,976.0,0.0
1580.0,997.0,0.0
1580.0,998.0,0.0
1580.0,999.0,0.0
1580.0,1000.0,0.0
1580.0,1039.0,0.0
1580.0,1041.0,0.0
1580.0,1058.0,0.0
1580.0,1059.0,0.0
1580.0,1067.0,0.0
1580.0,1158.0,0.0
1580.0,1162.0,0.0
1580.0,1174.0,0.0
1580.0,1175.0,0.0
1580.0,1183.0,0.0
1580.0,1184.0,0.0
1580.0,1187.0,0.0
1580.0,1189.0,0.0
1580.0,1199.0,0.0
1580.0,1215.0,0.0
1580.0,1229.0,0.0
1580.0,1242.0,0.0
1580.0,1243.0,0.0
1580.0,1263.0,0.0
1580.0,1268.0,0.0
1580.0,1269.0,0.0
1580.0,1287.0,0.0
1580.0,1344.0,0.0
1580.0,1345.0,0.0
1581.0,917.0,0.0
1581.0,918.0,0.0
1581.0,950.0,0.0
1581.0,953.0,0.0
1581.0,954.0,0.0
1581.0,955.0,0.0
1581.0,956.0,0.0
1581.0,971.0,0.0
1581.0,977.0,0.0
1581.0,998.0,0.0
1581.0,1009.0,0.0
1581.0,1010.0,0.0
1581.0,1019.0,0.0
1581.0,1020.0,0.0
1581.0,1027.0,0.0
1581.0,1028.0,0.0
1581.0,1043.0,0.0
1581.0,1044.0,0.0
1581.0,1046.0,0.0
1581.0,1059.0,0.0
1581.0,1081.0,0.0
1581.0,1131.0,0.0
1581.0,1149.0,0.0
1581.0,1150.0,0.0
1581.0,1151.0,0.0
1581.0,1158.0,0.0
1581.0,1162.0,0.0
1581.0,1169.0,0.0
1581.0,1170.0,0.0
1581.0,1184.0,0.0
1581.0,1187.0,0.0
1581.0,1214.0,0.0
1581.0,1215.0,0.0
1581.0,1244.0,0.0
1581.0,1251.0,0.0
1581.0,1256.0,0.0
1581.0,1266.0,0.0
1581.0,1268.0,0.0
1581.0,1287.0,0.0
1581.0,1288.0,0.0
1581.0,1290.0,0.0
1581.0,1298.0,0.0
1581.0,1341.0,0.0
1581.0,1345.0,0.0
1582.0,903.0,0.0
1582.0,904.0,0.0
1582.0,905.0,0.0
1582.0,917.0,0.0
1582.0,918.0,0.0
1582.0,941.0,0.0
1582.0,947.0,0.0
1582.0,966.0,0.0
1582.0,970.0,0.0
1582.0,976.0,0.0
1582.0,982.0,0.0
1582.0,1009.0,0.0
1582.0,1018.0,0.0
1582.0,1019.0,0.0
1582.0,1043.0,0.0
1582.0,1045.0,0.0
1582.0,1081.0,0.0
1582.0,1099.0,0.0
1582.0,1109.0,0.0
1582.0,1110.0,0.0
1582.0,1111.0,0.0
1582.0,1112.0,0.0
1582.0,1113.0,0.0
1582.0,1114.0,0.0
1582.0,1127.0,0.0
1582.0,1130.0,0.0
1582.0,1162.0,0.0
1582.0,1169.0,0.0
1582.0,1170.0,0.0
1582.0,1202.0,0.0
1582.0,1254.0,0.0
1582.0,1262.0,0.0
1582.0,1263.0,0.0
1582.0,1264.0,0.0
1582.0,1265.0,0.0
1582.0,1266.0,0.0
1582.0,1276.0,0.0
1582.0,1277.0,0.0
1582.0,1279.0,0.0
1582.0,1280.0,0.0
1582.0,1281.0,0.0
1582.0,1290.0,0.0
1582.0,1297.0,0.0
1582.0,1298.0,0.0
1582.0,1311.0,0.0
1582.0,1312.0,0.0
1582.0,1339.0,0.0
1582.0,1340.0,0.0
1582.0,1341.0,0.0
1582.0,1344.0,0.0
1583.0,901.0,0.0
1583.0,915.0,0.0
1583.0,941.0,0.0
1583.0,947.0,0.0
1583.0,965.0,0.0
1583.0,966.0,0.0
1583.0,968.0,0.0
1583.0,970.0,0.0
1583.0,983.0,0.0
1583.0,984.0,0.0
1583.0,985.0,0.0
1583.0,987.0,0.0
1583.0,996.0,0.0
1583.0,999.0,0.0
1583.0,1000.0,0.0
1583.0,1009.0,0.0
1583.0,1021.0,0.0
1583.0,1022.0,0.0
1583.0,1023.0,0.0
1583.0,1024.0,0.0
1583.0,1045.0,0.0
1583.0,1064.0,0.0
1583.0,1065.0,0.0
1583.0,1082.0,0.0
1583.0,1084.0,0.0
1583.0,1096.0,0.0
1583.0,1109.0,0.0
1583.0,1126.0,0.0
1583.0,1127.0,0.0
1583.0,1128.0,0.0
1583.0,1129.0,0.0
1583.0,1131.0,0.0
1583.0,1157.0,0.0
1583.0,1201.0,0.0
1583.0,1207.0,0.0
1583.0,1208.0,0.0
1583.0,1209.0,0.0
1583.0,1242.0,0.0
1583.0,1249.0,0.0
1583.0,1254.0,0.0
1583.0,1255.0,0.0
1583.0,1256.0,0.0
1583.0,1262.0,0.0
1583.0,1267.0,0.0
1583.0,1281.0,0.0
1583.0,1282.0,0.0
1583.0,1290.0,0.0
1583.0,1291.0,0.0
1583.0,1342.0,0.0
1584.0,900.0,0.0
1584.0,901.0,0.0
1584.0,935.0,0.0
1584.0,940.0,0.0
1584.0,941.0,0.0
1584.0,947.0,0.0
1584.0,967.0,0.0
1584.0,968.0,0.0
1584.0,976.0,0.0
1584.0,978.0,0.0
1584.0,1009.0,0.0
1584.0,1010.0,0.0
1584.0,1022.0,0.0
1584.0,1023.0,0.0
1584.0,1043.0,0.0
1584.0,1081.0,0.0
1584.0,1096.0,0.0
1584.0,1099.0,0.0
1584.0,1128.0,0.0
1584.0,1132.0,0.0
1584.0,1148.0,0.0
1584.0,1149.0,0.0
1584.0,1157.0,0.0
1584.0,1168.0,0.0
1584.0,1183.0,0.0
1584.0,1184.0,0.0
1584.0,1185.0,0.0
1584.0,1186.0,0.0
1584.0,1205.0,0.0
1584.0,1207.0,0.0
1584.0,1209.0,0.0
1584.0,1210.0,0.0
1584.0,1240.0,0.0
1584.0,1241.0,0.0
1584.0,1242.0,0.0
1584.0,1244.0,0.0
1584.0,1245.0,0.0
1584.0,1267.0,0.0
1584.0,1276.0,0.0
1584.0,1281.0,0.0
1584.0,1291.0,0.0
1584.0,1341.0,0.0
1585.0,941.0,0.0
1585.0,957.0,0.0
1585.0,976.0,0.0
1585.0,980.0,0.0
1585.0,981.0,0.0
1585.0,982.0,0.0
1585.0,1044.0,0.0
1585.0,1048.0,0.0
1585.0,1050.0,0.0
1585.0,1084.0,0.0
1585.0,1085.0,0.0
1585.0,1128.0,0.0
1585.0,1129.0,0.0
1585.0,1142.0,0.0
1585.0,1148.0,0.0
1585.0,1149.0,0.0
1585.0,1157.0,0.0
1585.0,1167.0,0.0
1585.0,1169.0,0.0
1585.0,1171.0,0.0
1585.0,1172.0,0.0
1585.0,1179.0,0.0
1585.0,1181.0,0.0
1585.0,1188.0,0.0
1585.0,1210.0,0.0
1585.0,1230.0,0.0
1585.0,1245.0,0.0
1585.0,1266.0,0.0
1585.0,1267.0,0.0
1585.0,1268.0,0.0
1585.0,1290.0,0.0
1585.0,1341.0,0.0
1586.0,941.0,0.0
1586.0,946.0,0.0
1586.0,957.0,0.0
1586.0,970.0,0.0
1586.0,971.0,0.0
1586.0,972.0,0.0
1586.0,973.0,0.0
1586.0,987.0,0.0
1586.0,988.0,0.0
1586.0,989.0,0.0
1586.0,1048.0,0.0
1586.0,1083.0,0.0
1586.0,1086.0,0.0
1586.0,1101.0,0.0
1586.0,1123.0,0.0
1586.0,1143.0,0.0
1586.0,1144.0,0.0
1586.0,1146.0,0.0
1586.0,1151.0,0.0
1586.0,1152.0,0.0
1586.0,1154.0,0.0
1586.0,1155.0,0.0
1586.0,1156.0,0.0
1586.0,1165.0,0.0
1586.0,1166.0,0.0
1586.0,1172.0,0.0
1586.0,1173.0,0.0
1586.0,1174.0,0.0
1586.0,1177.0,0.0
1586.0,1178.0,0.0
1586.0,1179.0,0.0
1586.0,1181.0,0.0
1586.0,1251.0,0.0
1586.0,1262.0,0.0
1586.0,1263.0,0.0
1586.0,1266.0,0.0
1586.0,1275.0,0.0
1586.0,1282.0,0.0
1586.0,1288.0,0.0
1586.0,1290.0,0.0
1586.0,1314.0,0.0
1587.0,902.0,0.0
1587.0,933.0,0.0
1587.0,934.0,0.0
1587.0,941.0,0.0
1587.0,945.0,0.0
1587.0,983.0,0.0
1587.0,986.0,0.0
1587.0,990.0,0.0
1587.0,998.0,0.0
1587.0,1010.0,0.0
1587.0,1020.0,0.0
1587.0,1036.0,0.0
1587.0,1037.0,0.0
1587.0,1053.0,0.0
1587.0,1054.0,0.0
1587.0,1082.0,0.0
1587.0,1101.0,0.0
1587.0,1129.0,0.0
1587.0,1146.0,0.0
1587.0,1147.0,0.0
1587.0,1150.0,0.0
1587.0,1151.0,0.0
1587.0,1165.0,0.0
1587.0,1171.0,0.0
1587.0,1173.0,0.0
1587.0,1179.0,0.0
1587.0,1187.0,0.0
1587.0,1188.0,0.0
1587.0,1207.0,0.0
1587.0,1247.0,0.0
1587.0,1248.0,0.0
1587.0,1250.0,0.0
1587.0,1251.0,0.0
1587.0,1252.0,0.0
1587.0,1268.0,0.0
1587.0,1272.0,0.0
1587.0,1274.0,0.0
1587.0,1275.0,0.0
1587.0,1276.0,0.0
1587.0,1282.0,0.0
1587.0,1288.0,0.0
1587.0,1289.0,0.0
1587.0,1296.0,0.0
1587.0,1297.0,0.0
1587.0,1303.0,0.0
1587.0,1304.0,0.0
1587.0,1313.0,0.0
1588.0,902.0,0.0
1588.0,903.0,0.0
1588.0,909.0,0.0
1588.0,910.0,0.0
1588.0,911.0,0.0
1588.0,922.0,0.0
1588.0,934.0,0.0
1588.0,938.0,0.0
1588.0,939.0,0.0
1588.0,946.0,0.0
1588.0,980.0,0.0
1588.0,981.0,0.0
1588.0,986.0,0.0
1588.0,992.0,0.0
1588.0,993.0,0.0
1588.0,1004.0,0.0
1588.0,1018.0,0.0
1588.0,1019.0,0.0
1588.0,1024.0,0.0
1588.0,1036.0,0.0
1588.0,1037.0,0.0
1588.0,1051.0,0.0
1588.0,1054.0,0.0
1588.0,1082.0,0.0
1588.0,1120.0,0.0
1588.0,1123.0,0.0
1588.0,1129.0,0.0
1588.0,1130.0,0.0
1588.0,1137.0,0.0
1588.0,1139.0,0.0
1588.0,1140.0,0.0
1588.0,1141.0,0.0
1588.0,1142.0,0.0
1588.0,1149.0,0.0
1588.0,1160.0,0.0
1588.0,1161.0,0.0
1588.0,1162.0,0.0
1588.0,1165.0,0.0
1588.0,1186.0,0.0
1588.0,1187.0,0.0
1588.0,1190.0,0.0
1588.0,1191.0,0.0
1588.0,1198.0,0.0
1588.0,1199.0,0.0
1588.0,1206.0,0.0
1588.0,1207.0,0.0
1588.0,1248.0,0.0
1588.0,1251.0,0.0
1588.0,1269.0,0.0
1588.0,1270.0,0.0
1588.0,1273.0,0.0
1588.0,1274.0,0.0
1588.0,1295.0,0.0
1589.0,903.0,0.0
1589.0,904.0,0.0
1589.0,905.0,0.0
1589.0,909.0,0.0
1589.0,922.0,0.0
1589.0,923.0,0.0
1589.0,953.0,0.0
1589.0,989.0,0.0
1589.0,990.0,0.0
1589.0,991.0,0.0
1589.0,997.0,0.0
1589.0,998.0,0.0
1589.0,999.0,0.0
1589.0,1003.0,0.0
1589.0,1004.0,0.0
1589.0,1007.0,0.0
1589.0,1012.0,0.0
1589.0,1014.0,0.0
1589.0,1019.0,0.0
1589.0,1020.0,0.0
1589.0,1024.0,0.0
1589.0,1026.0,0.0
1589.0,1027.0,0.0
1589.0,1028.0,0.0
1589.0,1051.0,0.0
1589.0,1052.0,0.0
1589.0,1055.0,0.0
1589.0,1056.0,0.0
1589.0,1082.0,0.0
1589.0,1120.0,0.0
1589.0,1121.0,0.0
1589.0,1140.0,0.0
1589.0,1141.0,0.0
1589.0,1147.0,0.0
1589.0,1153.0,0.0
1589.0,1156.0,0.0
1589.0,1157.0,0.0
1589.0,1160.0,0.0
1589.0,1162.0,0.0
1589.0,1164.0,0.0
1589.0,1190.0,0.0
1589.0,1198.0,0.0
1589.0,1270.0,0.0
1589.0,1271.0,0.0
1589.0,1279.0,0.0
1589.0,1280.0,0.0
1589.0,1281.0,0.0
1589.0,1294.0,0.0
1589.0,1302.0,0.0
1589.0,1303.0,0.0
1590.0,909.0,0.0
1590.0,924.0,0.0
1590.0,935.0,0.0
1590.0,938.0,0.0
1590.0,951.0,0.0
1590.0,953.0,0.0
1590.0,972.0,0.0
1590.0,980.0,0.0
1590.0,981.0,0.0
1590.0,984.0,0.0
1590.0,994.0,0.0
1590.0,995.0,0.0
1590.0,997.0,0.0
1590.0,1002.0,0.0
1590.0,1027.0,0.0
1590.0,1033.0,0.0
1590.0,1035.0,0.0
1590.0,1047.0,0.0
1590.0,1048.0,0.0
1590.0,1049.0,0.0
1590.0,1081.0,0.0
1590.0,1133.0,0.0
1590.0,1134.0,0.0
1590.0,1135.0,0.0
1590.0,1148.0,0.0
1590.0,1151.0,0.0
1590.0,1152.0,0.0
1590.0,1156.0,0.0
1590.0,1157.0,0.0
1590.0,1187.0,0.0
1590.0,1190.0,0.0
1590.0,1194.0,0.0
1590.0,1206.0,0.0
1590.0,1272.0,0.0
1590.0,1273.0,0.0
1590.0,1277.0,0.0
1590.0,1278.0,0.0
1590.0,1281.0,0.0
1590.0,1303.0,0.0
1590.0,1314.0,0.0
1590.0,1315.0,0.0
1591.0,909.0,0.0
1591.0,912.0,0.0
1591.0,923.0,0.0
1591.0,949.0,0.0
1591.0,970.0,0.0
1591.0,971.0,0.0
1591.0,972.0,0.0
1591.0,973.0,0.0
1591.0,974.0,0.0
1591.0,990.0,0.0
1591.0,995.0,0.0
1591.0,996.0,0.0
1591.0,1003.0,0.0
1591.0,1016.0,0.0
1591.0,1033.0,0.0
1591.0,1035.0,0.0
1591.0,1036.0,0.0
1591.0,1080.0,0.0
1591.0,1104.0,0.0
1591.0,1113.0,0.0
1591.0,1114.0,0.0
1591.0,1143.0,0.0
1591.0,1147.0,0.0
1591.0,1151.0,0.0
1591.0,1185.0,0.0
1591.0,1187.0,0.0
1591.0,1188.0,0.0
1591.0,1189.0,0.0
1591.0,1190.0,0.0
1591.0,1193.0,0.0
1591.0,1199.0,0.0
1591.0,1200.0,0.0
1591.0,1201.0,0.0
1591.0,1202.0,0.0
1591.0,1238.0,0.0
1591.0,1272.0,0.0
1591.0,1275.0,0.0
1591.0,1276.0,0.0
1591.0,1281.0,0.0
1591.0,1316.0,0.0
1591.0,1321.0,0.0
1591.0,1322.0,0.0
1591.0,1323.0,0.0
1592.0,903.0,0.0
1592.0,911.0,0.0
1592.0,914.0,0.0
1592.0,915.0,0.0
1592.0,923.0,0.0
1592.0,940.0,0.0
1592.0,948.0,0.0
1592.0,949.0,0.0
1592.0,950.0,0.0
1592.0,958.0,0.0
1592.0,966.0,0.0
1592.0,967.0,0.0
1592.0,968.0,0.0
1592.0,973.0,0.0
1592.0,990.0,0.0
1592.0,1004.0,0.0
1592.0,1006.0,0.0
1592.0,1045.0,0.0
1592.0,1078.0,0.0
1592.0,1101.0,0.0
1592.0,1104.0,0.0
1592.0,1147.0,0.0
1592.0,1148.0,0.0
1592.0,1149.0,0.0
1592.0,1150.0,0.0
1592.0,1184.0,0.0
1592.0,1185.0,0.0
1592.0,1192.0,0.0
1592.0,1198.0,0.0
1592.0,1199.0,0.0
1592.0,1201.0,0.0
1592.0,1202.0,0.0
1592.0,1203.0,0.0
1592.0,1205.0,0.0
1592.0,1237.0,0.0
1592.0,1273.0,0.0
1592.0,1344.0,0.0
1593.0,902.0,0.0
1593.0,903.0,0.0
1593.0,904.0,0.0
1593.0,911.0,0.0
1593.0,916.0,0.0
1593.0,917.0,0.0
1593.0,923.0,0.0
1593.0,939.0,0.0
1593.0,950.0,0.0
1593.0,951.0,0.0
1593.0,952.0,0.0
1593.0,953.0,0.0
1593.0,957.0,0.0
1593.0,987.0,0.0
1593.0,1007.0,0.0
1593.0,1017.0,0.0
1593.0,1018.0,0.0
1593.0,1040.0,0.0
1593.0,1041.0,0.0
1593.0,1042.0,0.0
1593.0,1043.0,0.0
1593.0,1045.0,0.0
1593.0,1078.0,0.0
1593.0,1079.0,0.0
1593.0,1141.0,0.0
1593.0,1142.0,0.0
1593.0,1143.0,0.0
1593.0,1144.0,0.0
1593.0,1145.0,0.0
1593.0,1191.0,0.0
1593.0,1192.0,0.0
1593.0,1205.0,0.0
1593.0,1206.0,0.0
1593.0,1223.0,0.0
1593.0,1224.0,0.0
1593.0,1237.0,0.0
1593.0,1240.0,0.0
1593.0,1259.0,0.0
1593.0,1280.0,0.0
1593.0,1281.0,0.0
1593.0,1282.0,0.0
1593.0,1296.0,0.0
1593.0,1335.0,0.0
1593.0,1341.0,0.0
1594.0,903.0,0.0
1594.0,912.0,0.0
1594.0,917.0,0.0
1594.0,921.0,0.0
1594.0,923.0,0.0
1594.0,969.0,0.0
1594.0,985.0,0.0
1594.0,986.0,0.0
1594.0,989.0,0.0
1594.0,1002.0,0.0
1594.0,1006.0,0.0
1594.0,1007.0,0.0
1594.0,1017.0,0.0
1594.0,1019.0,0.0
1594.0,1088.0,0.0
1594.0,1185.0,0.0
1594.0,1188.0,0.0
1594.0,1224.0,0.0
1594.0,1238.0,0.0
1594.0,1239.0,0.0
1594.0,1240.0,0.0
1594.0,1243.0,0.0
1594.0,1249.0,0.0
1594.0,1281.0,0.0
1594.0,1282.0,0.0
1594.0,1295.0,0.0
1594.0,1297.0,0.0
1594.0,1319.0,0.0
1594.0,1320.0,0.0
1594.0,1330.0,0.0
1594.0,1334.0,0.0
1594.0,1341.0,0.0
1595.0,912.0,0.0
1595.0,913.0,0.0
1595.0,914.0,0.0
1595.0,921.0,0.0
1595.0,922.0,0.0
1595.0,936.0,0.0
1595.0,937.0,0.0
1595.0,957.0,0.0
1595.0,958.0,0.0
1595.0,967.0,0.0
1595.0,970.0,0.0
1595.0,971.0,0.0
1595.0,973.0,0.0
1595.0,984.0,0.0
1595.0,985.0,0.0
1595.0,991.0,0.0
1595.0,999.0,0.0
1595.0,1000.0,0.0
1595.0,1019.0,0.0
1595.0,1020.0,0.0
1595.0,1037.0,0.0
1595.0,1045.0,0.0
1595.0,1066.0,0.0
1595.0,1067.0,0.0
1595.0,1086.0,0.0
1595.0,1088.0,0.0
1595.0,1118.0,0.0
1595.0,1121.0,0.0
1595.0,1144.0,0.0
1595.0,1189.0,0.0
1595.0,1196.0,0.0
1595.0,1197.0,0.0
1595.0,1204.0,0.0
1595.0,1205.0,0.0
1595.0,1224.0,0.0
1595.0,1243.0,0.0
1595.0,1248.0,0.0
1595.0,1249.0,0.0
1595.0,1250.0,0.0
1595.0,1259.0,0.0
1595.0,1292.0,0.0
1595.0,1318.0,0.0
1595.0,1320.0,0.0
1595.0,1330.0,0.0
1595.0,1333.0,0.0
1596.0,905.0,0.0
1596.0,915.0,0.0
1596.0,916.0,0.0
1596.0,917.0,0.0
1596.0,937.0,0.0
1596.0,938.0,0.0
1596.0,957.0,0.0
1596.0,967.0,0.0
1596.0,972.0,0.0
1596.0,973.0,0.0
1596.0,974.0,0.0
1596.0,977.0,0.0
1596.0,978.0,0.0
1596.0,984.0,0.0
1596.0,989.0,0.0
1596.0,990.0,0.0
1596.0,998.0,0.0
1596.0,999.0,0.0
1596.0,1020.0,0.0
1596.0,1034.0,0.0
1596.0,1044.0,0.0
1596.0,1057.0,0.0
1596.0,1058.0,0.0
1596.0,1065.0,0.0
1596.0,1066.0,0.0
1596.0,1081.0,0.0
1596.0,1082.0,0.0
1596.0,1084.0,0.0
1596.0,1086.0,0.0
1596.0,1088.0,0.0
1596.0,1095.0,0.0
1596.0,1096.0,0.0
1596.0,1107.0,0.0
1596.0,1108.0,0.0
1596.0,1109.0,0.0
1596.0,1119.0,0.0
1596.0,1120.0,0.0
1596.0,1121.0,0.0
1596.0,1122.0,0.0
1596.0,1145.0,0.0
1596.0,1146.0,0.0
1596.0,1193.0,0.0
1596.0,1196.0,0.0
1596.0,1204.0,0.0
1596.0,1229.0,0.0
1596.0,1230.0,0.0
1596.0,1234.0,0.0
1596.0,1241.0,0.0
1596.0,1242.0,0.0
1596.0,1243.0,0.0
1596.0,1249.0,0.0
1596.0,1259.0,0.0
1596.0,1260.0,0.0
1596.0,1267.0,0.0
1596.0,1268.0,0.0
1596.0,1270.0,0.0
1596.0,1272.0,0.0
1596.0,1278.0,0.0
1596.0,1318.0,0.0
1596.0,1331.0,0.0
1596.0,1334.0,0.0
1597.0,907.0,0.0
1597.0,916.0,0.0
1597.0,918.0,0.0
1597.0,957.0,0.0
1597.0,968.0,0.0
1597.0,980.0,0.0
1597.0,984.0,0.0
1597.0,987.0,0.0
1597.0,997.0,0.0
1597.0,998.0,0.0
1597.0,1019.0,0.0
1597.0,1020.0,0.0
1597.0,1058.0,0.0
1597.0,1064.0,0.0
1597.0,1065.0,0.0
1597.0,1083.0,0.0
1597.0,1086.0,0.0
1597.0,1098.0,0.0
1597.0,1106.0,0.0
1597.0,1107.0,0.0
1597.0,1111.0,0.0
1597.0,1146.0,0.0
1597.0,1147.0,0.0
1597.0,1183.0,0.0
1597.0,1189.0,0.0
1597.0,1190.0,0.0
1597.0,1218.0,0.0
1597.0,1219.0,0.0
1597.0,1221.0,0.0
1597.0,1222.0,0.0
1597.0,1227.0,0.0
1597.0,1228.0,0.0
1597.0,1234.0,0.0
1597.0,1235.0,0.0
1597.0,1236.0,0.0
1597.0,1237.0,0.0
1597.0,1239.0,0.0
1597.0,1240.0,0.0
1597.0,1242.0,0.0
1597.0,1243.0,0.0
1597.0,1244.0,0.0
1597.0,1246.0,0.0
1597.0,1248.0,0.0
1597.0,1268.0,0.0
1597.0,1269.0,0.0
1597.0,1271.0,0.0
1597.0,1272.0,0.0
1597.0,1278.0,0.0
1597.0,1279.0,0.0
1597.0,1312.0,0.0
1597.0,1330.0,0.0
1597.0,1336.0,0.0
1598.0,907.0,0.0
1598.0,908.0,0.0
1598.0,925.0,0.0
1598.0,936.0,0.0
1598.0,959.0,0.0
1598.0,960.0,0.0
1598.0,968.0,0.0
1598.0,974.0,0.0
1598.0,975.0,0.0
1598.0,980.0,0.0
1598.0,986.0,0.0
1598.0,992.0,0.0
1598.0,993.0,0.0
1598.0,994.0,0.0
1598.0,1041.0,0.0
1598.0,1044.0,0.0
1598.0,1058.0,0.0
1598.0,1059.0,0.0
1598.0,1060.0,0.0
1598.0,1073.0,0.0
1598.0,1102.0,0.0
1598.0,1121.0,0.0
1598.0,1147.0,0.0
1598.0,1148.0,0.0
1598.0,1183.0,0.0
1598.0,1188.0,0.0
1598.0,1196.0,0.0
1598.0,1207.0,0.0
1598.0,1209.0,0.0
1598.0,1212.0,0.0
1598.0,1220.0,0.0
1598.0,1230.0,0.0
1598.0,1237.0,0.0
1598.0,1239.0,0.0
1598.0,1243.0,0.0
1598.0,1279.0,0.0
1598.0,1298.0,0.0
1598.0,1299.0,0.0
1598.0,1311.0,0.0
1598.0,1312.0,0.0
1598.0,1313.0,0.0
1598.0,1328.0,0.0
1598.0,1329.0,0.0
1598.0,1335.0,0.0
1598.0,1336.0,0.0
1599.0,911.0,0.0
1599.0,912.0,0.0
1599.0,925.0,0.0
1599.0,928.0,0.0
1599.0,929.0,0.0
1599.0,953.0,0.0
1599.0,954.0,0.0
1599.0,960.0,0.0
1599.0,961.0,0.0
1599.0,962.0,0.0
1599.0,965.0,0.0
1599.0,968.0,0.0
1599.0,974.0,0.0
1599.0,983.0,0.0
1599.0,994.0,0.0
1599.0,995.0,0.0
1599.0,996.0,0.0
1599.0,1019.0,0.0
1599.0,1038.0,0.0
1599.0,1039.0,0.0
1599.0,1040.0,0.0
1599.0,1043.0,0.0
1599.0,1058.0,0.0
1599.0,1100.0,0.0
1599.0,1110.0,0.0
1599.0,1148.0,0.0
1599.0,1149.0,0.0
1599.0,1173.0,0.0
1599.0,1182.0,0.0
1599.0,1184.0,0.0
1599.0,1188.0,0.0
1599.0,1189.0,0.0
1599.0,1203.0,0.0
1599.0,1207.0,0.0
1599.0,1209.0,0.0
1599.0,1210.0,0.0
1599.0,1214.0,0.0
1599.0,1226.0,0.0
1599.0,1227.0,0.0
1599.0,1236.0,0.0
1599.0,1242.0,0.0
1599.0,1248.0,0.0
1599.0,1249.0,0.0
1599.0,1279.0,0.0
1599.0,1298.0,0.0
1599.0,1299.0,0.0
1599.0,1311.0,0.0
1599.0,1335.0,0.0
1600.0,909.0,0.0
1600.0,910.0,0.0
1600.0,920.0,0.0
1600.0,927.0,0.0
1600.0,928.0,0.0
1600.0,934.0,0.0
1600.0,935.0,0.0
1600.0,958.0,0.0
1600.0,961.0,0.0
1600.0,964.0,0.0
1600.0,965.0,0.0
1600.0,968.0,0.0
1600.0,974.0,0.0
1600.0,996.0,0.0
1600.0,1020.0,0.0
1600.0,1022.0,0.0
1600.0,1023.0,0.0
1600.0,1024.0,0.0
1600.0,1025.0,0.0
1600.0,1026.0,0.0
1600.0,1027.0,0.0
1600.0,1038.0,0.0
1600.0,1039.0,0.0
1600.0,1043.0,0.0
1600.0,1044.0,0.0
1600.0,1058.0,0.0
1600.0,1095.0,0.0
1600.0,1107.0,0.0
1600.0,1111.0,0.0
1600.0,1124.0,0.0
1600.0,1149.0,0.0
1600.0,1172.0,0.0
1600.0,1173.0,0.0
1600.0,1202.0,0.0
1600.0,1203.0,0.0
1600.0,1204.0,0.0
1600.0,1213.0,0.0
1600.0,1214.0,0.0
1600.0,1216.0,0.0
1600.0,1217.0,0.0
1600.0,1223.0,0.0
1600.0,1224.0,0.0
1600.0,1225.0,0.0
1600.0,1228.0,0.0
1600.0,1229.0,0.0
1600.0,1232.0,0.0
1600.0,1235.0,0.0
1600.0,1242.0,0.0
1600.0,1249.0,0.0
1600.0,1250.0,0.0
1600.0,1251.0,0.0
1600.0,1254.0,0.0
1600.0,1258.0,0.0
1600.0,1269.0,0.0
1600.0,1298.0,0.0
1600.0,1313.0,0.0
1600.0,1314.0,0.0
1600.0,1343.0,0.0
1600.0,1344.0,0.0
1601.0,909.0,0.0
1601.0,912.0,0.0
1601.0,913.0,0.0
1601.0,934.0,0.0
1601.0,935.0,0.0
1601.0,936.0,0.0
1601.0,960.0,0.0
1601.0,985.0,0.0
1601.0,1020.0,0.0
1601.0,1022.0,0.0
1601.0,1027.0,0.0
1601.0,1028.0,0.0
1601.0,1088.0,0.0
1601.0,1107.0,0.0
1601.0,1113.0,0.0
1601.0,1124.0,0.0
1601.0,1134.0,0.0
1601.0,1135.0,0.0
1601.0,1149.0,0.0
1601.0,1172.0,0.0
1601.0,1198.0,0.0
1601.0,1202.0,0.0
1601.0,1204.0,0.0
1601.0,1205.0,0.0
1601.0,1213.0,0.0
1601.0,1214.0,0.0
1601.0,1218.0,0.0
1601.0,1224.0,0.0
1601.0,1225.0,0.0
1601.0,1235.0,0.0
1601.0,1240.0,0.0
1601.0,1251.0,0.0
1601.0,1252.0,0.0
1601.0,1256.0,0.0
1601.0,1257.0,0.0
1601.0,1264.0,0.0
1601.0,1265.0,0.0
1601.0,1269.0,0.0
1601.0,1270.0,0.0
1601.0,1275.0,0.0
1601.0,1276.0,0.0
1601.0,1296.0,0.0
1601.0,1297.0,0.0
1601.0,1304.0,0.0
1601.0,1305.0,0.0
1601.0,1322.0,0.0
1601.0,1323.0,0.0
1601.0,1343.0,0.0
1602.0,919.0,0.0
1602.0,957.0,0.0
1602.0,964.0,0.0
1602.0,965.0,0.0
1602.0,968.0,0.0
1602.0,969.0,0.0
1602.0,983.0,0.0
1602.0,986.0,0.0
1602.0,1007.0,0.0
1602.0,1028.0,0.0
1602.0,1064.0,0.0
1602.0,1066.0,0.0
1602.0,1089.0,0.0
1602.0,1117.0,0.0
1602.0,1124.0,0.0
1602.0,1132.0,0.0
1602.0,1135.0,0.0
1602.0,1136.0,0.0
1602.0,1138.0,0.0
1602.0,1149.0,0.0
1602.0,1150.0,0.0
1602.0,1181.0,0.0
1602.0,1196.0,0.0
1602.0,1199.0,0.0
1602.0,1207.0,0.0
1602.0,1213.0,0.0
1602.0,1218.0,0.0
1602.0,1230.0,0.0
1602.0,1234.0,0.0
1602.0,1235.0,0.0
1602.0,1237.0,0.0
1602.0,1255.0,0.0
1602.0,1256.0,0.0
1602.0,1258.0,0.0
1602.0,1268.0,0.0
1602.0,1304.0,0.0
1602.0,1312.0,0.0
1602.0,1323.0,0.0
1603.0,914.0,0.0
1603.0,920.0,0.0
1603.0,921.0,0.0
1603.0,938.0,0.0
1603.0,955.0,0.0
1603.0,960.0,0.0
1603.0,963.0,0.0
1603.0,967.0,0.0
1603.0,969.0,0.0
1603.0,970.0,0.0
1603.0,1008.0,0.0
1603.0,1029.0,0.0
1603.0,1035.0,0.0
1603.0,1036.0,0.0
1603.0,1044.0,0.0
1603.0,1067.0,0.0
1603.0,1068.0,0.0
1603.0,1072.0,0.0
1603.0,1075.0,0.0
1603.0,1081.0,0.0
1603.0,1088.0,0.0
1603.0,1089.0,0.0
1603.0,1098.0,0.0
1603.0,1099.0,0.0
1603.0,1138.0,0.0
1603.0,1181.0,0.0
1603.0,1195.0,0.0
1603.0,1196.0,0.0
1603.0,1213.0,0.0
1603.0,1214.0,0.0
1603.0,1217.0,0.0
1603.0,1219.0,0.0
1603.0,1233.0,0.0
1603.0,1237.0,0.0
1603.0,1238.0,0.0
1603.0,1258.0,0.0
1603.0,1268.0,0.0
1603.0,1269.0,0.0
1603.0,1294.0,0.0
1603.0,1295.0,0.0
1604.0,921.0,0.0
1604.0,936.0,0.0
1604.0,937.0,0.0
1604.0,939.0,0.0
1604.0,940.0,0.0
1604.0,949.0,0.0
1604.0,955.0,0.0
1604.0,969.0,0.0
1604.0,974.0,0.0
1604.0,976.0,0.0
1604.0,982.0,0.0
1604.0,983.0,0.0
1604.0,991.0,0.0
1604.0,992.0,0.0
1604.0,1008.0,0.0
1604.0,1020.0,0.0
1604.0,1029.0,0.0
1604.0,1033.0,0.0
1604.0,1034.0,0.0
1604.0,1035.0,0.0
1604.0,1056.0,0.0
1604.0,1057.0,0.0
1604.0,1063.0,0.0
1604.0,1064.0,0.0
1604.0,1072.0,0.0
1604.0,1076.0,0.0
1604.0,1081.0,0.0
1604.0,1140.0,0.0
1604.0,1141.0,0.0
1604.0,1149.0,0.0
1604.0,1150.0,0.0
1604.0,1172.0,0.0
1604.0,1173.0,0.0
1604.0,1174.0,0.0
1604.0,1186.0,0.0
1604.0,1187.0,0.0
1604.0,1195.0,0.0
1604.0,1199.0,0.0
1604.0,1202.0,0.0
1604.0,1203.0,0.0
1604.0,1204.0,0.0
1604.0,1205.0,0.0
1604.0,1208.0,0.0
1604.0,1209.0,0.0
1604.0,1214.0,0.0
1604.0,1217.0,0.0
1604.0,1219.0,0.0
1604.0,1222.0,0.0
1604.0,1223.0,0.0
1604.0,1232.0,0.0
1604.0,1259.0,0.0
1604.0,1287.0,0.0
1604.0,1311.0,0.0
1604.0,1312.0,0.0
1604.0,1340.0,0.0
1604.0,1341.0,0.0
1605.0,907.0,0.0
1605.0,912.0,0.0
1605.0,916.0,0.0
1605.0,917.0,0.0
1605.0,921.0,0.0
1605.0,922.0,0.0
1605.0,940.0,0.0
1605.0,941.0,0.0
1605.0,952.0,0.0
1605.0,954.0,0.0
1605.0,960.0,0.0
1605.0,965.0,0.0
1605.0,974.0,0.0
1605.0,975.0,0.0
1605.0,977.0,0.0
1605.0,981.0,0.0
1605.0,982.0,0.0
1605.0,991.0,0.0
1605.0,992.0,0.0
1605.0,1009.0,0.0
1605.0,1020.0,0.0
1605.0,1032.0,0.0
1605.0,1046.0,0.0
1605.0,1057.0,0.0
1605.0,1058.0,0.0
1605.0,1059.0,0.0
1605.0,1062.0,0.0
1605.0,1077.0,0.0
1605.0,1078.0,0.0
1605.0,1088.0,0.0
1605.0,1089.0,0.0
1605.0,1098.0,0.0
1605.0,1099.0,0.0
1605.0,1115.0,0.0
1605.0,1117.0,0.0
1605.0,1118.0,0.0
1605.0,1119.0,0.0
1605.0,1141.0,0.0
1605.0,1142.0,0.0
1605.0,1170.0,0.0
1605.0,1171.0,0.0
1605.0,1172.0,0.0
1605.0,1174.0,0.0
1605.0,1175.0,0.0
1605.0,1176.0,0.0
1605.0,1185.0,0.0
1605.0,1186.0,0.0
1605.0,1189.0,0.0
1605.0,1190.0,0.0
1605.0,1191.0,0.0
1605.0,1202.0,0.0
1605.0,1208.0,0.0
1605.0,1210.0,0.0
1605.0,1211.0,0.0
1605.0,1212.0,0.0
1605.0,1218.0,0.0
1605.0,1230.0,0.0
1605.0,1233.0,0.0
1605.0,1260.0,0.0
1605.0,1265.0,0.0
1605.0,1269.0,0.0
1605.0,1270.0,0.0
1605.0,1289.0,0.0
1605.0,1294.0,0.0
1605.0,1311.0,0.0
1605.0,1340.0,0.0
1605.0,1341.0,0.0
1606.0,908.0,0.0
1606.0,912.0,0.0
1606.0,922.0,0.0
1606.0,924.0,0.0
1606.0,938.0,0.0
1606.0,941.0,0.0
1606.0,950.0,0.0
1606.0,951.0,0.0
1606.0,962.0,0.0
1606.0,971.0,0.0
1606.0,972.0,0.0
1606.0,975.0,0.0
1606.0,980.0,0.0
1606.0,994.0,0.0
1606.0,995.0,0.0
1606.0,1009.0,0.0
1606.0,1018.0,0.0
1606.0,1019.0,0.0
1606.0,1031.0,0.0
1606.0,1048.0,0.0
1606.0,1049.0,0.0
1606.0,1058.0,0.0
1606.0,1062.0,0.0
1606.0,1077.0,0.0
1606.0,1090.0,0.0
1606.0,1098.0,0.0
1606.0,1115.0,0.0
1606.0,1119.0,0.0
1606.0,1139.0,0.0
1606.0,1140.0,0.0
1606.0,1147.0,0.0
1606.0,1149.0,0.0
1606.0,1170.0,0.0
1606.0,1175.0,0.0
1606.0,1179.0,0.0
1606.0,1181.0,0.0
1606.0,1187.0,0.0
1606.0,1189.0,0.0
1606.0,1190.0,0.0
1606.0,1192.0,0.0
1606.0,1201.0,0.0
1606.0,1206.0,0.0
1606.0,1217.0,0.0
1606.0,1218.0,0.0
1606.0,1226.0,0.0
1606.0,1227.0,0.0
1606.0,1230.0,0.0
1606.0,1265.0,0.0
1606.0,1266.0,0.0
1606.0,1288.0,0.0
1606.0,1289.0,0.0
1606.0,1294.0,0.0
1606.0,1299.0,0.0
1606.0,1311.0,0.0
1606.0,1343.0,0.0
1607.0,907.0,0.0
1607.0,921.0,0.0
1607.0,922.0,0.0
1607.0,927.0,0.0
1607.0,938.0,0.0
1607.0,940.0,0.0
1607.0,944.0,0.0
1607.0,945.0,0.0
1607.0,946.0,0.0
1607.0,948.0,0.0
1607.0,949.0,0.0
1607.0,951.0,0.0
1607.0,961.0,0.0
1607.0,962.0,0.0
1607.0,964.0,0.0
1607.0,980.0,0.0
1607.0,981.0,0.0
1607.0,995.0,0.0
1607.0,1009.0,0.0
1607.0,1015.0,0.0
1607.0,1016.0,0.0
1607.0,1049.0,0.0
1607.0,1077.0,0.0
1607.0,1115.0,0.0
1607.0,1139.0,0.0
1607.0,1140.0,0.0
1607.0,1145.0,0.0
1607.0,1146.0,0.0
1607.0,1147.0,0.0
1607.0,1149.0,0.0
1607.0,1162.0,0.0
1607.0,1164.0,0.0
1607.0,1196.0,0.0
1607.0,1198.0,0.0
1607.0,1206.0,0.0
1607.0,1223.0,0.0
1607.0,1224.0,0.0
1607.0,1226.0,0.0
1607.0,1227.0,0.0
1607.0,1287.0,0.0
1607.0,1288.0,0.0
1607.0,1294.0,0.0
1607.0,1304.0,0.0
1607.0,1305.0,0.0
1607.0,1310.0,0.0
1607.0,1311.0,0.0
1607.0,1341.0,0.0
1607.0,1343.0,0.0
1608.0,926.0,0.0
1608.0,927.0,0.0
1608.0,935.0,0.0
1608.0,936.0,0.0
1608.0,943.0,0.0
1608.0,944.0,0.0
1608.0,949.0,0.0
1608.0,952.0,0.0
1608.0,965.0,0.0
1608.0,974.0,0.0
1608.0,980.0,0.0
1608.0,994.0,0.0
1608.0,1008.0,0.0
1608.0,1009.0,0.0
1608.0,1013.0,0.0
1608.0,1014.0,0.0
1608.0,1015.0,0.0
1608.0,1016.0,0.0
1608.0,1048.0,0.0
1608.0,1057.0,0.0
1608.0,1092.0,0.0
1608.0,1160.0,0.0
1608.0,1161.0,0.0
1608.0,1162.0,0.0
1608.0,1164.0,0.0
1608.0,1169.0,0.0
1608.0,1176.0,0.0
1608.0,1196.0,0.0
1608.0,1197.0,0.0
1608.0,1200.0,0.0
1608.0,1201.0,0.0
1608.0,1220.0,0.0
1608.0,1224.0,0.0
1608.0,1271.0,0.0
1608.0,1294.0,0.0
1608.0,1295.0,0.0
1608.0,1296.0,0.0
1608.0,1310.0,0.0
1608.0,1311.0,0.0
1608.0,1341.0,0.0
1608.0,1343.0,0.0
1609.0,908.0,0.0
1609.0,934.0,0.0
1609.0,938.0,0.0
1609.0,944.0,0.0
1609.0,962.0,0.0
1609.0,973.0,0.0
1609.0,974.0,0.0
1609.0,980.0,0.0
1609.0,1007.0,0.0
1609.0,1008.0,0.0
1609.0,1011.0,0.0
1609.0,1012.0,0.0
1609.0,1022.0,0.0
1609.0,1048.0,0.0
1609.0,1052.0,0.0
1609.0,1057.0,0.0
1609.0,1076.0,0.0
1609.0,1117.0,0.0
1609.0,1137.0,0.0
1609.0,1159.0,0.0
1609.0,1160.0,0.0
1609.0,1175.0,0.0
1609.0,1177.0,0.0
1609.0,1202.0,0.0
1609.0,1209.0,0.0
1609.0,1210.0,0.0
1609.0,1220.0,0.0
1609.0,1262.0,0.0
1609.0,1264.0,0.0
1609.0,1271.0,0.0
1609.0,1279.0,0.0
1609.0,1280.0,0.0
1609.0,1295.0,0.0
1609.0,1299.0,0.0
1609.0,1300.0,0.0
1609.0,1303.0,0.0
1609.0,1304.0,0.0
1609.0,1323.0,0.0
1610.0,908.0,0.0
1610.0,933.0,0.0
1610.0,938.0,0.0
1610.0,952.0,0.0
1610.0,961.0,0.0
1610.0,964.0,0.0
1610.0,965.0,0.0
1610.0,973.0,0.0
1610.0,1007.0,0.0
1610.0,1011.0,0.0
1610.0,1012.0,0.0
1610.0,1021.0,0.0
1610.0,1023.0,0.0
1610.0,1051.0,0.0
1610.0,1052.0,0.0
1610.0,1076.0,0.0
1610.0,1080.0,0.0
1610.0,1092.0,0.0
1610.0,1099.0,0.0
1610.0,1118.0,0.0
1610.0,1121.0,0.0
1610.0,1159.0,0.0
1610.0,1179.0,0.0
1610.0,1201.0,0.0
1610.0,1204.0,0.0
1610.0,1205.0,0.0
1610.0,1220.0,0.0
1610.0,1221.0,0.0
1610.0,1228.0,0.0
1610.0,1230.0,0.0
1610.0,1231.0,0.0
1610.0,1274.0,0.0
1610.0,1275.0,0.0
1610.0,1276.0,0.0
1610.0,1278.0,0.0
1610.0,1279.0,0.0
1610.0,1297.0,0.0
1610.0,1298.0,0.0
1610.0,1301.0,0.0
1610.0,1323.0,0.0
1610.0,1324.0,0.0
1611.0,932.0,0.0
1611.0,941.0,0.0
1611.0,945.0,0.0
1611.0,949.0,0.0
1611.0,965.0,0.0
1611.0,1006.0,0.0
1611.0,1020.0,0.0
1611.0,1021.0,0.0
1611.0,1023.0,0.0
1611.0,1024.0,0.0
1611.0,1025.0,0.0
1611.0,1033.0,0.0
1611.0,1034.0,0.0
1611.0,1050.0,0.0
1611.0,1056.0,0.0
1611.0,1060.0,0.0
1611.0,1077.0,0.0
1611.0,1080.0,0.0
1611.0,1081.0,0.0
1611.0,1116.0,0.0
1611.0,1118.0,0.0
1611.0,1125.0,0.0
1611.0,1126.0,0.0
1611.0,1127.0,0.0
1611.0,1136.0,0.0
1611.0,1137.0,0.0
1611.0,1138.0,0.0
1611.0,1166.0,0.0
1611.0,1205.0,0.0
1611.0,1213.0,0.0
1611.0,1222.0,0.0
1611.0,1224.0,0.0
1611.0,1228.0,0.0
1611.0,1229.0,0.0
1611.0,1275.0,0.0
1611.0,1278.0,0.0
1611.0,1280.0,0.0
1611.0,1283.0,0.0
1611.0,1284.0,0.0
1611.0,1289.0,0.0
1611.0,1323.0,0.0
1611.0,1341.0,0.0
1611.0,1343.0,0.0
1612.0,917.0,0.0
1612.0,932.0,0.0
1612.0,940.0,0.0
1612.0,944.0,0.0
1612.0,950.0,0.0
1612.0,951.0,0.0
1612.0,959.0,0.0
1612.0,960.0,0.0
1612.0,965.0,0.0
1612.0,973.0,0.0
1612.0,974.0,0.0
1612.0,982.0,0.0
1612.0,984.0,0.0
1612.0,1025.0,0.0
1612.0,1030.0,0.0
1612.0,1032.0,0.0
1612.0,1066.0,0.0
1612.0,1080.0,0.0
1612.0,1100.0,0.0
1612.0,1116.0,0.0
1612.0,1126.0,0.0
1612.0,1129.0,0.0
1612.0,1177.0,0.0
1612.0,1178.0,0.0
1612.0,1179.0,0.0
1612.0,1207.0,0.0
1612.0,1208.0,0.0
1612.0,1213.0,0.0
1612.0,1217.0,0.0
1612.0,1268.0,0.0
1612.0,1275.0,0.0
1612.0,1284.0,0.0
1612.0,1295.0,0.0
1612.0,1296.0,0.0
1612.0,1305.0,0.0
1612.0,1306.0,0.0
1612.0,1322.0,0.0
1613.0,911.0,0.0
1613.0,923.0,0.0
1613.0,924.0,0.0
1613.0,939.0,0.0
1613.0,940.0,0.0
1613.0,944.0,0.0
1613.0,953.0,0.0
1613.0,957.0,0.0
1613.0,959.0,0.0
1613.0,960.0,0.0
1613.0,973.0,0.0
1613.0,980.0,0.0
1613.0,981.0,0.0
1613.0,982.0,0.0
1613.0,984.0,0.0
1613.0,985.0,0.0
1613.0,1002.0,0.0
1613.0,1006.0,0.0
1613.0,1007.0,0.0
1613.0,1012.0,0.0
1613.0,1031.0,0.0
1613.0,1032.0,0.0
1613.0,1041.0,0.0
1613.0,1048.0,0.0
1613.0,1050.0,0.0
1613.0,1051.0,0.0
1613.0,1054.0,0.0
1613.0,1066.0,0.0
1613.0,1100.0,0.0
1613.0,1101.0,0.0
1613.0,1102.0,0.0
1613.0,1103.0,0.0
1613.0,1129.0,0.0
1613.0,1132.0,0.0
1613.0,1133.0,0.0
1613.0,1134.0,0.0
1613.0,1137.0,0.0
1613.0,1138.0,0.0
1613.0,1157.0,0.0
1613.0,1158.0,0.0
1613.0,1159.0,0.0
1613.0,1164.0,0.0
1613.0,1166.0,0.0
1613.0,1167.0,0.0
1613.0,1168.0,0.0
1613.0,1169.0,0.0
1613.0,1175.0,0.0
1613.0,1176.0,0.0
1613.0,1217.0,0.0
1613.0,1229.0,0.0
1613.0,1230.0,0.0
1613.0,1264.0,0.0
1613.0,1266.0,0.0
1613.0,1268.0,0.0
1613.0,1284.0,0.0
1613.0,1286.0,0.0
1613.0,1289.0,0.0
1613.0,1296.0,0.0
1613.0,1299.0,0.0
1613.0,1300.0,0.0
1613.0,1321.0,0.0
1613.0,1322.0,0.0
1614.0,909.0,0.0
1614.0,910.0,0.0
1614.0,911.0,0.0
1614.0,914.0,0.0
1614.0,922.0,0.0
1614.0,923.0,0.0
1614.0,927.0,0.0
1614.0,928.0,0.0
1614.0,931.0,0.0
1614.0,932.0,0.0
1614.0,939.0,0.0
1614.0,941.0,0.0
1614.0,948.0,0.0
1614.0,956.0,0.0
1614.0,957.0,0.0
1614.0,959.0,0.0
1614.0,976.0,0.0
1614.0,978.0,0.0
1614.0,979.0,0.0
1614.0,1000.0,0.0
1614.0,1001.0,0.0
1614.0,1007.0,0.0
1614.0,1008.0,0.0
1614.0,1010.0,0.0
1614.0,1011.0,0.0
1614.0,1026.0,0.0
1614.0,1027.0,0.0
1614.0,1030.0,0.0
1614.0,1033.0,0.0
1614.0,1041.0,0.0
1614.0,1042.0,0.0
1614.0,1048.0,0.0
1614.0,1050.0,0.0
1614.0,1053.0,0.0
1614.0,1055.0,0.0
1614.0,1070.0,0.0
1614.0,1071.0,0.0
1614.0,1080.0,0.0
1614.0,1091.0,0.0
1614.0,1101.0,0.0
1614.0,1103.0,0.0
1614.0,1114.0,0.0
1614.0,1116.0,0.0
1614.0,1128.0,0.0
1614.0,1131.0,0.0
1614.0,1137.0,0.0
1614.0,1156.0,0.0
1614.0,1157.0,0.0
1614.0,1159.0,0.0
1614.0,1160.0,0.0
1614.0,1173.0,0.0
1614.0,1174.0,0.0
1614.0,1220.0,0.0
1614.0,1221.0,0.0
1614.0,1224.0,0.0
1614.0,1229.0,0.0
1614.0,1284.0,0.0
1614.0,1288.0,0.0
1614.0,1295.0,0.0
1614.0,1296.0,0.0
1614.0,1298.0,0.0
1614.0,1320.0,0.0
1614.0,1321.0,0.0
1615.0,909.0,0.0
1615.0,910.0,0.0
1615.0,913.0,0.0
1615.0,926.0,0.0
1615.0,927.0,0.0
1615.0,928.0,0.0
1615.0,930.0,0.0
1615.0,931.0,0.0
1615.0,932.0,0.0
1615.0,935.0,0.0
1615.0,946.0,0.0
1615.0,947.0,0.0
1615.0,948.0,0.0
1615.0,951.0,0.0
1615.0,956.0,0.0
1615.0,962.0,0.0
1615.0,963.0,0.0
1615.0,976.0,0.0
1615.0,977.0,0.0
1615.0,978.0,0.0
1615.0,998.0,0.0
1615.0,1000.0,0.0
1615.0,1003.0,0.0
1615.0,1004.0,0.0
1615.0,1005.0,0.0
1615.0,1006.0,0.0
1615.0,1025.0,0.0
1615.0,1026.0,0.0
1615.0,1027.0,0.0
1615.0,1033.0,0.0
1615.0,1045.0,0.0
1615.0,1049.0,0.0
1615.0,1069.0,0.0
1615.0,1070.0,0.0
1615.0,1072.0,0.0
1615.0,1080.0,0.0
1615.0,1090.0,0.0
1615.0,1091.0,0.0
1615.0,1108.0,0.0
1615.0,1110.0,0.0
1615.0,1111.0,0.0
1615.0,1113.0,0.0
1615.0,1114.0,0.0
1615.0,1116.0,0.0
1615.0,1117.0,0.0
1615.0,1119.0,0.0
1615.0,1128.0,0.0
1615.0,1139.0,0.0
1615.0,1169.0,0.0
1615.0,1170.0,0.0
1615.0,1218.0,0.0
1615.0,1224.0,0.0
1615.0,1225.0,0.0
1615.0,1226.0,0.0
1615.0,1229.0,0.0
1615.0,1266.0,0.0
1615.0,1267.0,0.0
1615.0,1286.0,0.0
1615.0,1303.0,0.0
1615.0,1339.0,0.0
1615.0,1341.0,0.0
1616.0,926.0,0.0
1616.0,927.0,0.0
1616.0,934.0,0.0
1616.0,951.0,0.0
1616.0,962.0,0.0
1616.0,1005.0,0.0
1616.0,1014.0,0.0
1616.0,1042.0,0.0
1616.0,1072.0,0.0
1616.0,1079.0,0.0
1616.0,1080.0,0.0
1616.0,1089.0,0.0
1616.0,1098.0,0.0
1616.0,1100.0,0.0
1616.0,1101.0,0.0
1616.0,1103.0,0.0
1616.0,1107.0,0.0
1616.0,1118.0,0.0
1616.0,1129.0,0.0
1616.0,1134.0,0.0
1616.0,1214.0,0.0
1616.0,1215.0,0.0
1616.0,1217.0,0.0
1616.0,1218.0,0.0
1616.0,1225.0,0.0
1616.0,1226.0,0.0
1616.0,1229.0,0.0
1616.0,1232.0,0.0
1616.0,1266.0,0.0
1616.0,1267.0,0.0
1616.0,1286.0,0.0
1616.0,1303.0,0.0
1616.0,1308.0,0.0
1616.0,1309.0,0.0
1616.0,1325.0,0.0
1616.0,1326.0,0.0
1616.0,1341.0,0.0
1617.0,935.0,0.0
1617.0,937.0,0.0
1617.0,938.0,0.0
1617.0,939.0,0.0
1617.0,951.0,0.0
1617.0,962.0,0.0
1617.0,963.0,0.0
1617.0,992.0,0.0
1617.0,1002.0,0.0
1617.0,1014.0,0.0
1617.0,1016.0,0.0
1617.0,1019.0,0.0
1617.0,1020.0,0.0
1617.0,1021.0,0.0
1617.0,1027.0,0.0
1617.0,1028.0,0.0
1617.0,1041.0,0.0
1617.0,1044.0,0.0
1617.0,1048.0,0.0
1617.0,1068.0,0.0
1617.0,1070.0,0.0
1617.0,1077.0,0.0
1617.0,1078.0,0.0
1617.0,1089.0,0.0
1617.0,1090.0,0.0
1617.0,1100.0,0.0
1617.0,1101.0,0.0
1617.0,1102.0,0.0
1617.0,1129.0,0.0
1617.0,1130.0,0.0
1617.0,1131.0,0.0
1617.0,1132.0,0.0
1617.0,1134.0,0.0
1617.0,1151.0,0.0
1617.0,1152.0,0.0
1617.0,1225.0,0.0
1617.0,1231.0,0.0
1617.0,1267.0,0.0
1617.0,1286.0,0.0
1617.0,1309.0,0.0
1617.0,1326.0,0.0
1618.0,911.0,0.0
1618.0,912.0,0.0
1618.0,917.0,0.0
1618.0,918.0,0.0
1618.0,919.0,0.0
1618.0,933.0,0.0
1618.0,935.0,0.0
1618.0,946.0,0.0
1618.0,947.0,0.0
1618.0,949.0,0.0
1618.0,950.0,0.0
1618.0,951.0,0.0
1618.0,955.0,0.0
1618.0,961.0,0.0
1618.0,962.0,0.0
1618.0,995.0,0.0
1618.0,1004.0,0.0
1618.0,1014.0,0.0
1618.0,1016.0,0.0
1618.0,1017.0,0.0
1618.0,1018.0,0.0
1618.0,1019.0,0.0
1618.0,1020.0,0.0
1618.0,1027.0,0.0
1618.0,1041.0,0.0
1618.0,1048.0,0.0
1618.0,1068.0,0.0
1618.0,1069.0,0.0
1618.0,1070.0,0.0
1618.0,1075.0,0.0
1618.0,1078.0,0.0
1618.0,1091.0,0.0
1618.0,1099.0,0.0
1618.0,1103.0,0.0
1618.0,1106.0,0.0
1618.0,1112.0,0.0
1618.0,1113.0,0.0
1618.0,1127.0,0.0
1618.0,1128.0,0.0
1618.0,1150.0,0.0
1618.0,1151.0,0.0
1618.0,1163.0,0.0
1618.0,1224.0,0.0
1618.0,1231.0,0.0
1618.0,1267.0,0.0
1618.0,1268.0,0.0
1618.0,1286.0,0.0
1618.0,1307.0,0.0
1618.0,1326.0,0.0
1618.0,1344.0,0.0
1619.0,911.0,0.0
1619.0,912.0,0.0
1619.0,917.0,0.0
1619.0,939.0,0.0
1619.0,940.0,0.0
1619.0,946.0,0.0
1619.0,951.0,0.0
1619.0,994.0,0.0
1619.0,1004.0,0.0
1619.0,1065.0,0.0
1619.0,1066.0,0.0
1619.0,1075.0,0.0
1619.0,1084.0,0.0
1619.0,1087.0,0.0
1619.0,1090.0,0.0
1619.0,1092.0,0.0
1619.0,1113.0,0.0
1619.0,1114.0,0.0
1619.0,1115.0,0.0
1619.0,1116.0,0.0
1619.0,1117.0,0.0
1619.0,1127.0,0.0
1619.0,1149.0,0.0
1619.0,1155.0,0.0
1619.0,1156.0,0.0
1619.0,1159.0,0.0
1619.0,1160.0,0.0
1619.0,1161.0,0.0
1619.0,1162.0,0.0
1619.0,1163.0,0.0
1619.0,1221.0,0.0
1619.0,1224.0,0.0
1619.0,1231.0,0.0
1619.0,1284.0,0.0
1619.0,1286.0,0.0
1619.0,1318.0,0.0
1620.0,917.0,0.0
1620.0,946.0,0.0
1620.0,951.0,0.0
1620.0,983.0,0.0
1620.0,993.0,0.0
1620.0,994.0,0.0
1620.0,1025.0,0.0
1620.0,1060.0,0.0
1620.0,1061.0,0.0
1620.0,1064.0,0.0
1620.0,1084.0,0.0
1620.0,1085.0,0.0
1620.0,1087.0,0.0
1620.0,1088.0,0.0
1620.0,1089.0,0.0
1620.0,1090.0,0.0
1620.0,1127.0,0.0
1620.0,1147.0,0.0
1620.0,1148.0,0.0
1620.0,1149.0,0.0
1620.0,1152.0,0.0
1620.0,1154.0,0.0
1620.0,1156.0,0.0
1620.0,1160.0,0.0
1620.0,1221.0,0.0
1620.0,1222.0,0.0
1620.0,1231.0,0.0
1620.0,1267.0,0.0
1620.0,1268.0,0.0
1620.0,1283.0,0.0
1620.0,1284.0,0.0
1620.0,1315.0,0.0
1620.0,1317.0,0.0
1620.0,1321.0,0.0
1620.0,1325.0,0.0
1620.0,1326.0,0.0
1621.0,917.0,0.0
1621.0,918.0,0.0
1621.0,926.0,0.0
1621.0,928.0,0.0
1621.0,929.0,0.0
1621.0,943.0,0.0
1621.0,945.0,0.0
1621.0,946.0,0.0
1621.0,953.0,0.0
1621.0,954.0,0.0
1621.0,956.0,0.0
1621.0,980.0,0.0
1621.0,981.0,0.0
1621.0,982.0,0.0
1621.0,983.0,0.0
1621.0,1003.0,0.0
1621.0,1023.0,0.0
1621.0,1025.0,0.0
1621.0,1033.0,0.0
1621.0,1038.0,0.0
1621.0,1039.0,0.0
1621.0,1087.0,0.0
1621.0,1104.0,0.0
1621.0,1105.0,0.0
1621.0,1122.0,0.0
1621.0,1123.0,0.0
1621.0,1139.0,0.0
1621.0,1148.0,0.0
1621.0,1151.0,0.0
1621.0,1152.0,0.0
1621.0,1157.0,0.0
1621.0,1221.0,0.0
1621.0,1226.0,0.0
1621.0,1231.0,0.0
1621.0,1269.0,0.0
1621.0,1291.0,0.0
1621.0,1314.0,0.0
1621.0,1320.0,0.0
1621.0,1321.0,0.0
1621.0,1324.0,0.0
1621.0,1325.0,0.0
1622.0,911.0,0.0
1622.0,928.0,0.0
1622.0,941.0,0.0
1622.0,943.0,0.0
1622.0,946.0,0.0
1622.0,947.0,0.0
1622.0,948.0,0.0
1622.0,987.0,0.0
1622.0,988.0,0.0
1622.0,1003.0,0.0
1622.0,1023.0,0.0
1622.0,1024.0,0.0
1622.0,1035.0,0.0
1622.0,1036.0,0.0
1622.0,1037.0,0.0
1622.0,1038.0,0.0
1622.0,1077.0,0.0
1622.0,1104.0,0.0
1622.0,1106.0,0.0
1622.0,1119.0,0.0
1622.0,1120.0,0.0
1622.0,1123.0,0.0
1622.0,1124.0,0.0
1622.0,1136.0,0.0
1622.0,1137.0,0.0
1622.0,1138.0,0.0
1622.0,1139.0,0.0
1622.0,1220.0,0.0
1622.0,1222.0,0.0
1622.0,1226.0,0.0
1622.0,1230.0,0.0
1622.0,1232.0,0.0
1622.0,1289.0,0.0
1622.0,1290.0,0.0
1622.0,1322.0,0.0
1623.0,924.0,0.0
1623.0,965.0,0.0
1623.0,966.0,0.0
1623.0,985.0,0.0
1623.0,988.0,0.0
1623.0,999.0,0.0
1623.0,1022.0,0.0
1623.0,1031.0,0.0
1623.0,1032.0,0.0
1623.0,1036.0,0.0
1623.0,1068.0,0.0
1623.0,1072.0,0.0
1623.0,1076.0,0.0
1623.0,1077.0,0.0
1623.0,1085.0,0.0
1623.0,1088.0,0.0
1623.0,1089.0,0.0
1623.0,1123.0,0.0
1623.0,1126.0,0.0
1623.0,1137.0,0.0
1623.0,1140.0,0.0
1623.0,1141.0,0.0
1623.0,1151.0,0.0
1623.0,1155.0,0.0
1623.0,1162.0,0.0
1623.0,1223.0,0.0
1623.0,1224.0,0.0
1623.0,1225.0,0.0
1623.0,1269.0,0.0
1623.0,1321.0,0.0
1624.0,926.0,0.0
1624.0,940.0,0.0
1624.0,941.0,0.0
1624.0,958.0,0.0
1624.0,965.0,0.0
1624.0,986.0,0.0
1624.0,998.0,0.0
1624.0,1000.0,0.0
1624.0,1001.0,0.0
1624.0,1021.0,0.0
1624.0,1026.0,0.0
1624.0,1027.0,0.0
1624.0,1031.0,0.0
1624.0,1068.0,0.0
1624.0,1074.0,0.0
1624.0,1085.0,0.0
1624.0,1088.0,0.0
1624.0,1089.0,0.0
1624.0,1091.0,0.0
1624.0,1101.0,0.0
1624.0,1107.0,0.0
1624.0,1122.0,0.0
1624.0,1126.0,0.0
1624.0,1127.0,0.0
1624.0,1128.0,0.0
1624.0,1141.0,0.0
1624.0,1150.0,0.0
1624.0,1151.0,0.0
1624.0,1153.0,0.0
1624.0,1155.0,0.0
1624.0,1158.0,0.0
1624.0,1161.0,0.0
1624.0,1223.0,0.0
1624.0,1269.0,0.0
1624.0,1290.0,0.0
1624.0,1291.0,0.0
1624.0,1312.0,0.0
1624.0,1345.0,0.0
1625.0,924.0,0.0
1625.0,926.0,0.0
1625.0,941.0,0.0
1625.0,957.0,0.0
1625.0,959.0,0.0
1625.0,964.0,0.0
1625.0,986.0,0.0
1625.0,988.0,0.0
1625.0,1020.0,0.0
1625.0,1021.0,0.0
1625.0,1026.0,0.0
1625.0,1034.0,0.0
1625.0,1069.0,0.0
1625.0,1084.0,0.0
1625.0,1085.0,0.0
1625.0,1092.0,0.0
1625.0,1093.0,0.0
1625.0,1101.0,0.0
1625.0,1102.0,0.0
1625.0,1106.0,0.0
1625.0,1107.0,0.0
1625.0,1122.0,0.0
1625.0,1127.0,0.0
1625.0,1128.0,0.0
1625.0,1135.0,0.0
1625.0,1136.0,0.0
1625.0,1141.0,0.0
1625.0,1150.0,0.0
1625.0,1161.0,0.0
1625.0,1225.0,0.0
1625.0,1230.0,0.0
1625.0,1233.0,0.0
1625.0,1287.0,0.0
1625.0,1288.0,0.0
1625.0,1291.0,0.0
1625.0,1312.0,0.0
1625.0,1314.0,0.0
1625.0,1315.0,0.0
1625.0,1320.0,0.0
1625.0,1345.0,0.0
1626.0,956.0,0.0
1626.0,980.0,0.0
1626.0,981.0,0.0
1626.0,1026.0,0.0
1626.0,1033.0,0.0
1626.0,1034.0,0.0
1626.0,1049.0,0.0
1626.0,1059.0,0.0
1626.0,1060.0,0.0
1626.0,1080.0,0.0
1626.0,1093.0,0.0
1626.0,1132.0,0.0
1626.0,1133.0,0.0
1626.0,1134.0,0.0
1626.0,1135.0,0.0
1626.0,1137.0,0.0
1626.0,1141.0,0.0
1626.0,1160.0,0.0
1626.0,1162.0,0.0
1626.0,1220.0,0.0
1626.0,1226.0,0.0
1626.0,1228.0,0.0
1626.0,1229.0,0.0
1627.0,918.0,0.0
1627.0,921.0,0.0
1627.0,922.0,0.0
1627.0,943.0,0.0
1627.0,955.0,0.0
1627.0,982.0,0.0
1627.0,1002.0,0.0
1627.0,1003.0,0.0
1627.0,1004.0,0.0
1627.0,1019.0,0.0
1627.0,1048.0,0.0
1627.0,1049.0,0.0
1627.0,1059.0,0.0
1627.0,1075.0,0.0
1627.0,1086.0,0.0
1627.0,1088.0,0.0
1627.0,1089.0,0.0
1627.0,1102.0,0.0
1627.0,1103.0,0.0
1627.0,1104.0,0.0
1627.0,1105.0,0.0
1627.0,1131.0,0.0
1627.0,1132.0,0.0
1627.0,1137.0,0.0
1627.0,1141.0,0.0
1627.0,1154.0,0.0
1627.0,1155.0,0.0
1627.0,1163.0,0.0
1627.0,1220.0,0.0
1627.0,1221.0,0.0
1627.0,1227.0,0.0
1627.0,1228.0,0.0
1627.0,1229.0,0.0
1627.0,1269.0,0.0
1627.0,1294.0,0.0
1627.0,1296.0,0.0
1628.0,918.0,0.0
1628.0,943.0,0.0
1628.0,945.0,0.0
1628.0,964.0,0.0
1628.0,982.0,0.0
1628.0,986.0,0.0
1628.0,1015.0,0.0
1628.0,1017.0,0.0
1628.0,1018.0,0.0
1628.0,1019.0,0.0
1628.0,1034.0,0.0
1628.0,1085.0,0.0
1628.0,1088.0,0.0
1628.0,1094.0,0.0
1628.0,1095.0,0.0
1628.0,1096.0,0.0
1628.0,1099.0,0.0
1628.0,1100.0,0.0
1628.0,1105.0,0.0
1628.0,1132.0,0.0
1628.0,1141.0,0.0
1628.0,1142.0,0.0
1628.0,1153.0,0.0
1628.0,1155.0,0.0
1628.0,1163.0,0.0
1628.0,1164.0,0.0
1628.0,1225.0,0.0
1628.0,1234.0,0.0
1628.0,1271.0,0.0
1628.0,1288.0,0.0
1628.0,1294.0,0.0
1628.0,1296.0,0.0
1628.0,1305.0,0.0
1628.0,1306.0,0.0
1628.0,1319.0,0.0
1628.0,1320.0,0.0
1628.0,1321.0,0.0
1629.0,918.0,0.0
1629.0,927.0,0.0
1629.0,928.0,0.0
1629.0,945.0,0.0
1629.0,946.0,0.0
1629.0,955.0,0.0
1629.0,956.0,0.0
1629.0,986.0,0.0
1629.0,1003.0,0.0
1629.0,1008.0,0.0
1629.0,1009.0,0.0
1629.0,1014.0,0.0
1629.0,1031.0,0.0
1629.0,1035.0,0.0
1629.0,1049.0,0.0
1629.0,1062.0,0.0
1629.0,1063.0,0.0
1629.0,1068.0,0.0
1629.0,1076.0,0.0
1629.0,1077.0,0.0
1629.0,1082.0,0.0
1629.0,1085.0,0.0
1629.0,1097.0,0.0
1629.0,1099.0,0.0
1629.0,1105.0,0.0
1629.0,1108.0,0.0
1629.0,1122.0,0.0
1629.0,1123.0,0.0
1629.0,1131.0,0.0
1629.0,1142.0,0.0
1629.0,1148.0,0.0
1629.0,1149.0,0.0
1629.0,1162.0,0.0
1629.0,1165.0,0.0
1629.0,1166.0,0.0
1629.0,1223.0,0.0
1629.0,1224.0,0.0
1629.0,1231.0,0.0
1629.0,1296.0,0.0
1629.0,1304.0,0.0
1629.0,1337.0,0.0
1629.0,1340.0,0.0
1629.0,1341.0,0.0
1629.0,1342.0,0.0
1630.0,926.0,0.0
1630.0,927.0,0.0
1630.0,932.0,0.0
1630.0,933.0,0.0
1630.0,938.0,0.0
1630.0,939.0,0.0
1630.0,945.0,0.0
1630.0,946.0,0.0
1630.0,965.0,0.0
1630.0,967.0,0.0
1630.0,968.0,0.0
1630.0,969.0,0.0
1630.0,976.0,0.0
1630.0,980.0,0.0
1630.0,981.0,0.0
1630.0,982.0,0.0
1630.0,985.0,0.0
1630.0,1008.0,0.0
1630.0,1009.0,0.0
1630.0,1014.0,0.0
1630.0,1024.0,0.0
1630.0,1025.0,0.0
1630.0,1026.0,0.0
1630.0,1027.0,0.0
1630.0,1029.0,0.0
1630.0,1031.0,0.0
1630.0,1038.0,0.0
1630.0,1039.0,0.0
1630.0,1040.0,0.0
1630.0,1063.0,0.0
1630.0,1068.0,0.0
1630.0,1076.0,0.0
1630.0,1100.0,0.0
1630.0,1122.0,0.0
1630.0,1131.0,0.0
1630.0,1143.0,0.0
1630.0,1144.0,0.0
1630.0,1146.0,0.0
1630.0,1147.0,0.0
1630.0,1169.0,0.0
1630.0,1230.0,0.0
1630.0,1231.0,0.0
1630.0,1326.0,0.0
1630.0,1327.0,0.0
1630.0,1335.0,0.0
1631.0,924.0,0.0
1631.0,929.0,0.0
1631.0,930.0,0.0
1631.0,931.0,0.0
1631.0,937.0,0.0
1631.0,938.0,0.0
1631.0,943.0,0.0
1631.0,972.0,0.0
1631.0,978.0,0.0
1631.0,980.0,0.0
1631.0,984.0,0.0
1631.0,986.0,0.0
1631.0,1007.0,0.0
1631.0,1012.0,0.0
1631.0,1029.0,0.0
1631.0,1036.0,0.0
1631.0,1068.0,0.0
1631.0,1077.0,0.0
1631.0,1082.0,0.0
1631.0,1099.0,0.0
1631.0,1100.0,0.0
1631.0,1107.0,0.0
1631.0,1108.0,0.0
1631.0,1121.0,0.0
1631.0,1131.0,0.0
1631.0,1135.0,0.0
1631.0,1136.0,0.0
1631.0,1146.0,0.0
1631.0,1157.0,0.0
1631.0,1158.0,0.0
1631.0,1171.0,0.0
1631.0,1172.0,0.0
1631.0,1173.0,0.0
1631.0,1175.0,0.0
1631.0,1234.0,0.0
1631.0,1270.0,0.0
1631.0,1335.0,0.0
1632.0,922.0,0.0
1632.0,923.0,0.0
1632.0,936.0,0.0
1632.0,937.0,0.0
1632.0,943.0,0.0
1632.0,965.0,0.0
1632.0,971.0,0.0
1632.0,972.0,0.0
1632.0,974.0,0.0
1632.0,978.0,0.0
1632.0,979.0,0.0
1632.0,1033.0,0.0
1632.0,1035.0,0.0
1632.0,1048.0,0.0
1632.0,1062.0,0.0
1632.0,1064.0,0.0
1632.0,1067.0,0.0
1632.0,1069.0,0.0
1632.0,1109.0,0.0
1632.0,1121.0,0.0
1632.0,1131.0,0.0
1632.0,1132.0,0.0
1632.0,1133.0,0.0
1632.0,1135.0,0.0
1632.0,1136.0,0.0
1632.0,1157.0,0.0
1632.0,1158.0,0.0
1632.0,1161.0,0.0
1632.0,1167.0,0.0
1632.0,1173.0,0.0
1632.0,1225.0,0.0
1632.0,1234.0,0.0
1632.0,1286.0,0.0
1632.0,1304.0,0.0
1632.0,1322.0,0.0
1632.0,1326.0,0.0
1632.0,1327.0,0.0
1632.0,1335.0,0.0
1633.0,929.0,0.0
1633.0,932.0,0.0
1633.0,933.0,0.0
1633.0,935.0,0.0
1633.0,936.0,0.0
1633.0,965.0,0.0
1633.0,987.0,0.0
1633.0,988.0,0.0
1633.0,1010.0,0.0
1633.0,1011.0,0.0
1633.0,1030.0,0.0
1633.0,1033.0,0.0
1633.0,1034.0,0.0
1633.0,1035.0,0.0
1633.0,1041.0,0.0
1633.0,1048.0,0.0
1633.0,1052.0,0.0
1633.0,1062.0,0.0
1633.0,1067.0,0.0
1633.0,1069.0,0.0
1633.0,1085.0,0.0
1633.0,1086.0,0.0
1633.0,1103.0,0.0
1633.0,1123.0,0.0
1633.0,1124.0,0.0
1633.0,1137.0,0.0
1633.0,1142.0,0.0
1633.0,1159.0,0.0
1633.0,1162.0,0.0
1633.0,1178.0,0.0
1633.0,1224.0,0.0
1633.0,1225.0,0.0
1633.0,1229.0,0.0
1633.0,1234.0,0.0
1633.0,1272.0,0.0
1633.0,1274.0,0.0
1633.0,1287.0,0.0
1633.0,1299.0,0.0
1633.0,1300.0,0.0
1633.0,1322.0,0.0
1633.0,1326.0,0.0
1634.0,921.0,0.0
1634.0,928.0,0.0
1634.0,929.0,0.0
1634.0,933.0,0.0
1634.0,964.0,0.0
1634.0,972.0,0.0
1634.0,974.0,0.0
1634.0,1008.0,0.0
1634.0,1030.0,0.0
1634.0,1041.0,0.0
1634.0,1047.0,0.0
1634.0,1082.0,0.0
1634.0,1087.0,0.0
1634.0,1088.0,0.0
1634.0,1111.0,0.0
1634.0,1112.0,0.0
1634.0,1113.0,0.0
1634.0,1114.0,0.0
1634.0,1121.0,0.0
1634.0,1141.0,0.0
1634.0,1142.0,0.0
1634.0,1143.0,0.0
1634.0,1144.0,0.0
1634.0,1169.0,0.0
1634.0,1170.0,0.0
1634.0,1174.0,0.0
1634.0,1224.0,0.0
1634.0,1228.0,0.0
1634.0,1229.0,0.0
1634.0,1230.0,0.0
1634.0,1234.0,0.0
1634.0,1271.0,0.0
1634.0,1273.0,0.0
1634.0,1278.0,0.0
1634.0,1326.0,0.0
1635.0,921.0,0.0
1635.0,922.0,0.0
1635.0,928.0,0.0
1635.0,960.0,0.0
1635.0,961.0,0.0
1635.0,962.0,0.0
1635.0,963.0,0.0
1635.0,964.0,0.0
1635.0,972.0,0.0
1635.0,987.0,0.0
1635.0,988.0,0.0
1635.0,1008.0,0.0
1635.0,1041.0,0.0
1635.0,1051.0,0.0
1635.0,1081.0,0.0
1635.0,1082.0,0.0
1635.0,1092.0,0.0
1635.0,1093.0,0.0
1635.0,1103.0,0.0
1635.0,1104.0,0.0
1635.0,1111.0,0.0
1635.0,1112.0,0.0
1635.0,1129.0,0.0
1635.0,1130.0,0.0
1635.0,1151.0,0.0
1635.0,1153.0,0.0
1635.0,1158.0,0.0
1635.0,1161.0,0.0
1635.0,1162.0,0.0
1635.0,1164.0,0.0
1635.0,1165.0,0.0
1635.0,1169.0,0.0
1635.0,1174.0,0.0
1635.0,1182.0,0.0
1635.0,1224.0,0.0
1635.0,1229.0,0.0
1635.0,1234.0,0.0
1635.0,1272.0,0.0
1635.0,1276.0,0.0
1635.0,1278.0,0.0
1635.0,1280.0,0.0
1635.0,1281.0,0.0
1635.0,1282.0,0.0
1635.0,1284.0,0.0
1635.0,1298.0,0.0
1636.0,960.0,0.0
1636.0,961.0,0.0
1636.0,979.0,0.0
1636.0,986.0,0.0
1636.0,987.0,0.0
1636.0,988.0,0.0
1636.0,1032.0,0.0
1636.0,1041.0,0.0
1636.0,1049.0,0.0
1636.0,1050.0,0.0
1636.0,1059.0,0.0
1636.0,1066.0,0.0
1636.0,1067.0,0.0
1636.0,1068.0,0.0
1636.0,1083.0,0.0
1636.0,1126.0,0.0
1636.0,1127.0,0.0
1636.0,1139.0,0.0
1636.0,1151.0,0.0
1636.0,1161.0,0.0
1636.0,1180.0,0.0
1636.0,1224.0,0.0
1636.0,1234.0,0.0
1636.0,1271.0,0.0
1636.0,1272.0,0.0
1636.0,1277.0,0.0
1636.0,1284.0,0.0
1636.0,1297.0,0.0
1637.0,925.0,0.0
1637.0,970.0,0.0
1637.0,978.0,0.0
1637.0,987.0,0.0
1637.0,1007.0,0.0
1637.0,1028.0,0.0
1637.0,1031.0,0.0
1637.0,1042.0,0.0
1637.0,1044.0,0.0
1637.0,1054.0,0.0
1637.0,1059.0,0.0
1637.0,1067.0,0.0
1637.0,1079.0,0.0
1637.0,1082.0,0.0
1637.0,1083.0,0.0
1637.0,1093.0,0.0
1637.0,1138.0,0.0
1637.0,1139.0,0.0
1637.0,1140.0,0.0
1637.0,1149.0,0.0
1637.0,1165.0,0.0
1637.0,1166.0,0.0
1637.0,1177.0,0.0
1637.0,1183.0,0.0
1637.0,1232.0,0.0
1637.0,1233.0,0.0
1637.0,1234.0,0.0
1637.0,1235.0,0.0
1637.0,1292.0,0.0
1637.0,1293.0,0.0
1637.0,1294.0,0.0
1637.0,1336.0,0.0
1637.0,1337.0,0.0
1638.0,926.0,0.0
1638.0,931.0,0.0
1638.0,939.0,0.0
1638.0,940.0,0.0
1638.0,941.0,0.0
1638.0,947.0,0.0
1638.0,948.0,0.0
1638.0,951.0,0.0
1638.0,961.0,0.0
1638.0,969.0,0.0
1638.0,970.0,0.0
1638.0,975.0,0.0
1638.0,976.0,0.0
1638.0,981.0,0.0
1638.0,984.0,0.0
1638.0,987.0,0.0
1638.0,1003.0,0.0
1638.0,1006.0,0.0
1638.0,1026.0,0.0
1638.0,1028.0,0.0
1638.0,1032.0,0.0
1638.0,1042.0,0.0
1638.0,1044.0,0.0
1638.0,1049.0,0.0
1638.0,1050.0,0.0
1638.0,1054.0,0.0
1638.0,1094.0,0.0
1638.0,1122.0,0.0
1638.0,1138.0,0.0
1638.0,1139.0,0.0
1638.0,1142.0,0.0
1638.0,1143.0,0.0
1638.0,1148.0,0.0
1638.0,1161.0,0.0
1638.0,1163.0,0.0
1638.0,1164.0,0.0
1638.0,1177.0,0.0
1638.0,1223.0,0.0
1638.0,1235.0,0.0
1638.0,1236.0,0.0
1638.0,1274.0,0.0
1638.0,1275.0,0.0
1638.0,1282.0,0.0
1638.0,1292.0,0.0
1638.0,1296.0,0.0
1638.0,1335.0,0.0
1638.0,1336.0,0.0
1638.0,1337.0,0.0
1638.0,1342.0,0.0
1638.0,1344.0,0.0
1639.0,925.0,0.0
1639.0,939.0,0.0
1639.0,950.0,0.0
1639.0,951.0,0.0
1639.0,952.0,0.0
1639.0,961.0,0.0
1639.0,975.0,0.0
1639.0,984.0,0.0
1639.0,1001.0,0.0
1639.0,1006.0,0.0
1639.0,1026.0,0.0
1639.0,1027.0,0.0
1639.0,1032.0,0.0
1639.0,1035.0,0.0
1639.0,1049.0,0.0
1639.0,1056.0,0.0
1639.0,1103.0,0.0
1639.0,1109.0,0.0
1639.0,1110.0,0.0
1639.0,1127.0,0.0
1639.0,1141.0,0.0
1639.0,1142.0,0.0
1639.0,1143.0,0.0
1639.0,1148.0,0.0
1639.0,1161.0,0.0
1639.0,1166.0,0.0
1639.0,1167.0,0.0
1639.0,1169.0,0.0
1639.0,1170.0,0.0
1639.0,1182.0,0.0
1639.0,1223.0,0.0
1639.0,1232.0,0.0
1639.0,1233.0,0.0
1639.0,1237.0,0.0
1639.0,1238.0,0.0
1639.0,1292.0,0.0
1639.0,1297.0,0.0
1639.0,1298.0,0.0
1639.0,1328.0,0.0
1639.0,1329.0,0.0
1639.0,1342.0,0.0
1639.0,1344.0,0.0
1640.0,939.0,0.0
1640.0,961.0,0.0
1640.0,971.0,0.0
1640.0,974.0,0.0
1640.0,988.0,0.0
1640.0,989.0,0.0
1640.0,1001.0,0.0
1640.0,1002.0,0.0
1640.0,1005.0,0.0
1640.0,1012.0,0.0
1640.0,1027.0,0.0
1640.0,1028.0,0.0
1640.0,1035.0,0.0
1640.0,1036.0,0.0
1640.0,1048.0,0.0
1640.0,1049.0,0.0
1640.0,1057.0,0.0
1640.0,1058.0,0.0
1640.0,1077.0,0.0
1640.0,1078.0,0.0
1640.0,1079.0,0.0
1640.0,1080.0,0.0
1640.0,1090.0,0.0
1640.0,1093.0,0.0
1640.0,1094.0,0.0
1640.0,1095.0,0.0
1640.0,1098.0,0.0
1640.0,1099.0,0.0
1640.0,1105.0,0.0
1640.0,1106.0,0.0
1640.0,1110.0,0.0
1640.0,1112.0,0.0
1640.0,1115.0,0.0
1640.0,1116.0,0.0
1640.0,1117.0,0.0
1640.0,1121.0,0.0
1640.0,1123.0,0.0
1640.0,1127.0,0.0
1640.0,1131.0,0.0
1640.0,1132.0,0.0
1640.0,1167.0,0.0
1640.0,1173.0,0.0
1640.0,1181.0,0.0
1640.0,1182.0,0.0
1640.0,1223.0,0.0
1640.0,1227.0,0.0
1640.0,1239.0,0.0
1640.0,1240.0,0.0
1640.0,1271.0,0.0
1640.0,1272.0,0.0
1640.0,1279.0,0.0
1640.0,1280.0,0.0
1640.0,1323.0,0.0
1640.0,1324.0,0.0
1640.0,1329.0,0.0
1641.0,926.0,0.0
1641.0,929.0,0.0
1641.0,939.0,0.0
1641.0,947.0,0.0
1641.0,948.0,0.0
1641.0,950.0,0.0
1641.0,957.0,0.0
1641.0,980.0,0.0
1641.0,981.0,0.0
1641.0,982.0,0.0
1641.0,983.0,0.0
1641.0,988.0,0.0
1641.0,993.0,0.0
1641.0,1012.0,0.0
1641.0,1035.0,0.0
1641.0,1048.0,0.0
1641.0,1049.0,0.0
1641.0,1059.0,0.0
1641.0,1077.0,0.0
1641.0,1080.0,0.0
1641.0,1091.0,0.0
1641.0,1105.0,0.0
1641.0,1106.0,0.0
1641.0,1107.0,0.0
1641.0,1113.0,0.0
1641.0,1120.0,0.0
1641.0,1124.0,0.0
1641.0,1127.0,0.0
1641.0,1131.0,0.0
1641.0,1132.0,0.0
1641.0,1145.0,0.0
1641.0,1146.0,0.0
1641.0,1147.0,0.0
1641.0,1148.0,0.0
1641.0,1159.0,0.0
1641.0,1160.0,0.0
1641.0,1171.0,0.0
1641.0,1173.0,0.0
1641.0,1178.0,0.0
1641.0,1226.0,0.0
1641.0,1227.0,0.0
1641.0,1230.0,0.0
1641.0,1231.0,0.0
1641.0,1240.0,0.0
1641.0,1241.0,0.0
1641.0,1270.0,0.0
1641.0,1271.0,0.0
1641.0,1279.0,0.0
1641.0,1280.0,0.0
1641.0,1281.0,0.0
1641.0,1299.0,0.0
1641.0,1301.0,0.0
1641.0,1311.0,0.0
1641.0,1312.0,0.0
1641.0,1324.0,0.0
1642.0,928.0,0.0
1642.0,947.0,0.0
1642.0,948.0,0.0
1642.0,949.0,0.0
1642.0,950.0,0.0
1642.0,956.0,0.0
1642.0,957.0,0.0
1642.0,977.0,0.0
1642.0,981.0,0.0
1642.0,982.0,0.0
1642.0,985.0,0.0
1642.0,986.0,0.0
1642.0,990.0,0.0
1642.0,993.0,0.0
1642.0,1034.0,0.0
1642.0,1048.0,0.0
1642.0,1056.0,0.0
1642.0,1060.0,0.0
1642.0,1098.0,0.0
1642.0,1106.0,0.0
1642.0,1124.0,0.0
1642.0,1125.0,0.0
1642.0,1130.0,0.0
1642.0,1144.0,0.0
1642.0,1145.0,0.0
1642.0,1157.0,0.0
1642.0,1159.0,0.0
1642.0,1172.0,0.0
1642.0,1173.0,0.0
1642.0,1177.0,0.0
1642.0,1178.0,0.0
1642.0,1219.0,0.0
1642.0,1220.0,0.0
1642.0,1229.0,0.0
1642.0,1230.0,0.0
1642.0,1231.0,0.0
1642.0,1240.0,0.0
1642.0,1269.0,0.0
1642.0,1280.0,0.0
1642.0,1330.0,0.0
1642.0,1333.0,0.0
1642.0,1334.0,0.0
1642.0,1335.0,0.0
1643.0,928.0,0.0
1643.0,929.0,0.0
1643.0,949.0,0.0
1643.0,954.0,0.0
1643.0,955.0,0.0
1643.0,978.0,0.0
1643.0,986.0,0.0
1643.0,990.0,0.0
1643.0,993.0,0.0
1643.0,1004.0,0.0
1643.0,1005.0,0.0
1643.0,1006.0,0.0
1643.0,1007.0,0.0
1643.0,1008.0,0.0
1643.0,1020.0,0.0
1643.0,1021.0,0.0
1643.0,1029.0,0.0
1643.0,1030.0,0.0
1643.0,1034.0,0.0
1643.0,1048.0,0.0
1643.0,1050.0,0.0
1643.0,1051.0,0.0
1643.0,1061.0,0.0
1643.0,1089.0,0.0
1643.0,1090.0,0.0
1643.0,1098.0,0.0
1643.0,1111.0,0.0
1643.0,1114.0,0.0
1643.0,1115.0,0.0
1643.0,1116.0,0.0
1643.0,1129.0,0.0
1643.0,1130.0,0.0
1643.0,1141.0,0.0
1643.0,1156.0,0.0
1643.0,1157.0,0.0
1643.0,1171.0,0.0
1643.0,1172.0,0.0
1643.0,1174.0,0.0
1643.0,1175.0,0.0
1643.0,1176.0,0.0
1643.0,1217.0,0.0
1643.0,1218.0,0.0
1643.0,1219.0,0.0
1643.0,1224.0,0.0
1643.0,1230.0,0.0
1643.0,1231.0,0.0
1643.0,1240.0,0.0
1643.0,1241.0,0.0
1643.0,1243.0,0.0
1643.0,1244.0,0.0
1643.0,1269.0,0.0
1643.0,1270.0,0.0
1643.0,1271.0,0.0
1643.0,1273.0,0.0
1643.0,1276.0,0.0
1643.0,1277.0,0.0
1643.0,1298.0,0.0
1643.0,1311.0,0.0
1643.0,1323.0,0.0
1643.0,1330.0,0.0
1643.0,1334.0,0.0
1644.0,949.0,0.0
1644.0,954.0,0.0
1644.0,960.0,0.0
1644.0,961.0,0.0
1644.0,978.0,0.0
1644.0,986.0,0.0
1644.0,987.0,0.0
1644.0,989.0,0.0
1644.0,992.0,0.0
1644.0,993.0,0.0
1644.0,1021.0,0.0
1644.0,1022.0,0.0
1644.0,1034.0,0.0
1644.0,1048.0,0.0
1644.0,1061.0,0.0
1644.0,1064.0,0.0
1644.0,1110.0,0.0
1644.0,1111.0,0.0
1644.0,1118.0,0.0
1644.0,1119.0,0.0
1644.0,1120.0,0.0
1644.0,1135.0,0.0
1644.0,1136.0,0.0
1644.0,1141.0,0.0
1644.0,1142.0,0.0
1644.0,1143.0,0.0
1644.0,1157.0,0.0
1644.0,1171.0,0.0
1644.0,1215.0,0.0
1644.0,1218.0,0.0
1644.0,1220.0,0.0
1644.0,1226.0,0.0
1644.0,1241.0,0.0
1644.0,1242.0,0.0
1644.0,1245.0,0.0
1644.0,1268.0,0.0
1644.0,1273.0,0.0
1644.0,1276.0,0.0
1644.0,1298.0,0.0
1644.0,1309.0,0.0
1644.0,1313.0,0.0
1644.0,1322.0,0.0
1644.0,1323.0,0.0
1645.0,927.0,0.0
1645.0,934.0,0.0
1645.0,935.0,0.0
1645.0,944.0,0.0
1645.0,946.0,0.0
1645.0,947.0,0.0
1645.0,948.0,0.0
1645.0,954.0,0.0
1645.0,983.0,0.0
1645.0,984.0,0.0
1645.0,985.0,0.0
1645.0,992.0,0.0
1645.0,1000.0,0.0
1645.0,1001.0,0.0
1645.0,1014.0,0.0
1645.0,1015.0,0.0
1645.0,1023.0,0.0
1645.0,1024.0,0.0
1645.0,1027.0,0.0
1645.0,1058.0,0.0
1645.0,1059.0,0.0
1645.0,1064.0,0.0
1645.0,1109.0,0.0
1645.0,1110.0,0.0
1645.0,1119.0,0.0
1645.0,1135.0,0.0
1645.0,1157.0,0.0
1645.0,1213.0,0.0
1645.0,1218.0,0.0
1645.0,1241.0,0.0
1645.0,1246.0,0.0
1645.0,1267.0,0.0
1645.0,1290.0,0.0
1645.0,1297.0,0.0
1645.0,1309.0,0.0
1645.0,1321.0,0.0
1645.0,1331.0,0.0
1646.0,929.0,0.0
1646.0,935.0,0.0
1646.0,944.0,0.0
1646.0,946.0,0.0
1646.0,959.0,0.0
1646.0,960.0,0.0
1646.0,985.0,0.0
1646.0,988.0,0.0
1646.0,1010.0,0.0
1646.0,1013.0,0.0
1646.0,1016.0,0.0
1646.0,1023.0,0.0
1646.0,1027.0,0.0
1646.0,1040.0,0.0
1646.0,1057.0,0.0
1646.0,1058.0,0.0
1646.0,1064.0,0.0
1646.0,1106.0,0.0
1646.0,1107.0,0.0
1646.0,1158.0,0.0
1646.0,1170.0,0.0
1646.0,1171.0,0.0
1646.0,1241.0,0.0
1646.0,1247.0,0.0
1646.0,1265.0,0.0
1646.0,1283.0,0.0
1646.0,1284.0,0.0
1646.0,1285.0,0.0
1646.0,1290.0,0.0
1646.0,1291.0,0.0
1646.0,1306.0,0.0
1646.0,1307.0,0.0
1646.0,1330.0,0.0
1646.0,1331.0,0.0
1646.0,1335.0,0.0
1646.0,1340.0,0.0
1646.0,1341.0,0.0
1647.0,944.0,0.0
1647.0,966.0,0.0
1647.0,967.0,0.0
1647.0,976.0,0.0
1647.0,979.0,0.0
1647.0,990.0,0.0
1647.0,994.0,0.0
1647.0,995.0,0.0
1647.0,998.0,0.0
1647.0,1013.0,0.0
1647.0,1016.0,0.0
1647.0,1028.0,0.0
1647.0,1033.0,0.0
1647.0,1034.0,0.0
1647.0,1038.0,0.0
1647.0,1039.0,0.0
1647.0,1056.0,0.0
1647.0,1064.0,0.0
1647.0,1085.0,0.0
1647.0,1143.0,0.0
1647.0,1157.0,0.0
1647.0,1244.0,0.0
1647.0,1248.0,0.0
1647.0,1249.0,0.0
1647.0,1260.0,0.0
1647.0,1263.0,0.0
1647.0,1264.0,0.0
1647.0,1283.0,0.0
1647.0,1284.0,0.0
1647.0,1289.0,0.0
1647.0,1307.0,0.0
1647.0,1310.0,0.0
1647.0,1311.0,0.0
1647.0,1312.0,0.0
1647.0,1325.0,0.0
1647.0,1341.0,0.0
1647.0,1342.0,0.0
1648.0,931.0,0.0
1648.0,932.0,0.0
1648.0,934.0,0.0
1648.0,943.0,0.0
1648.0,959.0,0.0
1648.0,965.0,0.0
1648.0,966.0,0.0
1648.0,975.0,0.0
1648.0,976.0,0.0
1648.0,986.0,0.0
1648.0,989.0,0.0
1648.0,992.0,0.0
1648.0,993.0,0.0
1648.0,995.0,0.0
1648.0,1017.0,0.0
1648.0,1021.0,0.0
1648.0,1034.0,0.0
1648.0,1037.0,0.0
1648.0,1038.0,0.0
1648.0,1056.0,0.0
1648.0,1064.0,0.0
1648.0,1090.0,0.0
1648.0,1091.0,0.0
1648.0,1107.0,0.0
1648.0,1145.0,0.0
1648.0,1146.0,0.0
1648.0,1147.0,0.0
1648.0,1151.0,0.0
1648.0,1152.0,0.0
1648.0,1153.0,0.0
1648.0,1157.0,0.0
1648.0,1172.0,0.0
1648.0,1248.0,0.0
1648.0,1251.0,0.0
1648.0,1308.0,0.0
1648.0,1310.0,0.0
1648.0,1334.0,0.0
1648.0,1335.0,0.0
1648.0,1341.0,0.0
1649.0,929.0,0.0
1649.0,936.0,0.0
1649.0,939.0,0.0
1649.0,940.0,0.0
1649.0,943.0,0.0
1649.0,944.0,0.0
1649.0,947.0,0.0
1649.0,948.0,0.0
1649.0,951.0,0.0
1649.0,958.0,0.0
1649.0,959.0,0.0
1649.0,966.0,0.0
1649.0,974.0,0.0
1649.0,987.0,0.0
1649.0,988.0,0.0
1649.0,1022.0,0.0
1649.0,1023.0,0.0
1649.0,1034.0,0.0
1649.0,1035.0,0.0
1649.0,1093.0,0.0
1649.0,1094.0,0.0
1649.0,1107.0,0.0
1649.0,1118.0,0.0
1649.0,1119.0,0.0
1649.0,1127.0,0.0
1649.0,1128.0,0.0
1649.0,1147.0,0.0
1649.0,1149.0,0.0
1649.0,1150.0,0.0
1649.0,1152.0,0.0
1649.0,1171.0,0.0
1649.0,1172.0,0.0
1649.0,1241.0,0.0
1649.0,1243.0,0.0
1649.0,1250.0,0.0
1649.0,1252.0,0.0
1649.0,1256.0,0.0
1649.0,1257.0,0.0
1649.0,1258.0,0.0
1649.0,1279.0,0.0
1649.0,1281.0,0.0
1649.0,1292.0,0.0
1649.0,1325.0,0.0
1649.0,1327.0,0.0
1649.0,1332.0,0.0
1649.0,1333.0,0.0
1650.0,929.0,0.0
1650.0,937.0,0.0
1650.0,938.0,0.0
1650.0,939.0,0.0
1650.0,942.0,0.0
1650.0,943.0,0.0
1650.0,946.0,0.0
1650.0,950.0,0.0
1650.0,951.0,0.0
1650.0,957.0,0.0
1650.0,959.0,0.0
1650.0,960.0,0.0
1650.0,980.0,0.0
1650.0,991.0,0.0
1650.0,992.0,0.0
1650.0,998.0,0.0
1650.0,1017.0,0.0
1650.0,1019.0,0.0
1650.0,1021.0,0.0
1650.0,1023.0,0.0
1650.0,1034.0,0.0
1650.0,1037.0,0.0
1650.0,1045.0,0.0
1650.0,1046.0,0.0
1650.0,1047.0,0.0
1650.0,1050.0,0.0
1650.0,1056.0,0.0
1650.0,1065.0,0.0
1650.0,1101.0,0.0
1650.0,1108.0,0.0
1650.0,1120.0,0.0
1650.0,1129.0,0.0
1650.0,1133.0,0.0
1650.0,1153.0,0.0
1650.0,1160.0,0.0
1650.0,1212.0,0.0
1650.0,1252.0,0.0
1650.0,1253.0,0.0
1650.0,1257.0,0.0
1650.0,1268.0,0.0
1650.0,1281.0,0.0
1650.0,1325.0,0.0
1650.0,1332.0,0.0
1650.0,1333.0,0.0
1651.0,933.0,0.0
1651.0,941.0,0.0
1651.0,942.0,0.0
1651.0,945.0,0.0
1651.0,946.0,0.0
1651.0,947.0,0.0
1651.0,960.0,0.0
1651.0,961.0,0.0
1651.0,980.0,0.0
1651.0,981.0,0.0
1651.0,996.0,0.0
1651.0,1008.0,0.0
1651.0,1009.0,0.0
1651.0,1010.0,0.0
1651.0,1018.0,0.0
1651.0,1019.0,0.0
1651.0,1037.0,0.0
1651.0,1045.0,0.0
1651.0,1049.0,0.0
1651.0,1054.0,0.0
1651.0,1056.0,0.0
1651.0,1065.0,0.0
1651.0,1068.0,0.0
1651.0,1089.0,0.0
1651.0,1109.0,0.0
1651.0,1125.0,0.0
1651.0,1129.0,0.0
1651.0,1133.0,0.0
1651.0,1154.0,0.0
1651.0,1155.0,0.0
1651.0,1157.0,0.0
1651.0,1158.0,0.0
1651.0,1160.0,0.0
1651.0,1164.0,0.0
1651.0,1165.0,0.0
1651.0,1207.0,0.0
1651.0,1210.0,0.0
1651.0,1211.0,0.0
1651.0,1226.0,0.0
1651.0,1242.0,0.0
1651.0,1257.0,0.0
1651.0,1262.0,0.0
1651.0,1267.0,0.0
1651.0,1281.0,0.0
1652.0,931.0,0.0
1652.0,932.0,0.0
1652.0,934.0,0.0
1652.0,936.0,0.0
1652.0,950.0,0.0
1652.0,955.0,0.0
1652.0,963.0,0.0
1652.0,965.0,0.0
1652.0,975.0,0.0
1652.0,981.0,0.0
1652.0,982.0,0.0
1652.0,999.0,0.0
1652.0,1000.0,0.0
1652.0,1011.0,0.0
1652.0,1037.0,0.0
1652.0,1038.0,0.0
1652.0,1046.0,0.0
1652.0,1049.0,0.0
1652.0,1050.0,0.0
1652.0,1053.0,0.0
1652.0,1059.0,0.0
1652.0,1067.0,0.0
1652.0,1089.0,0.0
1652.0,1090.0,0.0
1652.0,1110.0,0.0
1652.0,1113.0,0.0
1652.0,1119.0,0.0
1652.0,1121.0,0.0
1652.0,1124.0,0.0
1652.0,1125.0,0.0
1652.0,1131.0,0.0
1652.0,1133.0,0.0
1652.0,1145.0,0.0
1652.0,1166.0,0.0
1652.0,1171.0,0.0
1652.0,1172.0,0.0
1652.0,1207.0,0.0
1652.0,1225.0,0.0
1652.0,1226.0,0.0
1652.0,1261.0,0.0
1652.0,1262.0,0.0
1652.0,1277.0,0.0
1652.0,1278.0,0.0
1652.0,1279.0,0.0
1652.0,1280.0,0.0
1652.0,1290.0,0.0
1653.0,935.0,0.0
1653.0,949.0,0.0
1653.0,956.0,0.0
1653.0,967.0,0.0
1653.0,968.0,0.0
1653.0,969.0,0.0
1653.0,970.0,0.0
1653.0,973.0,0.0
1653.0,974.0,0.0
1653.0,992.0,0.0
1653.0,997.0,0.0
1653.0,1000.0,0.0
1653.0,1006.0,0.0
1653.0,1007.0,0.0
1653.0,1008.0,0.0
1653.0,1009.0,0.0
1653.0,1027.0,0.0
1653.0,1028.0,0.0
1653.0,1034.0,0.0
1653.0,1040.0,0.0
1653.0,1046.0,0.0
1653.0,1047.0,0.0
1653.0,1049.0,0.0
1653.0,1067.0,0.0
1653.0,1068.0,0.0
1653.0,1103.0,0.0
1653.0,1105.0,0.0
1653.0,1112.0,0.0
1653.0,1118.0,0.0
1653.0,1122.0,0.0
1653.0,1123.0,0.0
1653.0,1131.0,0.0
1653.0,1144.0,0.0
1653.0,1145.0,0.0
1653.0,1147.0,0.0
1653.0,1148.0,0.0
1653.0,1155.0,0.0
1653.0,1162.0,0.0
1653.0,1168.0,0.0
1653.0,1169.0,0.0
1653.0,1205.0,0.0
1653.0,1206.0,0.0
1653.0,1223.0,0.0
1653.0,1243.0,0.0
1653.0,1244.0,0.0
1653.0,1248.0,0.0
1653.0,1251.0,0.0
1653.0,1256.0,0.0
1653.0,1257.0,0.0
1653.0,1277.0,0.0
1653.0,1289.0,0.0
1653.0,1290.0,0.0
1653.0,1315.0,0.0
1653.0,1316.0,0.0
1654.0,937.0,0.0
1654.0,949.0,0.0
1654.0,951.0,0.0
1654.0,961.0,0.0
1654.0,963.0,0.0
1654.0,964.0,0.0
1654.0,966.0,0.0
1654.0,971.0,0.0
1654.0,972.0,0.0
1654.0,973.0,0.0
1654.0,999.0,0.0
1654.0,1019.0,0.0
1654.0,1027.0,0.0
1654.0,1028.0,0.0
1654.0,1034.0,0.0
1654.0,1035.0,0.0
1654.0,1036.0,0.0
1654.0,1040.0,0.0
1654.0,1041.0,0.0
1654.0,1057.0,0.0
1654.0,1103.0,0.0
1654.0,1105.0,0.0
1654.0,1118.0,0.0
1654.0,1121.0,0.0
1654.0,1124.0,0.0
1654.0,1125.0,0.0
1654.0,1154.0,0.0
1654.0,1162.0,0.0
1654.0,1205.0,0.0
1654.0,1206.0,0.0
1654.0,1217.0,0.0
1654.0,1218.0,0.0
1654.0,1244.0,0.0
1654.0,1247.0,0.0
1654.0,1251.0,0.0
1654.0,1252.0,0.0
1654.0,1253.0,0.0
1654.0,1255.0,0.0
1654.0,1256.0,0.0
1654.0,1268.0,0.0
1654.0,1270.0,0.0
1654.0,1271.0,0.0
1654.0,1272.0,0.0
1654.0,1288.0,0.0
1654.0,1304.0,0.0
1654.0,1315.0,0.0
1654.0,1321.0,0.0
1654.0,1322.0,0.0
1654.0,1323.0,0.0
