X,Y,Z
0.5,0.5,0.0
1.5,0.5,0.0
2.5,0.5,0.0
3.5,0.5,0.0
4.5,0.5,0.0
5.5,0.5,0.0
6.5,0.5,0.0
7.5,0.5,0.0
8.5,0.5,0.0
9.5,0.5,0.0
10.5,0.5,0.0
11.5,0.5,0.0
12.5,0.5,0.0
13.5,0.5,0.0
14.5,0.5,0.0
15.5,0.5,0.0
16.5,0.5,0.0
17.5,0.5,0.0
18.5,0.5,0.0
19.5,0.5,0.0
20.5,0.5,0.0
21.5,0.5,0.0
22.5,0.5,0.0
23.5,0.5,0.0
24.5,0.5,0.0
25.5,0.5,0.0
26.5,0.5,0.0
27.5,0.5,0.0
28.5,0.5,0.0
29.5,0.5,0.0
30.5,0.5,0.0
31.5,0.5,0.0
32.5,0.5,0.0
33.5,0.5,0.0
34.5,0.5,0.0
35.5,0.5,0.0
36.5,0.5,0.0
37.5,0.5,0.0
38.5,0.5,0.0
39.5,0.5,0.0
40.5,0.5,0.0
41.5,0.5,0.0
42.5,0.5,0.0
43.5,0.5,0.0
44.5,0.5,0.0
45.5,0.5,0.0
46.5,0.5,0.0
47.5,0.5,0.0
48.5,0.5,0.0
49.5,0.5,0.0
50.5,0.5,0.0
51.5,0.5,0.0
52.5,0.5,0.0
53.5,0.5,0.0
54.5,0.5,0.0
55.5,0.5,0.0
56.5,0.5,0.0
57.5,0.5,0.0
58.5,0.5,0.0
59.5,0.5,0.0
60.5,0.5,0.0
61.5,0.5,0.0
62.5,0.5,0.0
63.5,0.5,0.0
64.5,0.5,0.0
65.5,0.5,0.0
66.5,0.5,0.0
67.5,0.5,0.0
68.5,0.5,0.0
69.5,0.5,0.0
70.5,0.5,0.0
71.5,0.5,0.0
72.5,0.5,0.0
73.5,0.5,0.0
74.5,0.5,0.0
75.5,0.5,0.0
76.5,0.5,0.0
77.5,0.5,0.0
78.5,0.5,0.0
79.5,0.5,0.0
80.5,0.5,0.0
81.5,0.5,0.0
82.5,0.5,0.0
83.5,0.5,0.0
84.5,0.5,0.0
85.5,0.5,0.0
86.5,0.5,0.0
87.5,0.5,0.0
88.5,0.5,0.0
89.5,0.5,0.0
90.5,0.5,0.0
91.5,0.5,0.0
92.5,0.5,0.0
93.5,0.5,0.0
94.5,0.5,0.0
95.5,0.5,0.0
96.5,0.5,0.0
97.5,0.5,0.0
98.5,0.5,0.0
99.5,0.5,0.0
100.5,0.5,0.0
101.5,0.5,0.0
102.5,0.5,0.0
103.5,0.5,0.0
104.5,0.5,0.0
105.5,0.5,0.0
106.5,0.5,0.0
107.5,0.5,0.0
108.5,0.5,0.0
109.5,0.5,0.0
110.5,0.5,0.0
111.5,0.5,0.0
112.5,0.5,0.0
113.5,0.5,0.0
114.5,0.5,0.0
115.5,0.5,0.0
116.5,0.5,0.0
117.5,0.5,0.0
118.5,0.5,0.0
119.5,0.5,0.0
120.5,0.5,0.0
121.5,0.5,0.0
122.5,0.5,0.0
123.5,0.5,0.0
124.5,0.5,0.0
125.5,0.5,0.0
126.5,0.5,0.0
127.5,0.5,0.0
128.5,0.5,0.0
129.5,0.5,0.0
130.5,0.5,0.0
131.5,0.5,0.0
132.5,0.5,0.0
133.5,0.5,0.0
134.5,0.5,0.0
135.5,0.5,0.0
136.5,0.5,0.0
137.5,0.5,0.0
138.5,0.5,0.0
139.5,0.5,0.0
140.5,0.5,0.0
141.5,0.5,0.0
142.5,0.5,0.0
143.5,0.5,0.0
144.5,0.5,0.0
145.5,0.5,0.0
146.5,0.5,0.0
147.5,0.5,0.0
148.5,0.5,0.0
149.5,0.5,0.0
150.5,0.5,0.0
151.5,0.5,0.0
152.5,0.5,0.0
153.5,0.5,0.0
154.5,0.5,0.0
155.5,0.5,0.0
156.5,0.5,0.0
157.5,0.5,0.0
158.5,0.5,0.0
159.5,0.5,0.0
160.5,0.5,0.0
161.5,0.5,0.0
162.5,0.5,0.0
163.5,0.5,0.0
164.5,0.5,0.0
165.5,0.5,0.0
166.5,0.5,0.0
167.5,0.5,0.0
168.5,0.5,0.0
169.5,0.5,0.0
170.5,0.5,0.0
171.5,0.5,0.0
172.5,0.5,0.0
173.5,0.5,0.0
174.5,0.5,0.0
175.5,0.5,0.0
176.5,0.5,0.0
177.5,0.5,0.0
178.5,0.5,0.0
179.5,0.5,0.0
180.5,0.5,0.0
181.5,0.5,0.0
182.5,0.5,0.0
183.5,0.5,0.0
184.5,0.5,0.0
185.5,0.5,0.0
186.5,0.5,0.0
187.5,0.5,0.0
188.5,0.5,0.0
189.5,0.5,0.0
190.5,0.5,0.0
191.5,0.5,0.0
192.5,0.5,0.0
193.5,0.5,0.0
194.5,0.5,0.0
195.5,0.5,0.0
196.5,0.5,0.0
197.5,0.5,0.0
198.5,0.5,0.0
199.5,0.5,0.0
0.5,1.5,0.0
1.5,1.5,0.0
2.5,1.5,0.0
3.5,1.5,0.0
4.5,1.5,0.0
5.5,1.5,0.0
6.5,1.5,0.0
7.5,1.5,0.0
8.5,1.5,0.0
9.5,1.5,0.0
10.5,1.5,0.0
11.5,1.5,0.0
12.5,1.5,0.0
13.5,1.5,0.0
14.5,1.5,0.0
15.5,1.5,0.0
16.5,1.5,0.0
17.5,1.5,0.0
18.5,1.5,0.0
19.5,1.5,0.0
20.5,1.5,0.0
21.5,1.5,0.0
22.5,1.5,0.0
23.5,1.5,0.0
24.5,1.5,0.0
25.5,1.5,0.0
26.5,1.5,0.0
27.5,1.5,0.0
28.5,1.5,0.0
29.5,1.5,0.0
30.5,1.5,0.0
31.5,1.5,0.0
32.5,1.5,0.0
33.5,1.5,0.0
34.5,1.5,0.0
35.5,1.5,0.0
36.5,1.5,0.0
37.5,1.5,0.0
38.5,1.5,0.0
39.5,1.5,0.0
40.5,1.5,0.0
41.5,1.5,0.0
42.5,1.5,0.0
43.5,1.5,0.0
44.5,1.5,0.0
45.5,1.5,0.0
46.5,1.5,0.0
47.5,1.5,0.0
48.5,1.5,0.0
49.5,1.5,0.0
50.5,1.5,0.0
51.5,1.5,0.0
52.5,1.5,0.0
53.5,1.5,0.0
54.5,1.5,0.0
55.5,1.5,0.0
56.5,1.5,0.0
57.5,1.5,0.0
58.5,1.5,0.0
59.5,1.5,0.0
60.5,1.5,0.0
61.5,1.5,0.0
62.5,1.5,0.0
63.5,1.5,0.0
64.5,1.5,0.0
65.5,1.5,0.0
66.5,1.5,0.0
67.5,1.5,0.0
68.5,1.5,0.0
69.5,1.5,0.0
70.5,1.5,0.0
71.5,1.5,0.0
72.5,1.5,0.0
73.5,1.5,0.0
74.5,1.5,0.0
75.5,1.5,0.0
76.5,1.5,0.0
77.5,1.5,0.0
78.5,1.5,0.0
79.5,1.5,0.0
80.5,1.5,0.0
81.5,1.5,0.0
82.5,1.5,0.0
83.5,1.5,0.0
84.5,1.5,0.0
85.5,1.5,0.0
86.5,1.5,0.0
87.5,1.5,0.0
88.5,1.5,0.0
89.5,1.5,0.0
90.5,1.5,0.0
91.5,1.5,0.0
92.5,1.5,0.0
93.5,1.5,0.0
94.5,1.5,0.0
95.5,1.5,0.0
96.5,1.5,0.0
97.5,1.5,0.0
98.5,1.5,0.0
99.5,1.5,0.0
100.5,1.5,0.0
101.5,1.5,0.0
102.5,1.5,0.0
103.5,1.5,0.0
104.5,1.5,0.0
105.5,1.5,0.0
106.5,1.5,0.0
107.5,1.5,0.0
108.5,1.5,0.0
109.5,1.5,0.0
110.5,1.5,0.0
111.5,1.5,0.0
112.5,1.5,0.0
113.5,1.5,0.0
114.5,1.5,0.0
115.5,1.5,0.0
116.5,1.5,0.0
117.5,1.5,0.0
118.5,1.5,0.0
119.5,1.5,0.0
120.5,1.5,0.0
121.5,1.5,0.0
122.5,1.5,0.0
123.5,1.5,0.0
124.5,1.5,0.0
125.5,1.5,0.0
126.5,1.5,0.0
127.5,1.5,0.0
128.5,1.5,0.0
129.5,1.5,0.0
130.5,1.5,0.0
131.5,1.5,0.0
132.5,1.5,0.0
133.5,1.5,0.0
134.5,1.5,0.0
135.5,1.5,0.0
136.5,1.5,0.0
137.5,1.5,0.0
138.5,1.5,0.0
139.5,1.5,0.0
140.5,1.5,0.0
141.5,1.5,0.0
142.5,1.5,0.0
143.5,1.5,0.0
144.5,1.5,0.0
145.5,1.5,0.0
146.5,1.5,0.0
147.5,1.5,0.0
148.5,1.5,0.0
149.5,1.5,0.0
150.5,1.5,0.0
151.5,1.5,0.0
152.5,1.5,0.0
153.5,1.5,0.0
154.5,1.5,0.0
155.5,1.5,0.0
156.5,1.5,0.0
157.5,1.5,0.0
158.5,1.5,0.0
159.5,1.5,0.0
160.5,1.5,0.0
161.5,1.5,0.0
162.5,1.5,0.0
163.5,1.5,0.0
164.5,1.5,0.0
165.5,1.5,0.0
166.5,1.5,0.0
167.5,1.5,0.0
168.5,1.5,0.0
169.5,1.5,0.0
170.5,1.5,0.0
171.5,1.5,0.0
172.5,1.5,0.0
173.5,1.5,0.0
174.5,1.5,0.0
175.5,1.5,0.0
176.5,1.5,0.0
177.5,1.5,0.0
178.5,1.5,0.0
179.5,1.5,0.0
180.5,1.5,0.0
181.5,1.5,0.0
182.5,1.5,0.0
183.5,1.5,0.0
184.5,1.5,0.0
185.5,1.5,0.0
186.5,1.5,0.0
187.5,1.5,0.0
188.5,1.5,0.0
189.5,1.5,0.0
190.5,1.5,0.0
191.5,1.5,0.0
192.5,1.5,0.0
193.5,1.5,0.0
194.5,1.5,0.0
195.5,1.5,0.0
196.5,1.5,0.0
197.5,1.5,0.0
198.5,1.5,0.0
199.5,1.5,0.0
0.5,2.5,0.0
1.5,2.5,0.0
2.5,2.5,0.0
3.5,2.5,0.0
4.5,2.5,0.0
5.5,2.5,0.0
6.5,2.5,0.0
7.5,2.5,0.0
8.5,2.5,0.0
9.5,2.5,0.0
10.5,2.5,0.0
11.5,2.5,0.0
12.5,2.5,0.0
13.5,2.5,0.0
14.5,2.5,0.0
15.5,2.5,0.0
16.5,2.5,0.0
17.5,2.5,0.0
18.5,2.5,0.0
19.5,2.5,0.0
20.5,2.5,0.0
21.5,2.5,0.0
22.5,2.5,0.0
23.5,2.5,0.0
24.5,2.5,0.0
25.5,2.5,0.0
26.5,2.5,0.0
27.5,2.5,0.0
28.5,2.5,0.0
29.5,2.5,0.0
30.5,2.5,0.0
31.5,2.5,0.0
32.5,2.5,0.0
33.5,2.5,0.0
34.5,2.5,0.0
35.5,2.5,0.0
36.5,2.5,0.0
37.5,2.5,0.0
38.5,2.5,0.0
39.5,2.5,0.0
40.5,2.5,0.0
41.5,2.5,0.0
42.5,2.5,0.0
43.5,2.5,0.0
44.5,2.5,0.0
45.5,2.5,0.0
46.5,2.5,0.0
47.5,2.5,0.0
48.5,2.5,0.0
49.5,2.5,0.0
50.5,2.5,0.0
51.5,2.5,0.0
52.5,2.5,0.0
53.5,2.5,0.0
54.5,2.5,0.0
55.5,2.5,0.0
56.5,2.5,0.0
57.5,2.5,0.0
58.5,2.5,0.0
59.5,2.5,0.0
60.5,2.5,0.0
61.5,2.5,0.0
62.5,2.5,0.0
63.5,2.5,0.0
64.5,2.5,0.0
65.5,2.5,0.0
66.5,2.5,0.0
67.5,2.5,0.0
68.5,2.5,0.0
69.5,2.5,0.0
70.5,2.5,0.0
71.5,2.5,0.0
72.5,2.5,0.0
73.5,2.5,0.0
74.5,2.5,0.0
75.5,2.5,0.0
76.5,2.5,0.0
77.5,2.5,0.0
78.5,2.5,0.0
79.5,2.5,0.0
80.5,2.5,0.0
81.5,2.5,0.0
82.5,2.5,0.0
83.5,2.5,0.0
84.5,2.5,0.0
85.5,2.5,0.0
86.5,2.5,0.0
87.5,2.5,0.0
88.5,2.5,0.0
89.5,2.5,0.0
90.5,2.5,0.0
91.5,2.5,0.0
92.5,2.5,0.0
93.5,2.5,0.0
94.5,2.5,0.0
95.5,2.5,0.0
96.5,2.5,0.0
97.5,2.5,0.0
98.5,2.5,0.0
99.5,2.5,0.0
100.5,2.5,0.0
101.5,2.5,0.0
102.5,2.5,0.0
103.5,2.5,0.0
104.5,2.5,0.0
105.5,2.5,0.0
106.5,2.5,0.0
107.5,2.5,0.0
108.5,2.5,0.0
109.5,2.5,0.0
110.5,2.5,0.0
111.5,2.5,0.0
112.5,2.5,0.0
113.5,2.5,0.0
114.5,2.5,0.0
115.5,2.5,0.0
116.5,2.5,0.0
117.5,2.5,0.0
118.5,2.5,0.0
119.5,2.5,0.0
120.5,2.5,0.0
121.5,2.5,0.0
122.5,2.5,0.0
123.5,2.5,0.0
124.5,2.5,0.0
125.5,2.5,0.0
126.5,2.5,0.0
127.5,2.5,0.0
128.5,2.5,0.0
129.5,2.5,0.0
130.5,2.5,0.0
131.5,2.5,0.0
132.5,2.5,0.0
133.5,2.5,0.0
134.5,2.5,0.0
135.5,2.5,0.0
136.5,2.5,0.0
137.5,2.5,0.0
138.5,2.5,0.0
139.5,2.5,0.0
140.5,2.5,0.0
141.5,2.5,0.0
142.5,2.5,0.0
143.5,2.5,0.0
144.5,2.5,0.0
145.5,2.5,0.0
146.5,2.5,0.0
147.5,2.5,0.0
148.5,2.5,0.0
149.5,2.5,0.0
150.5,2.5,0.0
151.5,2.5,0.0
152.5,2.5,0.0
153.5,2.5,0.0
154.5,2.5,0.0
155.5,2.5,0.0
156.5,2.5,0.0
157.5,2.5,0.0
158.5,2.5,0.0
159.5,2.5,0.0
160.5,2.5,0.0
161.5,2.5,0.0
162.5,2.5,0.0
163.5,2.5,0.0
164.5,2.5,0.0
165.5,2.5,0.0
166.5,2.5,0.0
167.5,2.5,0.0
168.5,2.5,0.0
169.5,2.5,0.0
170.5,2.5,0.0
171.5,2.5,0.0
172.5,2.5,0.0
173.5,2.5,0.0
174.5,2.5,0.0
175.5,2.5,0.0
176.5,2.5,0.0
177.5,2.5,0.0
178.5,2.5,0.0
179.5,2.5,0.0
180.5,2.5,0.0
181.5,2.5,0.0
182.5,2.5,0.0
183.5,2.5,0.0
184.5,2.5,0.0
185.5,2.5,0.0
186.5,2.5,0.0
187.5,2.5,0.0
188.5,2.5,0.0
189.5,2.5,0.0
190.5,2.5,0.0
191.5,2.5,0.0
192.5,2.5,0.0
193.5,2.5,0.0
194.5,2.5,0.0
195.5,2.5,0.0
196.5,2.5,0.0
197.5,2.5,0.0
198.5,2.5,0.0
199.5,2.5,0.0
0.5,3.5,0.0
1.5,3.5,0.0
2.5,3.5,0.0
3.5,3.5,0.0
4.5,3.5,0.0
5.5,3.5,0.0
6.5,3.5,0.0
7.5,3.5,0.0
8.5,3.5,0.0
9.5,3.5,0.0
10.5,3.5,0.0
11.5,3.5,0.0
12.5,3.5,0.0
13.5,3.5,0.0
14.5,3.5,0.0
15.5,3.5,0.0
16.5,3.5,0.0
17.5,3.5,0.0
18.5,3.5,0.0
19.5,3.5,0.0
20.5,3.5,0.0
21.5,3.5,0.0
22.5,3.5,0.0
23.5,3.5,0.0
24.5,3.5,0.0
25.5,3.5,0.0
26.5,3.5,0.0
27.5,3.5,0.0
28.5,3.5,0.0
29.5,3.5,0.0
30.5,3.5,0.0
31.5,3.5,0.0
32.5,3.5,0.0
33.5,3.5,0.0
34.5,3.5,0.0
35.5,3.5,0.0
36.5,3.5,0.0
37.5,3.5,0.0
38.5,3.5,0.0
39.5,3.5,0.0
40.5,3.5,0.0
41.5,3.5,0.0
42.5,3.5,0.0
43.5,3.5,0.0
44.5,3.5,0.0
45.5,3.5,0.0
46.5,3.5,0.0
47.5,3.5,0.0
48.5,3.5,0.0
49.5,3.5,0.0
50.5,3.5,0.0
51.5,3.5,0.0
52.5,3.5,0.0
53.5,3.5,0.0
54.5,3.5,0.0
55.5,3.5,0.0
56.5,3.5,0.0
57.5,3.5,0.0
58.5,3.5,0.0
59.5,3.5,0.0
60.5,3.5,0.0
61.5,3.5,0.0
62.5,3.5,0.0
63.5,3.5,0.0
64.5,3.5,0.0
65.5,3.5,0.0
66.5,3.5,0.0
67.5,3.5,0.0
68.5,3.5,0.0
69.5,3.5,0.0
70.5,3.5,0.0
71.5,3.5,0.0
72.5,3.5,0.0
73.5,3.5,0.0
74.5,3.5,0.0
75.5,3.5,0.0
76.5,3.5,0.0
77.5,3.5,0.0
78.5,3.5,0.0
79.5,3.5,0.0
80.5,3.5,0.0
81.5,3.5,0.0
82.5,3.5,0.0
83.5,3.5,0.0
84.5,3.5,0.0
85.5,3.5,0.0
86.5,3.5,0.0
87.5,3.5,0.0
88.5,3.5,0.0
89.5,3.5,0.0
90.5,3.5,0.0
91.5,3.5,0.0
92.5,3.5,0.0
93.5,3.5,0.0
94.5,3.5,0.0
95.5,3.5,0.0
96.5,3.5,0.0
97.5,3.5,0.0
98.5,3.5,0.0
99.5,3.5,0.0
100.5,3.5,0.0
101.5,3.5,0.0
102.5,3.5,0.0
103.5,3.5,0.0
104.5,3.5,0.0
105.5,3.5,0.0
106.5,3.5,0.0
107.5,3.5,0.0
108.5,3.5,0.0
109.5,3.5,0.0
110.5,3.5,0.0
111.5,3.5,0.0
112.5,3.5,0.0
113.5,3.5,0.0
114.5,3.5,0.0
115.5,3.5,0.0
116.5,3.5,0.0
117.5,3.5,0.0
118.5,3.5,0.0
119.5,3.5,0.0
120.5,3.5,0.0
121.5,3.5,0.0
122.5,3.5,0.0
123.5,3.5,0.0
124.5,3.5,0.0
125.5,3.5,0.0
126.5,3.5,0.0
127.5,3.5,0.0
128.5,3.5,0.0
129.5,3.5,0.0
130.5,3.5,0.0
131.5,3.5,0.0
132.5,3.5,0.0
133.5,3.5,0.0
134.5,3.5,0.0
135.5,3.5,0.0
136.5,3.5,0.0
137.5,3.5,0.0
138.5,3.5,0.0
139.5,3.5,0.0
140.5,3.5,0.0
141.5,3.5,0.0
142.5,3.5,0.0
143.5,3.5,0.0
144.5,3.5,0.0
145.5,3.5,0.0
146.5,3.5,0.0
147.5,3.5,0.0
148.5,3.5,0.0
149.5,3.5,0.0
150.5,3.5,0.0
151.5,3.5,0.0
152.5,3.5,0.0
153.5,3.5,0.0
154.5,3.5,0.0
155.5,3.5,0.0
156.5,3.5,0.0
157.5,3.5,0.0
158.5,3.5,0.0
159.5,3.5,0.0
160.5,3.5,0.0
161.5,3.5,0.0
162.5,3.5,0.0
163.5,3.5,0.0
164.5,3.5,0.0
165.5,3.5,0.0
166.5,3.5,0.0
167.5,3.5,0.0
168.5,3.5,0.0
169.5,3.5,0.0
170.5,3.5,0.0
171.5,3.5,0.0
172.5,3.5,0.0
173.5,3.5,0.0
174.5,3.5,0.0
175.5,3.5,0.0
176.5,3.5,0.0
177.5,3.5,0.0
178.5,3.5,0.0
179.5,3.5,0.0
180.5,3.5,0.0
181.5,3.5,0.0
182.5,3.5,0.0
183.5,3.5,0.0
184.5,3.5,0.0
185.5,3.5,0.0
186.5,3.5,0.0
187.5,3.5,0.0
188.5,3.5,0.0
189.5,3.5,0.0
190.5,3.5,0.0
191.5,3.5,0.0
192.5,3.5,0.0
193.5,3.5,0.0
194.5,3.5,0.0
195.5,3.5,0.0
196.5,3.5,0.0
197.5,3.5,0.0
198.5,3.5,0.0
199.5,3.5,0.0
0.5,4.5,0.0
1.5,4.5,0.0
2.5,4.5,0.0
3.5,4.5,0.0
4.5,4.5,0.0
5.5,4.5,0.0
6.5,4.5,0.0
7.5,4.5,0.0
8.5,4.5,0.0
9.5,4.5,0.0
10.5,4.5,0.0
11.5,4.5,0.0
12.5,4.5,0.0
13.5,4.5,0.0
14.5,4.5,0.0
15.5,4.5,0.0
16.5,4.5,0.0
17.5,4.5,0.0
18.5,4.5,0.0
19.5,4.5,0.0
20.5,4.5,0.0
21.5,4.5,0.0
22.5,4.5,0.0
23.5,4.5,0.0
24.5,4.5,0.0
25.5,4.5,0.0
26.5,4.5,0.0
27.5,4.5,0.0
28.5,4.5,0.0
29.5,4.5,0.0
30.5,4.5,0.0
31.5,4.5,0.0
32.5,4.5,0.0
33.5,4.5,0.0
34.5,4.5,0.0
35.5,4.5,0.0
36.5,4.5,0.0
37.5,4.5,0.0
38.5,4.5,0.0
39.5,4.5,0.0
40.5,4.5,0.0
41.5,4.5,0.0
42.5,4.5,0.0
43.5,4.5,0.0
44.5,4.5,0.0
45.5,4.5,0.0
46.5,4.5,0.0
47.5,4.5,0.0
48.5,4.5,0.0
49.5,4.5,0.0
50.5,4.5,0.0
51.5,4.5,0.0
52.5,4.5,0.0
53.5,4.5,0.0
54.5,4.5,0.0
55.5,4.5,0.0
56.5,4.5,0.0
57.5,4.5,0.0
58.5,4.5,0.0
59.5,4.5,0.0
60.5,4.5,0.0
61.5,4.5,0.0
62.5,4.5,0.0
63.5,4.5,0.0
64.5,4.5,0.0
65.5,4.5,0.0
66.5,4.5,0.0
67.5,4.5,0.0
68.5,4.5,0.0
69.5,4.5,0.0
70.5,4.5,0.0
71.5,4.5,0.0
72.5,4.5,0.0
73.5,4.5,0.0
74.5,4.5,0.0
75.5,4.5,0.0
76.5,4.5,0.0
77.5,4.5,0.0
78.5,4.5,0.0
79.5,4.5,0.0
80.5,4.5,0.0
81.5,4.5,0.0
82.5,4.5,0.0
83.5,4.5,0.0
84.5,4.5,0.0
85.5,4.5,0.0
86.5,4.5,0.0
87.5,4.5,0.0
88.5,4.5,0.0
89.5,4.5,0.0
90.5,4.5,0.0
91.5,4.5,0.0
92.5,4.5,0.0
93.5,4.5,0.0
94.5,4.5,0.0
95.5,4.5,0.0
96.5,4.5,0.0
97.5,4.5,0.0
98.5,4.5,0.0
99.5,4.5,0.0
100.5,4.5,0.0
101.5,4.5,0.0
102.5,4.5,0.0
103.5,4.5,0.0
104.5,4.5,0.0
105.5,4.5,0.0
106.5,4.5,0.0
107.5,4.5,0.0
108.5,4.5,0.0
109.5,4.5,0.0
110.5,4.5,0.0
111.5,4.5,0.0
112.5,4.5,0.0
113.5,4.5,0.0
114.5,4.5,0.0
115.5,4.5,0.0
116.5,4.5,0.0
117.5,4.5,0.0
118.5,4.5,0.0
119.5,4.5,0.0
120.5,4.5,0.0
121.5,4.5,0.0
122.5,4.5,0.0
123.5,4.5,0.0
124.5,4.5,0.0
125.5,4.5,0.0
126.5,4.5,0.0
127.5,4.5,0.0
128.5,4.5,0.0
129.5,4.5,0.0
130.5,4.5,0.0
131.5,4.5,0.0
132.5,4.5,0.0
133.5,4.5,0.0
134.5,4.5,0.0
135.5,4.5,0.0
136.5,4.5,0.0
137.5,4.5,0.0
138.5,4.5,0.0
139.5,4.5,0.0
140.5,4.5,0.0
141.5,4.5,0.0
142.5,4.5,0.0
143.5,4.5,0.0
144.5,4.5,0.0
145.5,4.5,0.0
146.5,4.5,0.0
147.5,4.5,0.0
148.5,4.5,0.0
149.5,4.5,0.0
150.5,4.5,0.0
151.5,4.5,0.0
152.5,4.5,0.0
153.5,4.5,0.0
154.5,4.5,0.0
155.5,4.5,0.0
156.5,4.5,0.0
157.5,4.5,0.0
158.5,4.5,0.0
159.5,4.5,0.0
160.5,4.5,0.0
161.5,4.5,0.0
162.5,4.5,0.0
163.5,4.5,0.0
164.5,4.5,0.0
165.5,4.5,0.0
166.5,4.5,0.0
167.5,4.5,0.0
168.5,4.5,0.0
169.5,4.5,0.0
170.5,4.5,0.0
171.5,4.5,0.0
172.5,4.5,0.0
173.5,4.5,0.0
174.5,4.5,0.0
175.5,4.5,0.0
176.5,4.5,0.0
177.5,4.5,0.0
178.5,4.5,0.0
179.5,4.5,0.0
180.5,4.5,0.0
181.5,4.5,0.0
182.5,4.5,0.0
183.5,4.5,0.0
184.5,4.5,0.0
185.5,4.5,0.0
186.5,4.5,0.0
187.5,4.5,0.0
188.5,4.5,0.0
189.5,4.5,0.0
190.5,4.5,0.0
191.5,4.5,0.0
192.5,4.5,0.0
193.5,4.5,0.0
194.5,4.5,0.0
195.5,4.5,0.0
196.5,4.5,0.0
197.5,4.5,0.0
198.5,4.5,0.0
199.5,4.5,0.0
0.5,5.5,0.0
1.5,5.5,0.0
2.5,5.5,0.0
3.5,5.5,0.0
4.5,5.5,0.0
5.5,5.5,0.0
6.5,5.5,0.0
7.5,5.5,0.0
8.5,5.5,0.0
9.5,5.5,0.0
10.5,5.5,0.0
11.5,5.5,0.0
12.5,5.5,0.0
13.5,5.5,0.0
14.5,5.5,0.0
15.5,5.5,0.0
16.5,5.5,0.0
17.5,5.5,0.0
18.5,5.5,0.0
19.5,5.5,0.0
20.5,5.5,0.0
21.5,5.5,0.0
22.5,5.5,0.0
23.5,5.5,0.0
24.5,5.5,0.0
25.5,5.5,0.0
26.5,5.5,0.0
27.5,5.5,0.0
28.5,5.5,0.0
29.5,5.5,0.0
30.5,5.5,0.0
31.5,5.5,0.0
32.5,5.5,0.0
33.5,5.5,0.0
34.5,5.5,0.0
35.5,5.5,0.0
36.5,5.5,0.0
37.5,5.5,0.0
38.5,5.5,0.0
39.5,5.5,0.0
40.5,5.5,0.0
41.5,5.5,0.0
42.5,5.5,0.0
43.5,5.5,0.0
44.5,5.5,0.0
45.5,5.5,0.0
46.5,5.5,0.0
47.5,5.5,0.0
48.5,5.5,0.0
49.5,5.5,0.0
50.5,5.5,0.0
51.5,5.5,0.0
52.5,5.5,0.0
53.5,5.5,0.0
54.5,5.5,0.0
55.5,5.5,0.0
56.5,5.5,0.0
57.5,5.5,0.0
58.5,5.5,0.0
59.5,5.5,0.0
60.5,5.5,0.0
61.5,5.5,0.0
62.5,5.5,0.0
63.5,5.5,0.0
64.5,5.5,0.0
65.5,5.5,0.0
66.5,5.5,0.0
67.5,5.5,0.0
68.5,5.5,0.0
69.5,5.5,0.0
70.5,5.5,0.0
71.5,5.5,0.0
72.5,5.5,0.0
73.5,5.5,0.0
74.5,5.5,0.0
75.5,5.5,0.0
76.5,5.5,0.0
77.5,5.5,0.0
78.5,5.5,0.0
79.5,5.5,0.0
80.5,5.5,0.0
81.5,5.5,0.0
82.5,5.5,0.0
83.5,5.5,0.0
84.5,5.5,0.0
85.5,5.5,0.0
86.5,5.5,0.0
87.5,5.5,0.0
88.5,5.5,0.0
89.5,5.5,0.0
90.5,5.5,0.0
91.5,5.5,0.0
92.5,5.5,0.0
93.5,5.5,0.0
94.5,5.5,0.0
95.5,5.5,0.0
96.5,5.5,0.0
97.5,5.5,0.0
98.5,5.5,0.0
99.5,5.5,0.0
100.5,5.5,0.0
101.5,5.5,0.0
102.5,5.5,0.0
103.5,5.5,0.0
104.5,5.5,0.0
105.5,5.5,0.0
106.5,5.5,0.0
107.5,5.5,0.0
108.5,5.5,0.0
109.5,5.5,0.0
110.5,5.5,0.0
111.5,5.5,0.0
112.5,5.5,0.0
113.5,5.5,0.0
114.5,5.5,0.0
115.5,5.5,0.0
116.5,5.5,0.0
117.5,5.5,0.0
118.5,5.5,0.0
119.5,5.5,0.0
120.5,5.5,0.0
121.5,5.5,0.0
122.5,5.5,0.0
123.5,5.5,0.0
124.5,5.5,0.0
125.5,5.5,0.0
126.5,5.5,0.0
127.5,5.5,0.0
128.5,5.5,0.0
129.5,5.5,0.0
130.5,5.5,0.0
131.5,5.5,0.0
132.5,5.5,0.0
133.5,5.5,0.0
134.5,5.5,0.0
135.5,5.5,0.0
136.5,5.5,0.0
137.5,5.5,0.0
138.5,5.5,0.0
139.5,5.5,0.0
140.5,5.5,0.0
141.5,5.5,0.0
142.5,5.5,0.0
143.5,5.5,0.0
144.5,5.5,0.0
145.5,5.5,0.0
146.5,5.5,0.0
147.5,5.5,0.0
148.5,5.5,0.0
149.5,5.5,0.0
150.5,5.5,0.0
151.5,5.5,0.0
152.5,5.5,0.0
153.5,5.5,0.0
154.5,5.5,0.0
155.5,5.5,0.0
156.5,5.5,0.0
157.5,5.5,0.0
158.5,5.5,0.0
159.5,5.5,0.0
160.5,5.5,0.0
161.5,5.5,0.0
162.5,5.5,0.0
163.5,5.5,0.0
164.5,5.5,0.0
165.5,5.5,0.0
166.5,5.5,0.0
167.5,5.5,0.0
168.5,5.5,0.0
169.5,5.5,0.0
170.5,5.5,0.0
171.5,5.5,0.0
172.5,5.5,0.0
173.5,5.5,0.0
174.5,5.5,0.0
175.5,5.5,0.0
176.5,5.5,0.0
177.5,5.5,0.0
178.5,5.5,0.0
179.5,5.5,0.0
180.5,5.5,0.0
181.5,5.5,0.0
182.5,5.5,0.0
183.5,5.5,0.0
184.5,5.5,0.0
185.5,5.5,0.0
186.5,5.5,0.0
187.5,5.5,0.0
188.5,5.5,0.0
189.5,5.5,0.0
190.5,5.5,0.0
191.5,5.5,0.0
192.5,5.5,0.0
193.5,5.5,0.0
194.5,5.5,0.0
195.5,5.5,0.0
196.5,5.5,0.0
197.5,5.5,0.0
198.5,5.5,0.0
199.5,5.5,0.0
0.5,6.5,0.0
1.5,6.5,0.0
2.5,6.5,0.0
3.5,6.5,0.0
4.5,6.5,0.0
5.5,6.5,0.0
6.5,6.5,0.0
7.5,6.5,0.0
8.5,6.5,0.0
9.5,6.5,0.0
10.5,6.5,0.0
11.5,6.5,0.0
12.5,6.5,0.0
13.5,6.5,0.0
14.5,6.5,0.0
15.5,6.5,0.0
16.5,6.5,0.0
17.5,6.5,0.0
18.5,6.5,0.0
19.5,6.5,0.0
20.5,6.5,0.0
21.5,6.5,0.0
22.5,6.5,0.0
23.5,6.5,0.0
24.5,6.5,0.0
25.5,6.5,0.0
26.5,6.5,0.0
27.5,6.5,0.0
28.5,6.5,0.0
29.5,6.5,0.0
30.5,6.5,0.0
31.5,6.5,0.0
32.5,6.5,0.0
33.5,6.5,0.0
34.5,6.5,0.0
35.5,6.5,0.0
36.5,6.5,0.0
37.5,6.5,0.0
38.5,6.5,0.0
39.5,6.5,0.0
40.5,6.5,0.0
41.5,6.5,0.0
42.5,6.5,0.0
43.5,6.5,0.0
44.5,6.5,0.0
45.5,6.5,0.0
46.5,6.5,0.0
47.5,6.5,0.0
48.5,6.5,0.0
49.5,6.5,0.0
50.5,6.5,0.0
51.5,6.5,0.0
52.5,6.5,0.0
53.5,6.5,0.0
54.5,6.5,0.0
55.5,6.5,0.0
56.5,6.5,0.0
57.5,6.5,0.0
58.5,6.5,0.0
59.5,6.5,0.0
60.5,6.5,0.0
61.5,6.5,0.0
62.5,6.5,0.0
63.5,6.5,0.0
64.5,6.5,0.0
65.5,6.5,0.0
66.5,6.5,0.0
67.5,6.5,0.0
68.5,6.5,0.0
69.5,6.5,0.0
70.5,6.5,0.0
71.5,6.5,0.0
72.5,6.5,0.0
73.5,6.5,0.0
74.5,6.5,0.0
75.5,6.5,0.0
76.5,6.5,0.0
77.5,6.5,0.0
78.5,6.5,0.0
79.5,6.5,0.0
80.5,6.5,0.0
81.5,6.5,0.0
82.5,6.5,0.0
83.5,6.5,0.0
84.5,6.5,0.0
85.5,6.5,0.0
86.5,6.5,0.0
87.5,6.5,0.0
88.5,6.5,0.0
89.5,6.5,0.0
90.5,6.5,0.0
91.5,6.5,0.0
92.5,6.5,0.0
93.5,6.5,0.0
94.5,6.5,0.0
95.5,6.5,0.0
96.5,6.5,0.0
97.5,6.5,0.0
98.5,6.5,0.0
99.5,6.5,0.0
100.5,6.5,0.0
101.5,6.5,0.0
102.5,6.5,0.0
103.5,6.5,0.0
104.5,6.5,0.0
105.5,6.5,0.0
106.5,6.5,0.0
107.5,6.5,0.0
108.5,6.5,0.0
109.5,6.5,0.0
110.5,6.5,0.0
111.5,6.5,0.0
112.5,6.5,0.0
113.5,6.5,0.0
114.5,6.5,0.0
115.5,6.5,0.0
116.5,6.5,0.0
117.5,6.5,0.0
118.5,6.5,0.0
119.5,6.5,0.0
120.5,6.5,0.0
121.5,6.5,0.0
122.5,6.5,0.0
123.5,6.5,0.0
124.5,6.5,0.0
125.5,6.5,0.0
126.5,6.5,0.0
127.5,6.5,0.0
128.5,6.5,0.0
129.5,6.5,0.0
130.5,6.5,0.0
131.5,6.5,0.0
132.5,6.5,0.0
133.5,6.5,0.0
134.5,6.5,0.0
135.5,6.5,0.0
136.5,6.5,0.0
137.5,6.5,0.0
138.5,6.5,0.0
139.5,6.5,0.0
140.5,6.5,0.0
141.5,6.5,0.0
142.5,6.5,0.0
143.5,6.5,0.0
144.5,6.5,0.0
145.5,6.5,0.0
146.5,6.5,0.0
147.5,6.5,0.0
148.5,6.5,0.0
149.5,6.5,0.0
150.5,6.5,0.0
151.5,6.5,0.0
152.5,6.5,0.0
153.5,6.5,0.0
154.5,6.5,0.0
155.5,6.5,0.0
156.5,6.5,0.0
157.5,6.5,0.0
158.5,6.5,0.0
159.5,6.5,0.0
160.5,6.5,0.0
161.5,6.5,0.0
162.5,6.5,0.0
163.5,6.5,0.0
164.5,6.5,0.0
165.5,6.5,0.0
166.5,6.5,0.0
167.5,6.5,0.0
168.5,6.5,0.0
169.5,6.5,0.0
170.5,6.5,0.0
171.5,6.5,0.0
172.5,6.5,0.0
173.5,6.5,0.0
174.5,6.5,0.0
175.5,6.5,0.0
176.5,6.5,0.0
177.5,6.5,0.0
178.5,6.5,0.0
179.5,6.5,0.0
180.5,6.5,0.0
181.5,6.5,0.0
182.5,6.5,0.0
183.5,6.5,0.0
184.5,6.5,0.0
185.5,6.5,0.0
186.5,6.5,0.0
187.5,6.5,0.0
188.5,6.5,0.0
189.5,6.5,0.0
190.5,6.5,0.0
191.5,6.5,0.0
192.5,6.5,0.0
193.5,6.5,0.0
194.5,6.5,0.0
195.5,6.5,0.0
196.5,6.5,0.0
197.5,6.5,0.0
198.5,6.5,0.0
199.5,6.5,0.0
0.5,7.5,0.0
1.5,7.5,0.0
2.5,7.5,0.0
3.5,7.5,0.0
4.5,7.5,0.0
5.5,7.5,0.0
6.5,7.5,0.0
7.5,7.5,0.0
8.5,7.5,0.0
9.5,7.5,0.0
10.5,7.5,0.0
11.5,7.5,0.0
12.5,7.5,0.0
13.5,7.5,0.0
14.5,7.5,0.0
15.5,7.5,0.0
16.5,7.5,0.0
17.5,7.5,0.0
18.5,7.5,0.0
19.5,7.5,0.0
20.5,7.5,0.0
21.5,7.5,0.0
22.5,7.5,0.0
23.5,7.5,0.0
24.5,7.5,0.0
25.5,7.5,0.0
26.5,7.5,0.0
27.5,7.5,0.0
28.5,7.5,0.0
29.5,7.5,0.0
30.5,7.5,0.0
31.5,7.5,0.0
32.5,7.5,0.0
33.5,7.5,0.0
34.5,7.5,0.0
35.5,7.5,0.0
36.5,7.5,0.0
37.5,7.5,0.0
38.5,7.5,0.0
39.5,7.5,0.0
40.5,7.5,0.0
41.5,7.5,0.0
42.5,7.5,0.0
43.5,7.5,0.0
44.5,7.5,0.0
45.5,7.5,0.0
46.5,7.5,0.0
47.5,7.5,0.0
48.5,7.5,0.0
49.5,7.5,0.0
50.5,7.5,0.0
51.5,7.5,0.0
52.5,7.5,0.0
53.5,7.5,0.0
54.5,7.5,0.0
55.5,7.5,0.0
56.5,7.5,0.0
57.5,7.5,0.0
58.5,7.5,0.0
59.5,7.5,0.0
60.5,7.5,0.0
61.5,7.5,0.0
62.5,7.5,0.0
63.5,7.5,0.0
64.5,7.5,0.0
65.5,7.5,0.0
66.5,7.5,0.0
67.5,7.5,0.0
68.5,7.5,0.0
69.5,7.5,0.0
70.5,7.5,0.0
71.5,7.5,0.0
72.5,7.5,0.0
73.5,7.5,0.0
74.5,7.5,0.0
75.5,7.5,0.0
76.5,7.5,0.0
77.5,7.5,0.0
78.5,7.5,0.0
79.5,7.5,0.0
80.5,7.5,0.0
81.5,7.5,0.0
82.5,7.5,0.0
83.5,7.5,0.0
84.5,7.5,0.0
85.5,7.5,0.0
86.5,7.5,0.0
87.5,7.5,0.0
88.5,7.5,0.0
89.5,7.5,0.0
90.5,7.5,0.0
91.5,7.5,0.0
92.5,7.5,0.0
93.5,7.5,0.0
94.5,7.5,0.0
95.5,7.5,0.0
96.5,7.5,0.0
97.5,7.5,0.0
98.5,7.5,0.0
99.5,7.5,0.0
100.5,7.5,0.0
101.5,7.5,0.0
102.5,7.5,0.0
103.5,7.5,0.0
104.5,7.5,0.0
105.5,7.5,0.0
106.5,7.5,0.0
107.5,7.5,0.0
108.5,7.5,0.0
109.5,7.5,0.0
110.5,7.5,0.0
111.5,7.5,0.0
112.5,7.5,0.0
113.5,7.5,0.0
114.5,7.5,0.0
115.5,7.5,0.0
116.5,7.5,0.0
117.5,7.5,0.0
118.5,7.5,0.0
119.5,7.5,0.0
120.5,7.5,0.0
121.5,7.5,0.0
122.5,7.5,0.0
123.5,7.5,0.0
124.5,7.5,0.0
125.5,7.5,0.0
126.5,7.5,0.0
127.5,7.5,0.0
128.5,7.5,0.0
129.5,7.5,0.0
130.5,7.5,0.0
131.5,7.5,0.0
132.5,7.5,0.0
133.5,7.5,0.0
134.5,7.5,0.0
135.5,7.5,0.0
136.5,7.5,0.0
137.5,7.5,0.0
138.5,7.5,0.0
139.5,7.5,0.0
140.5,7.5,0.0
141.5,7.5,0.0
142.5,7.5,0.0
143.5,7.5,0.0
144.5,7.5,0.0
145.5,7.5,0.0
146.5,7.5,0.0
147.5,7.5,0.0
148.5,7.5,0.0
149.5,7.5,0.0
150.5,7.5,0.0
151.5,7.5,0.0
152.5,7.5,0.0
153.5,7.5,0.0
154.5,7.5,0.0
155.5,7.5,0.0
156.5,7.5,0.0
157.5,7.5,0.0
158.5,7.5,0.0
159.5,7.5,0.0
160.5,7.5,0.0
161.5,7.5,0.0
162.5,7.5,0.0
163.5,7.5,0.0
164.5,7.5,0.0
165.5,7.5,0.0
166.5,7.5,0.0
167.5,7.5,0.0
168.5,7.5,0.0
169.5,7.5,0.0
170.5,7.5,0.0
171.5,7.5,0.0
172.5,7.5,0.0
173.5,7.5,0.0
174.5,7.5,0.0
175.5,7.5,0.0
176.5,7.5,0.0
177.5,7.5,0.0
178.5,7.5,0.0
179.5,7.5,0.0
180.5,7.5,0.0
181.5,7.5,0.0
182.5,7.5,0.0
183.5,7.5,0.0
184.5,7.5,0.0
185.5,7.5,0.0
186.5,7.5,0.0
187.5,7.5,0.0
188.5,7.5,0.0
189.5,7.5,0.0
190.5,7.5,0.0
191.5,7.5,0.0
192.5,7.5,0.0
193.5,7.5,0.0
194.5,7.5,0.0
195.5,7.5,0.0
196.5,7.5,0.0
197.5,7.5,0.0
198.5,7.5,0.0
199.5,7.5,0.0
0.5,8.5,0.0
1.5,8.5,0.0
2.5,8.5,0.0
3.5,8.5,0.0
4.5,8.5,0.0
5.5,8.5,0.0
6.5,8.5,0.0
7.5,8.5,0.0
8.5,8.5,0.0
9.5,8.5,0.0
10.5,8.5,0.0
11.5,8.5,0.0
12.5,8.5,0.0
13.5,8.5,0.0
14.5,8.5,0.0
15.5,8.5,0.0
16.5,8.5,0.0
17.5,8.5,0.0
18.5,8.5,0.0
19.5,8.5,0.0
20.5,8.5,0.0
21.5,8.5,0.0
22.5,8.5,0.0
23.5,8.5,0.0
24.5,8.5,0.0
25.5,8.5,0.0
26.5,8.5,0.0
27.5,8.5,0.0
28.5,8.5,0.0
29.5,8.5,0.0
30.5,8.5,0.0
31.5,8.5,0.0
32.5,8.5,0.0
33.5,8.5,0.0
34.5,8.5,0.0
35.5,8.5,0.0
36.5,8.5,0.0
37.5,8.5,0.0
38.5,8.5,0.0
39.5,8.5,0.0
40.5,8.5,0.0
41.5,8.5,0.0
42.5,8.5,0.0
43.5,8.5,0.0
44.5,8.5,0.0
45.5,8.5,0.0
46.5,8.5,0.0
47.5,8.5,0.0
48.5,8.5,0.0
49.5,8.5,0.0
50.5,8.5,0.0
51.5,8.5,0.0
52.5,8.5,0.0
53.5,8.5,0.0
54.5,8.5,0.0
55.5,8.5,0.0
56.5,8.5,0.0
57.5,8.5,0.0
58.5,8.5,0.0
59.5,8.5,0.0
60.5,8.5,0.0
61.5,8.5,0.0
62.5,8.5,0.0
63.5,8.5,0.0
64.5,8.5,0.0
65.5,8.5,0.0
66.5,8.5,0.0
67.5,8.5,0.0
68.5,8.5,0.0
69.5,8.5,0.0
70.5,8.5,0.0
71.5,8.5,0.0
72.5,8.5,0.0
73.5,8.5,0.0
74.5,8.5,0.0
75.5,8.5,0.0
76.5,8.5,0.0
77.5,8.5,0.0
78.5,8.5,0.0
79.5,8.5,0.0
80.5,8.5,0.0
81.5,8.5,0.0
82.5,8.5,0.0
83.5,8.5,0.0
84.5,8.5,0.0
85.5,8.5,0.0
86.5,8.5,0.0
87.5,8.5,0.0
88.5,8.5,0.0
89.5,8.5,0.0
90.5,8.5,0.0
91.5,8.5,0.0
92.5,8.5,0.0
93.5,8.5,0.0
94.5,8.5,0.0
95.5,8.5,0.0
96.5,8.5,0.0
97.5,8.5,0.0
98.5,8.5,0.0
99.5,8.5,0.0
100.5,8.5,0.0
101.5,8.5,0.0
102.5,8.5,0.0
103.5,8.5,0.0
104.5,8.5,0.0
105.5,8.5,0.0
106.5,8.5,0.0
107.5,8.5,0.0
108.5,8.5,0.0
109.5,8.5,0.0
110.5,8.5,0.0
111.5,8.5,0.0
112.5,8.5,0.0
113.5,8.5,0.0
114.5,8.5,0.0
115.5,8.5,0.0
116.5,8.5,0.0
117.5,8.5,0.0
118.5,8.5,0.0
119.5,8.5,0.0
120.5,8.5,0.0
121.5,8.5,0.0
122.5,8.5,0.0
123.5,8.5,0.0
124.5,8.5,0.0
125.5,8.5,0.0
126.5,8.5,0.0
127.5,8.5,0.0
128.5,8.5,0.0
129.5,8.5,0.0
130.5,8.5,0.0
131.5,8.5,0.0
132.5,8.5,0.0
133.5,8.5,0.0
134.5,8.5,0.0
135.5,8.5,0.0
136.5,8.5,0.0
137.5,8.5,0.0
138.5,8.5,0.0
139.5,8.5,0.0
140.5,8.5,0.0
141.5,8.5,0.0
142.5,8.5,0.0
143.5,8.5,0.0
144.5,8.5,0.0
145.5,8.5,0.0
146.5,8.5,0.0
147.5,8.5,0.0
148.5,8.5,0.0
149.5,8.5,0.0
150.5,8.5,0.0
151.5,8.5,0.0
152.5,8.5,0.0
153.5,8.5,0.0
154.5,8.5,0.0
155.5,8.5,0.0
156.5,8.5,0.0
157.5,8.5,0.0
158.5,8.5,0.0
159.5,8.5,0.0
160.5,8.5,0.0
161.5,8.5,0.0
162.5,8.5,0.0
163.5,8.5,0.0
164.5,8.5,0.0
165.5,8.5,0.0
166.5,8.5,0.0
167.5,8.5,0.0
168.5,8.5,0.0
169.5,8.5,0.0
170.5,8.5,0.0
171.5,8.5,0.0
172.5,8.5,0.0
173.5,8.5,0.0
174.5,8.5,0.0
175.5,8.5,0.0
176.5,8.5,0.0
177.5,8.5,0.0
178.5,8.5,0.0
179.5,8.5,0.0
180.5,8.5,0.0
181.5,8.5,0.0
182.5,8.5,0.0
183.5,8.5,0.0
184.5,8.5,0.0
185.5,8.5,0.0
186.5,8.5,0.0
187.5,8.5,0.0
188.5,8.5,0.0
189.5,8.5,0.0
190.5,8.5,0.0
191.5,8.5,0.0
192.5,8.5,0.0
193.5,8.5,0.0
194.5,8.5,0.0
195.5,8.5,0.0
196.5,8.5,0.0
197.5,8.5,0.0
198.5,8.5,0.0
199.5,8.5,0.0
0.5,9.5,0.0
1.5,9.5,0.0
2.5,9.5,0.0
3.5,9.5,0.0
4.5,9.5,0.0
5.5,9.5,0.0
6.5,9.5,0.0
7.5,9.5,0.0
8.5,9.5,0.0
9.5,9.5,0.0
10.5,9.5,0.0
11.5,9.5,0.0
12.5,9.5,0.0
13.5,9.5,0.0
14.5,9.5,0.0
15.5,9.5,0.0
16.5,9.5,0.0
17.5,9.5,0.0
18.5,9.5,0.0
19.5,9.5,0.0
20.5,9.5,0.0
21.5,9.5,0.0
22.5,9.5,0.0
23.5,9.5,0.0
24.5,9.5,0.0
25.5,9.5,0.0
26.5,9.5,0.0
27.5,9.5,0.0
28.5,9.5,0.0
29.5,9.5,0.0
30.5,9.5,0.0
31.5,9.5,0.0
32.5,9.5,0.0
33.5,9.5,0.0
34.5,9.5,0.0
35.5,9.5,0.0
36.5,9.5,0.0
37.5,9.5,0.0
38.5,9.5,0.0
39.5,9.5,0.0
40.5,9.5,0.0
41.5,9.5,0.0
42.5,9.5,0.0
43.5,9.5,0.0
44.5,9.5,0.0
45.5,9.5,0.0
46.5,9.5,0.0
47.5,9.5,0.0
48.5,9.5,0.0
49.5,9.5,0.0
50.5,9.5,0.0
51.5,9.5,0.0
52.5,9.5,0.0
53.5,9.5,0.0
54.5,9.5,0.0
55.5,9.5,0.0
56.5,9.5,0.0
57.5,9.5,0.0
58.5,9.5,0.0
59.5,9.5,0.0
60.5,9.5,0.0
61.5,9.5,0.0
62.5,9.5,0.0
63.5,9.5,0.0
64.5,9.5,0.0
65.5,9.5,0.0
66.5,9.5,0.0
67.5,9.5,0.0
68.5,9.5,0.0
69.5,9.5,0.0
70.5,9.5,0.0
71.5,9.5,0.0
72.5,9.5,0.0
73.5,9.5,0.0
74.5,9.5,0.0
75.5,9.5,0.0
76.5,9.5,0.0
77.5,9.5,0.0
78.5,9.5,0.0
79.5,9.5,0.0
80.5,9.5,0.0
81.5,9.5,0.0
82.5,9.5,0.0
83.5,9.5,0.0
84.5,9.5,0.0
85.5,9.5,0.0
86.5,9.5,0.0
87.5,9.5,0.0
88.5,9.5,0.0
89.5,9.5,0.0
90.5,9.5,0.0
91.5,9.5,0.0
92.5,9.5,0.0
93.5,9.5,0.0
94.5,9.5,0.0
95.5,9.5,0.0
96.5,9.5,0.0
97.5,9.5,0.0
98.5,9.5,0.0
99.5,9.5,0.0
100.5,9.5,0.0
101.5,9.5,0.0
102.5,9.5,0.0
103.5,9.5,0.0
104.5,9.5,0.0
105.5,9.5,0.0
106.5,9.5,0.0
107.5,9.5,0.0
108.5,9.5,0.0
109.5,9.5,0.0
110.5,9.5,0.0
111.5,9.5,0.0
112.5,9.5,0.0
113.5,9.5,0.0
114.5,9.5,0.0
115.5,9.5,0.0
116.5,9.5,0.0
117.5,9.5,0.0
118.5,9.5,0.0
119.5,9.5,0.0
120.5,9.5,0.0
121.5,9.5,0.0
122.5,9.5,0.0
123.5,9.5,0.0
124.5,9.5,0.0
125.5,9.5,0.0
126.5,9.5,0.0
127.5,9.5,0.0
128.5,9.5,0.0
129.5,9.5,0.0
130.5,9.5,0.0
131.5,9.5,0.0
132.5,9.5,0.0
133.5,9.5,0.0
134.5,9.5,0.0
135.5,9.5,0.0
136.5,9.5,0.0
137.5,9.5,0.0
138.5,9.5,0.0
139.5,9.5,0.0
140.5,9.5,0.0
141.5,9.5,0.0
142.5,9.5,0.0
143.5,9.5,0.0
144.5,9.5,0.0
145.5,9.5,0.0
146.5,9.5,0.0
147.5,9.5,0.0
148.5,9.5,0.0
149.5,9.5,0.0
150.5,9.5,0.0
151.5,9.5,0.0
152.5,9.5,0.0
153.5,9.5,0.0
154.5,9.5,0.0
155.5,9.5,0.0
156.5,9.5,0.0
157.5,9.5,0.0
158.5,9.5,0.0
159.5,9.5,0.0
160.5,9.5,0.0
161.5,9.5,0.0
162.5,9.5,0.0
163.5,9.5,0.0
164.5,9.5,0.0
165.5,9.5,0.0
166.5,9.5,0.0
167.5,9.5,0.0
168.5,9.5,0.0
169.5,9.5,0.0
170.5,9.5,0.0
171.5,9.5,0.0
172.5,9.5,0.0
173.5,9.5,0.0
174.5,9.5,0.0
175.5,9.5,0.0
176.5,9.5,0.0
177.5,9.5,0.0
178.5,9.5,0.0
179.5,9.5,0.0
180.5,9.5,0.0
181.5,9.5,0.0
182.5,9.5,0.0
183.5,9.5,0.0
184.5,9.5,0.0
185.5,9.5,0.0
186.5,9.5,0.0
187.5,9.5,0.0
188.5,9.5,0.0
189.5,9.5,0.0
190.5,9.5,0.0
191.5,9.5,0.0
192.5,9.5,0.0
193.5,9.5,0.0
194.5,9.5,0.0
195.5,9.5,0.0
196.5,9.5,0.0
197.5,9.5,0.0
198.5,9.5,0.0
199.5,9.5,0.0
0.5,10.5,0.0
1.5,10.5,0.0
2.5,10.5,0.0
3.5,10.5,0.0
4.5,10.5,0.0
5.5,10.5,0.0
6.5,10.5,0.0
7.5,10.5,0.0
8.5,10.5,0.0
9.5,10.5,0.0
10.5,10.5,0.0
11.5,10.5,0.0
12.5,10.5,0.0
13.5,10.5,0.0
14.5,10.5,0.0
15.5,10.5,0.0
16.5,10.5,0.0
17.5,10.5,0.0
18.5,10.5,0.0
19.5,10.5,0.0
20.5,10.5,0.0
21.5,10.5,0.0
22.5,10.5,0.0
23.5,10.5,0.0
24.5,10.5,0.0
25.5,10.5,0.0
26.5,10.5,0.0
27.5,10.5,0.0
28.5,10.5,0.0
29.5,10.5,0.0
30.5,10.5,0.0
31.5,10.5,0.0
32.5,10.5,0.0
33.5,10.5,0.0
34.5,10.5,0.0
35.5,10.5,0.0
36.5,10.5,0.0
37.5,10.5,0.0
38.5,10.5,0.0
39.5,10.5,0.0
40.5,10.5,0.0
41.5,10.5,0.0
42.5,10.5,0.0
43.5,10.5,0.0
44.5,10.5,0.0
45.5,10.5,0.0
46.5,10.5,0.0
47.5,10.5,0.0
48.5,10.5,0.0
49.5,10.5,0.0
50.5,10.5,0.0
51.5,10.5,0.0
52.5,10.5,0.0
53.5,10.5,0.0
54.5,10.5,0.0
55.5,10.5,0.0
56.5,10.5,0.0
57.5,10.5,0.0
58.5,10.5,0.0
59.5,10.5,0.0
60.5,10.5,0.0
61.5,10.5,0.0
62.5,10.5,0.0
63.5,10.5,0.0
64.5,10.5,0.0
65.5,10.5,0.0
66.5,10.5,0.0
67.5,10.5,0.0
68.5,10.5,0.0
69.5,10.5,0.0
70.5,10.5,0.0
71.5,10.5,0.0
72.5,10.5,0.0
73.5,10.5,0.0
74.5,10.5,0.0
75.5,10.5,0.0
76.5,10.5,0.0
77.5,10.5,0.0
78.5,10.5,0.0
79.5,10.5,0.0
80.5,10.5,0.0
81.5,10.5,0.0
82.5,10.5,0.0
83.5,10.5,0.0
84.5,10.5,0.0
85.5,10.5,0.0
86.5,10.5,0.0
87.5,10.5,0.0
88.5,10.5,0.0
89.5,10.5,0.0
90.5,10.5,0.0
91.5,10.5,0.0
92.5,10.5,0.0
93.5,10.5,0.0
94.5,10.5,0.0
95.5,10.5,0.0
96.5,10.5,0.0
97.5,10.5,0.0
98.5,10.5,0.0
99.5,10.5,0.0
100.5,10.5,0.0
101.5,10.5,0.0
102.5,10.5,0.0
103.5,10.5,0.0
104.5,10.5,0.0
105.5,10.5,0.0
106.5,10.5,0.0
107.5,10.5,0.0
108.5,10.5,0.0
109.5,10.5,0.0
110.5,10.5,0.0
111.5,10.5,0.0
112.5,10.5,0.0
113.5,10.5,0.0
114.5,10.5,0.0
115.5,10.5,0.0
116.5,10.5,0.0
117.5,10.5,0.0
118.5,10.5,0.0
119.5,10.5,0.0
120.5,10.5,0.0
121.5,10.5,0.0
122.5,10.5,0.0
123.5,10.5,0.0
124.5,10.5,0.0
125.5,10.5,0.0
126.5,10.5,0.0
127.5,10.5,0.0
128.5,10.5,0.0
129.5,10.5,0.0
130.5,10.5,0.0
131.5,10.5,0.0
132.5,10.5,0.0
133.5,10.5,0.0
134.5,10.5,0.0
135.5,10.5,0.0
136.5,10.5,0.0
137.5,10.5,0.0
138.5,10.5,0.0
139.5,10.5,0.0
140.5,10.5,0.0
141.5,10.5,0.0
142.5,10.5,0.0
143.5,10.5,0.0
144.5,10.5,0.0
145.5,10.5,0.0
146.5,10.5,0.0
147.5,10.5,0.0
148.5,10.5,0.0
149.5,10.5,0.0
150.5,10.5,0.0
151.5,10.5,0.0
152.5,10.5,0.0
153.5,10.5,0.0
154.5,10.5,0.0
155.5,10.5,0.0
156.5,10.5,0.0
157.5,10.5,0.0
158.5,10.5,0.0
159.5,10.5,0.0
160.5,10.5,0.0
161.5,10.5,0.0
162.5,10.5,0.0
163.5,10.5,0.0
164.5,10.5,0.0
165.5,10.5,0.0
166.5,10.5,0.0
167.5,10.5,0.0
168.5,10.5,0.0
169.5,10.5,0.0
170.5,10.5,0.0
171.5,10.5,0.0
172.5,10.5,0.0
173.5,10.5,0.0
174.5,10.5,0.0
175.5,10.5,0.0
176.5,10.5,0.0
177.5,10.5,0.0
178.5,10.5,0.0
179.5,10.5,0.0
180.5,10.5,0.0
181.5,10.5,0.0
182.5,10.5,0.0
183.5,10.5,0.0
184.5,10.5,0.0
185.5,10.5,0.0
186.5,10.5,0.0
187.5,10.5,0.0
188.5,10.5,0.0
189.5,10.5,0.0
190.5,10.5,0.0
191.5,10.5,0.0
192.5,10.5,0.0
193.5,10.5,0.0
194.5,10.5,0.0
195.5,10.5,0.0
196.5,10.5,0.0
197.5,10.5,0.0
198.5,10.5,0.0
199.5,10.5,0.0
0.5,11.5,0.0
1.5,11.5,0.0
2.5,11.5,0.0
3.5,11.5,0.0
4.5,11.5,0.0
5.5,11.5,0.0
6.5,11.5,0.0
7.5,11.5,0.0
8.5,11.5,0.0
9.5,11.5,0.0
10.5,11.5,0.0
11.5,11.5,0.0
12.5,11.5,0.0
13.5,11.5,0.0
14.5,11.5,0.0
15.5,11.5,0.0
16.5,11.5,0.0
17.5,11.5,0.0
18.5,11.5,0.0
19.5,11.5,0.0
20.5,11.5,0.0
21.5,11.5,0.0
22.5,11.5,0.0
23.5,11.5,0.0
24.5,11.5,0.0
25.5,11.5,0.0
26.5,11.5,0.0
27.5,11.5,0.0
28.5,11.5,0.0
29.5,11.5,0.0
30.5,11.5,0.0
31.5,11.5,0.0
32.5,11.5,0.0
33.5,11.5,0.0
34.5,11.5,0.0
35.5,11.5,0.0
36.5,11.5,0.0
37.5,11.5,0.0
38.5,11.5,0.0
39.5,11.5,0.0
40.5,11.5,0.0
41.5,11.5,0.0
42.5,11.5,0.0
43.5,11.5,0.0
44.5,11.5,0.0
45.5,11.5,0.0
46.5,11.5,0.0
47.5,11.5,0.0
48.5,11.5,0.0
49.5,11.5,0.0
50.5,11.5,0.0
51.5,11.5,0.0
52.5,11.5,0.0
53.5,11.5,0.0
54.5,11.5,0.0
55.5,11.5,0.0
56.5,11.5,0.0
57.5,11.5,0.0
58.5,11.5,0.0
59.5,11.5,0.0
60.5,11.5,0.0
61.5,11.5,0.0
62.5,11.5,0.0
63.5,11.5,0.0
64.5,11.5,0.0
65.5,11.5,0.0
66.5,11.5,0.0
67.5,11.5,0.0
68.5,11.5,0.0
69.5,11.5,0.0
70.5,11.5,0.0
71.5,11.5,0.0
72.5,11.5,0.0
73.5,11.5,0.0
74.5,11.5,0.0
75.5,11.5,0.0
76.5,11.5,0.0
77.5,11.5,0.0
78.5,11.5,0.0
79.5,11.5,0.0
80.5,11.5,0.0
81.5,11.5,0.0
82.5,11.5,0.0
83.5,11.5,0.0
84.5,11.5,0.0
85.5,11.5,0.0
86.5,11.5,0.0
87.5,11.5,0.0
88.5,11.5,0.0
89.5,11.5,0.0
90.5,11.5,0.0
91.5,11.5,0.0
92.5,11.5,0.0
93.5,11.5,0.0
94.5,11.5,0.0
95.5,11.5,0.0
96.5,11.5,0.0
97.5,11.5,0.0
98.5,11.5,0.0
99.5,11.5,0.0
100.5,11.5,0.0
101.5,11.5,0.0
102.5,11.5,0.0
103.5,11.5,0.0
104.5,11.5,0.0
105.5,11.5,0.0
106.5,11.5,0.0
107.5,11.5,0.0
108.5,11.5,0.0
109.5,11.5,0.0
110.5,11.5,0.0
111.5,11.5,0.0
112.5,11.5,0.0
113.5,11.5,0.0
114.5,11.5,0.0
115.5,11.5,0.0
116.5,11.5,0.0
117.5,11.5,0.0
118.5,11.5,0.0
119.5,11.5,0.0
120.5,11.5,0.0
121.5,11.5,0.0
122.5,11.5,0.0
123.5,11.5,0.0
124.5,11.5,0.0
125.5,11.5,0.0
126.5,11.5,0.0
127.5,11.5,0.0
128.5,11.5,0.0
129.5,11.5,0.0
130.5,11.5,0.0
131.5,11.5,0.0
132.5,11.5,0.0
133.5,11.5,0.0
134.5,11.5,0.0
135.5,11.5,0.0
136.5,11.5,0.0
137.5,11.5,0.0
138.5,11.5,0.0
139.5,11.5,0.0
140.5,11.5,0.0
141.5,11.5,0.0
142.5,11.5,0.0
143.5,11.5,0.0
144.5,11.5,0.0
145.5,11.5,0.0
146.5,11.5,0.0
147.5,11.5,0.0
148.5,11.5,0.0
149.5,11.5,0.0
150.5,11.5,0.0
151.5,11.5,0.0
152.5,11.5,0.0
153.5,11.5,0.0
154.5,11.5,0.0
155.5,11.5,0.0
156.5,11.5,0.0
157.5,11.5,0.0
158.5,11.5,0.0
159.5,11.5,0.0
160.5,11.5,0.0
161.5,11.5,0.0
162.5,11.5,0.0
163.5,11.5,0.0
164.5,11.5,0.0
165.5,11.5,0.0
166.5,11.5,0.0
167.5,11.5,0.0
168.5,11.5,0.0
169.5,11.5,0.0
170.5,11.5,0.0
171.5,11.5,0.0
172.5,11.5,0.0
173.5,11.5,0.0
174.5,11.5,0.0
175.5,11.5,0.0
176.5,11.5,0.0
177.5,11.5,0.0
178.5,11.5,0.0
179.5,11.5,0.0
180.5,11.5,0.0
181.5,11.5,0.0
182.5,11.5,0.0
183.5,11.5,0.0
184.5,11.5,0.0
185.5,11.5,0.0
186.5,11.5,0.0
187.5,11.5,0.0
188.5,11.5,0.0
189.5,11.5,0.0
190.5,11.5,0.0
191.5,11.5,0.0
192.5,11.5,0.0
193.5,11.5,0.0
194.5,11.5,0.0
195.5,11.5,0.0
196.5,11.5,0.0
197.5,11.5,0.0
198.5,11.5,0.0
199.5,11.5,0.0
0.5,12.5,0.0
1.5,12.5,0.0
2.5,12.5,0.0
3.5,12.5,0.0
4.5,12.5,0.0
5.5,12.5,0.0
6.5,12.5,0.0
7.5,12.5,0.0
8.5,12.5,0.0
9.5,12.5,0.0
10.5,12.5,0.0
11.5,12.5,0.0
12.5,12.5,0.0
13.5,12.5,0.0
14.5,12.5,0.0
15.5,12.5,0.0
16.5,12.5,0.0
17.5,12.5,0.0
18.5,12.5,0.0
19.5,12.5,0.0
20.5,12.5,0.0
21.5,12.5,0.0
22.5,12.5,0.0
23.5,12.5,0.0
24.5,12.5,0.0
25.5,12.5,0.0
26.5,12.5,0.0
27.5,12.5,0.0
28.5,12.5,0.0
29.5,12.5,0.0
30.5,12.5,0.0
31.5,12.5,0.0
32.5,12.5,0.0
33.5,12.5,0.0
34.5,12.5,0.0
35.5,12.5,0.0
36.5,12.5,0.0
37.5,12.5,0.0
38.5,12.5,0.0
39.5,12.5,0.0
40.5,12.5,0.0
41.5,12.5,0.0
42.5,12.5,0.0
43.5,12.5,0.0
44.5,12.5,0.0
45.5,12.5,0.0
46.5,12.5,0.0
47.5,12.5,0.0
48.5,12.5,0.0
49.5,12.5,0.0
50.5,12.5,0.0
51.5,12.5,0.0
52.5,12.5,0.0
53.5,12.5,0.0
54.5,12.5,0.0
55.5,12.5,0.0
56.5,12.5,0.0
57.5,12.5,0.0
58.5,12.5,0.0
59.5,12.5,0.0
60.5,12.5,0.0
61.5,12.5,0.0
62.5,12.5,0.0
63.5,12.5,0.0
64.5,12.5,0.0
65.5,12.5,0.0
66.5,12.5,0.0
67.5,12.5,0.0
68.5,12.5,0.0
69.5,12.5,0.0
70.5,12.5,0.0
71.5,12.5,0.0
72.5,12.5,0.0
73.5,12.5,0.0
74.5,12.5,0.0
75.5,12.5,0.0
76.5,12.5,0.0
77.5,12.5,0.0
78.5,12.5,0.0
79.5,12.5,0.0
80.5,12.5,0.0
81.5,12.5,0.0
82.5,12.5,0.0
83.5,12.5,0.0
84.5,12.5,0.0
85.5,12.5,0.0
86.5,12.5,0.0
87.5,12.5,0.0
88.5,12.5,0.0
89.5,12.5,0.0
90.5,12.5,0.0
91.5,12.5,0.0
92.5,12.5,0.0
93.5,12.5,0.0
94.5,12.5,0.0
95.5,12.5,0.0
96.5,12.5,0.0
97.5,12.5,0.0
98.5,12.5,0.0
99.5,12.5,0.0
100.5,12.5,0.0
101.5,12.5,0.0
102.5,12.5,0.0
103.5,12.5,0.0
104.5,12.5,0.0
105.5,12.5,0.0
106.5,12.5,0.0
107.5,12.5,0.0
108.5,12.5,0.0
109.5,12.5,0.0
110.5,12.5,0.0
111.5,12.5,0.0
112.5,12.5,0.0
113.5,12.5,0.0
114.5,12.5,0.0
115.5,12.5,0.0
116.5,12.5,0.0
117.5,12.5,0.0
118.5,12.5,0.0
119.5,12.5,0.0
120.5,12.5,0.0
121.5,12.5,0.0
122.5,12.5,0.0
123.5,12.5,0.0
124.5,12.5,0.0
125.5,12.5,0.0
126.5,12.5,0.0
127.5,12.5,0.0
128.5,12.5,0.0
129.5,12.5,0.0
130.5,12.5,0.0
131.5,12.5,0.0
132.5,12.5,0.0
133.5,12.5,0.0
134.5,12.5,0.0
135.5,12.5,0.0
136.5,12.5,0.0
137.5,12.5,0.0
138.5,12.5,0.0
139.5,12.5,0.0
140.5,12.5,0.0
141.5,12.5,0.0
142.5,12.5,0.0
143.5,12.5,0.0
144.5,12.5,0.0
145.5,12.5,0.0
146.5,12.5,0.0
147.5,12.5,0.0
148.5,12.5,0.0
149.5,12.5,0.0
150.5,12.5,0.0
151.5,12.5,0.0
152.5,12.5,0.0
153.5,12.5,0.0
154.5,12.5,0.0
155.5,12.5,0.0
156.5,12.5,0.0
157.5,12.5,0.0
158.5,12.5,0.0
159.5,12.5,0.0
160.5,12.5,0.0
161.5,12.5,0.0
162.5,12.5,0.0
163.5,12.5,0.0
164.5,12.5,0.0
165.5,12.5,0.0
166.5,12.5,0.0
167.5,12.5,0.0
168.5,12.5,0.0
169.5,12.5,0.0
170.5,12.5,0.0
171.5,12.5,0.0
172.5,12.5,0.0
173.5,12.5,0.0
174.5,12.5,0.0
175.5,12.5,0.0
176.5,12.5,0.0
177.5,12.5,0.0
178.5,12.5,0.0
179.5,12.5,0.0
180.5,12.5,0.0
181.5,12.5,0.0
182.5,12.5,0.0
183.5,12.5,0.0
184.5,12.5,0.0
185.5,12.5,0.0
186.5,12.5,0.0
187.5,12.5,0.0
188.5,12.5,0.0
189.5,12.5,0.0
190.5,12.5,0.0
191.5,12.5,0.0
192.5,12.5,0.0
193.5,12.5,0.0
194.5,12.5,0.0
195.5,12.5,0.0
196.5,12.5,0.0
197.5,12.5,0.0
198.5,12.5,0.0
199.5,12.5,0.0
0.5,13.5,0.0
1.5,13.5,0.0
2.5,13.5,0.0
3.5,13.5,0.0
4.5,13.5,0.0
5.5,13.5,0.0
6.5,13.5,0.0
7.5,13.5,0.0
8.5,13.5,0.0
9.5,13.5,0.0
10.5,13.5,0.0
11.5,13.5,0.0
12.5,13.5,0.0
13.5,13.5,0.0
14.5,13.5,0.0
15.5,13.5,0.0
16.5,13.5,0.0
17.5,13.5,0.0
18.5,13.5,0.0
19.5,13.5,0.0
20.5,13.5,0.0
21.5,13.5,0.0
22.5,13.5,0.0
23.5,13.5,0.0
24.5,13.5,0.0
25.5,13.5,0.0
26.5,13.5,0.0
27.5,13.5,0.0
28.5,13.5,0.0
29.5,13.5,0.0
30.5,13.5,0.0
31.5,13.5,0.0
32.5,13.5,0.0
33.5,13.5,0.0
34.5,13.5,0.0
35.5,13.5,0.0
36.5,13.5,0.0
37.5,13.5,0.0
38.5,13.5,0.0
39.5,13.5,0.0
40.5,13.5,0.0
41.5,13.5,0.0
42.5,13.5,0.0
43.5,13.5,0.0
44.5,13.5,0.0
45.5,13.5,0.0
46.5,13.5,0.0
47.5,13.5,0.0
48.5,13.5,0.0
49.5,13.5,0.0
50.5,13.5,0.0
51.5,13.5,0.0
52.5,13.5,0.0
53.5,13.5,0.0
54.5,13.5,0.0
55.5,13.5,0.0
56.5,13.5,0.0
57.5,13.5,0.0
58.5,13.5,0.0
59.5,13.5,0.0
60.5,13.5,0.0
61.5,13.5,0.0
62.5,13.5,0.0
63.5,13.5,0.0
64.5,13.5,0.0
65.5,13.5,0.0
66.5,13.5,0.0
67.5,13.5,0.0
68.5,13.5,0.0
69.5,13.5,0.0
70.5,13.5,0.0
71.5,13.5,0.0
72.5,13.5,0.0
73.5,13.5,0.0
74.5,13.5,0.0
75.5,13.5,0.0
76.5,13.5,0.0
77.5,13.5,0.0
78.5,13.5,0.0
79.5,13.5,0.0
80.5,13.5,0.0
81.5,13.5,0.0
82.5,13.5,0.0
83.5,13.5,0.0
84.5,13.5,0.0
85.5,13.5,0.0
86.5,13.5,0.0
87.5,13.5,0.0
88.5,13.5,0.0
89.5,13.5,0.0
90.5,13.5,0.0
91.5,13.5,0.0
92.5,13.5,0.0
93.5,13.5,0.0
94.5,13.5,0.0
95.5,13.5,0.0
96.5,13.5,0.0
97.5,13.5,0.0
98.5,13.5,0.0
99.5,13.5,0.0
100.5,13.5,0.0
101.5,13.5,0.0
102.5,13.5,0.0
103.5,13.5,0.0
104.5,13.5,0.0
105.5,13.5,0.0
106.5,13.5,0.0
107.5,13.5,0.0
108.5,13.5,0.0
109.5,13.5,0.0
110.5,13.5,0.0
111.5,13.5,0.0
112.5,13.5,0.0
113.5,13.5,0.0
114.5,13.5,0.0
115.5,13.5,0.0
116.5,13.5,0.0
117.5,13.5,0.0
118.5,13.5,0.0
119.5,13.5,0.0
120.5,13.5,0.0
121.5,13.5,0.0
122.5,13.5,0.0
123.5,13.5,0.0
124.5,13.5,0.0
125.5,13.5,0.0
126.5,13.5,0.0
127.5,13.5,0.0
128.5,13.5,0.0
129.5,13.5,0.0
130.5,13.5,0.0
131.5,13.5,0.0
132.5,13.5,0.0
133.5,13.5,0.0
134.5,13.5,0.0
135.5,13.5,0.0
136.5,13.5,0.0
137.5,13.5,0.0
138.5,13.5,0.0
139.5,13.5,0.0
140.5,13.5,0.0
141.5,13.5,0.0
142.5,13.5,0.0
143.5,13.5,0.0
144.5,13.5,0.0
145.5,13.5,0.0
146.5,13.5,0.0
147.5,13.5,0.0
148.5,13.5,0.0
149.5,13.5,0.0
150.5,13.5,0.0
151.5,13.5,0.0
152.5,13.5,0.0
153.5,13.5,0.0
154.5,13.5,0.0
155.5,13.5,0.0
156.5,13.5,0.0
157.5,13.5,0.0
158.5,13.5,0.0
159.5,13.5,0.0
160.5,13.5,0.0
161.5,13.5,0.0
162.5,13.5,0.0
163.5,13.5,0.0
164.5,13.5,0.0
165.5,13.5,0.0
166.5,13.5,0.0
167.5,13.5,0.0
168.5,13.5,0.0
169.5,13.5,0.0
170.5,13.5,0.0
171.5,13.5,0.0
172.5,13.5,0.0
173.5,13.5,0.0
174.5,13.5,0.0
175.5,13.5,0.0
176.5,13.5,0.0
177.5,13.5,0.0
178.5,13.5,0.0
179.5,13.5,0.0
180.5,13.5,0.0
181.5,13.5,0.0
182.5,13.5,0.0
183.5,13.5,0.0
184.5,13.5,0.0
185.5,13.5,0.0
186.5,13.5,0.0
187.5,13.5,0.0
188.5,13.5,0.0
189.5,13.5,0.0
190.5,13.5,0.0
191.5,13.5,0.0
192.5,13.5,0.0
193.5,13.5,0.0
194.5,13.5,0.0
195.5,13.5,0.0
196.5,13.5,0.0
197.5,13.5,0.0
198.5,13.5,0.0
199.5,13.5,0.0
0.5,14.5,0.0
1.5,14.5,0.0
2.5,14.5,0.0
3.5,14.5,0.0
4.5,14.5,0.0
5.5,14.5,0.0
6.5,14.5,0.0
7.5,14.5,0.0
8.5,14.5,0.0
9.5,14.5,0.0
10.5,14.5,0.0
11.5,14.5,0.0
12.5,14.5,0.0
13.5,14.5,0.0
14.5,14.5,0.0
15.5,14.5,0.0
16.5,14.5,0.0
17.5,14.5,0.0
18.5,14.5,0.0
19.5,14.5,0.0
20.5,14.5,0.0
21.5,14.5,0.0
22.5,14.5,0.0
23.5,14.5,0.0
24.5,14.5,0.0
25.5,14.5,0.0
26.5,14.5,0.0
27.5,14.5,0.0
28.5,14.5,0.0
29.5,14.5,0.0
30.5,14.5,0.0
31.5,14.5,0.0
32.5,14.5,0.0
33.5,14.5,0.0
34.5,14.5,0.0
35.5,14.5,0.0
36.5,14.5,0.0
37.5,14.5,0.0
38.5,14.5,0.0
39.5,14.5,0.0
40.5,14.5,0.0
41.5,14.5,0.0
42.5,14.5,0.0
43.5,14.5,0.0
44.5,14.5,0.0
45.5,14.5,0.0
46.5,14.5,0.0
47.5,14.5,0.0
48.5,14.5,0.0
49.5,14.5,0.0
50.5,14.5,0.0
51.5,14.5,0.0
52.5,14.5,0.0
53.5,14.5,0.0
54.5,14.5,0.0
55.5,14.5,0.0
56.5,14.5,0.0
57.5,14.5,0.0
58.5,14.5,0.0
59.5,14.5,0.0
60.5,14.5,0.0
61.5,14.5,0.0
62.5,14.5,0.0
63.5,14.5,0.0
64.5,14.5,0.0
65.5,14.5,0.0
66.5,14.5,0.0
67.5,14.5,0.0
68.5,14.5,0.0
69.5,14.5,0.0
70.5,14.5,0.0
71.5,14.5,0.0
72.5,14.5,0.0
73.5,14.5,0.0
74.5,14.5,0.0
75.5,14.5,0.0
76.5,14.5,0.0
77.5,14.5,0.0
78.5,14.5,0.0
79.5,14.5,0.0
80.5,14.5,0.0
81.5,14.5,0.0
82.5,14.5,0.0
83.5,14.5,0.0
84.5,14.5,0.0
85.5,14.5,0.0
86.5,14.5,0.0
87.5,14.5,0.0
88.5,14.5,0.0
89.5,14.5,0.0
90.5,14.5,0.0
91.5,14.5,0.0
92.5,14.5,0.0
93.5,14.5,0.0
94.5,14.5,0.0
95.5,14.5,0.0
96.5,14.5,0.0
97.5,14.5,0.0
98.5,14.5,0.0
99.5,14.5,0.0
100.5,14.5,0.0
101.5,14.5,0.0
102.5,14.5,0.0
103.5,14.5,0.0
104.5,14.5,0.0
105.5,14.5,0.0
106.5,14.5,0.0
107.5,14.5,0.0
108.5,14.5,0.0
109.5,14.5,0.0
110.5,14.5,0.0
111.5,14.5,0.0
112.5,14.5,0.0
113.5,14.5,0.0
114.5,14.5,0.0
115.5,14.5,0.0
116.5,14.5,0.0
117.5,14.5,0.0
118.5,14.5,0.0
119.5,14.5,0.0
120.5,14.5,0.0
121.5,14.5,0.0
122.5,14.5,0.0
123.5,14.5,0.0
124.5,14.5,0.0
125.5,14.5,0.0
126.5,14.5,0.0
127.5,14.5,0.0
128.5,14.5,0.0
129.5,14.5,0.0
130.5,14.5,0.0
131.5,14.5,0.0
132.5,14.5,0.0
133.5,14.5,0.0
134.5,14.5,0.0
135.5,14.5,0.0
136.5,14.5,0.0
137.5,14.5,0.0
138.5,14.5,0.0
139.5,14.5,0.0
140.5,14.5,0.0
141.5,14.5,0.0
142.5,14.5,0.0
143.5,14.5,0.0
144.5,14.5,0.0
145.5,14.5,0.0
146.5,14.5,0.0
147.5,14.5,0.0
148.5,14.5,0.0
149.5,14.5,0.0
150.5,14.5,0.0
151.5,14.5,0.0
152.5,14.5,0.0
153.5,14.5,0.0
154.5,14.5,0.0
155.5,14.5,0.0
156.5,14.5,0.0
157.5,14.5,0.0
158.5,14.5,0.0
159.5,14.5,0.0
160.5,14.5,0.0
161.5,14.5,0.0
162.5,14.5,0.0
163.5,14.5,0.0
164.5,14.5,0.0
165.5,14.5,0.0
166.5,14.5,0.0
167.5,14.5,0.0
168.5,14.5,0.0
169.5,14.5,0.0
170.5,14.5,0.0
171.5,14.5,0.0
172.5,14.5,0.0
173.5,14.5,0.0
174.5,14.5,0.0
175.5,14.5,0.0
176.5,14.5,0.0
177.5,14.5,0.0
178.5,14.5,0.0
179.5,14.5,0.0
180.5,14.5,0.0
181.5,14.5,0.0
182.5,14.5,0.0
183.5,14.5,0.0
184.5,14.5,0.0
185.5,14.5,0.0
186.5,14.5,0.0
187.5,14.5,0.0
188.5,14.5,0.0
189.5,14.5,0.0
190.5,14.5,0.0
191.5,14.5,0.0
192.5,14.5,0.0
193.5,14.5,0.0
194.5,14.5,0.0
195.5,14.5,0.0
196.5,14.5,0.0
197.5,14.5,0.0
198.5,14.5,0.0
199.5,14.5,0.0
0.5,15.5,0.0
1.5,15.5,0.0
2.5,15.5,0.0
3.5,15.5,0.0
4.5,15.5,0.0
5.5,15.5,0.0
6.5,15.5,0.0
7.5,15.5,0.0
8.5,15.5,0.0
9.5,15.5,0.0
10.5,15.5,0.0
11.5,15.5,0.0
12.5,15.5,0.0
13.5,15.5,0.0
14.5,15.5,0.0
15.5,15.5,0.0
16.5,15.5,0.0
17.5,15.5,0.0
18.5,15.5,0.0
19.5,15.5,0.0
20.5,15.5,0.0
21.5,15.5,0.0
22.5,15.5,0.0
23.5,15.5,0.0
24.5,15.5,0.0
25.5,15.5,0.0
26.5,15.5,0.0
27.5,15.5,0.0
28.5,15.5,0.0
29.5,15.5,0.0
30.5,15.5,0.0
31.5,15.5,0.0
32.5,15.5,0.0
33.5,15.5,0.0
34.5,15.5,0.0
35.5,15.5,0.0
36.5,15.5,0.0
37.5,15.5,0.0
38.5,15.5,0.0
39.5,15.5,0.0
40.5,15.5,0.0
41.5,15.5,0.0
42.5,15.5,0.0
43.5,15.5,0.0
44.5,15.5,0.0
45.5,15.5,0.0
46.5,15.5,0.0
47.5,15.5,0.0
48.5,15.5,0.0
49.5,15.5,0.0
50.5,15.5,0.0
51.5,15.5,0.0
52.5,15.5,0.0
53.5,15.5,0.0
54.5,15.5,0.0
55.5,15.5,0.0
56.5,15.5,0.0
57.5,15.5,0.0
58.5,15.5,0.0
59.5,15.5,0.0
60.5,15.5,0.0
61.5,15.5,0.0
62.5,15.5,0.0
63.5,15.5,0.0
64.5,15.5,0.0
65.5,15.5,0.0
66.5,15.5,0.0
67.5,15.5,0.0
68.5,15.5,0.0
69.5,15.5,0.0
70.5,15.5,0.0
71.5,15.5,0.0
72.5,15.5,0.0
73.5,15.5,0.0
74.5,15.5,0.0
75.5,15.5,0.0
76.5,15.5,0.0
77.5,15.5,0.0
78.5,15.5,0.0
79.5,15.5,0.0
80.5,15.5,0.0
81.5,15.5,0.0
82.5,15.5,0.0
83.5,15.5,0.0
84.5,15.5,0.0
85.5,15.5,0.0
86.5,15.5,0.0
87.5,15.5,0.0
88.5,15.5,0.0
89.5,15.5,0.0
90.5,15.5,0.0
91.5,15.5,0.0
92.5,15.5,0.0
93.5,15.5,0.0
94.5,15.5,0.0
95.5,15.5,0.0
96.5,15.5,0.0
97.5,15.5,0.0
98.5,15.5,0.0
99.5,15.5,0.0
100.5,15.5,0.0
101.5,15.5,0.0
102.5,15.5,0.0
103.5,15.5,0.0
104.5,15.5,0.0
105.5,15.5,0.0
106.5,15.5,0.0
107.5,15.5,0.0
108.5,15.5,0.0
109.5,15.5,0.0
110.5,15.5,0.0
111.5,15.5,0.0
112.5,15.5,0.0
113.5,15.5,0.0
114.5,15.5,0.0
115.5,15.5,0.0
116.5,15.5,0.0
117.5,15.5,0.0
118.5,15.5,0.0
119.5,15.5,0.0
120.5,15.5,0.0
121.5,15.5,0.0
122.5,15.5,0.0
123.5,15.5,0.0
124.5,15.5,0.0
125.5,15.5,0.0
126.5,15.5,0.0
127.5,15.5,0.0
128.5,15.5,0.0
129.5,15.5,0.0
130.5,15.5,0.0
131.5,15.5,0.0
132.5,15.5,0.0
133.5,15.5,0.0
134.5,15.5,0.0
135.5,15.5,0.0
136.5,15.5,0.0
137.5,15.5,0.0
138.5,15.5,0.0
139.5,15.5,0.0
140.5,15.5,0.0
141.5,15.5,0.0
142.5,15.5,0.0
143.5,15.5,0.0
144.5,15.5,0.0
145.5,15.5,0.0
146.5,15.5,0.0
147.5,15.5,0.0
148.5,15.5,0.0
149.5,15.5,0.0
150.5,15.5,0.0
151.5,15.5,0.0
152.5,15.5,0.0
153.5,15.5,0.0
154.5,15.5,0.0
155.5,15.5,0.0
156.5,15.5,0.0
157.5,15.5,0.0
158.5,15.5,0.0
159.5,15.5,0.0
160.5,15.5,0.0
161.5,15.5,0.0
162.5,15.5,0.0
163.5,15.5,0.0
164.5,15.5,0.0
165.5,15.5,0.0
166.5,15.5,0.0
167.5,15.5,0.0
168.5,15.5,0.0
169.5,15.5,0.0
170.5,15.5,0.0
171.5,15.5,0.0
172.5,15.5,0.0
173.5,15.5,0.0
174.5,15.5,0.0
175.5,15.5,0.0
176.5,15.5,0.0
177.5,15.5,0.0
178.5,15.5,0.0
179.5,15.5,0.0
180.5,15.5,0.0
181.5,15.5,0.0
182.5,15.5,0.0
183.5,15.5,0.0
184.5,15.5,0.0
185.5,15.5,0.0
186.5,15.5,0.0
187.5,15.5,0.0
188.5,15.5,0.0
189.5,15.5,0.0
190.5,15.5,0.0
191.5,15.5,0.0
192.5,15.5,0.0
193.5,15.5,0.0
194.5,15.5,0.0
195.5,15.5,0.0
196.5,15.5,0.0
197.5,15.5,0.0
198.5,15.5,0.0
199.5,15.5,0.0
0.5,16.5,0.0
1.5,16.5,0.0
2.5,16.5,0.0
3.5,16.5,0.0
4.5,16.5,0.0
5.5,16.5,0.0
6.5,16.5,0.0
7.5,16.5,0.0
8.5,16.5,0.0
9.5,16.5,0.0
10.5,16.5,0.0
11.5,16.5,0.0
12.5,16.5,0.0
13.5,16.5,0.0
14.5,16.5,0.0
15.5,16.5,0.0
16.5,16.5,0.0
17.5,16.5,0.0
18.5,16.5,0.0
19.5,16.5,0.0
20.5,16.5,0.0
21.5,16.5,0.0
22.5,16.5,0.0
23.5,16.5,0.0
24.5,16.5,0.0
25.5,16.5,0.0
26.5,16.5,0.0
27.5,16.5,0.0
28.5,16.5,0.0
29.5,16.5,0.0
30.5,16.5,0.0
31.5,16.5,0.0
32.5,16.5,0.0
33.5,16.5,0.0
34.5,16.5,0.0
35.5,16.5,0.0
36.5,16.5,0.0
37.5,16.5,0.0
38.5,16.5,0.0
39.5,16.5,0.0
40.5,16.5,0.0
41.5,16.5,0.0
42.5,16.5,0.0
43.5,16.5,0.0
44.5,16.5,0.0
45.5,16.5,0.0
46.5,16.5,0.0
47.5,16.5,0.0
48.5,16.5,0.0
49.5,16.5,0.0
50.5,16.5,0.0
51.5,16.5,0.0
52.5,16.5,0.0
53.5,16.5,0.0
54.5,16.5,0.0
55.5,16.5,0.0
56.5,16.5,0.0
57.5,16.5,0.0
58.5,16.5,0.0
59.5,16.5,0.0
60.5,16.5,0.0
61.5,16.5,0.0
62.5,16.5,0.0
63.5,16.5,0.0
64.5,16.5,0.0
65.5,16.5,0.0
66.5,16.5,0.0
67.5,16.5,0.0
68.5,16.5,0.0
69.5,16.5,0.0
70.5,16.5,0.0
71.5,16.5,0.0
72.5,16.5,0.0
73.5,16.5,0.0
74.5,16.5,0.0
75.5,16.5,0.0
76.5,16.5,0.0
77.5,16.5,0.0
78.5,16.5,0.0
79.5,16.5,0.0
80.5,16.5,0.0
81.5,16.5,0.0
82.5,16.5,0.0
83.5,16.5,0.0
84.5,16.5,0.0
85.5,16.5,0.0
86.5,16.5,0.0
87.5,16.5,0.0
88.5,16.5,0.0
89.5,16.5,0.0
90.5,16.5,0.0
91.5,16.5,0.0
92.5,16.5,0.0
93.5,16.5,0.0
94.5,16.5,0.0
95.5,16.5,0.0
96.5,16.5,0.0
97.5,16.5,0.0
98.5,16.5,0.0
99.5,16.5,0.0
100.5,16.5,0.0
101.5,16.5,0.0
102.5,16.5,0.0
103.5,16.5,0.0
104.5,16.5,0.0
105.5,16.5,0.0
106.5,16.5,0.0
107.5,16.5,0.0
108.5,16.5,0.0
109.5,16.5,0.0
110.5,16.5,0.0
111.5,16.5,0.0
112.5,16.5,0.0
113.5,16.5,0.0
114.5,16.5,0.0
115.5,16.5,0.0
116.5,16.5,0.0
117.5,16.5,0.0
118.5,16.5,0.0
119.5,16.5,0.0
120.5,16.5,0.0
121.5,16.5,0.0
122.5,16.5,0.0
123.5,16.5,0.0
124.5,16.5,0.0
125.5,16.5,0.0
126.5,16.5,0.0
127.5,16.5,0.0
128.5,16.5,0.0
129.5,16.5,0.0
130.5,16.5,0.0
131.5,16.5,0.0
132.5,16.5,0.0
133.5,16.5,0.0
134.5,16.5,0.0
135.5,16.5,0.0
136.5,16.5,0.0
137.5,16.5,0.0
138.5,16.5,0.0
139.5,16.5,0.0
140.5,16.5,0.0
141.5,16.5,0.0
142.5,16.5,0.0
143.5,16.5,0.0
144.5,16.5,0.0
145.5,16.5,0.0
146.5,16.5,0.0
147.5,16.5,0.0
148.5,16.5,0.0
149.5,16.5,0.0
150.5,16.5,0.0
151.5,16.5,0.0
152.5,16.5,0.0
153.5,16.5,0.0
154.5,16.5,0.0
155.5,16.5,0.0
156.5,16.5,0.0
157.5,16.5,0.0
158.5,16.5,0.0
159.5,16.5,0.0
160.5,16.5,0.0
161.5,16.5,0.0
162.5,16.5,0.0
163.5,16.5,0.0
164.5,16.5,0.0
165.5,16.5,0.0
166.5,16.5,0.0
167.5,16.5,0.0
168.5,16.5,0.0
169.5,16.5,0.0
170.5,16.5,0.0
171.5,16.5,0.0
172.5,16.5,0.0
173.5,16.5,0.0
174.5,16.5,0.0
175.5,16.5,0.0
176.5,16.5,0.0
177.5,16.5,0.0
178.5,16.5,0.0
179.5,16.5,0.0
180.5,16.5,0.0
181.5,16.5,0.0
182.5,16.5,0.0
183.5,16.5,0.0
184.5,16.5,0.0
185.5,16.5,0.0
186.5,16.5,0.0
187.5,16.5,0.0
188.5,16.5,0.0
189.5,16.5,0.0
190.5,16.5,0.0
191.5,16.5,0.0
192.5,16.5,0.0
193.5,16.5,0.0
194.5,16.5,0.0
195.5,16.5,0.0
196.5,16.5,0.0
197.5,16.5,0.0
198.5,16.5,0.0
199.5,16.5,0.0
0.5,17.5,0.0
1.5,17.5,0.0
2.5,17.5,0.0
3.5,17.5,0.0
4.5,17.5,0.0
5.5,17.5,0.0
6.5,17.5,0.0
7.5,17.5,0.0
8.5,17.5,0.0
9.5,17.5,0.0
10.5,17.5,0.0
11.5,17.5,0.0
12.5,17.5,0.0
13.5,17.5,0.0
14.5,17.5,0.0
15.5,17.5,0.0
16.5,17.5,0.0
17.5,17.5,0.0
18.5,17.5,0.0
19.5,17.5,0.0
20.5,17.5,0.0
21.5,17.5,0.0
22.5,17.5,0.0
23.5,17.5,0.0
24.5,17.5,0.0
25.5,17.5,0.0
26.5,17.5,0.0
27.5,17.5,0.0
28.5,17.5,0.0
29.5,17.5,0.0
30.5,17.5,0.0
31.5,17.5,0.0
32.5,17.5,0.0
33.5,17.5,0.0
34.5,17.5,0.0
35.5,17.5,0.0
36.5,17.5,0.0
37.5,17.5,0.0
38.5,17.5,0.0
39.5,17.5,0.0
40.5,17.5,0.0
41.5,17.5,0.0
42.5,17.5,0.0
43.5,17.5,0.0
44.5,17.5,0.0
45.5,17.5,0.0
46.5,17.5,0.0
47.5,17.5,0.0
48.5,17.5,0.0
49.5,17.5,0.0
50.5,17.5,0.0
51.5,17.5,0.0
52.5,17.5,0.0
53.5,17.5,0.0
54.5,17.5,0.0
55.5,17.5,0.0
56.5,17.5,0.0
57.5,17.5,0.0
58.5,17.5,0.0
59.5,17.5,0.0
60.5,17.5,0.0
61.5,17.5,0.0
62.5,17.5,0.0
63.5,17.5,0.0
64.5,17.5,0.0
65.5,17.5,0.0
66.5,17.5,0.0
67.5,17.5,0.0
68.5,17.5,0.0
69.5,17.5,0.0
70.5,17.5,0.0
71.5,17.5,0.0
72.5,17.5,0.0
73.5,17.5,0.0
74.5,17.5,0.0
75.5,17.5,0.0
76.5,17.5,0.0
77.5,17.5,0.0
78.5,17.5,0.0
79.5,17.5,0.0
80.5,17.5,0.0
81.5,17.5,0.0
82.5,17.5,0.0
83.5,17.5,0.0
84.5,17.5,0.0
85.5,17.5,0.0
86.5,17.5,0.0
87.5,17.5,0.0
88.5,17.5,0.0
89.5,17.5,0.0
90.5,17.5,0.0
91.5,17.5,0.0
92.5,17.5,0.0
93.5,17.5,0.0
94.5,17.5,0.0
95.5,17.5,0.0
96.5,17.5,0.0
97.5,17.5,0.0
98.5,17.5,0.0
99.5,17.5,0.0
100.5,17.5,0.0
101.5,17.5,0.0
102.5,17.5,0.0
103.5,17.5,0.0
104.5,17.5,0.0
105.5,17.5,0.0
106.5,17.5,0.0
107.5,17.5,0.0
108.5,17.5,0.0
109.5,17.5,0.0
110.5,17.5,0.0
111.5,17.5,0.0
112.5,17.5,0.0
113.5,17.5,0.0
114.5,17.5,0.0
115.5,17.5,0.0
116.5,17.5,0.0
117.5,17.5,0.0
118.5,17.5,0.0
119.5,17.5,0.0
120.5,17.5,0.0
121.5,17.5,0.0
122.5,17.5,0.0
123.5,17.5,0.0
124.5,17.5,0.0
125.5,17.5,0.0
126.5,17.5,0.0
127.5,17.5,0.0
128.5,17.5,0.0
129.5,17.5,0.0
130.5,17.5,0.0
131.5,17.5,0.0
132.5,17.5,0.0
133.5,17.5,0.0
134.5,17.5,0.0
135.5,17.5,0.0
136.5,17.5,0.0
137.5,17.5,0.0
138.5,17.5,0.0
139.5,17.5,0.0
140.5,17.5,0.0
141.5,17.5,0.0
142.5,17.5,0.0
143.5,17.5,0.0
144.5,17.5,0.0
145.5,17.5,0.0
146.5,17.5,0.0
147.5,17.5,0.0
148.5,17.5,0.0
149.5,17.5,0.0
150.5,17.5,0.0
151.5,17.5,0.0
152.5,17.5,0.0
153.5,17.5,0.0
154.5,17.5,0.0
155.5,17.5,0.0
156.5,17.5,0.0
157.5,17.5,0.0
158.5,17.5,0.0
159.5,17.5,0.0
160.5,17.5,0.0
161.5,17.5,0.0
162.5,17.5,0.0
163.5,17.5,0.0
164.5,17.5,0.0
165.5,17.5,0.0
166.5,17.5,0.0
167.5,17.5,0.0
168.5,17.5,0.0
169.5,17.5,0.0
170.5,17.5,0.0
171.5,17.5,0.0
172.5,17.5,0.0
173.5,17.5,0.0
174.5,17.5,0.0
175.5,17.5,0.0
176.5,17.5,0.0
177.5,17.5,0.0
178.5,17.5,0.0
179.5,17.5,0.0
180.5,17.5,0.0
181.5,17.5,0.0
182.5,17.5,0.0
183.5,17.5,0.0
184.5,17.5,0.0
185.5,17.5,0.0
186.5,17.5,0.0
187.5,17.5,0.0
188.5,17.5,0.0
189.5,17.5,0.0
190.5,17.5,0.0
191.5,17.5,0.0
192.5,17.5,0.0
193.5,17.5,0.0
194.5,17.5,0.0
195.5,17.5,0.0
196.5,17.5,0.0
197.5,17.5,0.0
198.5,17.5,0.0
199.5,17.5,0.0
0.5,18.5,0.0
1.5,18.5,0.0
2.5,18.5,0.0
3.5,18.5,0.0
4.5,18.5,0.0
5.5,18.5,0.0
6.5,18.5,0.0
7.5,18.5,0.0
8.5,18.5,0.0
9.5,18.5,0.0
10.5,18.5,0.0
11.5,18.5,0.0
12.5,18.5,0.0
13.5,18.5,0.0
14.5,18.5,0.0
15.5,18.5,0.0
16.5,18.5,0.0
17.5,18.5,0.0
18.5,18.5,0.0
19.5,18.5,0.0
20.5,18.5,0.0
21.5,18.5,0.0
22.5,18.5,0.0
23.5,18.5,0.0
24.5,18.5,0.0
25.5,18.5,0.0
26.5,18.5,0.0
27.5,18.5,0.0
28.5,18.5,0.0
29.5,18.5,0.0
30.5,18.5,0.0
31.5,18.5,0.0
32.5,18.5,0.0
33.5,18.5,0.0
34.5,18.5,0.0
35.5,18.5,0.0
36.5,18.5,0.0
37.5,18.5,0.0
38.5,18.5,0.0
39.5,18.5,0.0
40.5,18.5,0.0
41.5,18.5,0.0
42.5,18.5,0.0
43.5,18.5,0.0
44.5,18.5,0.0
45.5,18.5,0.0
46.5,18.5,0.0
47.5,18.5,0.0
48.5,18.5,0.0
49.5,18.5,0.0
50.5,18.5,0.0
51.5,18.5,0.0
52.5,18.5,0.0
53.5,18.5,0.0
54.5,18.5,0.0
55.5,18.5,0.0
56.5,18.5,0.0
57.5,18.5,0.0
58.5,18.5,0.0
59.5,18.5,0.0
60.5,18.5,0.0
61.5,18.5,0.0
62.5,18.5,0.0
63.5,18.5,0.0
64.5,18.5,0.0
65.5,18.5,0.0
66.5,18.5,0.0
67.5,18.5,0.0
68.5,18.5,0.0
69.5,18.5,0.0
70.5,18.5,0.0
71.5,18.5,0.0
72.5,18.5,0.0
73.5,18.5,0.0
74.5,18.5,0.0
75.5,18.5,0.0
76.5,18.5,0.0
77.5,18.5,0.0
78.5,18.5,0.0
79.5,18.5,0.0
80.5,18.5,0.0
81.5,18.5,0.0
82.5,18.5,0.0
83.5,18.5,0.0
84.5,18.5,0.0
85.5,18.5,0.0
86.5,18.5,0.0
87.5,18.5,0.0
88.5,18.5,0.0
89.5,18.5,0.0
90.5,18.5,0.0
91.5,18.5,0.0
92.5,18.5,0.0
93.5,18.5,0.0
94.5,18.5,0.0
95.5,18.5,0.0
96.5,18.5,0.0
97.5,18.5,0.0
98.5,18.5,0.0
99.5,18.5,0.0
100.5,18.5,0.0
101.5,18.5,0.0
102.5,18.5,0.0
103.5,18.5,0.0
104.5,18.5,0.0
105.5,18.5,0.0
106.5,18.5,0.0
107.5,18.5,0.0
108.5,18.5,0.0
109.5,18.5,0.0
110.5,18.5,0.0
111.5,18.5,0.0
112.5,18.5,0.0
113.5,18.5,0.0
114.5,18.5,0.0
115.5,18.5,0.0
116.5,18.5,0.0
117.5,18.5,0.0
118.5,18.5,0.0
119.5,18.5,0.0
120.5,18.5,0.0
121.5,18.5,0.0
122.5,18.5,0.0
123.5,18.5,0.0
124.5,18.5,0.0
125.5,18.5,0.0
126.5,18.5,0.0
127.5,18.5,0.0
128.5,18.5,0.0
129.5,18.5,0.0
130.5,18.5,0.0
131.5,18.5,0.0
132.5,18.5,0.0
133.5,18.5,0.0
134.5,18.5,0.0
135.5,18.5,0.0
136.5,18.5,0.0
137.5,18.5,0.0
138.5,18.5,0.0
139.5,18.5,0.0
140.5,18.5,0.0
141.5,18.5,0.0
142.5,18.5,0.0
143.5,18.5,0.0
144.5,18.5,0.0
145.5,18.5,0.0
146.5,18.5,0.0
147.5,18.5,0.0
148.5,18.5,0.0
149.5,18.5,0.0
150.5,18.5,0.0
151.5,18.5,0.0
152.5,18.5,0.0
153.5,18.5,0.0
154.5,18.5,0.0
155.5,18.5,0.0
156.5,18.5,0.0
157.5,18.5,0.0
158.5,18.5,0.0
159.5,18.5,0.0
160.5,18.5,0.0
161.5,18.5,0.0
162.5,18.5,0.0
163.5,18.5,0.0
164.5,18.5,0.0
165.5,18.5,0.0
166.5,18.5,0.0
167.5,18.5,0.0
168.5,18.5,0.0
169.5,18.5,0.0
170.5,18.5,0.0
171.5,18.5,0.0
172.5,18.5,0.0
173.5,18.5,0.0
174.5,18.5,0.0
175.5,18.5,0.0
176.5,18.5,0.0
177.5,18.5,0.0
178.5,18.5,0.0
179.5,18.5,0.0
180.5,18.5,0.0
181.5,18.5,0.0
182.5,18.5,0.0
183.5,18.5,0.0
184.5,18.5,0.0
185.5,18.5,0.0
186.5,18.5,0.0
187.5,18.5,0.0
188.5,18.5,0.0
189.5,18.5,0.0
190.5,18.5,0.0
191.5,18.5,0.0
192.5,18.5,0.0
193.5,18.5,0.0
194.5,18.5,0.0
195.5,18.5,0.0
196.5,18.5,0.0
197.5,18.5,0.0
198.5,18.5,0.0
199.5,18.5,0.0
0.5,19.5,0.0
1.5,19.5,0.0
2.5,19.5,0.0
3.5,19.5,0.0
4.5,19.5,0.0
5.5,19.5,0.0
6.5,19.5,0.0
7.5,19.5,0.0
8.5,19.5,0.0
9.5,19.5,0.0
10.5,19.5,0.0
11.5,19.5,0.0
12.5,19.5,0.0
13.5,19.5,0.0
14.5,19.5,0.0
15.5,19.5,0.0
16.5,19.5,0.0
17.5,19.5,0.0
18.5,19.5,0.0
19.5,19.5,0.0
20.5,19.5,0.0
21.5,19.5,0.0
22.5,19.5,0.0
23.5,19.5,0.0
24.5,19.5,0.0
25.5,19.5,0.0
26.5,19.5,0.0
27.5,19.5,0.0
28.5,19.5,0.0
29.5,19.5,0.0
30.5,19.5,0.0
31.5,19.5,0.0
32.5,19.5,0.0
33.5,19.5,0.0
34.5,19.5,0.0
35.5,19.5,0.0
36.5,19.5,0.0
37.5,19.5,0.0
38.5,19.5,0.0
39.5,19.5,0.0
40.5,19.5,0.0
41.5,19.5,0.0
42.5,19.5,0.0
43.5,19.5,0.0
44.5,19.5,0.0
45.5,19.5,0.0
46.5,19.5,0.0
47.5,19.5,0.0
48.5,19.5,0.0
49.5,19.5,0.0
50.5,19.5,0.0
51.5,19.5,0.0
52.5,19.5,0.0
53.5,19.5,0.0
54.5,19.5,0.0
55.5,19.5,0.0
56.5,19.5,0.0
57.5,19.5,0.0
58.5,19.5,0.0
59.5,19.5,0.0
60.5,19.5,0.0
61.5,19.5,0.0
62.5,19.5,0.0
63.5,19.5,0.0
64.5,19.5,0.0
65.5,19.5,0.0
66.5,19.5,0.0
67.5,19.5,0.0
68.5,19.5,0.0
69.5,19.5,0.0
70.5,19.5,0.0
71.5,19.5,0.0
72.5,19.5,0.0
73.5,19.5,0.0
74.5,19.5,0.0
75.5,19.5,0.0
76.5,19.5,0.0
77.5,19.5,0.0
78.5,19.5,0.0
79.5,19.5,0.0
80.5,19.5,0.0
81.5,19.5,0.0
82.5,19.5,0.0
83.5,19.5,0.0
84.5,19.5,0.0
85.5,19.5,0.0
86.5,19.5,0.0
87.5,19.5,0.0
88.5,19.5,0.0
89.5,19.5,0.0
90.5,19.5,0.0
91.5,19.5,0.0
92.5,19.5,0.0
93.5,19.5,0.0
94.5,19.5,0.0
95.5,19.5,0.0
96.5,19.5,0.0
97.5,19.5,0.0
98.5,19.5,0.0
99.5,19.5,0.0
100.5,19.5,0.0
101.5,19.5,0.0
102.5,19.5,0.0
103.5,19.5,0.0
104.5,19.5,0.0
105.5,19.5,0.0
106.5,19.5,0.0
107.5,19.5,0.0
108.5,19.5,0.0
109.5,19.5,0.0
110.5,19.5,0.0
111.5,19.5,0.0
112.5,19.5,0.0
113.5,19.5,0.0
114.5,19.5,0.0
115.5,19.5,0.0
116.5,19.5,0.0
117.5,19.5,0.0
118.5,19.5,0.0
119.5,19.5,0.0
120.5,19.5,0.0
121.5,19.5,0.0
122.5,19.5,0.0
123.5,19.5,0.0
124.5,19.5,0.0
125.5,19.5,0.0
126.5,19.5,0.0
127.5,19.5,0.0
128.5,19.5,0.0
129.5,19.5,0.0
130.5,19.5,0.0
131.5,19.5,0.0
132.5,19.5,0.0
133.5,19.5,0.0
134.5,19.5,0.0
135.5,19.5,0.0
136.5,19.5,0.0
137.5,19.5,0.0
138.5,19.5,0.0
139.5,19.5,0.0
140.5,19.5,0.0
141.5,19.5,0.0
142.5,19.5,0.0
143.5,19.5,0.0
144.5,19.5,0.0
145.5,19.5,0.0
146.5,19.5,0.0
147.5,19.5,0.0
148.5,19.5,0.0
149.5,19.5,0.0
150.5,19.5,0.0
151.5,19.5,0.0
152.5,19.5,0.0
153.5,19.5,0.0
154.5,19.5,0.0
155.5,19.5,0.0
156.5,19.5,0.0
157.5,19.5,0.0
158.5,19.5,0.0
159.5,19.5,0.0
160.5,19.5,0.0
161.5,19.5,0.0
162.5,19.5,0.0
163.5,19.5,0.0
164.5,19.5,0.0
165.5,19.5,0.0
166.5,19.5,0.0
167.5,19.5,0.0
168.5,19.5,0.0
169.5,19.5,0.0
170.5,19.5,0.0
171.5,19.5,0.0
172.5,19.5,0.0
173.5,19.5,0.0
174.5,19.5,0.0
175.5,19.5,0.0
176.5,19.5,0.0
177.5,19.5,0.0
178.5,19.5,0.0
179.5,19.5,0.0
180.5,19.5,0.0
181.5,19.5,0.0
182.5,19.5,0.0
183.5,19.5,0.0
184.5,19.5,0.0
185.5,19.5,0.0
186.5,19.5,0.0
187.5,19.5,0.0
188.5,19.5,0.0
189.5,19.5,0.0
190.5,19.5,0.0
191.5,19.5,0.0
192.5,19.5,0.0
193.5,19.5,0.0
194.5,19.5,0.0
195.5,19.5,0.0
196.5,19.5,0.0
197.5,19.5,0.0
198.5,19.5,0.0
199.5,19.5,0.0
0.5,20.5,0.0
1.5,20.5,0.0
2.5,20.5,0.0
3.5,20.5,0.0
4.5,20.5,0.0
5.5,20.5,0.0
6.5,20.5,0.0
7.5,20.5,0.0
8.5,20.5,0.0
9.5,20.5,0.0
10.5,20.5,0.0
11.5,20.5,0.0
12.5,20.5,0.0
13.5,20.5,0.0
14.5,20.5,0.0
15.5,20.5,0.0
16.5,20.5,0.0
17.5,20.5,0.0
18.5,20.5,0.0
19.5,20.5,0.0
20.5,20.5,0.0
21.5,20.5,0.0
22.5,20.5,0.0
23.5,20.5,0.0
24.5,20.5,0.0
25.5,20.5,0.0
26.5,20.5,0.0
27.5,20.5,0.0
28.5,20.5,0.0
29.5,20.5,0.0
30.5,20.5,0.0
31.5,20.5,0.0
32.5,20.5,0.0
33.5,20.5,0.0
34.5,20.5,0.0
35.5,20.5,0.0
36.5,20.5,0.0
37.5,20.5,0.0
38.5,20.5,0.0
39.5,20.5,0.0
40.5,20.5,0.0
41.5,20.5,0.0
42.5,20.5,0.0
43.5,20.5,0.0
44.5,20.5,0.0
45.5,20.5,0.0
46.5,20.5,0.0
47.5,20.5,0.0
48.5,20.5,0.0
49.5,20.5,0.0
50.5,20.5,0.0
51.5,20.5,0.0
52.5,20.5,0.0
53.5,20.5,0.0
54.5,20.5,0.0
55.5,20.5,0.0
56.5,20.5,0.0
57.5,20.5,0.0
58.5,20.5,0.0
59.5,20.5,0.0
60.5,20.5,0.0
61.5,20.5,0.0
62.5,20.5,0.0
63.5,20.5,0.0
64.5,20.5,0.0
65.5,20.5,0.0
66.5,20.5,0.0
67.5,20.5,0.0
68.5,20.5,0.0
69.5,20.5,0.0
70.5,20.5,0.0
71.5,20.5,0.0
72.5,20.5,0.0
73.5,20.5,0.0
74.5,20.5,0.0
75.5,20.5,0.0
76.5,20.5,0.0
77.5,20.5,0.0
78.5,20.5,0.0
79.5,20.5,0.0
80.5,20.5,0.0
81.5,20.5,0.0
82.5,20.5,0.0
83.5,20.5,0.0
84.5,20.5,0.0
85.5,20.5,0.0
86.5,20.5,0.0
87.5,20.5,0.0
88.5,20.5,0.0
89.5,20.5,0.0
90.5,20.5,0.0
91.5,20.5,0.0
92.5,20.5,0.0
93.5,20.5,0.0
94.5,20.5,0.0
95.5,20.5,0.0
96.5,20.5,0.0
97.5,20.5,0.0
98.5,20.5,0.0
99.5,20.5,0.0
100.5,20.5,0.0
101.5,20.5,0.0
102.5,20.5,0.0
103.5,20.5,0.0
104.5,20.5,0.0
105.5,20.5,0.0
106.5,20.5,0.0
107.5,20.5,0.0
108.5,20.5,0.0
109.5,20.5,0.0
110.5,20.5,0.0
111.5,20.5,0.0
112.5,20.5,0.0
113.5,20.5,0.0
114.5,20.5,0.0
115.5,20.5,0.0
116.5,20.5,0.0
117.5,20.5,0.0
118.5,20.5,0.0
119.5,20.5,0.0
120.5,20.5,0.0
121.5,20.5,0.0
122.5,20.5,0.0
123.5,20.5,0.0
124.5,20.5,0.0
125.5,20.5,0.0
126.5,20.5,0.0
127.5,20.5,0.0
128.5,20.5,0.0
129.5,20.5,0.0
130.5,20.5,0.0
131.5,20.5,0.0
132.5,20.5,0.0
133.5,20.5,0.0
134.5,20.5,0.0
135.5,20.5,0.0
136.5,20.5,0.0
137.5,20.5,0.0
138.5,20.5,0.0
139.5,20.5,0.0
140.5,20.5,0.0
141.5,20.5,0.0
142.5,20.5,0.0
143.5,20.5,0.0
144.5,20.5,0.0
145.5,20.5,0.0
146.5,20.5,0.0
147.5,20.5,0.0
148.5,20.5,0.0
149.5,20.5,0.0
150.5,20.5,0.0
151.5,20.5,0.0
152.5,20.5,0.0
153.5,20.5,0.0
154.5,20.5,0.0
155.5,20.5,0.0
156.5,20.5,0.0
157.5,20.5,0.0
158.5,20.5,0.0
159.5,20.5,0.0
160.5,20.5,0.0
161.5,20.5,0.0
162.5,20.5,0.0
163.5,20.5,0.0
164.5,20.5,0.0
165.5,20.5,0.0
166.5,20.5,0.0
167.5,20.5,0.0
168.5,20.5,0.0
169.5,20.5,0.0
170.5,20.5,0.0
171.5,20.5,0.0
172.5,20.5,0.0
173.5,20.5,0.0
174.5,20.5,0.0
175.5,20.5,0.0
176.5,20.5,0.0
177.5,20.5,0.0
178.5,20.5,0.0
179.5,20.5,0.0
180.5,20.5,0.0
181.5,20.5,0.0
182.5,20.5,0.0
183.5,20.5,0.0
184.5,20.5,0.0
185.5,20.5,0.0
186.5,20.5,0.0
187.5,20.5,0.0
188.5,20.5,0.0
189.5,20.5,0.0
190.5,20.5,0.0
191.5,20.5,0.0
192.5,20.5,0.0
193.5,20.5,0.0
194.5,20.5,0.0
195.5,20.5,0.0
196.5,20.5,0.0
197.5,20.5,0.0
198.5,20.5,0.0
199.5,20.5,0.0
0.5,21.5,0.0
1.5,21.5,0.0
2.5,21.5,0.0
3.5,21.5,0.0
4.5,21.5,0.0
5.5,21.5,0.0
6.5,21.5,0.0
7.5,21.5,0.0
8.5,21.5,0.0
9.5,21.5,0.0
10.5,21.5,0.0
11.5,21.5,0.0
12.5,21.5,0.0
13.5,21.5,0.0
14.5,21.5,0.0
15.5,21.5,0.0
16.5,21.5,0.0
17.5,21.5,0.0
18.5,21.5,0.0
19.5,21.5,0.0
20.5,21.5,0.0
21.5,21.5,0.0
22.5,21.5,0.0
23.5,21.5,0.0
24.5,21.5,0.0
25.5,21.5,0.0
26.5,21.5,0.0
27.5,21.5,0.0
28.5,21.5,0.0
29.5,21.5,0.0
30.5,21.5,0.0
31.5,21.5,0.0
32.5,21.5,0.0
33.5,21.5,0.0
34.5,21.5,0.0
35.5,21.5,0.0
36.5,21.5,0.0
37.5,21.5,0.0
38.5,21.5,0.0
39.5,21.5,0.0
40.5,21.5,0.0
41.5,21.5,0.0
42.5,21.5,0.0
43.5,21.5,0.0
44.5,21.5,0.0
45.5,21.5,0.0
46.5,21.5,0.0
47.5,21.5,0.0
48.5,21.5,0.0
49.5,21.5,0.0
50.5,21.5,0.0
51.5,21.5,0.0
52.5,21.5,0.0
53.5,21.5,0.0
54.5,21.5,0.0
55.5,21.5,0.0
56.5,21.5,0.0
57.5,21.5,0.0
58.5,21.5,0.0
59.5,21.5,0.0
60.5,21.5,0.0
61.5,21.5,0.0
62.5,21.5,0.0
63.5,21.5,0.0
64.5,21.5,0.0
65.5,21.5,0.0
66.5,21.5,0.0
67.5,21.5,0.0
68.5,21.5,0.0
69.5,21.5,0.0
70.5,21.5,0.0
71.5,21.5,0.0
72.5,21.5,0.0
73.5,21.5,0.0
74.5,21.5,0.0
75.5,21.5,0.0
76.5,21.5,0.0
77.5,21.5,0.0
78.5,21.5,0.0
79.5,21.5,0.0
80.5,21.5,0.0
81.5,21.5,0.0
82.5,21.5,0.0
83.5,21.5,0.0
84.5,21.5,0.0
85.5,21.5,0.0
86.5,21.5,0.0
87.5,21.5,0.0
88.5,21.5,0.0
89.5,21.5,0.0
90.5,21.5,0.0
91.5,21.5,0.0
92.5,21.5,0.0
93.5,21.5,0.0
94.5,21.5,0.0
95.5,21.5,0.0
96.5,21.5,0.0
97.5,21.5,0.0
98.5,21.5,0.0
99.5,21.5,0.0
100.5,21.5,0.0
101.5,21.5,0.0
102.5,21.5,0.0
103.5,21.5,0.0
104.5,21.5,0.0
105.5,21.5,0.0
106.5,21.5,0.0
107.5,21.5,0.0
108.5,21.5,0.0
109.5,21.5,0.0
110.5,21.5,0.0
111.5,21.5,0.0
112.5,21.5,0.0
113.5,21.5,0.0
114.5,21.5,0.0
115.5,21.5,0.0
116.5,21.5,0.0
117.5,21.5,0.0
118.5,21.5,0.0
119.5,21.5,0.0
120.5,21.5,0.0
121.5,21.5,0.0
122.5,21.5,0.0
123.5,21.5,0.0
124.5,21.5,0.0
125.5,21.5,0.0
126.5,21.5,0.0
127.5,21.5,0.0
128.5,21.5,0.0
129.5,21.5,0.0
130.5,21.5,0.0
131.5,21.5,0.0
132.5,21.5,0.0
133.5,21.5,0.0
134.5,21.5,0.0
135.5,21.5,0.0
136.5,21.5,0.0
137.5,21.5,0.0
138.5,21.5,0.0
139.5,21.5,0.0
140.5,21.5,0.0
141.5,21.5,0.0
142.5,21.5,0.0
143.5,21.5,0.0
144.5,21.5,0.0
145.5,21.5,0.0
146.5,21.5,0.0
147.5,21.5,0.0
148.5,21.5,0.0
149.5,21.5,0.0
150.5,21.5,0.0
151.5,21.5,0.0
152.5,21.5,0.0
153.5,21.5,0.0
154.5,21.5,0.0
155.5,21.5,0.0
156.5,21.5,0.0
157.5,21.5,0.0
158.5,21.5,0.0
159.5,21.5,0.0
160.5,21.5,0.0
161.5,21.5,0.0
162.5,21.5,0.0
163.5,21.5,0.0
164.5,21.5,0.0
165.5,21.5,0.0
166.5,21.5,0.0
167.5,21.5,0.0
168.5,21.5,0.0
169.5,21.5,0.0
170.5,21.5,0.0
171.5,21.5,0.0
172.5,21.5,0.0
173.5,21.5,0.0
174.5,21.5,0.0
175.5,21.5,0.0
176.5,21.5,0.0
177.5,21.5,0.0
178.5,21.5,0.0
179.5,21.5,0.0
180.5,21.5,0.0
181.5,21.5,0.0
182.5,21.5,0.0
183.5,21.5,0.0
184.5,21.5,0.0
185.5,21.5,0.0
186.5,21.5,0.0
187.5,21.5,0.0
188.5,21.5,0.0
189.5,21.5,0.0
190.5,21.5,0.0
191.5,21.5,0.0
192.5,21.5,0.0
193.5,21.5,0.0
194.5,21.5,0.0
195.5,21.5,0.0
196.5,21.5,0.0
197.5,21.5,0.0
198.5,21.5,0.0
199.5,21.5,0.0
0.5,22.5,0.0
1.5,22.5,0.0
2.5,22.5,0.0
3.5,22.5,0.0
4.5,22.5,0.0
5.5,22.5,0.0
6.5,22.5,0.0
7.5,22.5,0.0
8.5,22.5,0.0
9.5,22.5,0.0
10.5,22.5,0.0
11.5,22.5,0.0
12.5,22.5,0.0
13.5,22.5,0.0
14.5,22.5,0.0
15.5,22.5,0.0
16.5,22.5,0.0
17.5,22.5,0.0
18.5,22.5,0.0
19.5,22.5,0.0
20.5,22.5,0.0
21.5,22.5,0.0
22.5,22.5,0.0
23.5,22.5,0.0
24.5,22.5,0.0
25.5,22.5,0.0
26.5,22.5,0.0
27.5,22.5,0.0
28.5,22.5,0.0
29.5,22.5,0.0
30.5,22.5,0.0
31.5,22.5,0.0
32.5,22.5,0.0
33.5,22.5,0.0
34.5,22.5,0.0
35.5,22.5,0.0
36.5,22.5,0.0
37.5,22.5,0.0
38.5,22.5,0.0
39.5,22.5,0.0
40.5,22.5,0.0
41.5,22.5,0.0
42.5,22.5,0.0
43.5,22.5,0.0
44.5,22.5,0.0
45.5,22.5,0.0
46.5,22.5,0.0
47.5,22.5,0.0
48.5,22.5,0.0
49.5,22.5,0.0
50.5,22.5,0.0
51.5,22.5,0.0
52.5,22.5,0.0
53.5,22.5,0.0
54.5,22.5,0.0
55.5,22.5,0.0
56.5,22.5,0.0
57.5,22.5,0.0
58.5,22.5,0.0
59.5,22.5,0.0
60.5,22.5,0.0
61.5,22.5,0.0
62.5,22.5,0.0
63.5,22.5,0.0
64.5,22.5,0.0
65.5,22.5,0.0
66.5,22.5,0.0
67.5,22.5,0.0
68.5,22.5,0.0
69.5,22.5,0.0
70.5,22.5,0.0
71.5,22.5,0.0
72.5,22.5,0.0
73.5,22.5,0.0
74.5,22.5,0.0
75.5,22.5,0.0
76.5,22.5,0.0
77.5,22.5,0.0
78.5,22.5,0.0
79.5,22.5,0.0
80.5,22.5,0.0
81.5,22.5,0.0
82.5,22.5,0.0
83.5,22.5,0.0
84.5,22.5,0.0
85.5,22.5,0.0
86.5,22.5,0.0
87.5,22.5,0.0
88.5,22.5,0.0
89.5,22.5,0.0
90.5,22.5,0.0
91.5,22.5,0.0
92.5,22.5,0.0
93.5,22.5,0.0
94.5,22.5,0.0
95.5,22.5,0.0
96.5,22.5,0.0
97.5,22.5,0.0
98.5,22.5,0.0
99.5,22.5,0.0
100.5,22.5,0.0
101.5,22.5,0.0
102.5,22.5,0.0
103.5,22.5,0.0
104.5,22.5,0.0
105.5,22.5,0.0
106.5,22.5,0.0
107.5,22.5,0.0
108.5,22.5,0.0
109.5,22.5,0.0
110.5,22.5,0.0
111.5,22.5,0.0
112.5,22.5,0.0
113.5,22.5,0.0
114.5,22.5,0.0
115.5,22.5,0.0
116.5,22.5,0.0
117.5,22.5,0.0
118.5,22.5,0.0
119.5,22.5,0.0
120.5,22.5,0.0
121.5,22.5,0.0
122.5,22.5,0.0
123.5,22.5,0.0
124.5,22.5,0.0
125.5,22.5,0.0
126.5,22.5,0.0
127.5,22.5,0.0
128.5,22.5,0.0
129.5,22.5,0.0
130.5,22.5,0.0
131.5,22.5,0.0
132.5,22.5,0.0
133.5,22.5,0.0
134.5,22.5,0.0
135.5,22.5,0.0
136.5,22.5,0.0
137.5,22.5,0.0
138.5,22.5,0.0
139.5,22.5,0.0
140.5,22.5,0.0
141.5,22.5,0.0
142.5,22.5,0.0
143.5,22.5,0.0
144.5,22.5,0.0
145.5,22.5,0.0
146.5,22.5,0.0
147.5,22.5,0.0
148.5,22.5,0.0
149.5,22.5,0.0
150.5,22.5,0.0
151.5,22.5,0.0
152.5,22.5,0.0
153.5,22.5,0.0
154.5,22.5,0.0
155.5,22.5,0.0
156.5,22.5,0.0
157.5,22.5,0.0
158.5,22.5,0.0
159.5,22.5,0.0
160.5,22.5,0.0
161.5,22.5,0.0
162.5,22.5,0.0
163.5,22.5,0.0
164.5,22.5,0.0
165.5,22.5,0.0
166.5,22.5,0.0
167.5,22.5,0.0
168.5,22.5,0.0
169.5,22.5,0.0
170.5,22.5,0.0
171.5,22.5,0.0
172.5,22.5,0.0
173.5,22.5,0.0
174.5,22.5,0.0
175.5,22.5,0.0
176.5,22.5,0.0
177.5,22.5,0.0
178.5,22.5,0.0
179.5,22.5,0.0
180.5,22.5,0.0
181.5,22.5,0.0
182.5,22.5,0.0
183.5,22.5,0.0
184.5,22.5,0.0
185.5,22.5,0.0
186.5,22.5,0.0
187.5,22.5,0.0
188.5,22.5,0.0
189.5,22.5,0.0
190.5,22.5,0.0
191.5,22.5,0.0
192.5,22.5,0.0
193.5,22.5,0.0
194.5,22.5,0.0
195.5,22.5,0.0
196.5,22.5,0.0
197.5,22.5,0.0
198.5,22.5,0.0
199.5,22.5,0.0
0.5,23.5,0.0
1.5,23.5,0.0
2.5,23.5,0.0
3.5,23.5,0.0
4.5,23.5,0.0
5.5,23.5,0.0
6.5,23.5,0.0
7.5,23.5,0.0
8.5,23.5,0.0
9.5,23.5,0.0
10.5,23.5,0.0
11.5,23.5,0.0
12.5,23.5,0.0
13.5,23.5,0.0
14.5,23.5,0.0
15.5,23.5,0.0
16.5,23.5,0.0
17.5,23.5,0.0
18.5,23.5,0.0
19.5,23.5,0.0
20.5,23.5,0.0
21.5,23.5,0.0
22.5,23.5,0.0
23.5,23.5,0.0
24.5,23.5,0.0
25.5,23.5,0.0
26.5,23.5,0.0
27.5,23.5,0.0
28.5,23.5,0.0
29.5,23.5,0.0
30.5,23.5,0.0
31.5,23.5,0.0
32.5,23.5,0.0
33.5,23.5,0.0
34.5,23.5,0.0
35.5,23.5,0.0
36.5,23.5,0.0
37.5,23.5,0.0
38.5,23.5,0.0
39.5,23.5,0.0
40.5,23.5,0.0
41.5,23.5,0.0
42.5,23.5,0.0
43.5,23.5,0.0
44.5,23.5,0.0
45.5,23.5,0.0
46.5,23.5,0.0
47.5,23.5,0.0
48.5,23.5,0.0
49.5,23.5,0.0
50.5,23.5,0.0
51.5,23.5,0.0
52.5,23.5,0.0
53.5,23.5,0.0
54.5,23.5,0.0
55.5,23.5,0.0
56.5,23.5,0.0
57.5,23.5,0.0
58.5,23.5,0.0
59.5,23.5,0.0
60.5,23.5,0.0
61.5,23.5,0.0
62.5,23.5,0.0
63.5,23.5,0.0
64.5,23.5,0.0
65.5,23.5,0.0
66.5,23.5,0.0
67.5,23.5,0.0
68.5,23.5,0.0
69.5,23.5,0.0
70.5,23.5,0.0
71.5,23.5,0.0
72.5,23.5,0.0
73.5,23.5,0.0
74.5,23.5,0.0
75.5,23.5,0.0
76.5,23.5,0.0
77.5,23.5,0.0
78.5,23.5,0.0
79.5,23.5,0.0
80.5,23.5,0.0
81.5,23.5,0.0
82.5,23.5,0.0
83.5,23.5,0.0
84.5,23.5,0.0
85.5,23.5,0.0
86.5,23.5,0.0
87.5,23.5,0.0
88.5,23.5,0.0
89.5,23.5,0.0
90.5,23.5,0.0
91.5,23.5,0.0
92.5,23.5,0.0
93.5,23.5,0.0
94.5,23.5,0.0
95.5,23.5,0.0
96.5,23.5,0.0
97.5,23.5,0.0
98.5,23.5,0.0
99.5,23.5,0.0
100.5,23.5,0.0
101.5,23.5,0.0
102.5,23.5,0.0
103.5,23.5,0.0
104.5,23.5,0.0
105.5,23.5,0.0
106.5,23.5,0.0
107.5,23.5,0.0
108.5,23.5,0.0
109.5,23.5,0.0
110.5,23.5,0.0
111.5,23.5,0.0
112.5,23.5,0.0
113.5,23.5,0.0
114.5,23.5,0.0
115.5,23.5,0.0
116.5,23.5,0.0
117.5,23.5,0.0
118.5,23.5,0.0
119.5,23.5,0.0
120.5,23.5,0.0
121.5,23.5,0.0
122.5,23.5,0.0
123.5,23.5,0.0
124.5,23.5,0.0
125.5,23.5,0.0
126.5,23.5,0.0
127.5,23.5,0.0
128.5,23.5,0.0
129.5,23.5,0.0
130.5,23.5,0.0
131.5,23.5,0.0
132.5,23.5,0.0
133.5,23.5,0.0
134.5,23.5,0.0
135.5,23.5,0.0
136.5,23.5,0.0
137.5,23.5,0.0
138.5,23.5,0.0
139.5,23.5,0.0
140.5,23.5,0.0
141.5,23.5,0.0
142.5,23.5,0.0
143.5,23.5,0.0
144.5,23.5,0.0
145.5,23.5,0.0
146.5,23.5,0.0
147.5,23.5,0.0
148.5,23.5,0.0
149.5,23.5,0.0
150.5,23.5,0.0
151.5,23.5,0.0
152.5,23.5,0.0
153.5,23.5,0.0
154.5,23.5,0.0
155.5,23.5,0.0
156.5,23.5,0.0
157.5,23.5,0.0
158.5,23.5,0.0
159.5,23.5,0.0
160.5,23.5,0.0
161.5,23.5,0.0
162.5,23.5,0.0
163.5,23.5,0.0
164.5,23.5,0.0
165.5,23.5,0.0
166.5,23.5,0.0
167.5,23.5,0.0
168.5,23.5,0.0
169.5,23.5,0.0
170.5,23.5,0.0
171.5,23.5,0.0
172.5,23.5,0.0
173.5,23.5,0.0
174.5,23.5,0.0
175.5,23.5,0.0
176.5,23.5,0.0
177.5,23.5,0.0
178.5,23.5,0.0
179.5,23.5,0.0
180.5,23.5,0.0
181.5,23.5,0.0
182.5,23.5,0.0
183.5,23.5,0.0
184.5,23.5,0.0
185.5,23.5,0.0
186.5,23.5,0.0
187.5,23.5,0.0
188.5,23.5,0.0
189.5,23.5,0.0
190.5,23.5,0.0
191.5,23.5,0.0
192.5,23.5,0.0
193.5,23.5,0.0
194.5,23.5,0.0
195.5,23.5,0.0
196.5,23.5,0.0
197.5,23.5,0.0
198.5,23.5,0.0
199.5,23.5,0.0
0.5,24.5,0.0
1.5,24.5,0.0
2.5,24.5,0.0
3.5,24.5,0.0
4.5,24.5,0.0
5.5,24.5,0.0
6.5,24.5,0.0
7.5,24.5,0.0
8.5,24.5,0.0
9.5,24.5,0.0
10.5,24.5,0.0
11.5,24.5,0.0
12.5,24.5,0.0
13.5,24.5,0.0
14.5,24.5,0.0
15.5,24.5,0.0
16.5,24.5,0.0
17.5,24.5,0.0
18.5,24.5,0.0
19.5,24.5,0.0
20.5,24.5,0.0
21.5,24.5,0.0
22.5,24.5,0.0
23.5,24.5,0.0
24.5,24.5,0.0
25.5,24.5,0.0
26.5,24.5,0.0
27.5,24.5,0.0
28.5,24.5,0.0
29.5,24.5,0.0
30.5,24.5,0.0
31.5,24.5,0.0
32.5,24.5,0.0
33.5,24.5,0.0
34.5,24.5,0.0
35.5,24.5,0.0
36.5,24.5,0.0
37.5,24.5,0.0
38.5,24.5,0.0
39.5,24.5,0.0
40.5,24.5,0.0
41.5,24.5,0.0
42.5,24.5,0.0
43.5,24.5,0.0
44.5,24.5,0.0
45.5,24.5,0.0
46.5,24.5,0.0
47.5,24.5,0.0
48.5,24.5,0.0
49.5,24.5,0.0
50.5,24.5,0.0
51.5,24.5,0.0
52.5,24.5,0.0
53.5,24.5,0.0
54.5,24.5,0.0
55.5,24.5,0.0
56.5,24.5,0.0
57.5,24.5,0.0
58.5,24.5,0.0
59.5,24.5,0.0
60.5,24.5,0.0
61.5,24.5,0.0
62.5,24.5,0.0
63.5,24.5,0.0
64.5,24.5,0.0
65.5,24.5,0.0
66.5,24.5,0.0
67.5,24.5,0.0
68.5,24.5,0.0
69.5,24.5,0.0
70.5,24.5,0.0
71.5,24.5,0.0
72.5,24.5,0.0
73.5,24.5,0.0
74.5,24.5,0.0
75.5,24.5,0.0
76.5,24.5,0.0
77.5,24.5,0.0
78.5,24.5,0.0
79.5,24.5,0.0
80.5,24.5,0.0
81.5,24.5,0.0
82.5,24.5,0.0
83.5,24.5,0.0
84.5,24.5,0.0
85.5,24.5,0.0
86.5,24.5,0.0
87.5,24.5,0.0
88.5,24.5,0.0
89.5,24.5,0.0
90.5,24.5,0.0
91.5,24.5,0.0
92.5,24.5,0.0
93.5,24.5,0.0
94.5,24.5,0.0
95.5,24.5,0.0
96.5,24.5,0.0
97.5,24.5,0.0
98.5,24.5,0.0
99.5,24.5,0.0
100.5,24.5,0.0
101.5,24.5,0.0
102.5,24.5,0.0
103.5,24.5,0.0
104.5,24.5,0.0
105.5,24.5,0.0
106.5,24.5,0.0
107.5,24.5,0.0
108.5,24.5,0.0
109.5,24.5,0.0
110.5,24.5,0.0
111.5,24.5,0.0
112.5,24.5,0.0
113.5,24.5,0.0
114.5,24.5,0.0
115.5,24.5,0.0
116.5,24.5,0.0
117.5,24.5,0.0
118.5,24.5,0.0
119.5,24.5,0.0
120.5,24.5,0.0
121.5,24.5,0.0
122.5,24.5,0.0
123.5,24.5,0.0
124.5,24.5,0.0
125.5,24.5,0.0
126.5,24.5,0.0
127.5,24.5,0.0
128.5,24.5,0.0
129.5,24.5,0.0
130.5,24.5,0.0
131.5,24.5,0.0
132.5,24.5,0.0
133.5,24.5,0.0
134.5,24.5,0.0
135.5,24.5,0.0
136.5,24.5,0.0
137.5,24.5,0.0
138.5,24.5,0.0
139.5,24.5,0.0
140.5,24.5,0.0
141.5,24.5,0.0
142.5,24.5,0.0
143.5,24.5,0.0
144.5,24.5,0.0
145.5,24.5,0.0
146.5,24.5,0.0
147.5,24.5,0.0
148.5,24.5,0.0
149.5,24.5,0.0
150.5,24.5,0.0
151.5,24.5,0.0
152.5,24.5,0.0
153.5,24.5,0.0
154.5,24.5,0.0
155.5,24.5,0.0
156.5,24.5,0.0
157.5,24.5,0.0
158.5,24.5,0.0
159.5,24.5,0.0
160.5,24.5,0.0
161.5,24.5,0.0
162.5,24.5,0.0
163.5,24.5,0.0
164.5,24.5,0.0
165.5,24.5,0.0
166.5,24.5,0.0
167.5,24.5,0.0
168.5,24.5,0.0
169.5,24.5,0.0
170.5,24.5,0.0
171.5,24.5,0.0
172.5,24.5,0.0
173.5,24.5,0.0
174.5,24.5,0.0
175.5,24.5,0.0
176.5,24.5,0.0
177.5,24.5,0.0
178.5,24.5,0.0
179.5,24.5,0.0
180.5,24.5,0.0
181.5,24.5,0.0
182.5,24.5,0.0
183.5,24.5,0.0
184.5,24.5,0.0
185.5,24.5,0.0
186.5,24.5,0.0
187.5,24.5,0.0
188.5,24.5,0.0
189.5,24.5,0.0
190.5,24.5,0.0
191.5,24.5,0.0
192.5,24.5,0.0
193.5,24.5,0.0
194.5,24.5,0.0
195.5,24.5,0.0
196.5,24.5,0.0
197.5,24.5,0.0
198.5,24.5,0.0
199.5,24.5,0.0
0.5,25.5,0.0
1.5,25.5,0.0
2.5,25.5,0.0
3.5,25.5,0.0
4.5,25.5,0.0
5.5,25.5,0.0
6.5,25.5,0.0
7.5,25.5,0.0
8.5,25.5,0.0
9.5,25.5,0.0
10.5,25.5,0.0
11.5,25.5,0.0
12.5,25.5,0.0
13.5,25.5,0.0
14.5,25.5,0.0
15.5,25.5,0.0
16.5,25.5,0.0
17.5,25.5,0.0
18.5,25.5,0.0
19.5,25.5,0.0
20.5,25.5,0.0
21.5,25.5,0.0
22.5,25.5,0.0
23.5,25.5,0.0
24.5,25.5,0.0
25.5,25.5,0.0
26.5,25.5,0.0
27.5,25.5,0.0
28.5,25.5,0.0
29.5,25.5,0.0
30.5,25.5,0.0
31.5,25.5,0.0
32.5,25.5,0.0
33.5,25.5,0.0
34.5,25.5,0.0
35.5,25.5,0.0
36.5,25.5,0.0
37.5,25.5,0.0
38.5,25.5,0.0
39.5,25.5,0.0
40.5,25.5,0.0
41.5,25.5,0.0
42.5,25.5,0.0
43.5,25.5,0.0
44.5,25.5,0.0
45.5,25.5,0.0
46.5,25.5,0.0
47.5,25.5,0.0
48.5,25.5,0.0
49.5,25.5,0.0
50.5,25.5,0.0
51.5,25.5,0.0
52.5,25.5,0.0
53.5,25.5,0.0
54.5,25.5,0.0
55.5,25.5,0.0
56.5,25.5,0.0
57.5,25.5,0.0
58.5,25.5,0.0
59.5,25.5,0.0
60.5,25.5,0.0
61.5,25.5,0.0
62.5,25.5,0.0
63.5,25.5,0.0
64.5,25.5,0.0
65.5,25.5,0.0
66.5,25.5,0.0
67.5,25.5,0.0
68.5,25.5,0.0
69.5,25.5,0.0
70.5,25.5,0.0
71.5,25.5,0.0
72.5,25.5,0.0
73.5,25.5,0.0
74.5,25.5,0.0
75.5,25.5,0.0
76.5,25.5,0.0
77.5,25.5,0.0
78.5,25.5,0.0
79.5,25.5,0.0
80.5,25.5,0.0
81.5,25.5,0.0
82.5,25.5,0.0
83.5,25.5,0.0
84.5,25.5,0.0
85.5,25.5,0.0
86.5,25.5,0.0
87.5,25.5,0.0
88.5,25.5,0.0
89.5,25.5,0.0
90.5,25.5,0.0
91.5,25.5,0.0
92.5,25.5,0.0
93.5,25.5,0.0
94.5,25.5,0.0
95.5,25.5,0.0
96.5,25.5,0.0
97.5,25.5,0.0
98.5,25.5,0.0
99.5,25.5,0.0
100.5,25.5,0.0
101.5,25.5,0.0
102.5,25.5,0.0
103.5,25.5,0.0
104.5,25.5,0.0
105.5,25.5,0.0
106.5,25.5,0.0
107.5,25.5,0.0
108.5,25.5,0.0
109.5,25.5,0.0
110.5,25.5,0.0
111.5,25.5,0.0
112.5,25.5,0.0
113.5,25.5,0.0
114.5,25.5,0.0
115.5,25.5,0.0
116.5,25.5,0.0
117.5,25.5,0.0
118.5,25.5,0.0
119.5,25.5,0.0
120.5,25.5,0.0
121.5,25.5,0.0
122.5,25.5,0.0
123.5,25.5,0.0
124.5,25.5,0.0
125.5,25.5,0.0
126.5,25.5,0.0
127.5,25.5,0.0
128.5,25.5,0.0
129.5,25.5,0.0
130.5,25.5,0.0
131.5,25.5,0.0
132.5,25.5,0.0
133.5,25.5,0.0
134.5,25.5,0.0
135.5,25.5,0.0
136.5,25.5,0.0
137.5,25.5,0.0
138.5,25.5,0.0
139.5,25.5,0.0
140.5,25.5,0.0
141.5,25.5,0.0
142.5,25.5,0.0
143.5,25.5,0.0
144.5,25.5,0.0
145.5,25.5,0.0
146.5,25.5,0.0
147.5,25.5,0.0
148.5,25.5,0.0
149.5,25.5,0.0
150.5,25.5,0.0
151.5,25.5,0.0
152.5,25.5,0.0
153.5,25.5,0.0
154.5,25.5,0.0
155.5,25.5,0.0
156.5,25.5,0.0
157.5,25.5,0.0
158.5,25.5,0.0
159.5,25.5,0.0
160.5,25.5,0.0
161.5,25.5,0.0
162.5,25.5,0.0
163.5,25.5,0.0
164.5,25.5,0.0
165.5,25.5,0.0
166.5,25.5,0.0
167.5,25.5,0.0
168.5,25.5,0.0
169.5,25.5,0.0
170.5,25.5,0.0
171.5,25.5,0.0
172.5,25.5,0.0
173.5,25.5,0.0
174.5,25.5,0.0
175.5,25.5,0.0
176.5,25.5,0.0
177.5,25.5,0.0
178.5,25.5,0.0
179.5,25.5,0.0
180.5,25.5,0.0
181.5,25.5,0.0
182.5,25.5,0.0
183.5,25.5,0.0
184.5,25.5,0.0
185.5,25.5,0.0
186.5,25.5,0.0
187.5,25.5,0.0
188.5,25.5,0.0
189.5,25.5,0.0
190.5,25.5,0.0
191.5,25.5,0.0
192.5,25.5,0.0
193.5,25.5,0.0
194.5,25.5,0.0
195.5,25.5,0.0
196.5,25.5,0.0
197.5,25.5,0.0
198.5,25.5,0.0
199.5,25.5,0.0
0.5,26.5,0.0
1.5,26.5,0.0
2.5,26.5,0.0
3.5,26.5,0.0
4.5,26.5,0.0
5.5,26.5,0.0
6.5,26.5,0.0
7.5,26.5,0.0
8.5,26.5,0.0
9.5,26.5,0.0
10.5,26.5,0.0
11.5,26.5,0.0
12.5,26.5,0.0
13.5,26.5,0.0
14.5,26.5,0.0
15.5,26.5,0.0
16.5,26.5,0.0
17.5,26.5,0.0
18.5,26.5,0.0
19.5,26.5,0.0
20.5,26.5,0.0
21.5,26.5,0.0
22.5,26.5,0.0
23.5,26.5,0.0
24.5,26.5,0.0
25.5,26.5,0.0
26.5,26.5,0.0
27.5,26.5,0.0
28.5,26.5,0.0
29.5,26.5,0.0
30.5,26.5,0.0
31.5,26.5,0.0
32.5,26.5,0.0
33.5,26.5,0.0
34.5,26.5,0.0
35.5,26.5,0.0
36.5,26.5,0.0
37.5,26.5,0.0
38.5,26.5,0.0
39.5,26.5,0.0
40.5,26.5,0.0
41.5,26.5,0.0
42.5,26.5,0.0
43.5,26.5,0.0
44.5,26.5,0.0
45.5,26.5,0.0
46.5,26.5,0.0
47.5,26.5,0.0
48.5,26.5,0.0
49.5,26.5,0.0
50.5,26.5,0.0
51.5,26.5,0.0
52.5,26.5,0.0
53.5,26.5,0.0
54.5,26.5,0.0
55.5,26.5,0.0
56.5,26.5,0.0
57.5,26.5,0.0
58.5,26.5,0.0
59.5,26.5,0.0
60.5,26.5,0.0
61.5,26.5,0.0
62.5,26.5,0.0
63.5,26.5,0.0
64.5,26.5,0.0
65.5,26.5,0.0
66.5,26.5,0.0
67.5,26.5,0.0
68.5,26.5,0.0
69.5,26.5,0.0
70.5,26.5,0.0
71.5,26.5,0.0
72.5,26.5,0.0
73.5,26.5,0.0
74.5,26.5,0.0
75.5,26.5,0.0
76.5,26.5,0.0
77.5,26.5,0.0
78.5,26.5,0.0
79.5,26.5,0.0
80.5,26.5,0.0
81.5,26.5,0.0
82.5,26.5,0.0
83.5,26.5,0.0
84.5,26.5,0.0
85.5,26.5,0.0
86.5,26.5,0.0
87.5,26.5,0.0
88.5,26.5,0.0
89.5,26.5,0.0
90.5,26.5,0.0
91.5,26.5,0.0
92.5,26.5,0.0
93.5,26.5,0.0
94.5,26.5,0.0
95.5,26.5,0.0
96.5,26.5,0.0
97.5,26.5,0.0
98.5,26.5,0.0
99.5,26.5,0.0
100.5,26.5,0.0
101.5,26.5,0.0
102.5,26.5,0.0
103.5,26.5,0.0
104.5,26.5,0.0
105.5,26.5,0.0
106.5,26.5,0.0
107.5,26.5,0.0
108.5,26.5,0.0
109.5,26.5,0.0
110.5,26.5,0.0
111.5,26.5,0.0
112.5,26.5,0.0
113.5,26.5,0.0
114.5,26.5,0.0
115.5,26.5,0.0
116.5,26.5,0.0
117.5,26.5,0.0
118.5,26.5,0.0
119.5,26.5,0.0
120.5,26.5,0.0
121.5,26.5,0.0
122.5,26.5,0.0
123.5,26.5,0.0
124.5,26.5,0.0
125.5,26.5,0.0
126.5,26.5,0.0
127.5,26.5,0.0
128.5,26.5,0.0
129.5,26.5,0.0
130.5,26.5,0.0
131.5,26.5,0.0
132.5,26.5,0.0
133.5,26.5,0.0
134.5,26.5,0.0
135.5,26.5,0.0
136.5,26.5,0.0
137.5,26.5,0.0
138.5,26.5,0.0
139.5,26.5,0.0
140.5,26.5,0.0
141.5,26.5,0.0
142.5,26.5,0.0
143.5,26.5,0.0
144.5,26.5,0.0
145.5,26.5,0.0
146.5,26.5,0.0
147.5,26.5,0.0
148.5,26.5,0.0
149.5,26.5,0.0
150.5,26.5,0.0
151.5,26.5,0.0
152.5,26.5,0.0
153.5,26.5,0.0
154.5,26.5,0.0
155.5,26.5,0.0
156.5,26.5,0.0
157.5,26.5,0.0
158.5,26.5,0.0
159.5,26.5,0.0
160.5,26.5,0.0
161.5,26.5,0.0
162.5,26.5,0.0
163.5,26.5,0.0
164.5,26.5,0.0
165.5,26.5,0.0
166.5,26.5,0.0
167.5,26.5,0.0
168.5,26.5,0.0
169.5,26.5,0.0
170.5,26.5,0.0
171.5,26.5,0.0
172.5,26.5,0.0
173.5,26.5,0.0
174.5,26.5,0.0
175.5,26.5,0.0
176.5,26.5,0.0
177.5,26.5,0.0
178.5,26.5,0.0
179.5,26.5,0.0
180.5,26.5,0.0
181.5,26.5,0.0
182.5,26.5,0.0
183.5,26.5,0.0
184.5,26.5,0.0
185.5,26.5,0.0
186.5,26.5,0.0
187.5,26.5,0.0
188.5,26.5,0.0
189.5,26.5,0.0
190.5,26.5,0.0
191.5,26.5,0.0
192.5,26.5,0.0
193.5,26.5,0.0
194.5,26.5,0.0
195.5,26.5,0.0
196.5,26.5,0.0
197.5,26.5,0.0
198.5,26.5,0.0
199.5,26.5,0.0
0.5,27.5,0.0
1.5,27.5,0.0
2.5,27.5,0.0
3.5,27.5,0.0
4.5,27.5,0.0
5.5,27.5,0.0
6.5,27.5,0.0
7.5,27.5,0.0
8.5,27.5,0.0
9.5,27.5,0.0
10.5,27.5,0.0
11.5,27.5,0.0
12.5,27.5,0.0
13.5,27.5,0.0
14.5,27.5,0.0
15.5,27.5,0.0
16.5,27.5,0.0
17.5,27.5,0.0
18.5,27.5,0.0
19.5,27.5,0.0
20.5,27.5,0.0
21.5,27.5,0.0
22.5,27.5,0.0
23.5,27.5,0.0
24.5,27.5,0.0
25.5,27.5,0.0
26.5,27.5,0.0
27.5,27.5,0.0
28.5,27.5,0.0
29.5,27.5,0.0
30.5,27.5,0.0
31.5,27.5,0.0
32.5,27.5,0.0
33.5,27.5,0.0
34.5,27.5,0.0
35.5,27.5,0.0
36.5,27.5,0.0
37.5,27.5,0.0
38.5,27.5,0.0
39.5,27.5,0.0
40.5,27.5,0.0
41.5,27.5,0.0
42.5,27.5,0.0
43.5,27.5,0.0
44.5,27.5,0.0
45.5,27.5,0.0
46.5,27.5,0.0
47.5,27.5,0.0
48.5,27.5,0.0
49.5,27.5,0.0
50.5,27.5,0.0
51.5,27.5,0.0
52.5,27.5,0.0
53.5,27.5,0.0
54.5,27.5,0.0
55.5,27.5,0.0
56.5,27.5,0.0
57.5,27.5,0.0
58.5,27.5,0.0
59.5,27.5,0.0
60.5,27.5,0.0
61.5,27.5,0.0
62.5,27.5,0.0
63.5,27.5,0.0
64.5,27.5,0.0
65.5,27.5,0.0
66.5,27.5,0.0
67.5,27.5,0.0
68.5,27.5,0.0
69.5,27.5,0.0
70.5,27.5,0.0
71.5,27.5,0.0
72.5,27.5,0.0
73.5,27.5,0.0
74.5,27.5,0.0
75.5,27.5,0.0
76.5,27.5,0.0
77.5,27.5,0.0
78.5,27.5,0.0
79.5,27.5,0.0
80.5,27.5,0.0
81.5,27.5,0.0
82.5,27.5,0.0
83.5,27.5,0.0
84.5,27.5,0.0
85.5,27.5,0.0
86.5,27.5,0.0
87.5,27.5,0.0
88.5,27.5,0.0
89.5,27.5,0.0
90.5,27.5,0.0
91.5,27.5,0.0
92.5,27.5,0.0
93.5,27.5,0.0
94.5,27.5,0.0
95.5,27.5,0.0
96.5,27.5,0.0
97.5,27.5,0.0
98.5,27.5,0.0
99.5,27.5,0.0
100.5,27.5,0.0
101.5,27.5,0.0
102.5,27.5,0.0
103.5,27.5,0.0
104.5,27.5,0.0
105.5,27.5,0.0
106.5,27.5,0.0
107.5,27.5,0.0
108.5,27.5,0.0
109.5,27.5,0.0
110.5,27.5,0.0
111.5,27.5,0.0
112.5,27.5,0.0
113.5,27.5,0.0
114.5,27.5,0.0
115.5,27.5,0.0
116.5,27.5,0.0
117.5,27.5,0.0
118.5,27.5,0.0
119.5,27.5,0.0
120.5,27.5,0.0
121.5,27.5,0.0
122.5,27.5,0.0
123.5,27.5,0.0
124.5,27.5,0.0
125.5,27.5,0.0
126.5,27.5,0.0
127.5,27.5,0.0
128.5,27.5,0.0
129.5,27.5,0.0
130.5,27.5,0.0
131.5,27.5,0.0
132.5,27.5,0.0
133.5,27.5,0.0
134.5,27.5,0.0
135.5,27.5,0.0
136.5,27.5,0.0
137.5,27.5,0.0
138.5,27.5,0.0
139.5,27.5,0.0
140.5,27.5,0.0
141.5,27.5,0.0
142.5,27.5,0.0
143.5,27.5,0.0
144.5,27.5,0.0
145.5,27.5,0.0
146.5,27.5,0.0
147.5,27.5,0.0
148.5,27.5,0.0
149.5,27.5,0.0
150.5,27.5,0.0
151.5,27.5,0.0
152.5,27.5,0.0
153.5,27.5,0.0
154.5,27.5,0.0
155.5,27.5,0.0
156.5,27.5,0.0
157.5,27.5,0.0
158.5,27.5,0.0
159.5,27.5,0.0
160.5,27.5,0.0
161.5,27.5,0.0
162.5,27.5,0.0
163.5,27.5,0.0
164.5,27.5,0.0
165.5,27.5,0.0
166.5,27.5,0.0
167.5,27.5,0.0
168.5,27.5,0.0
169.5,27.5,0.0
170.5,27.5,0.0
171.5,27.5,0.0
172.5,27.5,0.0
173.5,27.5,0.0
174.5,27.5,0.0
175.5,27.5,0.0
176.5,27.5,0.0
177.5,27.5,0.0
178.5,27.5,0.0
179.5,27.5,0.0
180.5,27.5,0.0
181.5,27.5,0.0
182.5,27.5,0.0
183.5,27.5,0.0
184.5,27.5,0.0
185.5,27.5,0.0
186.5,27.5,0.0
187.5,27.5,0.0
188.5,27.5,0.0
189.5,27.5,0.0
190.5,27.5,0.0
191.5,27.5,0.0
192.5,27.5,0.0
193.5,27.5,0.0
194.5,27.5,0.0
195.5,27.5,0.0
196.5,27.5,0.0
197.5,27.5,0.0
198.5,27.5,0.0
199.5,27.5,0.0
0.5,28.5,0.0
1.5,28.5,0.0
2.5,28.5,0.0
3.5,28.5,0.0
4.5,28.5,0.0
5.5,28.5,0.0
6.5,28.5,0.0
7.5,28.5,0.0
8.5,28.5,0.0
9.5,28.5,0.0
10.5,28.5,0.0
11.5,28.5,0.0
12.5,28.5,0.0
13.5,28.5,0.0
14.5,28.5,0.0
15.5,28.5,0.0
16.5,28.5,0.0
17.5,28.5,0.0
18.5,28.5,0.0
19.5,28.5,0.0
20.5,28.5,0.0
21.5,28.5,0.0
22.5,28.5,0.0
23.5,28.5,0.0
24.5,28.5,0.0
25.5,28.5,0.0
26.5,28.5,0.0
27.5,28.5,0.0
28.5,28.5,0.0
29.5,28.5,0.0
30.5,28.5,0.0
31.5,28.5,0.0
32.5,28.5,0.0
33.5,28.5,0.0
34.5,28.5,0.0
35.5,28.5,0.0
36.5,28.5,0.0
37.5,28.5,0.0
38.5,28.5,0.0
39.5,28.5,0.0
40.5,28.5,0.0
41.5,28.5,0.0
42.5,28.5,0.0
43.5,28.5,0.0
44.5,28.5,0.0
45.5,28.5,0.0
46.5,28.5,0.0
47.5,28.5,0.0
48.5,28.5,0.0
49.5,28.5,0.0
50.5,28.5,0.0
51.5,28.5,0.0
52.5,28.5,0.0
53.5,28.5,0.0
54.5,28.5,0.0
55.5,28.5,0.0
56.5,28.5,0.0
57.5,28.5,0.0
58.5,28.5,0.0
59.5,28.5,0.0
60.5,28.5,0.0
61.5,28.5,0.0
62.5,28.5,0.0
63.5,28.5,0.0
64.5,28.5,0.0
65.5,28.5,0.0
66.5,28.5,0.0
67.5,28.5,0.0
68.5,28.5,0.0
69.5,28.5,0.0
70.5,28.5,0.0
71.5,28.5,0.0
72.5,28.5,0.0
73.5,28.5,0.0
74.5,28.5,0.0
75.5,28.5,0.0
76.5,28.5,0.0
77.5,28.5,0.0
78.5,28.5,0.0
79.5,28.5,0.0
80.5,28.5,0.0
81.5,28.5,0.0
82.5,28.5,0.0
83.5,28.5,0.0
84.5,28.5,0.0
85.5,28.5,0.0
86.5,28.5,0.0
87.5,28.5,0.0
88.5,28.5,0.0
89.5,28.5,0.0
90.5,28.5,0.0
91.5,28.5,0.0
92.5,28.5,0.0
93.5,28.5,0.0
94.5,28.5,0.0
95.5,28.5,0.0
96.5,28.5,0.0
97.5,28.5,0.0
98.5,28.5,0.0
99.5,28.5,0.0
100.5,28.5,0.0
101.5,28.5,0.0
102.5,28.5,0.0
103.5,28.5,0.0
104.5,28.5,0.0
105.5,28.5,0.0
106.5,28.5,0.0
107.5,28.5,0.0
108.5,28.5,0.0
109.5,28.5,0.0
110.5,28.5,0.0
111.5,28.5,0.0
112.5,28.5,0.0
113.5,28.5,0.0
114.5,28.5,0.0
115.5,28.5,0.0
116.5,28.5,0.0
117.5,28.5,0.0
118.5,28.5,0.0
119.5,28.5,0.0
120.5,28.5,0.0
121.5,28.5,0.0
122.5,28.5,0.0
123.5,28.5,0.0
124.5,28.5,0.0
125.5,28.5,0.0
126.5,28.5,0.0
127.5,28.5,0.0
128.5,28.5,0.0
129.5,28.5,0.0
130.5,28.5,0.0
131.5,28.5,0.0
132.5,28.5,0.0
133.5,28.5,0.0
134.5,28.5,0.0
135.5,28.5,0.0
136.5,28.5,0.0
137.5,28.5,0.0
138.5,28.5,0.0
139.5,28.5,0.0
140.5,28.5,0.0
141.5,28.5,0.0
142.5,28.5,0.0
143.5,28.5,0.0
144.5,28.5,0.0
145.5,28.5,0.0
146.5,28.5,0.0
147.5,28.5,0.0
148.5,28.5,0.0
149.5,28.5,0.0
150.5,28.5,0.0
151.5,28.5,0.0
152.5,28.5,0.0
153.5,28.5,0.0
154.5,28.5,0.0
155.5,28.5,0.0
156.5,28.5,0.0
157.5,28.5,0.0
158.5,28.5,0.0
159.5,28.5,0.0
160.5,28.5,0.0
161.5,28.5,0.0
162.5,28.5,0.0
163.5,28.5,0.0
164.5,28.5,0.0
165.5,28.5,0.0
166.5,28.5,0.0
167.5,28.5,0.0
168.5,28.5,0.0
169.5,28.5,0.0
170.5,28.5,0.0
171.5,28.5,0.0
172.5,28.5,0.0
173.5,28.5,0.0
174.5,28.5,0.0
175.5,28.5,0.0
176.5,28.5,0.0
177.5,28.5,0.0
178.5,28.5,0.0
179.5,28.5,0.0
180.5,28.5,0.0
181.5,28.5,0.0
182.5,28.5,0.0
183.5,28.5,0.0
184.5,28.5,0.0
185.5,28.5,0.0
186.5,28.5,0.0
187.5,28.5,0.0
188.5,28.5,0.0
189.5,28.5,0.0
190.5,28.5,0.0
191.5,28.5,0.0
192.5,28.5,0.0
193.5,28.5,0.0
194.5,28.5,0.0
195.5,28.5,0.0
196.5,28.5,0.0
197.5,28.5,0.0
198.5,28.5,0.0
199.5,28.5,0.0
0.5,29.5,0.0
1.5,29.5,0.0
2.5,29.5,0.0
3.5,29.5,0.0
4.5,29.5,0.0
5.5,29.5,0.0
6.5,29.5,0.0
7.5,29.5,0.0
8.5,29.5,0.0
9.5,29.5,0.0
10.5,29.5,0.0
11.5,29.5,0.0
12.5,29.5,0.0
13.5,29.5,0.0
14.5,29.5,0.0
15.5,29.5,0.0
16.5,29.5,0.0
17.5,29.5,0.0
18.5,29.5,0.0
19.5,29.5,0.0
20.5,29.5,0.0
21.5,29.5,0.0
22.5,29.5,0.0
23.5,29.5,0.0
24.5,29.5,0.0
25.5,29.5,0.0
26.5,29.5,0.0
27.5,29.5,0.0
28.5,29.5,0.0
29.5,29.5,0.0
30.5,29.5,0.0
31.5,29.5,0.0
32.5,29.5,0.0
33.5,29.5,0.0
34.5,29.5,0.0
35.5,29.5,0.0
36.5,29.5,0.0
37.5,29.5,0.0
38.5,29.5,0.0
39.5,29.5,0.0
40.5,29.5,0.0
41.5,29.5,0.0
42.5,29.5,0.0
43.5,29.5,0.0
44.5,29.5,0.0
45.5,29.5,0.0
46.5,29.5,0.0
47.5,29.5,0.0
48.5,29.5,0.0
49.5,29.5,0.0
50.5,29.5,0.0
51.5,29.5,0.0
52.5,29.5,0.0
53.5,29.5,0.0
54.5,29.5,0.0
55.5,29.5,0.0
56.5,29.5,0.0
57.5,29.5,0.0
58.5,29.5,0.0
59.5,29.5,0.0
60.5,29.5,0.0
61.5,29.5,0.0
62.5,29.5,0.0
63.5,29.5,0.0
64.5,29.5,0.0
65.5,29.5,0.0
66.5,29.5,0.0
67.5,29.5,0.0
68.5,29.5,0.0
69.5,29.5,0.0
70.5,29.5,0.0
71.5,29.5,0.0
72.5,29.5,0.0
73.5,29.5,0.0
74.5,29.5,0.0
75.5,29.5,0.0
76.5,29.5,0.0
77.5,29.5,0.0
78.5,29.5,0.0
79.5,29.5,0.0
80.5,29.5,0.0
81.5,29.5,0.0
82.5,29.5,0.0
83.5,29.5,0.0
84.5,29.5,0.0
85.5,29.5,0.0
86.5,29.5,0.0
87.5,29.5,0.0
88.5,29.5,0.0
89.5,29.5,0.0
90.5,29.5,0.0
91.5,29.5,0.0
92.5,29.5,0.0
93.5,29.5,0.0
94.5,29.5,0.0
95.5,29.5,0.0
96.5,29.5,0.0
97.5,29.5,0.0
98.5,29.5,0.0
99.5,29.5,0.0
100.5,29.5,0.0
101.5,29.5,0.0
102.5,29.5,0.0
103.5,29.5,0.0
104.5,29.5,0.0
105.5,29.5,0.0
106.5,29.5,0.0
107.5,29.5,0.0
108.5,29.5,0.0
109.5,29.5,0.0
110.5,29.5,0.0
111.5,29.5,0.0
112.5,29.5,0.0
113.5,29.5,0.0
114.5,29.5,0.0
115.5,29.5,0.0
116.5,29.5,0.0
117.5,29.5,0.0
118.5,29.5,0.0
119.5,29.5,0.0
120.5,29.5,0.0
121.5,29.5,0.0
122.5,29.5,0.0
123.5,29.5,0.0
124.5,29.5,0.0
125.5,29.5,0.0
126.5,29.5,0.0
127.5,29.5,0.0
128.5,29.5,0.0
129.5,29.5,0.0
130.5,29.5,0.0
131.5,29.5,0.0
132.5,29.5,0.0
133.5,29.5,0.0
134.5,29.5,0.0
135.5,29.5,0.0
136.5,29.5,0.0
137.5,29.5,0.0
138.5,29.5,0.0
139.5,29.5,0.0
140.5,29.5,0.0
141.5,29.5,0.0
142.5,29.5,0.0
143.5,29.5,0.0
144.5,29.5,0.0
145.5,29.5,0.0
146.5,29.5,0.0
147.5,29.5,0.0
148.5,29.5,0.0
149.5,29.5,0.0
150.5,29.5,0.0
151.5,29.5,0.0
152.5,29.5,0.0
153.5,29.5,0.0
154.5,29.5,0.0
155.5,29.5,0.0
156.5,29.5,0.0
157.5,29.5,0.0
158.5,29.5,0.0
159.5,29.5,0.0
160.5,29.5,0.0
161.5,29.5,0.0
162.5,29.5,0.0
163.5,29.5,0.0
164.5,29.5,0.0
165.5,29.5,0.0
166.5,29.5,0.0
167.5,29.5,0.0
168.5,29.5,0.0
169.5,29.5,0.0
170.5,29.5,0.0
171.5,29.5,0.0
172.5,29.5,0.0
173.5,29.5,0.0
174.5,29.5,0.0
175.5,29.5,0.0
176.5,29.5,0.0
177.5,29.5,0.0
178.5,29.5,0.0
179.5,29.5,0.0
180.5,29.5,0.0
181.5,29.5,0.0
182.5,29.5,0.0
183.5,29.5,0.0
184.5,29.5,0.0
185.5,29.5,0.0
186.5,29.5,0.0
187.5,29.5,0.0
188.5,29.5,0.0
189.5,29.5,0.0
190.5,29.5,0.0
191.5,29.5,0.0
192.5,29.5,0.0
193.5,29.5,0.0
194.5,29.5,0.0
195.5,29.5,0.0
196.5,29.5,0.0
197.5,29.5,0.0
198.5,29.5,0.0
199.5,29.5,0.0
0.5,30.5,0.0
1.5,30.5,0.0
2.5,30.5,0.0
3.5,30.5,0.0
4.5,30.5,0.0
5.5,30.5,0.0
6.5,30.5,0.0
7.5,30.5,0.0
8.5,30.5,0.0
9.5,30.5,0.0
10.5,30.5,0.0
11.5,30.5,0.0
12.5,30.5,0.0
13.5,30.5,0.0
14.5,30.5,0.0
15.5,30.5,0.0
16.5,30.5,0.0
17.5,30.5,0.0
18.5,30.5,0.0
19.5,30.5,0.0
20.5,30.5,0.0
21.5,30.5,0.0
22.5,30.5,0.0
23.5,30.5,0.0
24.5,30.5,0.0
25.5,30.5,0.0
26.5,30.5,0.0
27.5,30.5,0.0
28.5,30.5,0.0
29.5,30.5,0.0
30.5,30.5,0.0
31.5,30.5,0.0
32.5,30.5,0.0
33.5,30.5,0.0
34.5,30.5,0.0
35.5,30.5,0.0
36.5,30.5,0.0
37.5,30.5,0.0
38.5,30.5,0.0
39.5,30.5,0.0
40.5,30.5,0.0
41.5,30.5,0.0
42.5,30.5,0.0
43.5,30.5,0.0
44.5,30.5,0.0
45.5,30.5,0.0
46.5,30.5,0.0
47.5,30.5,0.0
48.5,30.5,0.0
49.5,30.5,0.0
50.5,30.5,0.0
51.5,30.5,0.0
52.5,30.5,0.0
53.5,30.5,0.0
54.5,30.5,0.0
55.5,30.5,0.0
56.5,30.5,0.0
57.5,30.5,0.0
58.5,30.5,0.0
59.5,30.5,0.0
60.5,30.5,0.0
61.5,30.5,0.0
62.5,30.5,0.0
63.5,30.5,0.0
64.5,30.5,0.0
65.5,30.5,0.0
66.5,30.5,0.0
67.5,30.5,0.0
68.5,30.5,0.0
69.5,30.5,0.0
70.5,30.5,0.0
71.5,30.5,0.0
72.5,30.5,0.0
73.5,30.5,0.0
74.5,30.5,0.0
75.5,30.5,0.0
76.5,30.5,0.0
77.5,30.5,0.0
78.5,30.5,0.0
79.5,30.5,0.0
80.5,30.5,0.0
81.5,30.5,0.0
82.5,30.5,0.0
83.5,30.5,0.0
84.5,30.5,0.0
85.5,30.5,0.0
86.5,30.5,0.0
87.5,30.5,0.0
88.5,30.5,0.0
89.5,30.5,0.0
90.5,30.5,0.0
91.5,30.5,0.0
92.5,30.5,0.0
93.5,30.5,0.0
94.5,30.5,0.0
95.5,30.5,0.0
96.5,30.5,0.0
97.5,30.5,0.0
98.5,30.5,0.0
99.5,30.5,0.0
100.5,30.5,0.0
101.5,30.5,0.0
102.5,30.5,0.0
103.5,30.5,0.0
104.5,30.5,0.0
105.5,30.5,0.0
106.5,30.5,0.0
107.5,30.5,0.0
108.5,30.5,0.0
109.5,30.5,0.0
110.5,30.5,0.0
111.5,30.5,0.0
112.5,30.5,0.0
113.5,30.5,0.0
114.5,30.5,0.0
115.5,30.5,0.0
116.5,30.5,0.0
117.5,30.5,0.0
118.5,30.5,0.0
119.5,30.5,0.0
120.5,30.5,0.0
121.5,30.5,0.0
122.5,30.5,0.0
123.5,30.5,0.0
124.5,30.5,0.0
125.5,30.5,0.0
126.5,30.5,0.0
127.5,30.5,0.0
128.5,30.5,0.0
129.5,30.5,0.0
130.5,30.5,0.0
131.5,30.5,0.0
132.5,30.5,0.0
133.5,30.5,0.0
134.5,30.5,0.0
135.5,30.5,0.0
136.5,30.5,0.0
137.5,30.5,0.0
138.5,30.5,0.0
139.5,30.5,0.0
140.5,30.5,0.0
141.5,30.5,0.0
142.5,30.5,0.0
143.5,30.5,0.0
144.5,30.5,0.0
145.5,30.5,0.0
146.5,30.5,0.0
147.5,30.5,0.0
148.5,30.5,0.0
149.5,30.5,0.0
150.5,30.5,0.0
151.5,30.5,0.0
152.5,30.5,0.0
153.5,30.5,0.0
154.5,30.5,0.0
155.5,30.5,0.0
156.5,30.5,0.0
157.5,30.5,0.0
158.5,30.5,0.0
159.5,30.5,0.0
160.5,30.5,0.0
161.5,30.5,0.0
162.5,30.5,0.0
163.5,30.5,0.0
164.5,30.5,0.0
165.5,30.5,0.0
166.5,30.5,0.0
167.5,30.5,0.0
168.5,30.5,0.0
169.5,30.5,0.0
170.5,30.5,0.0
171.5,30.5,0.0
172.5,30.5,0.0
173.5,30.5,0.0
174.5,30.5,0.0
175.5,30.5,0.0
176.5,30.5,0.0
177.5,30.5,0.0
178.5,30.5,0.0
179.5,30.5,0.0
180.5,30.5,0.0
181.5,30.5,0.0
182.5,30.5,0.0
183.5,30.5,0.0
184.5,30.5,0.0
185.5,30.5,0.0
186.5,30.5,0.0
187.5,30.5,0.0
188.5,30.5,0.0
189.5,30.5,0.0
190.5,30.5,0.0
191.5,30.5,0.0
192.5,30.5,0.0
193.5,30.5,0.0
194.5,30.5,0.0
195.5,30.5,0.0
196.5,30.5,0.0
197.5,30.5,0.0
198.5,30.5,0.0
199.5,30.5,0.0
0.5,31.5,0.0
1.5,31.5,0.0
2.5,31.5,0.0
3.5,31.5,0.0
4.5,31.5,0.0
5.5,31.5,0.0
6.5,31.5,0.0
7.5,31.5,0.0
8.5,31.5,0.0
9.5,31.5,0.0
10.5,31.5,0.0
11.5,31.5,0.0
12.5,31.5,0.0
13.5,31.5,0.0
14.5,31.5,0.0
15.5,31.5,0.0
16.5,31.5,0.0
17.5,31.5,0.0
18.5,31.5,0.0
19.5,31.5,0.0
20.5,31.5,0.0
21.5,31.5,0.0
22.5,31.5,0.0
23.5,31.5,0.0
24.5,31.5,0.0
25.5,31.5,0.0
26.5,31.5,0.0
27.5,31.5,0.0
28.5,31.5,0.0
29.5,31.5,0.0
30.5,31.5,0.0
31.5,31.5,0.0
32.5,31.5,0.0
33.5,31.5,0.0
34.5,31.5,0.0
35.5,31.5,0.0
36.5,31.5,0.0
37.5,31.5,0.0
38.5,31.5,0.0
39.5,31.5,0.0
40.5,31.5,0.0
41.5,31.5,0.0
42.5,31.5,0.0
43.5,31.5,0.0
44.5,31.5,0.0
45.5,31.5,0.0
46.5,31.5,0.0
47.5,31.5,0.0
48.5,31.5,0.0
49.5,31.5,0.0
50.5,31.5,0.0
51.5,31.5,0.0
52.5,31.5,0.0
53.5,31.5,0.0
54.5,31.5,0.0
55.5,31.5,0.0
56.5,31.5,0.0
57.5,31.5,0.0
58.5,31.5,0.0
59.5,31.5,0.0
60.5,31.5,0.0
61.5,31.5,0.0
62.5,31.5,0.0
63.5,31.5,0.0
64.5,31.5,0.0
65.5,31.5,0.0
66.5,31.5,0.0
67.5,31.5,0.0
68.5,31.5,0.0
69.5,31.5,0.0
70.5,31.5,0.0
71.5,31.5,0.0
72.5,31.5,0.0
73.5,31.5,0.0
74.5,31.5,0.0
75.5,31.5,0.0
76.5,31.5,0.0
77.5,31.5,0.0
78.5,31.5,0.0
79.5,31.5,0.0
80.5,31.5,0.0
81.5,31.5,0.0
82.5,31.5,0.0
83.5,31.5,0.0
84.5,31.5,0.0
85.5,31.5,0.0
86.5,31.5,0.0
87.5,31.5,0.0
88.5,31.5,0.0
89.5,31.5,0.0
90.5,31.5,0.0
91.5,31.5,0.0
92.5,31.5,0.0
93.5,31.5,0.0
94.5,31.5,0.0
95.5,31.5,0.0
96.5,31.5,0.0
97.5,31.5,0.0
98.5,31.5,0.0
99.5,31.5,0.0
100.5,31.5,0.0
101.5,31.5,0.0
102.5,31.5,0.0
103.5,31.5,0.0
104.5,31.5,0.0
105.5,31.5,0.0
106.5,31.5,0.0
107.5,31.5,0.0
108.5,31.5,0.0
109.5,31.5,0.0
110.5,31.5,0.0
111.5,31.5,0.0
112.5,31.5,0.0
113.5,31.5,0.0
114.5,31.5,0.0
115.5,31.5,0.0
116.5,31.5,0.0
117.5,31.5,0.0
118.5,31.5,0.0
119.5,31.5,0.0
120.5,31.5,0.0
121.5,31.5,0.0
122.5,31.5,0.0
123.5,31.5,0.0
124.5,31.5,0.0
125.5,31.5,0.0
126.5,31.5,0.0
127.5,31.5,0.0
128.5,31.5,0.0
129.5,31.5,0.0
130.5,31.5,0.0
131.5,31.5,0.0
132.5,31.5,0.0
133.5,31.5,0.0
134.5,31.5,0.0
135.5,31.5,0.0
136.5,31.5,0.0
137.5,31.5,0.0
138.5,31.5,0.0
139.5,31.5,0.0
140.5,31.5,0.0
141.5,31.5,0.0
142.5,31.5,0.0
143.5,31.5,0.0
144.5,31.5,0.0
145.5,31.5,0.0
146.5,31.5,0.0
147.5,31.5,0.0
148.5,31.5,0.0
149.5,31.5,0.0
150.5,31.5,0.0
151.5,31.5,0.0
152.5,31.5,0.0
153.5,31.5,0.0
154.5,31.5,0.0
155.5,31.5,0.0
156.5,31.5,0.0
157.5,31.5,0.0
158.5,31.5,0.0
159.5,31.5,0.0
160.5,31.5,0.0
161.5,31.5,0.0
162.5,31.5,0.0
163.5,31.5,0.0
164.5,31.5,0.0
165.5,31.5,0.0
166.5,31.5,0.0
167.5,31.5,0.0
168.5,31.5,0.0
169.5,31.5,0.0
170.5,31.5,0.0
171.5,31.5,0.0
172.5,31.5,0.0
173.5,31.5,0.0
174.5,31.5,0.0
175.5,31.5,0.0
176.5,31.5,0.0
177.5,31.5,0.0
178.5,31.5,0.0
179.5,31.5,0.0
180.5,31.5,0.0
181.5,31.5,0.0
182.5,31.5,0.0
183.5,31.5,0.0
184.5,31.5,0.0
185.5,31.5,0.0
186.5,31.5,0.0
187.5,31.5,0.0
188.5,31.5,0.0
189.5,31.5,0.0
190.5,31.5,0.0
191.5,31.5,0.0
192.5,31.5,0.0
193.5,31.5,0.0
194.5,31.5,0.0
195.5,31.5,0.0
196.5,31.5,0.0
197.5,31.5,0.0
198.5,31.5,0.0
199.5,31.5,0.0
0.5,32.5,0.0
1.5,32.5,0.0
2.5,32.5,0.0
3.5,32.5,0.0
4.5,32.5,0.0
5.5,32.5,0.0
6.5,32.5,0.0
7.5,32.5,0.0
8.5,32.5,0.0
9.5,32.5,0.0
10.5,32.5,0.0
11.5,32.5,0.0
12.5,32.5,0.0
13.5,32.5,0.0
14.5,32.5,0.0
15.5,32.5,0.0
16.5,32.5,0.0
17.5,32.5,0.0
18.5,32.5,0.0
19.5,32.5,0.0
20.5,32.5,0.0
21.5,32.5,0.0
22.5,32.5,0.0
23.5,32.5,0.0
24.5,32.5,0.0
25.5,32.5,0.0
26.5,32.5,0.0
27.5,32.5,0.0
28.5,32.5,0.0
29.5,32.5,0.0
30.5,32.5,0.0
31.5,32.5,0.0
32.5,32.5,0.0
33.5,32.5,0.0
34.5,32.5,0.0
35.5,32.5,0.0
36.5,32.5,0.0
37.5,32.5,0.0
38.5,32.5,0.0
39.5,32.5,0.0
40.5,32.5,0.0
41.5,32.5,0.0
42.5,32.5,0.0
43.5,32.5,0.0
44.5,32.5,0.0
45.5,32.5,0.0
46.5,32.5,0.0
47.5,32.5,0.0
48.5,32.5,0.0
49.5,32.5,0.0
50.5,32.5,0.0
51.5,32.5,0.0
52.5,32.5,0.0
53.5,32.5,0.0
54.5,32.5,0.0
55.5,32.5,0.0
56.5,32.5,0.0
57.5,32.5,0.0
58.5,32.5,0.0
59.5,32.5,0.0
60.5,32.5,0.0
61.5,32.5,0.0
62.5,32.5,0.0
63.5,32.5,0.0
64.5,32.5,0.0
65.5,32.5,0.0
66.5,32.5,0.0
67.5,32.5,0.0
68.5,32.5,0.0
69.5,32.5,0.0
70.5,32.5,0.0
71.5,32.5,0.0
72.5,32.5,0.0
73.5,32.5,0.0
74.5,32.5,0.0
75.5,32.5,0.0
76.5,32.5,0.0
77.5,32.5,0.0
78.5,32.5,0.0
79.5,32.5,0.0
80.5,32.5,0.0
81.5,32.5,0.0
82.5,32.5,0.0
83.5,32.5,0.0
84.5,32.5,0.0
85.5,32.5,0.0
86.5,32.5,0.0
87.5,32.5,0.0
88.5,32.5,0.0
89.5,32.5,0.0
90.5,32.5,0.0
91.5,32.5,0.0
92.5,32.5,0.0
93.5,32.5,0.0
94.5,32.5,0.0
95.5,32.5,0.0
96.5,32.5,0.0
97.5,32.5,0.0
98.5,32.5,0.0
99.5,32.5,0.0
100.5,32.5,0.0
101.5,32.5,0.0
102.5,32.5,0.0
103.5,32.5,0.0
104.5,32.5,0.0
105.5,32.5,0.0
106.5,32.5,0.0
107.5,32.5,0.0
108.5,32.5,0.0
109.5,32.5,0.0
110.5,32.5,0.0
111.5,32.5,0.0
112.5,32.5,0.0
113.5,32.5,0.0
114.5,32.5,0.0
115.5,32.5,0.0
116.5,32.5,0.0
117.5,32.5,0.0
118.5,32.5,0.0
119.5,32.5,0.0
120.5,32.5,0.0
121.5,32.5,0.0
122.5,32.5,0.0
123.5,32.5,0.0
124.5,32.5,0.0
125.5,32.5,0.0
126.5,32.5,0.0
127.5,32.5,0.0
128.5,32.5,0.0
129.5,32.5,0.0
130.5,32.5,0.0
131.5,32.5,0.0
132.5,32.5,0.0
133.5,32.5,0.0
134.5,32.5,0.0
135.5,32.5,0.0
136.5,32.5,0.0
137.5,32.5,0.0
138.5,32.5,0.0
139.5,32.5,0.0
140.5,32.5,0.0
141.5,32.5,0.0
142.5,32.5,0.0
143.5,32.5,0.0
144.5,32.5,0.0
145.5,32.5,0.0
146.5,32.5,0.0
147.5,32.5,0.0
148.5,32.5,0.0
149.5,32.5,0.0
150.5,32.5,0.0
151.5,32.5,0.0
152.5,32.5,0.0
153.5,32.5,0.0
154.5,32.5,0.0
155.5,32.5,0.0
156.5,32.5,0.0
157.5,32.5,0.0
158.5,32.5,0.0
159.5,32.5,0.0
160.5,32.5,0.0
161.5,32.5,0.0
162.5,32.5,0.0
163.5,32.5,0.0
164.5,32.5,0.0
165.5,32.5,0.0
166.5,32.5,0.0
167.5,32.5,0.0
168.5,32.5,0.0
169.5,32.5,0.0
170.5,32.5,0.0
171.5,32.5,0.0
172.5,32.5,0.0
173.5,32.5,0.0
174.5,32.5,0.0
175.5,32.5,0.0
176.5,32.5,0.0
177.5,32.5,0.0
178.5,32.5,0.0
179.5,32.5,0.0
180.5,32.5,0.0
181.5,32.5,0.0
182.5,32.5,0.0
183.5,32.5,0.0
184.5,32.5,0.0
185.5,32.5,0.0
186.5,32.5,0.0
187.5,32.5,0.0
188.5,32.5,0.0
189.5,32.5,0.0
190.5,32.5,0.0
191.5,32.5,0.0
192.5,32.5,0.0
193.5,32.5,0.0
194.5,32.5,0.0
195.5,32.5,0.0
196.5,32.5,0.0
197.5,32.5,0.0
198.5,32.5,0.0
199.5,32.5,0.0
0.5,33.5,0.0
1.5,33.5,0.0
2.5,33.5,0.0
3.5,33.5,0.0
4.5,33.5,0.0
5.5,33.5,0.0
6.5,33.5,0.0
7.5,33.5,0.0
8.5,33.5,0.0
9.5,33.5,0.0
10.5,33.5,0.0
11.5,33.5,0.0
12.5,33.5,0.0
13.5,33.5,0.0
14.5,33.5,0.0
15.5,33.5,0.0
16.5,33.5,0.0
17.5,33.5,0.0
18.5,33.5,0.0
19.5,33.5,0.0
20.5,33.5,0.0
21.5,33.5,0.0
22.5,33.5,0.0
23.5,33.5,0.0
24.5,33.5,0.0
25.5,33.5,0.0
26.5,33.5,0.0
27.5,33.5,0.0
28.5,33.5,0.0
29.5,33.5,0.0
30.5,33.5,0.0
31.5,33.5,0.0
32.5,33.5,0.0
33.5,33.5,0.0
34.5,33.5,0.0
35.5,33.5,0.0
36.5,33.5,0.0
37.5,33.5,0.0
38.5,33.5,0.0
39.5,33.5,0.0
40.5,33.5,0.0
41.5,33.5,0.0
42.5,33.5,0.0
43.5,33.5,0.0
44.5,33.5,0.0
45.5,33.5,0.0
46.5,33.5,0.0
47.5,33.5,0.0
48.5,33.5,0.0
49.5,33.5,0.0
50.5,33.5,0.0
51.5,33.5,0.0
52.5,33.5,0.0
53.5,33.5,0.0
54.5,33.5,0.0
55.5,33.5,0.0
56.5,33.5,0.0
57.5,33.5,0.0
58.5,33.5,0.0
59.5,33.5,0.0
60.5,33.5,0.0
61.5,33.5,0.0
62.5,33.5,0.0
63.5,33.5,0.0
64.5,33.5,0.0
65.5,33.5,0.0
66.5,33.5,0.0
67.5,33.5,0.0
68.5,33.5,0.0
69.5,33.5,0.0
70.5,33.5,0.0
71.5,33.5,0.0
72.5,33.5,0.0
73.5,33.5,0.0
74.5,33.5,0.0
75.5,33.5,0.0
76.5,33.5,0.0
77.5,33.5,0.0
78.5,33.5,0.0
79.5,33.5,0.0
80.5,33.5,0.0
81.5,33.5,0.0
82.5,33.5,0.0
83.5,33.5,0.0
84.5,33.5,0.0
85.5,33.5,0.0
86.5,33.5,0.0
87.5,33.5,0.0
88.5,33.5,0.0
89.5,33.5,0.0
90.5,33.5,0.0
91.5,33.5,0.0
92.5,33.5,0.0
93.5,33.5,0.0
94.5,33.5,0.0
95.5,33.5,0.0
96.5,33.5,0.0
97.5,33.5,0.0
98.5,33.5,0.0
99.5,33.5,0.0
100.5,33.5,0.0
101.5,33.5,0.0
102.5,33.5,0.0
103.5,33.5,0.0
104.5,33.5,0.0
105.5,33.5,0.0
106.5,33.5,0.0
107.5,33.5,0.0
108.5,33.5,0.0
109.5,33.5,0.0
110.5,33.5,0.0
111.5,33.5,0.0
112.5,33.5,0.0
113.5,33.5,0.0
114.5,33.5,0.0
115.5,33.5,0.0
116.5,33.5,0.0
117.5,33.5,0.0
118.5,33.5,0.0
119.5,33.5,0.0
120.5,33.5,0.0
121.5,33.5,0.0
122.5,33.5,0.0
123.5,33.5,0.0
124.5,33.5,0.0
125.5,33.5,0.0
126.5,33.5,0.0
127.5,33.5,0.0
128.5,33.5,0.0
129.5,33.5,0.0
130.5,33.5,0.0
131.5,33.5,0.0
132.5,33.5,0.0
133.5,33.5,0.0
134.5,33.5,0.0
135.5,33.5,0.0
136.5,33.5,0.0
137.5,33.5,0.0
138.5,33.5,0.0
139.5,33.5,0.0
140.5,33.5,0.0
141.5,33.5,0.0
142.5,33.5,0.0
143.5,33.5,0.0
144.5,33.5,0.0
145.5,33.5,0.0
146.5,33.5,0.0
147.5,33.5,0.0
148.5,33.5,0.0
149.5,33.5,0.0
150.5,33.5,0.0
151.5,33.5,0.0
152.5,33.5,0.0
153.5,33.5,0.0
154.5,33.5,0.0
155.5,33.5,0.0
156.5,33.5,0.0
157.5,33.5,0.0
158.5,33.5,0.0
159.5,33.5,0.0
160.5,33.5,0.0
161.5,33.5,0.0
162.5,33.5,0.0
163.5,33.5,0.0
164.5,33.5,0.0
165.5,33.5,0.0
166.5,33.5,0.0
167.5,33.5,0.0
168.5,33.5,0.0
169.5,33.5,0.0
170.5,33.5,0.0
171.5,33.5,0.0
172.5,33.5,0.0
173.5,33.5,0.0
174.5,33.5,0.0
175.5,33.5,0.0
176.5,33.5,0.0
177.5,33.5,0.0
178.5,33.5,0.0
179.5,33.5,0.0
180.5,33.5,0.0
181.5,33.5,0.0
182.5,33.5,0.0
183.5,33.5,0.0
184.5,33.5,0.0
185.5,33.5,0.0
186.5,33.5,0.0
187.5,33.5,0.0
188.5,33.5,0.0
189.5,33.5,0.0
190.5,33.5,0.0
191.5,33.5,0.0
192.5,33.5,0.0
193.5,33.5,0.0
194.5,33.5,0.0
195.5,33.5,0.0
196.5,33.5,0.0
197.5,33.5,0.0
198.5,33.5,0.0
199.5,33.5,0.0
0.5,34.5,0.0
1.5,34.5,0.0
2.5,34.5,0.0
3.5,34.5,0.0
4.5,34.5,0.0
5.5,34.5,0.0
6.5,34.5,0.0
7.5,34.5,0.0
8.5,34.5,0.0
9.5,34.5,0.0
10.5,34.5,0.0
11.5,34.5,0.0
12.5,34.5,0.0
13.5,34.5,0.0
14.5,34.5,0.0
15.5,34.5,0.0
16.5,34.5,0.0
17.5,34.5,0.0
18.5,34.5,0.0
19.5,34.5,0.0
20.5,34.5,0.0
21.5,34.5,0.0
22.5,34.5,0.0
23.5,34.5,0.0
24.5,34.5,0.0
25.5,34.5,0.0
26.5,34.5,0.0
27.5,34.5,0.0
28.5,34.5,0.0
29.5,34.5,0.0
30.5,34.5,0.0
31.5,34.5,0.0
32.5,34.5,0.0
33.5,34.5,0.0
34.5,34.5,0.0
35.5,34.5,0.0
36.5,34.5,0.0
37.5,34.5,0.0
38.5,34.5,0.0
39.5,34.5,0.0
40.5,34.5,0.0
41.5,34.5,0.0
42.5,34.5,0.0
43.5,34.5,0.0
44.5,34.5,0.0
45.5,34.5,0.0
46.5,34.5,0.0
47.5,34.5,0.0
48.5,34.5,0.0
49.5,34.5,0.0
50.5,34.5,0.0
51.5,34.5,0.0
52.5,34.5,0.0
53.5,34.5,0.0
54.5,34.5,0.0
55.5,34.5,0.0
56.5,34.5,0.0
57.5,34.5,0.0
58.5,34.5,0.0
59.5,34.5,0.0
60.5,34.5,0.0
61.5,34.5,0.0
62.5,34.5,0.0
63.5,34.5,0.0
64.5,34.5,0.0
65.5,34.5,0.0
66.5,34.5,0.0
67.5,34.5,0.0
68.5,34.5,0.0
69.5,34.5,0.0
70.5,34.5,0.0
71.5,34.5,0.0
72.5,34.5,0.0
73.5,34.5,0.0
74.5,34.5,0.0
75.5,34.5,0.0
76.5,34.5,0.0
77.5,34.5,0.0
78.5,34.5,0.0
79.5,34.5,0.0
80.5,34.5,0.0
81.5,34.5,0.0
82.5,34.5,0.0
83.5,34.5,0.0
84.5,34.5,0.0
85.5,34.5,0.0
86.5,34.5,0.0
87.5,34.5,0.0
88.5,34.5,0.0
89.5,34.5,0.0
90.5,34.5,0.0
91.5,34.5,0.0
92.5,34.5,0.0
93.5,34.5,0.0
94.5,34.5,0.0
95.5,34.5,0.0
96.5,34.5,0.0
97.5,34.5,0.0
98.5,34.5,0.0
99.5,34.5,0.0
100.5,34.5,0.0
101.5,34.5,0.0
102.5,34.5,0.0
103.5,34.5,0.0
104.5,34.5,0.0
105.5,34.5,0.0
106.5,34.5,0.0
107.5,34.5,0.0
108.5,34.5,0.0
109.5,34.5,0.0
110.5,34.5,0.0
111.5,34.5,0.0
112.5,34.5,0.0
113.5,34.5,0.0
114.5,34.5,0.0
115.5,34.5,0.0
116.5,34.5,0.0
117.5,34.5,0.0
118.5,34.5,0.0
119.5,34.5,0.0
120.5,34.5,0.0
121.5,34.5,0.0
122.5,34.5,0.0
123.5,34.5,0.0
124.5,34.5,0.0
125.5,34.5,0.0
126.5,34.5,0.0
127.5,34.5,0.0
128.5,34.5,0.0
129.5,34.5,0.0
130.5,34.5,0.0
131.5,34.5,0.0
132.5,34.5,0.0
133.5,34.5,0.0
134.5,34.5,0.0
135.5,34.5,0.0
136.5,34.5,0.0
137.5,34.5,0.0
138.5,34.5,0.0
139.5,34.5,0.0
140.5,34.5,0.0
141.5,34.5,0.0
142.5,34.5,0.0
143.5,34.5,0.0
144.5,34.5,0.0
145.5,34.5,0.0
146.5,34.5,0.0
147.5,34.5,0.0
148.5,34.5,0.0
149.5,34.5,0.0
150.5,34.5,0.0
151.5,34.5,0.0
152.5,34.5,0.0
153.5,34.5,0.0
154.5,34.5,0.0
155.5,34.5,0.0
156.5,34.5,0.0
157.5,34.5,0.0
158.5,34.5,0.0
159.5,34.5,0.0
160.5,34.5,0.0
161.5,34.5,0.0
162.5,34.5,0.0
163.5,34.5,0.0
164.5,34.5,0.0
165.5,34.5,0.0
166.5,34.5,0.0
167.5,34.5,0.0
168.5,34.5,0.0
169.5,34.5,0.0
170.5,34.5,0.0
171.5,34.5,0.0
172.5,34.5,0.0
173.5,34.5,0.0
174.5,34.5,0.0
175.5,34.5,0.0
176.5,34.5,0.0
177.5,34.5,0.0
178.5,34.5,0.0
179.5,34.5,0.0
180.5,34.5,0.0
181.5,34.5,0.0
182.5,34.5,0.0
183.5,34.5,0.0
184.5,34.5,0.0
185.5,34.5,0.0
186.5,34.5,0.0
187.5,34.5,0.0
188.5,34.5,0.0
189.5,34.5,0.0
190.5,34.5,0.0
191.5,34.5,0.0
192.5,34.5,0.0
193.5,34.5,0.0
194.5,34.5,0.0
195.5,34.5,0.0
196.5,34.5,0.0
197.5,34.5,0.0
198.5,34.5,0.0
199.5,34.5,0.0
0.5,35.5,0.0
1.5,35.5,0.0
2.5,35.5,0.0
3.5,35.5,0.0
4.5,35.5,0.0
5.5,35.5,0.0
6.5,35.5,0.0
7.5,35.5,0.0
8.5,35.5,0.0
9.5,35.5,0.0
10.5,35.5,0.0
11.5,35.5,0.0
12.5,35.5,0.0
13.5,35.5,0.0
14.5,35.5,0.0
15.5,35.5,0.0
16.5,35.5,0.0
17.5,35.5,0.0
18.5,35.5,0.0
19.5,35.5,0.0
20.5,35.5,0.0
21.5,35.5,0.0
22.5,35.5,0.0
23.5,35.5,0.0
24.5,35.5,0.0
25.5,35.5,0.0
26.5,35.5,0.0
27.5,35.5,0.0
28.5,35.5,0.0
29.5,35.5,0.0
30.5,35.5,0.0
31.5,35.5,0.0
32.5,35.5,0.0
33.5,35.5,0.0
34.5,35.5,0.0
35.5,35.5,0.0
36.5,35.5,0.0
37.5,35.5,0.0
38.5,35.5,0.0
39.5,35.5,0.0
40.5,35.5,0.0
41.5,35.5,0.0
42.5,35.5,0.0
43.5,35.5,0.0
44.5,35.5,0.0
45.5,35.5,0.0
46.5,35.5,0.0
47.5,35.5,0.0
48.5,35.5,0.0
49.5,35.5,0.0
50.5,35.5,0.0
51.5,35.5,0.0
52.5,35.5,0.0
53.5,35.5,0.0
54.5,35.5,0.0
55.5,35.5,0.0
56.5,35.5,0.0
57.5,35.5,0.0
58.5,35.5,0.0
59.5,35.5,0.0
60.5,35.5,0.0
61.5,35.5,0.0
62.5,35.5,0.0
63.5,35.5,0.0
64.5,35.5,0.0
65.5,35.5,0.0
66.5,35.5,0.0
67.5,35.5,0.0
68.5,35.5,0.0
69.5,35.5,0.0
70.5,35.5,0.0
71.5,35.5,0.0
72.5,35.5,0.0
73.5,35.5,0.0
74.5,35.5,0.0
75.5,35.5,0.0
76.5,35.5,0.0
77.5,35.5,0.0
78.5,35.5,0.0
79.5,35.5,0.0
80.5,35.5,0.0
81.5,35.5,0.0
82.5,35.5,0.0
83.5,35.5,0.0
84.5,35.5,0.0
85.5,35.5,0.0
86.5,35.5,0.0
87.5,35.5,0.0
88.5,35.5,0.0
89.5,35.5,0.0
90.5,35.5,0.0
91.5,35.5,0.0
92.5,35.5,0.0
93.5,35.5,0.0
94.5,35.5,0.0
95.5,35.5,0.0
96.5,35.5,0.0
97.5,35.5,0.0
98.5,35.5,0.0
99.5,35.5,0.0
100.5,35.5,0.0
101.5,35.5,0.0
102.5,35.5,0.0
103.5,35.5,0.0
104.5,35.5,0.0
105.5,35.5,0.0
106.5,35.5,0.0
107.5,35.5,0.0
108.5,35.5,0.0
109.5,35.5,0.0
110.5,35.5,0.0
111.5,35.5,0.0
112.5,35.5,0.0
113.5,35.5,0.0
114.5,35.5,0.0
115.5,35.5,0.0
116.5,35.5,0.0
117.5,35.5,0.0
118.5,35.5,0.0
119.5,35.5,0.0
120.5,35.5,0.0
121.5,35.5,0.0
122.5,35.5,0.0
123.5,35.5,0.0
124.5,35.5,0.0
125.5,35.5,0.0
126.5,35.5,0.0
127.5,35.5,0.0
128.5,35.5,0.0
129.5,35.5,0.0
130.5,35.5,0.0
131.5,35.5,0.0
132.5,35.5,0.0
133.5,35.5,0.0
134.5,35.5,0.0
135.5,35.5,0.0
136.5,35.5,0.0
137.5,35.5,0.0
138.5,35.5,0.0
139.5,35.5,0.0
140.5,35.5,0.0
141.5,35.5,0.0
142.5,35.5,0.0
143.5,35.5,0.0
144.5,35.5,0.0
145.5,35.5,0.0
146.5,35.5,0.0
147.5,35.5,0.0
148.5,35.5,0.0
149.5,35.5,0.0
150.5,35.5,0.0
151.5,35.5,0.0
152.5,35.5,0.0
153.5,35.5,0.0
154.5,35.5,0.0
155.5,35.5,0.0
156.5,35.5,0.0
157.5,35.5,0.0
158.5,35.5,0.0
159.5,35.5,0.0
160.5,35.5,0.0
161.5,35.5,0.0
162.5,35.5,0.0
163.5,35.5,0.0
164.5,35.5,0.0
165.5,35.5,0.0
166.5,35.5,0.0
167.5,35.5,0.0
168.5,35.5,0.0
169.5,35.5,0.0
170.5,35.5,0.0
171.5,35.5,0.0
172.5,35.5,0.0
173.5,35.5,0.0
174.5,35.5,0.0
175.5,35.5,0.0
176.5,35.5,0.0
177.5,35.5,0.0
178.5,35.5,0.0
179.5,35.5,0.0
180.5,35.5,0.0
181.5,35.5,0.0
182.5,35.5,0.0
183.5,35.5,0.0
184.5,35.5,0.0
185.5,35.5,0.0
186.5,35.5,0.0
187.5,35.5,0.0
188.5,35.5,0.0
189.5,35.5,0.0
190.5,35.5,0.0
191.5,35.5,0.0
192.5,35.5,0.0
193.5,35.5,0.0
194.5,35.5,0.0
195.5,35.5,0.0
196.5,35.5,0.0
197.5,35.5,0.0
198.5,35.5,0.0
199.5,35.5,0.0
0.5,36.5,0.0
1.5,36.5,0.0
2.5,36.5,0.0
3.5,36.5,0.0
4.5,36.5,0.0
5.5,36.5,0.0
6.5,36.5,0.0
7.5,36.5,0.0
8.5,36.5,0.0
9.5,36.5,0.0
10.5,36.5,0.0
11.5,36.5,0.0
12.5,36.5,0.0
13.5,36.5,0.0
14.5,36.5,0.0
15.5,36.5,0.0
16.5,36.5,0.0
17.5,36.5,0.0
18.5,36.5,0.0
19.5,36.5,0.0
20.5,36.5,0.0
21.5,36.5,0.0
22.5,36.5,0.0
23.5,36.5,0.0
24.5,36.5,0.0
25.5,36.5,0.0
26.5,36.5,0.0
27.5,36.5,0.0
28.5,36.5,0.0
29.5,36.5,0.0
30.5,36.5,0.0
31.5,36.5,0.0
32.5,36.5,0.0
33.5,36.5,0.0
34.5,36.5,0.0
35.5,36.5,0.0
36.5,36.5,0.0
37.5,36.5,0.0
38.5,36.5,0.0
39.5,36.5,0.0
40.5,36.5,0.0
41.5,36.5,0.0
42.5,36.5,0.0
43.5,36.5,0.0
44.5,36.5,0.0
45.5,36.5,0.0
46.5,36.5,0.0
47.5,36.5,0.0
48.5,36.5,0.0
49.5,36.5,0.0
50.5,36.5,0.0
51.5,36.5,0.0
52.5,36.5,0.0
53.5,36.5,0.0
54.5,36.5,0.0
55.5,36.5,0.0
56.5,36.5,0.0
57.5,36.5,0.0
58.5,36.5,0.0
59.5,36.5,0.0
60.5,36.5,0.0
61.5,36.5,0.0
62.5,36.5,0.0
63.5,36.5,0.0
64.5,36.5,0.0
65.5,36.5,0.0
66.5,36.5,0.0
67.5,36.5,0.0
68.5,36.5,0.0
69.5,36.5,0.0
70.5,36.5,0.0
71.5,36.5,0.0
72.5,36.5,0.0
73.5,36.5,0.0
74.5,36.5,0.0
75.5,36.5,0.0
76.5,36.5,0.0
77.5,36.5,0.0
78.5,36.5,0.0
79.5,36.5,0.0
80.5,36.5,0.0
81.5,36.5,0.0
82.5,36.5,0.0
83.5,36.5,0.0
84.5,36.5,0.0
85.5,36.5,0.0
86.5,36.5,0.0
87.5,36.5,0.0
88.5,36.5,0.0
89.5,36.5,0.0
90.5,36.5,0.0
91.5,36.5,0.0
92.5,36.5,0.0
93.5,36.5,0.0
94.5,36.5,0.0
95.5,36.5,0.0
96.5,36.5,0.0
97.5,36.5,0.0
98.5,36.5,0.0
99.5,36.5,0.0
100.5,36.5,0.0
101.5,36.5,0.0
102.5,36.5,0.0
103.5,36.5,0.0
104.5,36.5,0.0
105.5,36.5,0.0
106.5,36.5,0.0
107.5,36.5,0.0
108.5,36.5,0.0
109.5,36.5,0.0
110.5,36.5,0.0
111.5,36.5,0.0
112.5,36.5,0.0
113.5,36.5,0.0
114.5,36.5,0.0
115.5,36.5,0.0
116.5,36.5,0.0
117.5,36.5,0.0
118.5,36.5,0.0
119.5,36.5,0.0
120.5,36.5,0.0
121.5,36.5,0.0
122.5,36.5,0.0
123.5,36.5,0.0
124.5,36.5,0.0
125.5,36.5,0.0
126.5,36.5,0.0
127.5,36.5,0.0
128.5,36.5,0.0
129.5,36.5,0.0
130.5,36.5,0.0
131.5,36.5,0.0
132.5,36.5,0.0
133.5,36.5,0.0
134.5,36.5,0.0
135.5,36.5,0.0
136.5,36.5,0.0
137.5,36.5,0.0
138.5,36.5,0.0
139.5,36.5,0.0
140.5,36.5,0.0
141.5,36.5,0.0
142.5,36.5,0.0
143.5,36.5,0.0
144.5,36.5,0.0
145.5,36.5,0.0
146.5,36.5,0.0
147.5,36.5,0.0
148.5,36.5,0.0
149.5,36.5,0.0
150.5,36.5,0.0
151.5,36.5,0.0
152.5,36.5,0.0
153.5,36.5,0.0
154.5,36.5,0.0
155.5,36.5,0.0
156.5,36.5,0.0
157.5,36.5,0.0
158.5,36.5,0.0
159.5,36.5,0.0
160.5,36.5,0.0
161.5,36.5,0.0
162.5,36.5,0.0
163.5,36.5,0.0
164.5,36.5,0.0
165.5,36.5,0.0
166.5,36.5,0.0
167.5,36.5,0.0
168.5,36.5,0.0
169.5,36.5,0.0
170.5,36.5,0.0
171.5,36.5,0.0
172.5,36.5,0.0
173.5,36.5,0.0
174.5,36.5,0.0
175.5,36.5,0.0
176.5,36.5,0.0
177.5,36.5,0.0
178.5,36.5,0.0
179.5,36.5,0.0
180.5,36.5,0.0
181.5,36.5,0.0
182.5,36.5,0.0
183.5,36.5,0.0
184.5,36.5,0.0
185.5,36.5,0.0
186.5,36.5,0.0
187.5,36.5,0.0
188.5,36.5,0.0
189.5,36.5,0.0
190.5,36.5,0.0
191.5,36.5,0.0
192.5,36.5,0.0
193.5,36.5,0.0
194.5,36.5,0.0
195.5,36.5,0.0
196.5,36.5,0.0
197.5,36.5,0.0
198.5,36.5,0.0
199.5,36.5,0.0
0.5,37.5,0.0
1.5,37.5,0.0
2.5,37.5,0.0
3.5,37.5,0.0
4.5,37.5,0.0
5.5,37.5,0.0
6.5,37.5,0.0
7.5,37.5,0.0
8.5,37.5,0.0
9.5,37.5,0.0
10.5,37.5,0.0
11.5,37.5,0.0
12.5,37.5,0.0
13.5,37.5,0.0
14.5,37.5,0.0
15.5,37.5,0.0
16.5,37.5,0.0
17.5,37.5,0.0
18.5,37.5,0.0
19.5,37.5,0.0
20.5,37.5,0.0
21.5,37.5,0.0
22.5,37.5,0.0
23.5,37.5,0.0
24.5,37.5,0.0
25.5,37.5,0.0
26.5,37.5,0.0
27.5,37.5,0.0
28.5,37.5,0.0
29.5,37.5,0.0
30.5,37.5,0.0
31.5,37.5,0.0
32.5,37.5,0.0
33.5,37.5,0.0
34.5,37.5,0.0
35.5,37.5,0.0
36.5,37.5,0.0
37.5,37.5,0.0
38.5,37.5,0.0
39.5,37.5,0.0
40.5,37.5,0.0
41.5,37.5,0.0
42.5,37.5,0.0
43.5,37.5,0.0
44.5,37.5,0.0
45.5,37.5,0.0
46.5,37.5,0.0
47.5,37.5,0.0
48.5,37.5,0.0
49.5,37.5,0.0
50.5,37.5,0.0
51.5,37.5,0.0
52.5,37.5,0.0
53.5,37.5,0.0
54.5,37.5,0.0
55.5,37.5,0.0
56.5,37.5,0.0
57.5,37.5,0.0
58.5,37.5,0.0
59.5,37.5,0.0
60.5,37.5,0.0
61.5,37.5,0.0
62.5,37.5,0.0
63.5,37.5,0.0
64.5,37.5,0.0
65.5,37.5,0.0
66.5,37.5,0.0
67.5,37.5,0.0
68.5,37.5,0.0
69.5,37.5,0.0
70.5,37.5,0.0
71.5,37.5,0.0
72.5,37.5,0.0
73.5,37.5,0.0
74.5,37.5,0.0
75.5,37.5,0.0
76.5,37.5,0.0
77.5,37.5,0.0
78.5,37.5,0.0
79.5,37.5,0.0
80.5,37.5,0.0
81.5,37.5,0.0
82.5,37.5,0.0
83.5,37.5,0.0
84.5,37.5,0.0
85.5,37.5,0.0
86.5,37.5,0.0
87.5,37.5,0.0
88.5,37.5,0.0
89.5,37.5,0.0
90.5,37.5,0.0
91.5,37.5,0.0
92.5,37.5,0.0
93.5,37.5,0.0
94.5,37.5,0.0
95.5,37.5,0.0
96.5,37.5,0.0
97.5,37.5,0.0
98.5,37.5,0.0
99.5,37.5,0.0
100.5,37.5,0.0
101.5,37.5,0.0
102.5,37.5,0.0
103.5,37.5,0.0
104.5,37.5,0.0
105.5,37.5,0.0
106.5,37.5,0.0
107.5,37.5,0.0
108.5,37.5,0.0
109.5,37.5,0.0
110.5,37.5,0.0
111.5,37.5,0.0
112.5,37.5,0.0
113.5,37.5,0.0
114.5,37.5,0.0
115.5,37.5,0.0
116.5,37.5,0.0
117.5,37.5,0.0
118.5,37.5,0.0
119.5,37.5,0.0
120.5,37.5,0.0
121.5,37.5,0.0
122.5,37.5,0.0
123.5,37.5,0.0
124.5,37.5,0.0
125.5,37.5,0.0
126.5,37.5,0.0
127.5,37.5,0.0
128.5,37.5,0.0
129.5,37.5,0.0
130.5,37.5,0.0
131.5,37.5,0.0
132.5,37.5,0.0
133.5,37.5,0.0
134.5,37.5,0.0
135.5,37.5,0.0
136.5,37.5,0.0
137.5,37.5,0.0
138.5,37.5,0.0
139.5,37.5,0.0
140.5,37.5,0.0
141.5,37.5,0.0
142.5,37.5,0.0
143.5,37.5,0.0
144.5,37.5,0.0
145.5,37.5,0.0
146.5,37.5,0.0
147.5,37.5,0.0
148.5,37.5,0.0
149.5,37.5,0.0
150.5,37.5,0.0
151.5,37.5,0.0
152.5,37.5,0.0
153.5,37.5,0.0
154.5,37.5,0.0
155.5,37.5,0.0
156.5,37.5,0.0
157.5,37.5,0.0
158.5,37.5,0.0
159.5,37.5,0.0
160.5,37.5,0.0
161.5,37.5,0.0
162.5,37.5,0.0
163.5,37.5,0.0
164.5,37.5,0.0
165.5,37.5,0.0
166.5,37.5,0.0
167.5,37.5,0.0
168.5,37.5,0.0
169.5,37.5,0.0
170.5,37.5,0.0
171.5,37.5,0.0
172.5,37.5,0.0
173.5,37.5,0.0
174.5,37.5,0.0
175.5,37.5,0.0
176.5,37.5,0.0
177.5,37.5,0.0
178.5,37.5,0.0
179.5,37.5,0.0
180.5,37.5,0.0
181.5,37.5,0.0
182.5,37.5,0.0
183.5,37.5,0.0
184.5,37.5,0.0
185.5,37.5,0.0
186.5,37.5,0.0
187.5,37.5,0.0
188.5,37.5,0.0
189.5,37.5,0.0
190.5,37.5,0.0
191.5,37.5,0.0
192.5,37.5,0.0
193.5,37.5,0.0
194.5,37.5,0.0
195.5,37.5,0.0
196.5,37.5,0.0
197.5,37.5,0.0
198.5,37.5,0.0
199.5,37.5,0.0
0.5,38.5,0.0
1.5,38.5,0.0
2.5,38.5,0.0
3.5,38.5,0.0
4.5,38.5,0.0
5.5,38.5,0.0
6.5,38.5,0.0
7.5,38.5,0.0
8.5,38.5,0.0
9.5,38.5,0.0
10.5,38.5,0.0
11.5,38.5,0.0
12.5,38.5,0.0
13.5,38.5,0.0
14.5,38.5,0.0
15.5,38.5,0.0
16.5,38.5,0.0
17.5,38.5,0.0
18.5,38.5,0.0
19.5,38.5,0.0
20.5,38.5,0.0
21.5,38.5,0.0
22.5,38.5,0.0
23.5,38.5,0.0
24.5,38.5,0.0
25.5,38.5,0.0
26.5,38.5,0.0
27.5,38.5,0.0
28.5,38.5,0.0
29.5,38.5,0.0
30.5,38.5,0.0
31.5,38.5,0.0
32.5,38.5,0.0
33.5,38.5,0.0
34.5,38.5,0.0
35.5,38.5,0.0
36.5,38.5,0.0
37.5,38.5,0.0
38.5,38.5,0.0
39.5,38.5,0.0
40.5,38.5,0.0
41.5,38.5,0.0
42.5,38.5,0.0
43.5,38.5,0.0
44.5,38.5,0.0
45.5,38.5,0.0
46.5,38.5,0.0
47.5,38.5,0.0
48.5,38.5,0.0
49.5,38.5,0.0
50.5,38.5,0.0
51.5,38.5,0.0
52.5,38.5,0.0
53.5,38.5,0.0
54.5,38.5,0.0
55.5,38.5,0.0
56.5,38.5,0.0
57.5,38.5,0.0
58.5,38.5,0.0
59.5,38.5,0.0
60.5,38.5,0.0
61.5,38.5,0.0
62.5,38.5,0.0
63.5,38.5,0.0
64.5,38.5,0.0
65.5,38.5,0.0
66.5,38.5,0.0
67.5,38.5,0.0
68.5,38.5,0.0
69.5,38.5,0.0
70.5,38.5,0.0
71.5,38.5,0.0
72.5,38.5,0.0
73.5,38.5,0.0
74.5,38.5,0.0
75.5,38.5,0.0
76.5,38.5,0.0
77.5,38.5,0.0
78.5,38.5,0.0
79.5,38.5,0.0
80.5,38.5,0.0
81.5,38.5,0.0
82.5,38.5,0.0
83.5,38.5,0.0
84.5,38.5,0.0
85.5,38.5,0.0
86.5,38.5,0.0
87.5,38.5,0.0
88.5,38.5,0.0
89.5,38.5,0.0
90.5,38.5,0.0
91.5,38.5,0.0
92.5,38.5,0.0
93.5,38.5,0.0
94.5,38.5,0.0
95.5,38.5,0.0
96.5,38.5,0.0
97.5,38.5,0.0
98.5,38.5,0.0
99.5,38.5,0.0
100.5,38.5,0.0
101.5,38.5,0.0
102.5,38.5,0.0
103.5,38.5,0.0
104.5,38.5,0.0
105.5,38.5,0.0
106.5,38.5,0.0
107.5,38.5,0.0
108.5,38.5,0.0
109.5,38.5,0.0
110.5,38.5,0.0
111.5,38.5,0.0
112.5,38.5,0.0
113.5,38.5,0.0
114.5,38.5,0.0
115.5,38.5,0.0
116.5,38.5,0.0
117.5,38.5,0.0
118.5,38.5,0.0
119.5,38.5,0.0
120.5,38.5,0.0
121.5,38.5,0.0
122.5,38.5,0.0
123.5,38.5,0.0
124.5,38.5,0.0
125.5,38.5,0.0
126.5,38.5,0.0
127.5,38.5,0.0
128.5,38.5,0.0
129.5,38.5,0.0
130.5,38.5,0.0
131.5,38.5,0.0
132.5,38.5,0.0
133.5,38.5,0.0
134.5,38.5,0.0
135.5,38.5,0.0
136.5,38.5,0.0
137.5,38.5,0.0
138.5,38.5,0.0
139.5,38.5,0.0
140.5,38.5,0.0
141.5,38.5,0.0
142.5,38.5,0.0
143.5,38.5,0.0
144.5,38.5,0.0
145.5,38.5,0.0
146.5,38.5,0.0
147.5,38.5,0.0
148.5,38.5,0.0
149.5,38.5,0.0
150.5,38.5,0.0
151.5,38.5,0.0
152.5,38.5,0.0
153.5,38.5,0.0
154.5,38.5,0.0
155.5,38.5,0.0
156.5,38.5,0.0
157.5,38.5,0.0
158.5,38.5,0.0
159.5,38.5,0.0
160.5,38.5,0.0
161.5,38.5,0.0
162.5,38.5,0.0
163.5,38.5,0.0
164.5,38.5,0.0
165.5,38.5,0.0
166.5,38.5,0.0
167.5,38.5,0.0
168.5,38.5,0.0
169.5,38.5,0.0
170.5,38.5,0.0
171.5,38.5,0.0
172.5,38.5,0.0
173.5,38.5,0.0
174.5,38.5,0.0
175.5,38.5,0.0
176.5,38.5,0.0
177.5,38.5,0.0
178.5,38.5,0.0
179.5,38.5,0.0
180.5,38.5,0.0
181.5,38.5,0.0
182.5,38.5,0.0
183.5,38.5,0.0
184.5,38.5,0.0
185.5,38.5,0.0
186.5,38.5,0.0
187.5,38.5,0.0
188.5,38.5,0.0
189.5,38.5,0.0
190.5,38.5,0.0
191.5,38.5,0.0
192.5,38.5,0.0
193.5,38.5,0.0
194.5,38.5,0.0
195.5,38.5,0.0
196.5,38.5,0.0
197.5,38.5,0.0
198.5,38.5,0.0
199.5,38.5,0.0
0.5,39.5,0.0
1.5,39.5,0.0
2.5,39.5,0.0
3.5,39.5,0.0
4.5,39.5,0.0
5.5,39.5,0.0
6.5,39.5,0.0
7.5,39.5,0.0
8.5,39.5,0.0
9.5,39.5,0.0
10.5,39.5,0.0
11.5,39.5,0.0
12.5,39.5,0.0
13.5,39.5,0.0
14.5,39.5,0.0
15.5,39.5,0.0
16.5,39.5,0.0
17.5,39.5,0.0
18.5,39.5,0.0
19.5,39.5,0.0
20.5,39.5,0.0
21.5,39.5,0.0
22.5,39.5,0.0
23.5,39.5,0.0
24.5,39.5,0.0
25.5,39.5,0.0
26.5,39.5,0.0
27.5,39.5,0.0
28.5,39.5,0.0
29.5,39.5,0.0
30.5,39.5,0.0
31.5,39.5,0.0
32.5,39.5,0.0
33.5,39.5,0.0
34.5,39.5,0.0
35.5,39.5,0.0
36.5,39.5,0.0
37.5,39.5,0.0
38.5,39.5,0.0
39.5,39.5,0.0
40.5,39.5,0.0
41.5,39.5,0.0
42.5,39.5,0.0
43.5,39.5,0.0
44.5,39.5,0.0
45.5,39.5,0.0
46.5,39.5,0.0
47.5,39.5,0.0
48.5,39.5,0.0
49.5,39.5,0.0
50.5,39.5,0.0
51.5,39.5,0.0
52.5,39.5,0.0
53.5,39.5,0.0
54.5,39.5,0.0
55.5,39.5,0.0
56.5,39.5,0.0
57.5,39.5,0.0
58.5,39.5,0.0
59.5,39.5,0.0
60.5,39.5,0.0
61.5,39.5,0.0
62.5,39.5,0.0
63.5,39.5,0.0
64.5,39.5,0.0
65.5,39.5,0.0
66.5,39.5,0.0
67.5,39.5,0.0
68.5,39.5,0.0
69.5,39.5,0.0
70.5,39.5,0.0
71.5,39.5,0.0
72.5,39.5,0.0
73.5,39.5,0.0
74.5,39.5,0.0
75.5,39.5,0.0
76.5,39.5,0.0
77.5,39.5,0.0
78.5,39.5,0.0
79.5,39.5,0.0
80.5,39.5,0.0
81.5,39.5,0.0
82.5,39.5,0.0
83.5,39.5,0.0
84.5,39.5,0.0
85.5,39.5,0.0
86.5,39.5,0.0
87.5,39.5,0.0
88.5,39.5,0.0
89.5,39.5,0.0
90.5,39.5,0.0
91.5,39.5,0.0
92.5,39.5,0.0
93.5,39.5,0.0
94.5,39.5,0.0
95.5,39.5,0.0
96.5,39.5,0.0
97.5,39.5,0.0
98.5,39.5,0.0
99.5,39.5,0.0
100.5,39.5,0.0
101.5,39.5,0.0
102.5,39.5,0.0
103.5,39.5,0.0
104.5,39.5,0.0
105.5,39.5,0.0
106.5,39.5,0.0
107.5,39.5,0.0
108.5,39.5,0.0
109.5,39.5,0.0
110.5,39.5,0.0
111.5,39.5,0.0
112.5,39.5,0.0
113.5,39.5,0.0
114.5,39.5,0.0
115.5,39.5,0.0
116.5,39.5,0.0
117.5,39.5,0.0
118.5,39.5,0.0
119.5,39.5,0.0
120.5,39.5,0.0
121.5,39.5,0.0
122.5,39.5,0.0
123.5,39.5,0.0
124.5,39.5,0.0
125.5,39.5,0.0
126.5,39.5,0.0
127.5,39.5,0.0
128.5,39.5,0.0
129.5,39.5,0.0
130.5,39.5,0.0
131.5,39.5,0.0
132.5,39.5,0.0
133.5,39.5,0.0
134.5,39.5,0.0
135.5,39.5,0.0
136.5,39.5,0.0
137.5,39.5,0.0
138.5,39.5,0.0
139.5,39.5,0.0
140.5,39.5,0.0
141.5,39.5,0.0
142.5,39.5,0.0
143.5,39.5,0.0
144.5,39.5,0.0
145.5,39.5,0.0
146.5,39.5,0.0
147.5,39.5,0.0
148.5,39.5,0.0
149.5,39.5,0.0
150.5,39.5,0.0
151.5,39.5,0.0
152.5,39.5,0.0
153.5,39.5,0.0
154.5,39.5,0.0
155.5,39.5,0.0
156.5,39.5,0.0
157.5,39.5,0.0
158.5,39.5,0.0
159.5,39.5,0.0
160.5,39.5,0.0
161.5,39.5,0.0
162.5,39.5,0.0
163.5,39.5,0.0
164.5,39.5,0.0
165.5,39.5,0.0
166.5,39.5,0.0
167.5,39.5,0.0
168.5,39.5,0.0
169.5,39.5,0.0
170.5,39.5,0.0
171.5,39.5,0.0
172.5,39.5,0.0
173.5,39.5,0.0
174.5,39.5,0.0
175.5,39.5,0.0
176.5,39.5,0.0
177.5,39.5,0.0
178.5,39.5,0.0
179.5,39.5,0.0
180.5,39.5,0.0
181.5,39.5,0.0
182.5,39.5,0.0
183.5,39.5,0.0
184.5,39.5,0.0
185.5,39.5,0.0
186.5,39.5,0.0
187.5,39.5,0.0
188.5,39.5,0.0
189.5,39.5,0.0
190.5,39.5,0.0
191.5,39.5,0.0
192.5,39.5,0.0
193.5,39.5,0.0
194.5,39.5,0.0
195.5,39.5,0.0
196.5,39.5,0.0
197.5,39.5,0.0
198.5,39.5,0.0
199.5,39.5,0.0
0.5,40.5,0.0
1.5,40.5,0.0
2.5,40.5,0.0
3.5,40.5,0.0
4.5,40.5,0.0
5.5,40.5,0.0
6.5,40.5,0.0
7.5,40.5,0.0
8.5,40.5,0.0
9.5,40.5,0.0
10.5,40.5,0.0
11.5,40.5,0.0
12.5,40.5,0.0
13.5,40.5,0.0
14.5,40.5,0.0
15.5,40.5,0.0
16.5,40.5,0.0
17.5,40.5,0.0
18.5,40.5,0.0
19.5,40.5,0.0
20.5,40.5,0.0
21.5,40.5,0.0
22.5,40.5,0.0
23.5,40.5,0.0
24.5,40.5,0.0
25.5,40.5,0.0
26.5,40.5,0.0
27.5,40.5,0.0
28.5,40.5,0.0
29.5,40.5,0.0
30.5,40.5,0.0
31.5,40.5,0.0
32.5,40.5,0.0
33.5,40.5,0.0
34.5,40.5,0.0
35.5,40.5,0.0
36.5,40.5,0.0
37.5,40.5,0.0
38.5,40.5,0.0
39.5,40.5,0.0
40.5,40.5,0.0
41.5,40.5,0.0
42.5,40.5,0.0
43.5,40.5,0.0
44.5,40.5,0.0
45.5,40.5,0.0
46.5,40.5,0.0
47.5,40.5,0.0
48.5,40.5,0.0
49.5,40.5,0.0
50.5,40.5,0.0
51.5,40.5,0.0
52.5,40.5,0.0
53.5,40.5,0.0
54.5,40.5,0.0
55.5,40.5,0.0
56.5,40.5,0.0
57.5,40.5,0.0
58.5,40.5,0.0
59.5,40.5,0.0
60.5,40.5,0.0
61.5,40.5,0.0
62.5,40.5,0.0
63.5,40.5,0.0
64.5,40.5,0.0
65.5,40.5,0.0
66.5,40.5,0.0
67.5,40.5,0.0
68.5,40.5,0.0
69.5,40.5,0.0
70.5,40.5,0.0
71.5,40.5,0.0
72.5,40.5,0.0
73.5,40.5,0.0
74.5,40.5,0.0
75.5,40.5,0.0
76.5,40.5,0.0
77.5,40.5,0.0
78.5,40.5,0.0
79.5,40.5,0.0
80.5,40.5,0.0
81.5,40.5,0.0
82.5,40.5,0.0
83.5,40.5,0.0
84.5,40.5,0.0
85.5,40.5,0.0
86.5,40.5,0.0
87.5,40.5,0.0
88.5,40.5,0.0
89.5,40.5,0.0
90.5,40.5,0.0
91.5,40.5,0.0
92.5,40.5,0.0
93.5,40.5,0.0
94.5,40.5,0.0
95.5,40.5,0.0
96.5,40.5,0.0
97.5,40.5,0.0
98.5,40.5,0.0
99.5,40.5,0.0
100.5,40.5,0.0
101.5,40.5,0.0
102.5,40.5,0.0
103.5,40.5,0.0
104.5,40.5,0.0
105.5,40.5,0.0
106.5,40.5,0.0
107.5,40.5,0.0
108.5,40.5,0.0
109.5,40.5,0.0
110.5,40.5,0.0
111.5,40.5,0.0
112.5,40.5,0.0
113.5,40.5,0.0
114.5,40.5,0.0
115.5,40.5,0.0
116.5,40.5,0.0
117.5,40.5,0.0
118.5,40.5,0.0
119.5,40.5,0.0
120.5,40.5,0.0
121.5,40.5,0.0
122.5,40.5,0.0
123.5,40.5,0.0
124.5,40.5,0.0
125.5,40.5,0.0
126.5,40.5,0.0
127.5,40.5,0.0
128.5,40.5,0.0
129.5,40.5,0.0
130.5,40.5,0.0
131.5,40.5,0.0
132.5,40.5,0.0
133.5,40.5,0.0
134.5,40.5,0.0
135.5,40.5,0.0
136.5,40.5,0.0
137.5,40.5,0.0
138.5,40.5,0.0
139.5,40.5,0.0
140.5,40.5,0.0
141.5,40.5,0.0
142.5,40.5,0.0
143.5,40.5,0.0
144.5,40.5,0.0
145.5,40.5,0.0
146.5,40.5,0.0
147.5,40.5,0.0
148.5,40.5,0.0
149.5,40.5,0.0
150.5,40.5,0.0
151.5,40.5,0.0
152.5,40.5,0.0
153.5,40.5,0.0
154.5,40.5,0.0
155.5,40.5,0.0
156.5,40.5,0.0
157.5,40.5,0.0
158.5,40.5,0.0
159.5,40.5,0.0
160.5,40.5,0.0
161.5,40.5,0.0
162.5,40.5,0.0
163.5,40.5,0.0
164.5,40.5,0.0
165.5,40.5,0.0
166.5,40.5,0.0
167.5,40.5,0.0
168.5,40.5,0.0
169.5,40.5,0.0
170.5,40.5,0.0
171.5,40.5,0.0
172.5,40.5,0.0
173.5,40.5,0.0
174.5,40.5,0.0
175.5,40.5,0.0
176.5,40.5,0.0
177.5,40.5,0.0
178.5,40.5,0.0
179.5,40.5,0.0
180.5,40.5,0.0
181.5,40.5,0.0
182.5,40.5,0.0
183.5,40.5,0.0
184.5,40.5,0.0
185.5,40.5,0.0
186.5,40.5,0.0
187.5,40.5,0.0
188.5,40.5,0.0
189.5,40.5,0.0
190.5,40.5,0.0
191.5,40.5,0.0
192.5,40.5,0.0
193.5,40.5,0.0
194.5,40.5,0.0
195.5,40.5,0.0
196.5,40.5,0.0
197.5,40.5,0.0
198.5,40.5,0.0
199.5,40.5,0.0
0.5,41.5,0.0
1.5,41.5,0.0
2.5,41.5,0.0
3.5,41.5,0.0
4.5,41.5,0.0
5.5,41.5,0.0
6.5,41.5,0.0
7.5,41.5,0.0
8.5,41.5,0.0
9.5,41.5,0.0
10.5,41.5,0.0
11.5,41.5,0.0
12.5,41.5,0.0
13.5,41.5,0.0
14.5,41.5,0.0
15.5,41.5,0.0
16.5,41.5,0.0
17.5,41.5,0.0
18.5,41.5,0.0
19.5,41.5,0.0
20.5,41.5,0.0
21.5,41.5,0.0
22.5,41.5,0.0
23.5,41.5,0.0
24.5,41.5,0.0
25.5,41.5,0.0
26.5,41.5,0.0
27.5,41.5,0.0
28.5,41.5,0.0
29.5,41.5,0.0
30.5,41.5,0.0
31.5,41.5,0.0
32.5,41.5,0.0
33.5,41.5,0.0
34.5,41.5,0.0
35.5,41.5,0.0
36.5,41.5,0.0
37.5,41.5,0.0
38.5,41.5,0.0
39.5,41.5,0.0
40.5,41.5,0.0
41.5,41.5,0.0
42.5,41.5,0.0
43.5,41.5,0.0
44.5,41.5,0.0
45.5,41.5,0.0
46.5,41.5,0.0
47.5,41.5,0.0
48.5,41.5,0.0
49.5,41.5,0.0
50.5,41.5,0.0
51.5,41.5,0.0
52.5,41.5,0.0
53.5,41.5,0.0
54.5,41.5,0.0
55.5,41.5,0.0
56.5,41.5,0.0
57.5,41.5,0.0
58.5,41.5,0.0
59.5,41.5,0.0
60.5,41.5,0.0
61.5,41.5,0.0
62.5,41.5,0.0
63.5,41.5,0.0
64.5,41.5,0.0
65.5,41.5,0.0
66.5,41.5,0.0
67.5,41.5,0.0
68.5,41.5,0.0
69.5,41.5,0.0
70.5,41.5,0.0
71.5,41.5,0.0
72.5,41.5,0.0
73.5,41.5,0.0
74.5,41.5,0.0
75.5,41.5,0.0
76.5,41.5,0.0
77.5,41.5,0.0
78.5,41.5,0.0
79.5,41.5,0.0
80.5,41.5,0.0
81.5,41.5,0.0
82.5,41.5,0.0
83.5,41.5,0.0
84.5,41.5,0.0
85.5,41.5,0.0
86.5,41.5,0.0
87.5,41.5,0.0
88.5,41.5,0.0
89.5,41.5,0.0
90.5,41.5,0.0
91.5,41.5,0.0
92.5,41.5,0.0
93.5,41.5,0.0
94.5,41.5,0.0
95.5,41.5,0.0
96.5,41.5,0.0
97.5,41.5,0.0
98.5,41.5,0.0
99.5,41.5,0.0
100.5,41.5,0.0
101.5,41.5,0.0
102.5,41.5,0.0
103.5,41.5,0.0
104.5,41.5,0.0
105.5,41.5,0.0
106.5,41.5,0.0
107.5,41.5,0.0
108.5,41.5,0.0
109.5,41.5,0.0
110.5,41.5,0.0
111.5,41.5,0.0
112.5,41.5,0.0
113.5,41.5,0.0
114.5,41.5,0.0
115.5,41.5,0.0
116.5,41.5,0.0
117.5,41.5,0.0
118.5,41.5,0.0
119.5,41.5,0.0
120.5,41.5,0.0
121.5,41.5,0.0
122.5,41.5,0.0
123.5,41.5,0.0
124.5,41.5,0.0
125.5,41.5,0.0
126.5,41.5,0.0
127.5,41.5,0.0
128.5,41.5,0.0
129.5,41.5,0.0
130.5,41.5,0.0
131.5,41.5,0.0
132.5,41.5,0.0
133.5,41.5,0.0
134.5,41.5,0.0
135.5,41.5,0.0
136.5,41.5,0.0
137.5,41.5,0.0
138.5,41.5,0.0
139.5,41.5,0.0
140.5,41.5,0.0
141.5,41.5,0.0
142.5,41.5,0.0
143.5,41.5,0.0
144.5,41.5,0.0
145.5,41.5,0.0
146.5,41.5,0.0
147.5,41.5,0.0
148.5,41.5,0.0
149.5,41.5,0.0
150.5,41.5,0.0
151.5,41.5,0.0
152.5,41.5,0.0
153.5,41.5,0.0
154.5,41.5,0.0
155.5,41.5,0.0
156.5,41.5,0.0
157.5,41.5,0.0
158.5,41.5,0.0
159.5,41.5,0.0
160.5,41.5,0.0
161.5,41.5,0.0
162.5,41.5,0.0
163.5,41.5,0.0
164.5,41.5,0.0
165.5,41.5,0.0
166.5,41.5,0.0
167.5,41.5,0.0
168.5,41.5,0.0
169.5,41.5,0.0
170.5,41.5,0.0
171.5,41.5,0.0
172.5,41.5,0.0
173.5,41.5,0.0
174.5,41.5,0.0
175.5,41.5,0.0
176.5,41.5,0.0
177.5,41.5,0.0
178.5,41.5,0.0
179.5,41.5,0.0
180.5,41.5,0.0
181.5,41.5,0.0
182.5,41.5,0.0
183.5,41.5,0.0
184.5,41.5,0.0
185.5,41.5,0.0
186.5,41.5,0.0
187.5,41.5,0.0
188.5,41.5,0.0
189.5,41.5,0.0
190.5,41.5,0.0
191.5,41.5,0.0
192.5,41.5,0.0
193.5,41.5,0.0
194.5,41.5,0.0
195.5,41.5,0.0
196.5,41.5,0.0
197.5,41.5,0.0
198.5,41.5,0.0
199.5,41.5,0.0
0.5,42.5,0.0
1.5,42.5,0.0
2.5,42.5,0.0
3.5,42.5,0.0
4.5,42.5,0.0
5.5,42.5,0.0
6.5,42.5,0.0
7.5,42.5,0.0
8.5,42.5,0.0
9.5,42.5,0.0
10.5,42.5,0.0
11.5,42.5,0.0
12.5,42.5,0.0
13.5,42.5,0.0
14.5,42.5,0.0
15.5,42.5,0.0
16.5,42.5,0.0
17.5,42.5,0.0
18.5,42.5,0.0
19.5,42.5,0.0
20.5,42.5,0.0
21.5,42.5,0.0
22.5,42.5,0.0
23.5,42.5,0.0
24.5,42.5,0.0
25.5,42.5,0.0
26.5,42.5,0.0
27.5,42.5,0.0
28.5,42.5,0.0
29.5,42.5,0.0
30.5,42.5,0.0
31.5,42.5,0.0
32.5,42.5,0.0
33.5,42.5,0.0
34.5,42.5,0.0
35.5,42.5,0.0
36.5,42.5,0.0
37.5,42.5,0.0
38.5,42.5,0.0
39.5,42.5,0.0
40.5,42.5,0.0
41.5,42.5,0.0
42.5,42.5,0.0
43.5,42.5,0.0
44.5,42.5,0.0
45.5,42.5,0.0
46.5,42.5,0.0
47.5,42.5,0.0
48.5,42.5,0.0
49.5,42.5,0.0
50.5,42.5,0.0
51.5,42.5,0.0
52.5,42.5,0.0
53.5,42.5,0.0
54.5,42.5,0.0
55.5,42.5,0.0
56.5,42.5,0.0
57.5,42.5,0.0
58.5,42.5,0.0
59.5,42.5,0.0
60.5,42.5,0.0
61.5,42.5,0.0
62.5,42.5,0.0
63.5,42.5,0.0
64.5,42.5,0.0
65.5,42.5,0.0
66.5,42.5,0.0
67.5,42.5,0.0
68.5,42.5,0.0
69.5,42.5,0.0
70.5,42.5,0.0
71.5,42.5,0.0
72.5,42.5,0.0
73.5,42.5,0.0
74.5,42.5,0.0
75.5,42.5,0.0
76.5,42.5,0.0
77.5,42.5,0.0
78.5,42.5,0.0
79.5,42.5,0.0
80.5,42.5,0.0
81.5,42.5,0.0
82.5,42.5,0.0
83.5,42.5,0.0
84.5,42.5,0.0
85.5,42.5,0.0
86.5,42.5,0.0
87.5,42.5,0.0
88.5,42.5,0.0
89.5,42.5,0.0
90.5,42.5,0.0
91.5,42.5,0.0
92.5,42.5,0.0
93.5,42.5,0.0
94.5,42.5,0.0
95.5,42.5,0.0
96.5,42.5,0.0
97.5,42.5,0.0
98.5,42.5,0.0
99.5,42.5,0.0
100.5,42.5,0.0
101.5,42.5,0.0
102.5,42.5,0.0
103.5,42.5,0.0
104.5,42.5,0.0
105.5,42.5,0.0
106.5,42.5,0.0
107.5,42.5,0.0
108.5,42.5,0.0
109.5,42.5,0.0
110.5,42.5,0.0
111.5,42.5,0.0
112.5,42.5,0.0
113.5,42.5,0.0
114.5,42.5,0.0
115.5,42.5,0.0
116.5,42.5,0.0
117.5,42.5,0.0
118.5,42.5,0.0
119.5,42.5,0.0
120.5,42.5,0.0
121.5,42.5,0.0
122.5,42.5,0.0
123.5,42.5,0.0
124.5,42.5,0.0
125.5,42.5,0.0
126.5,42.5,0.0
127.5,42.5,0.0
128.5,42.5,0.0
129.5,42.5,0.0
130.5,42.5,0.0
131.5,42.5,0.0
132.5,42.5,0.0
133.5,42.5,0.0
134.5,42.5,0.0
135.5,42.5,0.0
136.5,42.5,0.0
137.5,42.5,0.0
138.5,42.5,0.0
139.5,42.5,0.0
140.5,42.5,0.0
141.5,42.5,0.0
142.5,42.5,0.0
143.5,42.5,0.0
144.5,42.5,0.0
145.5,42.5,0.0
146.5,42.5,0.0
147.5,42.5,0.0
148.5,42.5,0.0
149.5,42.5,0.0
150.5,42.5,0.0
151.5,42.5,0.0
152.5,42.5,0.0
153.5,42.5,0.0
154.5,42.5,0.0
155.5,42.5,0.0
156.5,42.5,0.0
157.5,42.5,0.0
158.5,42.5,0.0
159.5,42.5,0.0
160.5,42.5,0.0
161.5,42.5,0.0
162.5,42.5,0.0
163.5,42.5,0.0
164.5,42.5,0.0
165.5,42.5,0.0
166.5,42.5,0.0
167.5,42.5,0.0
168.5,42.5,0.0
169.5,42.5,0.0
170.5,42.5,0.0
171.5,42.5,0.0
172.5,42.5,0.0
173.5,42.5,0.0
174.5,42.5,0.0
175.5,42.5,0.0
176.5,42.5,0.0
177.5,42.5,0.0
178.5,42.5,0.0
179.5,42.5,0.0
180.5,42.5,0.0
181.5,42.5,0.0
182.5,42.5,0.0
183.5,42.5,0.0
184.5,42.5,0.0
185.5,42.5,0.0
186.5,42.5,0.0
187.5,42.5,0.0
188.5,42.5,0.0
189.5,42.5,0.0
190.5,42.5,0.0
191.5,42.5,0.0
192.5,42.5,0.0
193.5,42.5,0.0
194.5,42.5,0.0
195.5,42.5,0.0
196.5,42.5,0.0
197.5,42.5,0.0
198.5,42.5,0.0
199.5,42.5,0.0
0.5,43.5,0.0
1.5,43.5,0.0
2.5,43.5,0.0
3.5,43.5,0.0
4.5,43.5,0.0
5.5,43.5,0.0
6.5,43.5,0.0
7.5,43.5,0.0
8.5,43.5,0.0
9.5,43.5,0.0
10.5,43.5,0.0
11.5,43.5,0.0
12.5,43.5,0.0
13.5,43.5,0.0
14.5,43.5,0.0
15.5,43.5,0.0
16.5,43.5,0.0
17.5,43.5,0.0
18.5,43.5,0.0
19.5,43.5,0.0
20.5,43.5,0.0
21.5,43.5,0.0
22.5,43.5,0.0
23.5,43.5,0.0
24.5,43.5,0.0
25.5,43.5,0.0
26.5,43.5,0.0
27.5,43.5,0.0
28.5,43.5,0.0
29.5,43.5,0.0
30.5,43.5,0.0
31.5,43.5,0.0
32.5,43.5,0.0
33.5,43.5,0.0
34.5,43.5,0.0
35.5,43.5,0.0
36.5,43.5,0.0
37.5,43.5,0.0
38.5,43.5,0.0
39.5,43.5,0.0
40.5,43.5,0.0
41.5,43.5,0.0
42.5,43.5,0.0
43.5,43.5,0.0
44.5,43.5,0.0
45.5,43.5,0.0
46.5,43.5,0.0
47.5,43.5,0.0
48.5,43.5,0.0
49.5,43.5,0.0
50.5,43.5,0.0
51.5,43.5,0.0
52.5,43.5,0.0
53.5,43.5,0.0
54.5,43.5,0.0
55.5,43.5,0.0
56.5,43.5,0.0
57.5,43.5,0.0
58.5,43.5,0.0
59.5,43.5,0.0
60.5,43.5,0.0
61.5,43.5,0.0
62.5,43.5,0.0
63.5,43.5,0.0
64.5,43.5,0.0
65.5,43.5,0.0
66.5,43.5,0.0
67.5,43.5,0.0
68.5,43.5,0.0
69.5,43.5,0.0
70.5,43.5,0.0
71.5,43.5,0.0
72.5,43.5,0.0
73.5,43.5,0.0
74.5,43.5,0.0
75.5,43.5,0.0
76.5,43.5,0.0
77.5,43.5,0.0
78.5,43.5,0.0
79.5,43.5,0.0
80.5,43.5,0.0
81.5,43.5,0.0
82.5,43.5,0.0
83.5,43.5,0.0
84.5,43.5,0.0
85.5,43.5,0.0
86.5,43.5,0.0
87.5,43.5,0.0
88.5,43.5,0.0
89.5,43.5,0.0
90.5,43.5,0.0
91.5,43.5,0.0
92.5,43.5,0.0
93.5,43.5,0.0
94.5,43.5,0.0
95.5,43.5,0.0
96.5,43.5,0.0
97.5,43.5,0.0
98.5,43.5,0.0
99.5,43.5,0.0
100.5,43.5,0.0
101.5,43.5,0.0
102.5,43.5,0.0
103.5,43.5,0.0
104.5,43.5,0.0
105.5,43.5,0.0
106.5,43.5,0.0
107.5,43.5,0.0
108.5,43.5,0.0
109.5,43.5,0.0
110.5,43.5,0.0
111.5,43.5,0.0
112.5,43.5,0.0
113.5,43.5,0.0
114.5,43.5,0.0
115.5,43.5,0.0
116.5,43.5,0.0
117.5,43.5,0.0
118.5,43.5,0.0
119.5,43.5,0.0
120.5,43.5,0.0
121.5,43.5,0.0
122.5,43.5,0.0
123.5,43.5,0.0
124.5,43.5,0.0
125.5,43.5,0.0
126.5,43.5,0.0
127.5,43.5,0.0
128.5,43.5,0.0
129.5,43.5,0.0
130.5,43.5,0.0
131.5,43.5,0.0
132.5,43.5,0.0
133.5,43.5,0.0
134.5,43.5,0.0
135.5,43.5,0.0
136.5,43.5,0.0
137.5,43.5,0.0
138.5,43.5,0.0
139.5,43.5,0.0
140.5,43.5,0.0
141.5,43.5,0.0
142.5,43.5,0.0
143.5,43.5,0.0
144.5,43.5,0.0
145.5,43.5,0.0
146.5,43.5,0.0
147.5,43.5,0.0
148.5,43.5,0.0
149.5,43.5,0.0
150.5,43.5,0.0
151.5,43.5,0.0
152.5,43.5,0.0
153.5,43.5,0.0
154.5,43.5,0.0
155.5,43.5,0.0
156.5,43.5,0.0
157.5,43.5,0.0
158.5,43.5,0.0
159.5,43.5,0.0
160.5,43.5,0.0
161.5,43.5,0.0
162.5,43.5,0.0
163.5,43.5,0.0
164.5,43.5,0.0
165.5,43.5,0.0
166.5,43.5,0.0
167.5,43.5,0.0
168.5,43.5,0.0
169.5,43.5,0.0
170.5,43.5,0.0
171.5,43.5,0.0
172.5,43.5,0.0
173.5,43.5,0.0
174.5,43.5,0.0
175.5,43.5,0.0
176.5,43.5,0.0
177.5,43.5,0.0
178.5,43.5,0.0
179.5,43.5,0.0
180.5,43.5,0.0
181.5,43.5,0.0
182.5,43.5,0.0
183.5,43.5,0.0
184.5,43.5,0.0
185.5,43.5,0.0
186.5,43.5,0.0
187.5,43.5,0.0
188.5,43.5,0.0
189.5,43.5,0.0
190.5,43.5,0.0
191.5,43.5,0.0
192.5,43.5,0.0
193.5,43.5,0.0
194.5,43.5,0.0
195.5,43.5,0.0
196.5,43.5,0.0
197.5,43.5,0.0
198.5,43.5,0.0
199.5,43.5,0.0
0.5,44.5,0.0
1.5,44.5,0.0
2.5,44.5,0.0
3.5,44.5,0.0
4.5,44.5,0.0
5.5,44.5,0.0
6.5,44.5,0.0
7.5,44.5,0.0
8.5,44.5,0.0
9.5,44.5,0.0
10.5,44.5,0.0
11.5,44.5,0.0
12.5,44.5,0.0
13.5,44.5,0.0
14.5,44.5,0.0
15.5,44.5,0.0
16.5,44.5,0.0
17.5,44.5,0.0
18.5,44.5,0.0
19.5,44.5,0.0
20.5,44.5,0.0
21.5,44.5,0.0
22.5,44.5,0.0
23.5,44.5,0.0
24.5,44.5,0.0
25.5,44.5,0.0
26.5,44.5,0.0
27.5,44.5,0.0
28.5,44.5,0.0
29.5,44.5,0.0
30.5,44.5,0.0
31.5,44.5,0.0
32.5,44.5,0.0
33.5,44.5,0.0
34.5,44.5,0.0
35.5,44.5,0.0
36.5,44.5,0.0
37.5,44.5,0.0
38.5,44.5,0.0
39.5,44.5,0.0
40.5,44.5,0.0
41.5,44.5,0.0
42.5,44.5,0.0
43.5,44.5,0.0
44.5,44.5,0.0
45.5,44.5,0.0
46.5,44.5,0.0
47.5,44.5,0.0
48.5,44.5,0.0
49.5,44.5,0.0
50.5,44.5,0.0
51.5,44.5,0.0
52.5,44.5,0.0
53.5,44.5,0.0
54.5,44.5,0.0
55.5,44.5,0.0
56.5,44.5,0.0
57.5,44.5,0.0
58.5,44.5,0.0
59.5,44.5,0.0
60.5,44.5,0.0
61.5,44.5,0.0
62.5,44.5,0.0
63.5,44.5,0.0
64.5,44.5,0.0
65.5,44.5,0.0
66.5,44.5,0.0
67.5,44.5,0.0
68.5,44.5,0.0
69.5,44.5,0.0
70.5,44.5,0.0
71.5,44.5,0.0
72.5,44.5,0.0
73.5,44.5,0.0
74.5,44.5,0.0
75.5,44.5,0.0
76.5,44.5,0.0
77.5,44.5,0.0
78.5,44.5,0.0
79.5,44.5,0.0
80.5,44.5,0.0
81.5,44.5,0.0
82.5,44.5,0.0
83.5,44.5,0.0
84.5,44.5,0.0
85.5,44.5,0.0
86.5,44.5,0.0
87.5,44.5,0.0
88.5,44.5,0.0
89.5,44.5,0.0
90.5,44.5,0.0
91.5,44.5,0.0
92.5,44.5,0.0
93.5,44.5,0.0
94.5,44.5,0.0
95.5,44.5,0.0
96.5,44.5,0.0
97.5,44.5,0.0
98.5,44.5,0.0
99.5,44.5,0.0
100.5,44.5,0.0
101.5,44.5,0.0
102.5,44.5,0.0
103.5,44.5,0.0
104.5,44.5,0.0
105.5,44.5,0.0
106.5,44.5,0.0
107.5,44.5,0.0
108.5,44.5,0.0
109.5,44.5,0.0
110.5,44.5,0.0
111.5,44.5,0.0
112.5,44.5,0.0
113.5,44.5,0.0
114.5,44.5,0.0
115.5,44.5,0.0
116.5,44.5,0.0
117.5,44.5,0.0
118.5,44.5,0.0
119.5,44.5,0.0
120.5,44.5,0.0
121.5,44.5,0.0
122.5,44.5,0.0
123.5,44.5,0.0
124.5,44.5,0.0
125.5,44.5,0.0
126.5,44.5,0.0
127.5,44.5,0.0
128.5,44.5,0.0
129.5,44.5,0.0
130.5,44.5,0.0
131.5,44.5,0.0
132.5,44.5,0.0
133.5,44.5,0.0
134.5,44.5,0.0
135.5,44.5,0.0
136.5,44.5,0.0
137.5,44.5,0.0
138.5,44.5,0.0
139.5,44.5,0.0
140.5,44.5,0.0
141.5,44.5,0.0
142.5,44.5,0.0
143.5,44.5,0.0
144.5,44.5,0.0
145.5,44.5,0.0
146.5,44.5,0.0
147.5,44.5,0.0
148.5,44.5,0.0
149.5,44.5,0.0
150.5,44.5,0.0
151.5,44.5,0.0
152.5,44.5,0.0
153.5,44.5,0.0
154.5,44.5,0.0
155.5,44.5,0.0
156.5,44.5,0.0
157.5,44.5,0.0
158.5,44.5,0.0
159.5,44.5,0.0
160.5,44.5,0.0
161.5,44.5,0.0
162.5,44.5,0.0
163.5,44.5,0.0
164.5,44.5,0.0
165.5,44.5,0.0
166.5,44.5,0.0
167.5,44.5,0.0
168.5,44.5,0.0
169.5,44.5,0.0
170.5,44.5,0.0
171.5,44.5,0.0
172.5,44.5,0.0
173.5,44.5,0.0
174.5,44.5,0.0
175.5,44.5,0.0
176.5,44.5,0.0
177.5,44.5,0.0
178.5,44.5,0.0
179.5,44.5,0.0
180.5,44.5,0.0
181.5,44.5,0.0
182.5,44.5,0.0
183.5,44.5,0.0
184.5,44.5,0.0
185.5,44.5,0.0
186.5,44.5,0.0
187.5,44.5,0.0
188.5,44.5,0.0
189.5,44.5,0.0
190.5,44.5,0.0
191.5,44.5,0.0
192.5,44.5,0.0
193.5,44.5,0.0
194.5,44.5,0.0
195.5,44.5,0.0
196.5,44.5,0.0
197.5,44.5,0.0
198.5,44.5,0.0
199.5,44.5,0.0
0.5,45.5,0.0
1.5,45.5,0.0
2.5,45.5,0.0
3.5,45.5,0.0
4.5,45.5,0.0
5.5,45.5,0.0
6.5,45.5,0.0
7.5,45.5,0.0
8.5,45.5,0.0
9.5,45.5,0.0
10.5,45.5,0.0
11.5,45.5,0.0
12.5,45.5,0.0
13.5,45.5,0.0
14.5,45.5,0.0
15.5,45.5,0.0
16.5,45.5,0.0
17.5,45.5,0.0
18.5,45.5,0.0
19.5,45.5,0.0
20.5,45.5,0.0
21.5,45.5,0.0
22.5,45.5,0.0
23.5,45.5,0.0
24.5,45.5,0.0
25.5,45.5,0.0
26.5,45.5,0.0
27.5,45.5,0.0
28.5,45.5,0.0
29.5,45.5,0.0
30.5,45.5,0.0
31.5,45.5,0.0
32.5,45.5,0.0
33.5,45.5,0.0
34.5,45.5,0.0
35.5,45.5,0.0
36.5,45.5,0.0
37.5,45.5,0.0
38.5,45.5,0.0
39.5,45.5,0.0
40.5,45.5,0.0
41.5,45.5,0.0
42.5,45.5,0.0
43.5,45.5,0.0
44.5,45.5,0.0
45.5,45.5,0.0
46.5,45.5,0.0
47.5,45.5,0.0
48.5,45.5,0.0
49.5,45.5,0.0
50.5,45.5,0.0
51.5,45.5,0.0
52.5,45.5,0.0
53.5,45.5,0.0
54.5,45.5,0.0
55.5,45.5,0.0
56.5,45.5,0.0
57.5,45.5,0.0
58.5,45.5,0.0
59.5,45.5,0.0
60.5,45.5,0.0
61.5,45.5,0.0
62.5,45.5,0.0
63.5,45.5,0.0
64.5,45.5,0.0
65.5,45.5,0.0
66.5,45.5,0.0
67.5,45.5,0.0
68.5,45.5,0.0
69.5,45.5,0.0
70.5,45.5,0.0
71.5,45.5,0.0
72.5,45.5,0.0
73.5,45.5,0.0
74.5,45.5,0.0
75.5,45.5,0.0
76.5,45.5,0.0
77.5,45.5,0.0
78.5,45.5,0.0
79.5,45.5,0.0
80.5,45.5,0.0
81.5,45.5,0.0
82.5,45.5,0.0
83.5,45.5,0.0
84.5,45.5,0.0
85.5,45.5,0.0
86.5,45.5,0.0
87.5,45.5,0.0
88.5,45.5,0.0
89.5,45.5,0.0
90.5,45.5,0.0
91.5,45.5,0.0
92.5,45.5,0.0
93.5,45.5,0.0
94.5,45.5,0.0
95.5,45.5,0.0
96.5,45.5,0.0
97.5,45.5,0.0
98.5,45.5,0.0
99.5,45.5,0.0
100.5,45.5,0.0
101.5,45.5,0.0
102.5,45.5,0.0
103.5,45.5,0.0
104.5,45.5,0.0
105.5,45.5,0.0
106.5,45.5,0.0
107.5,45.5,0.0
108.5,45.5,0.0
109.5,45.5,0.0
110.5,45.5,0.0
111.5,45.5,0.0
112.5,45.5,0.0
113.5,45.5,0.0
114.5,45.5,0.0
115.5,45.5,0.0
116.5,45.5,0.0
117.5,45.5,0.0
118.5,45.5,0.0
119.5,45.5,0.0
120.5,45.5,0.0
121.5,45.5,0.0
122.5,45.5,0.0
123.5,45.5,0.0
124.5,45.5,0.0
125.5,45.5,0.0
126.5,45.5,0.0
127.5,45.5,0.0
128.5,45.5,0.0
129.5,45.5,0.0
130.5,45.5,0.0
131.5,45.5,0.0
132.5,45.5,0.0
133.5,45.5,0.0
134.5,45.5,0.0
135.5,45.5,0.0
136.5,45.5,0.0
137.5,45.5,0.0
138.5,45.5,0.0
139.5,45.5,0.0
140.5,45.5,0.0
141.5,45.5,0.0
142.5,45.5,0.0
143.5,45.5,0.0
144.5,45.5,0.0
145.5,45.5,0.0
146.5,45.5,0.0
147.5,45.5,0.0
148.5,45.5,0.0
149.5,45.5,0.0
150.5,45.5,0.0
151.5,45.5,0.0
152.5,45.5,0.0
153.5,45.5,0.0
154.5,45.5,0.0
155.5,45.5,0.0
156.5,45.5,0.0
157.5,45.5,0.0
158.5,45.5,0.0
159.5,45.5,0.0
160.5,45.5,0.0
161.5,45.5,0.0
162.5,45.5,0.0
163.5,45.5,0.0
164.5,45.5,0.0
165.5,45.5,0.0
166.5,45.5,0.0
167.5,45.5,0.0
168.5,45.5,0.0
169.5,45.5,0.0
170.5,45.5,0.0
171.5,45.5,0.0
172.5,45.5,0.0
173.5,45.5,0.0
174.5,45.5,0.0
175.5,45.5,0.0
176.5,45.5,0.0
177.5,45.5,0.0
178.5,45.5,0.0
179.5,45.5,0.0
180.5,45.5,0.0
181.5,45.5,0.0
182.5,45.5,0.0
183.5,45.5,0.0
184.5,45.5,0.0
185.5,45.5,0.0
186.5,45.5,0.0
187.5,45.5,0.0
188.5,45.5,0.0
189.5,45.5,0.0
190.5,45.5,0.0
191.5,45.5,0.0
192.5,45.5,0.0
193.5,45.5,0.0
194.5,45.5,0.0
195.5,45.5,0.0
196.5,45.5,0.0
197.5,45.5,0.0
198.5,45.5,0.0
199.5,45.5,0.0
0.5,46.5,0.0
1.5,46.5,0.0
2.5,46.5,0.0
3.5,46.5,0.0
4.5,46.5,0.0
5.5,46.5,0.0
6.5,46.5,0.0
7.5,46.5,0.0
8.5,46.5,0.0
9.5,46.5,0.0
10.5,46.5,0.0
11.5,46.5,0.0
12.5,46.5,0.0
13.5,46.5,0.0
14.5,46.5,0.0
15.5,46.5,0.0
16.5,46.5,0.0
17.5,46.5,0.0
18.5,46.5,0.0
19.5,46.5,0.0
20.5,46.5,0.0
21.5,46.5,0.0
22.5,46.5,0.0
23.5,46.5,0.0
24.5,46.5,0.0
25.5,46.5,0.0
26.5,46.5,0.0
27.5,46.5,0.0
28.5,46.5,0.0
29.5,46.5,0.0
30.5,46.5,0.0
31.5,46.5,0.0
32.5,46.5,0.0
33.5,46.5,0.0
34.5,46.5,0.0
35.5,46.5,0.0
36.5,46.5,0.0
37.5,46.5,0.0
38.5,46.5,0.0
39.5,46.5,0.0
40.5,46.5,0.0
41.5,46.5,0.0
42.5,46.5,0.0
43.5,46.5,0.0
44.5,46.5,0.0
45.5,46.5,0.0
46.5,46.5,0.0
47.5,46.5,0.0
48.5,46.5,0.0
49.5,46.5,0.0
50.5,46.5,0.0
51.5,46.5,0.0
52.5,46.5,0.0
53.5,46.5,0.0
54.5,46.5,0.0
55.5,46.5,0.0
56.5,46.5,0.0
57.5,46.5,0.0
58.5,46.5,0.0
59.5,46.5,0.0
60.5,46.5,0.0
61.5,46.5,0.0
62.5,46.5,0.0
63.5,46.5,0.0
64.5,46.5,0.0
65.5,46.5,0.0
66.5,46.5,0.0
67.5,46.5,0.0
68.5,46.5,0.0
69.5,46.5,0.0
70.5,46.5,0.0
71.5,46.5,0.0
72.5,46.5,0.0
73.5,46.5,0.0
74.5,46.5,0.0
75.5,46.5,0.0
76.5,46.5,0.0
77.5,46.5,0.0
78.5,46.5,0.0
79.5,46.5,0.0
80.5,46.5,0.0
81.5,46.5,0.0
82.5,46.5,0.0
83.5,46.5,0.0
84.5,46.5,0.0
85.5,46.5,0.0
86.5,46.5,0.0
87.5,46.5,0.0
88.5,46.5,0.0
89.5,46.5,0.0
90.5,46.5,0.0
91.5,46.5,0.0
92.5,46.5,0.0
93.5,46.5,0.0
94.5,46.5,0.0
95.5,46.5,0.0
96.5,46.5,0.0
97.5,46.5,0.0
98.5,46.5,0.0
99.5,46.5,0.0
100.5,46.5,0.0
101.5,46.5,0.0
102.5,46.5,0.0
103.5,46.5,0.0
104.5,46.5,0.0
105.5,46.5,0.0
106.5,46.5,0.0
107.5,46.5,0.0
108.5,46.5,0.0
109.5,46.5,0.0
110.5,46.5,0.0
111.5,46.5,0.0
112.5,46.5,0.0
113.5,46.5,0.0
114.5,46.5,0.0
115.5,46.5,0.0
116.5,46.5,0.0
117.5,46.5,0.0
118.5,46.5,0.0
119.5,46.5,0.0
120.5,46.5,0.0
121.5,46.5,0.0
122.5,46.5,0.0
123.5,46.5,0.0
124.5,46.5,0.0
125.5,46.5,0.0
126.5,46.5,0.0
127.5,46.5,0.0
128.5,46.5,0.0
129.5,46.5,0.0
130.5,46.5,0.0
131.5,46.5,0.0
132.5,46.5,0.0
133.5,46.5,0.0
134.5,46.5,0.0
135.5,46.5,0.0
136.5,46.5,0.0
137.5,46.5,0.0
138.5,46.5,0.0
139.5,46.5,0.0
140.5,46.5,0.0
141.5,46.5,0.0
142.5,46.5,0.0
143.5,46.5,0.0
144.5,46.5,0.0
145.5,46.5,0.0
146.5,46.5,0.0
147.5,46.5,0.0
148.5,46.5,0.0
149.5,46.5,0.0
150.5,46.5,0.0
151.5,46.5,0.0
152.5,46.5,0.0
153.5,46.5,0.0
154.5,46.5,0.0
155.5,46.5,0.0
156.5,46.5,0.0
157.5,46.5,0.0
158.5,46.5,0.0
159.5,46.5,0.0
160.5,46.5,0.0
161.5,46.5,0.0
162.5,46.5,0.0
163.5,46.5,0.0
164.5,46.5,0.0
165.5,46.5,0.0
166.5,46.5,0.0
167.5,46.5,0.0
168.5,46.5,0.0
169.5,46.5,0.0
170.5,46.5,0.0
171.5,46.5,0.0
172.5,46.5,0.0
173.5,46.5,0.0
174.5,46.5,0.0
175.5,46.5,0.0
176.5,46.5,0.0
177.5,46.5,0.0
178.5,46.5,0.0
179.5,46.5,0.0
180.5,46.5,0.0
181.5,46.5,0.0
182.5,46.5,0.0
183.5,46.5,0.0
184.5,46.5,0.0
185.5,46.5,0.0
186.5,46.5,0.0
187.5,46.5,0.0
188.5,46.5,0.0
189.5,46.5,0.0
190.5,46.5,0.0
191.5,46.5,0.0
192.5,46.5,0.0
193.5,46.5,0.0
194.5,46.5,0.0
195.5,46.5,0.0
196.5,46.5,0.0
197.5,46.5,0.0
198.5,46.5,0.0
199.5,46.5,0.0
0.5,47.5,0.0
1.5,47.5,0.0
2.5,47.5,0.0
3.5,47.5,0.0
4.5,47.5,0.0
5.5,47.5,0.0
6.5,47.5,0.0
7.5,47.5,0.0
8.5,47.5,0.0
9.5,47.5,0.0
10.5,47.5,0.0
11.5,47.5,0.0
12.5,47.5,0.0
13.5,47.5,0.0
14.5,47.5,0.0
15.5,47.5,0.0
16.5,47.5,0.0
17.5,47.5,0.0
18.5,47.5,0.0
19.5,47.5,0.0
20.5,47.5,0.0
21.5,47.5,0.0
22.5,47.5,0.0
23.5,47.5,0.0
24.5,47.5,0.0
25.5,47.5,0.0
26.5,47.5,0.0
27.5,47.5,0.0
28.5,47.5,0.0
29.5,47.5,0.0
30.5,47.5,0.0
31.5,47.5,0.0
32.5,47.5,0.0
33.5,47.5,0.0
34.5,47.5,0.0
35.5,47.5,0.0
36.5,47.5,0.0
37.5,47.5,0.0
38.5,47.5,0.0
39.5,47.5,0.0
40.5,47.5,0.0
41.5,47.5,0.0
42.5,47.5,0.0
43.5,47.5,0.0
44.5,47.5,0.0
45.5,47.5,0.0
46.5,47.5,0.0
47.5,47.5,0.0
48.5,47.5,0.0
49.5,47.5,0.0
50.5,47.5,0.0
51.5,47.5,0.0
52.5,47.5,0.0
53.5,47.5,0.0
54.5,47.5,0.0
55.5,47.5,0.0
56.5,47.5,0.0
57.5,47.5,0.0
58.5,47.5,0.0
59.5,47.5,0.0
60.5,47.5,0.0
61.5,47.5,0.0
62.5,47.5,0.0
63.5,47.5,0.0
64.5,47.5,0.0
65.5,47.5,0.0
66.5,47.5,0.0
67.5,47.5,0.0
68.5,47.5,0.0
69.5,47.5,0.0
70.5,47.5,0.0
71.5,47.5,0.0
72.5,47.5,0.0
73.5,47.5,0.0
74.5,47.5,0.0
75.5,47.5,0.0
76.5,47.5,0.0
77.5,47.5,0.0
78.5,47.5,0.0
79.5,47.5,0.0
80.5,47.5,0.0
81.5,47.5,0.0
82.5,47.5,0.0
83.5,47.5,0.0
84.5,47.5,0.0
85.5,47.5,0.0
86.5,47.5,0.0
87.5,47.5,0.0
88.5,47.5,0.0
89.5,47.5,0.0
90.5,47.5,0.0
91.5,47.5,0.0
92.5,47.5,0.0
93.5,47.5,0.0
94.5,47.5,0.0
95.5,47.5,0.0
96.5,47.5,0.0
97.5,47.5,0.0
98.5,47.5,0.0
99.5,47.5,0.0
100.5,47.5,0.0
101.5,47.5,0.0
102.5,47.5,0.0
103.5,47.5,0.0
104.5,47.5,0.0
105.5,47.5,0.0
106.5,47.5,0.0
107.5,47.5,0.0
108.5,47.5,0.0
109.5,47.5,0.0
110.5,47.5,0.0
111.5,47.5,0.0
112.5,47.5,0.0
113.5,47.5,0.0
114.5,47.5,0.0
115.5,47.5,0.0
116.5,47.5,0.0
117.5,47.5,0.0
118.5,47.5,0.0
119.5,47.5,0.0
120.5,47.5,0.0
121.5,47.5,0.0
122.5,47.5,0.0
123.5,47.5,0.0
124.5,47.5,0.0
125.5,47.5,0.0
126.5,47.5,0.0
127.5,47.5,0.0
128.5,47.5,0.0
129.5,47.5,0.0
130.5,47.5,0.0
131.5,47.5,0.0
132.5,47.5,0.0
133.5,47.5,0.0
134.5,47.5,0.0
135.5,47.5,0.0
136.5,47.5,0.0
137.5,47.5,0.0
138.5,47.5,0.0
139.5,47.5,0.0
140.5,47.5,0.0
141.5,47.5,0.0
142.5,47.5,0.0
143.5,47.5,0.0
144.5,47.5,0.0
145.5,47.5,0.0
146.5,47.5,0.0
147.5,47.5,0.0
148.5,47.5,0.0
149.5,47.5,0.0
150.5,47.5,0.0
151.5,47.5,0.0
152.5,47.5,0.0
153.5,47.5,0.0
154.5,47.5,0.0
155.5,47.5,0.0
156.5,47.5,0.0
157.5,47.5,0.0
158.5,47.5,0.0
159.5,47.5,0.0
160.5,47.5,0.0
161.5,47.5,0.0
162.5,47.5,0.0
163.5,47.5,0.0
164.5,47.5,0.0
165.5,47.5,0.0
166.5,47.5,0.0
167.5,47.5,0.0
168.5,47.5,0.0
169.5,47.5,0.0
170.5,47.5,0.0
171.5,47.5,0.0
172.5,47.5,0.0
173.5,47.5,0.0
174.5,47.5,0.0
175.5,47.5,0.0
176.5,47.5,0.0
177.5,47.5,0.0
178.5,47.5,0.0
179.5,47.5,0.0
180.5,47.5,0.0
181.5,47.5,0.0
182.5,47.5,0.0
183.5,47.5,0.0
184.5,47.5,0.0
185.5,47.5,0.0
186.5,47.5,0.0
187.5,47.5,0.0
188.5,47.5,0.0
189.5,47.5,0.0
190.5,47.5,0.0
191.5,47.5,0.0
192.5,47.5,0.0
193.5,47.5,0.0
194.5,47.5,0.0
195.5,47.5,0.0
196.5,47.5,0.0
197.5,47.5,0.0
198.5,47.5,0.0
199.5,47.5,0.0
0.5,48.5,0.0
1.5,48.5,0.0
2.5,48.5,0.0
3.5,48.5,0.0
4.5,48.5,0.0
5.5,48.5,0.0
6.5,48.5,0.0
7.5,48.5,0.0
8.5,48.5,0.0
9.5,48.5,0.0
10.5,48.5,0.0
11.5,48.5,0.0
12.5,48.5,0.0
13.5,48.5,0.0
14.5,48.5,0.0
15.5,48.5,0.0
16.5,48.5,0.0
17.5,48.5,0.0
18.5,48.5,0.0
19.5,48.5,0.0
20.5,48.5,0.0
21.5,48.5,0.0
22.5,48.5,0.0
23.5,48.5,0.0
24.5,48.5,0.0
25.5,48.5,0.0
26.5,48.5,0.0
27.5,48.5,0.0
28.5,48.5,0.0
29.5,48.5,0.0
30.5,48.5,0.0
31.5,48.5,0.0
32.5,48.5,0.0
33.5,48.5,0.0
34.5,48.5,0.0
35.5,48.5,0.0
36.5,48.5,0.0
37.5,48.5,0.0
38.5,48.5,0.0
39.5,48.5,0.0
40.5,48.5,0.0
41.5,48.5,0.0
42.5,48.5,0.0
43.5,48.5,0.0
44.5,48.5,0.0
45.5,48.5,0.0
46.5,48.5,0.0
47.5,48.5,0.0
48.5,48.5,0.0
49.5,48.5,0.0
50.5,48.5,0.0
51.5,48.5,0.0
52.5,48.5,0.0
53.5,48.5,0.0
54.5,48.5,0.0
55.5,48.5,0.0
56.5,48.5,0.0
57.5,48.5,0.0
58.5,48.5,0.0
59.5,48.5,0.0
60.5,48.5,0.0
61.5,48.5,0.0
62.5,48.5,0.0
63.5,48.5,0.0
64.5,48.5,0.0
65.5,48.5,0.0
66.5,48.5,0.0
67.5,48.5,0.0
68.5,48.5,0.0
69.5,48.5,0.0
70.5,48.5,0.0
71.5,48.5,0.0
72.5,48.5,0.0
73.5,48.5,0.0
74.5,48.5,0.0
75.5,48.5,0.0
76.5,48.5,0.0
77.5,48.5,0.0
78.5,48.5,0.0
79.5,48.5,0.0
80.5,48.5,0.0
81.5,48.5,0.0
82.5,48.5,0.0
83.5,48.5,0.0
84.5,48.5,0.0
85.5,48.5,0.0
86.5,48.5,0.0
87.5,48.5,0.0
88.5,48.5,0.0
89.5,48.5,0.0
90.5,48.5,0.0
91.5,48.5,0.0
92.5,48.5,0.0
93.5,48.5,0.0
94.5,48.5,0.0
95.5,48.5,0.0
96.5,48.5,0.0
97.5,48.5,0.0
98.5,48.5,0.0
99.5,48.5,0.0
100.5,48.5,0.0
101.5,48.5,0.0
102.5,48.5,0.0
103.5,48.5,0.0
104.5,48.5,0.0
105.5,48.5,0.0
106.5,48.5,0.0
107.5,48.5,0.0
108.5,48.5,0.0
109.5,48.5,0.0
110.5,48.5,0.0
111.5,48.5,0.0
112.5,48.5,0.0
113.5,48.5,0.0
114.5,48.5,0.0
115.5,48.5,0.0
116.5,48.5,0.0
117.5,48.5,0.0
118.5,48.5,0.0
119.5,48.5,0.0
120.5,48.5,0.0
121.5,48.5,0.0
122.5,48.5,0.0
123.5,48.5,0.0
124.5,48.5,0.0
125.5,48.5,0.0
126.5,48.5,0.0
127.5,48.5,0.0
128.5,48.5,0.0
129.5,48.5,0.0
130.5,48.5,0.0
131.5,48.5,0.0
132.5,48.5,0.0
133.5,48.5,0.0
134.5,48.5,0.0
135.5,48.5,0.0
136.5,48.5,0.0
137.5,48.5,0.0
138.5,48.5,0.0
139.5,48.5,0.0
140.5,48.5,0.0
141.5,48.5,0.0
142.5,48.5,0.0
143.5,48.5,0.0
144.5,48.5,0.0
145.5,48.5,0.0
146.5,48.5,0.0
147.5,48.5,0.0
148.5,48.5,0.0
149.5,48.5,0.0
150.5,48.5,0.0
151.5,48.5,0.0
152.5,48.5,0.0
153.5,48.5,0.0
154.5,48.5,0.0
155.5,48.5,0.0
156.5,48.5,0.0
157.5,48.5,0.0
158.5,48.5,0.0
159.5,48.5,0.0
160.5,48.5,0.0
161.5,48.5,0.0
162.5,48.5,0.0
163.5,48.5,0.0
164.5,48.5,0.0
165.5,48.5,0.0
166.5,48.5,0.0
167.5,48.5,0.0
168.5,48.5,0.0
169.5,48.5,0.0
170.5,48.5,0.0
171.5,48.5,0.0
172.5,48.5,0.0
173.5,48.5,0.0
174.5,48.5,0.0
175.5,48.5,0.0
176.5,48.5,0.0
177.5,48.5,0.0
178.5,48.5,0.0
179.5,48.5,0.0
180.5,48.5,0.0
181.5,48.5,0.0
182.5,48.5,0.0
183.5,48.5,0.0
184.5,48.5,0.0
185.5,48.5,0.0
186.5,48.5,0.0
187.5,48.5,0.0
188.5,48.5,0.0
189.5,48.5,0.0
190.5,48.5,0.0
191.5,48.5,0.0
192.5,48.5,0.0
193.5,48.5,0.0
194.5,48.5,0.0
195.5,48.5,0.0
196.5,48.5,0.0
197.5,48.5,0.0
198.5,48.5,0.0
199.5,48.5,0.0
0.5,49.5,0.0
1.5,49.5,0.0
2.5,49.5,0.0
3.5,49.5,0.0
4.5,49.5,0.0
5.5,49.5,0.0
6.5,49.5,0.0
7.5,49.5,0.0
8.5,49.5,0.0
9.5,49.5,0.0
10.5,49.5,0.0
11.5,49.5,0.0
12.5,49.5,0.0
13.5,49.5,0.0
14.5,49.5,0.0
15.5,49.5,0.0
16.5,49.5,0.0
17.5,49.5,0.0
18.5,49.5,0.0
19.5,49.5,0.0
20.5,49.5,0.0
21.5,49.5,0.0
22.5,49.5,0.0
23.5,49.5,0.0
24.5,49.5,0.0
25.5,49.5,0.0
26.5,49.5,0.0
27.5,49.5,0.0
28.5,49.5,0.0
29.5,49.5,0.0
30.5,49.5,0.0
31.5,49.5,0.0
32.5,49.5,0.0
33.5,49.5,0.0
34.5,49.5,0.0
35.5,49.5,0.0
36.5,49.5,0.0
37.5,49.5,0.0
38.5,49.5,0.0
39.5,49.5,0.0
40.5,49.5,0.0
41.5,49.5,0.0
42.5,49.5,0.0
43.5,49.5,0.0
44.5,49.5,0.0
45.5,49.5,0.0
46.5,49.5,0.0
47.5,49.5,0.0
48.5,49.5,0.0
49.5,49.5,0.0
50.5,49.5,0.0
51.5,49.5,0.0
52.5,49.5,0.0
53.5,49.5,0.0
54.5,49.5,0.0
55.5,49.5,0.0
56.5,49.5,0.0
57.5,49.5,0.0
58.5,49.5,0.0
59.5,49.5,0.0
60.5,49.5,0.0
61.5,49.5,0.0
62.5,49.5,0.0
63.5,49.5,0.0
64.5,49.5,0.0
65.5,49.5,0.0
66.5,49.5,0.0
67.5,49.5,0.0
68.5,49.5,0.0
69.5,49.5,0.0
70.5,49.5,0.0
71.5,49.5,0.0
72.5,49.5,0.0
73.5,49.5,0.0
74.5,49.5,0.0
75.5,49.5,0.0
76.5,49.5,0.0
77.5,49.5,0.0
78.5,49.5,0.0
79.5,49.5,0.0
80.5,49.5,0.0
81.5,49.5,0.0
82.5,49.5,0.0
83.5,49.5,0.0
84.5,49.5,0.0
85.5,49.5,0.0
86.5,49.5,0.0
87.5,49.5,0.0
88.5,49.5,0.0
89.5,49.5,0.0
90.5,49.5,0.0
91.5,49.5,0.0
92.5,49.5,0.0
93.5,49.5,0.0
94.5,49.5,0.0
95.5,49.5,0.0
96.5,49.5,0.0
97.5,49.5,0.0
98.5,49.5,0.0
99.5,49.5,0.0
100.5,49.5,0.0
101.5,49.5,0.0
102.5,49.5,0.0
103.5,49.5,0.0
104.5,49.5,0.0
105.5,49.5,0.0
106.5,49.5,0.0
107.5,49.5,0.0
108.5,49.5,0.0
109.5,49.5,0.0
110.5,49.5,0.0
111.5,49.5,0.0
112.5,49.5,0.0
113.5,49.5,0.0
114.5,49.5,0.0
115.5,49.5,0.0
116.5,49.5,0.0
117.5,49.5,0.0
118.5,49.5,0.0
119.5,49.5,0.0
120.5,49.5,0.0
121.5,49.5,0.0
122.5,49.5,0.0
123.5,49.5,0.0
124.5,49.5,0.0
125.5,49.5,0.0
126.5,49.5,0.0
127.5,49.5,0.0
128.5,49.5,0.0
129.5,49.5,0.0
130.5,49.5,0.0
131.5,49.5,0.0
132.5,49.5,0.0
133.5,49.5,0.0
134.5,49.5,0.0
135.5,49.5,0.0
136.5,49.5,0.0
137.5,49.5,0.0
138.5,49.5,0.0
139.5,49.5,0.0
140.5,49.5,0.0
141.5,49.5,0.0
142.5,49.5,0.0
143.5,49.5,0.0
144.5,49.5,0.0
145.5,49.5,0.0
146.5,49.5,0.0
147.5,49.5,0.0
148.5,49.5,0.0
149.5,49.5,0.0
150.5,49.5,0.0
151.5,49.5,0.0
152.5,49.5,0.0
153.5,49.5,0.0
154.5,49.5,0.0
155.5,49.5,0.0
156.5,49.5,0.0
157.5,49.5,0.0
158.5,49.5,0.0
159.5,49.5,0.0
160.5,49.5,0.0
161.5,49.5,0.0
162.5,49.5,0.0
163.5,49.5,0.0
164.5,49.5,0.0
165.5,49.5,0.0
166.5,49.5,0.0
167.5,49.5,0.0
168.5,49.5,0.0
169.5,49.5,0.0
170.5,49.5,0.0
171.5,49.5,0.0
172.5,49.5,0.0
173.5,49.5,0.0
174.5,49.5,0.0
175.5,49.5,0.0
176.5,49.5,0.0
177.5,49.5,0.0
178.5,49.5,0.0
179.5,49.5,0.0
180.5,49.5,0.0
181.5,49.5,0.0
182.5,49.5,0.0
183.5,49.5,0.0
184.5,49.5,0.0
185.5,49.5,0.0
186.5,49.5,0.0
187.5,49.5,0.0
188.5,49.5,0.0
189.5,49.5,0.0
190.5,49.5,0.0
191.5,49.5,0.0
192.5,49.5,0.0
193.5,49.5,0.0
194.5,49.5,0.0
195.5,49.5,0.0
196.5,49.5,0.0
197.5,49.5,0.0
198.5,49.5,0.0
199.5,49.5,0.0
0.5,50.5,0.0
1.5,50.5,0.0
2.5,50.5,0.0
3.5,50.5,0.0
4.5,50.5,0.0
5.5,50.5,0.0
6.5,50.5,0.0
7.5,50.5,0.0
8.5,50.5,0.0
9.5,50.5,0.0
10.5,50.5,0.0
11.5,50.5,0.0
12.5,50.5,0.0
13.5,50.5,0.0
14.5,50.5,0.0
15.5,50.5,0.0
16.5,50.5,0.0
17.5,50.5,0.0
18.5,50.5,0.0
19.5,50.5,0.0
20.5,50.5,0.0
21.5,50.5,0.0
22.5,50.5,0.0
23.5,50.5,0.0
24.5,50.5,0.0
25.5,50.5,0.0
26.5,50.5,0.0
27.5,50.5,0.0
28.5,50.5,0.0
29.5,50.5,0.0
30.5,50.5,0.0
31.5,50.5,0.0
32.5,50.5,0.0
33.5,50.5,0.0
34.5,50.5,0.0
35.5,50.5,0.0
36.5,50.5,0.0
37.5,50.5,0.0
38.5,50.5,0.0
39.5,50.5,0.0
40.5,50.5,0.0
41.5,50.5,0.0
42.5,50.5,0.0
43.5,50.5,0.0
44.5,50.5,0.0
45.5,50.5,0.0
46.5,50.5,0.0
47.5,50.5,0.0
48.5,50.5,0.0
49.5,50.5,0.0
50.5,50.5,0.0
51.5,50.5,0.0
52.5,50.5,0.0
53.5,50.5,0.0
54.5,50.5,0.0
55.5,50.5,0.0
56.5,50.5,0.0
57.5,50.5,0.0
58.5,50.5,0.0
59.5,50.5,0.0
60.5,50.5,0.0
61.5,50.5,0.0
62.5,50.5,0.0
63.5,50.5,0.0
64.5,50.5,0.0
65.5,50.5,0.0
66.5,50.5,0.0
67.5,50.5,0.0
68.5,50.5,0.0
69.5,50.5,0.0
70.5,50.5,0.0
71.5,50.5,0.0
72.5,50.5,0.0
73.5,50.5,0.0
74.5,50.5,0.0
75.5,50.5,0.0
76.5,50.5,0.0
77.5,50.5,0.0
78.5,50.5,0.0
79.5,50.5,0.0
80.5,50.5,0.0
81.5,50.5,0.0
82.5,50.5,0.0
83.5,50.5,0.0
84.5,50.5,0.0
85.5,50.5,0.0
86.5,50.5,0.0
87.5,50.5,0.0
88.5,50.5,0.0
89.5,50.5,0.0
90.5,50.5,0.0
91.5,50.5,0.0
92.5,50.5,0.0
93.5,50.5,0.0
94.5,50.5,0.0
95.5,50.5,0.0
96.5,50.5,0.0
97.5,50.5,0.0
98.5,50.5,0.0
99.5,50.5,0.0
100.5,50.5,0.0
101.5,50.5,0.0
102.5,50.5,0.0
103.5,50.5,0.0
104.5,50.5,0.0
105.5,50.5,0.0
106.5,50.5,0.0
107.5,50.5,0.0
108.5,50.5,0.0
109.5,50.5,0.0
110.5,50.5,0.0
111.5,50.5,0.0
112.5,50.5,0.0
113.5,50.5,0.0
114.5,50.5,0.0
115.5,50.5,0.0
116.5,50.5,0.0
117.5,50.5,0.0
118.5,50.5,0.0
119.5,50.5,0.0
120.5,50.5,0.0
121.5,50.5,0.0
122.5,50.5,0.0
123.5,50.5,0.0
124.5,50.5,0.0
125.5,50.5,0.0
126.5,50.5,0.0
127.5,50.5,0.0
128.5,50.5,0.0
129.5,50.5,0.0
130.5,50.5,0.0
131.5,50.5,0.0
132.5,50.5,0.0
133.5,50.5,0.0
134.5,50.5,0.0
135.5,50.5,0.0
136.5,50.5,0.0
137.5,50.5,0.0
138.5,50.5,0.0
139.5,50.5,0.0
140.5,50.5,0.0
141.5,50.5,0.0
142.5,50.5,0.0
143.5,50.5,0.0
144.5,50.5,0.0
145.5,50.5,0.0
146.5,50.5,0.0
147.5,50.5,0.0
148.5,50.5,0.0
149.5,50.5,0.0
150.5,50.5,0.0
151.5,50.5,0.0
152.5,50.5,0.0
153.5,50.5,0.0
154.5,50.5,0.0
155.5,50.5,0.0
156.5,50.5,0.0
157.5,50.5,0.0
158.5,50.5,0.0
159.5,50.5,0.0
160.5,50.5,0.0
161.5,50.5,0.0
162.5,50.5,0.0
163.5,50.5,0.0
164.5,50.5,0.0
165.5,50.5,0.0
166.5,50.5,0.0
167.5,50.5,0.0
168.5,50.5,0.0
169.5,50.5,0.0
170.5,50.5,0.0
171.5,50.5,0.0
172.5,50.5,0.0
173.5,50.5,0.0
174.5,50.5,0.0
175.5,50.5,0.0
176.5,50.5,0.0
177.5,50.5,0.0
178.5,50.5,0.0
179.5,50.5,0.0
180.5,50.5,0.0
181.5,50.5,0.0
182.5,50.5,0.0
183.5,50.5,0.0
184.5,50.5,0.0
185.5,50.5,0.0
186.5,50.5,0.0
187.5,50.5,0.0
188.5,50.5,0.0
189.5,50.5,0.0
190.5,50.5,0.0
191.5,50.5,0.0
192.5,50.5,0.0
193.5,50.5,0.0
194.5,50.5,0.0
195.5,50.5,0.0
196.5,50.5,0.0
197.5,50.5,0.0
198.5,50.5,0.0
199.5,50.5,0.0
0.5,51.5,0.0
1.5,51.5,0.0
2.5,51.5,0.0
3.5,51.5,0.0
4.5,51.5,0.0
5.5,51.5,0.0
6.5,51.5,0.0
7.5,51.5,0.0
8.5,51.5,0.0
9.5,51.5,0.0
10.5,51.5,0.0
11.5,51.5,0.0
12.5,51.5,0.0
13.5,51.5,0.0
14.5,51.5,0.0
15.5,51.5,0.0
16.5,51.5,0.0
17.5,51.5,0.0
18.5,51.5,0.0
19.5,51.5,0.0
20.5,51.5,0.0
21.5,51.5,0.0
22.5,51.5,0.0
23.5,51.5,0.0
24.5,51.5,0.0
25.5,51.5,0.0
26.5,51.5,0.0
27.5,51.5,0.0
28.5,51.5,0.0
29.5,51.5,0.0
30.5,51.5,0.0
31.5,51.5,0.0
32.5,51.5,0.0
33.5,51.5,0.0
34.5,51.5,0.0
35.5,51.5,0.0
36.5,51.5,0.0
37.5,51.5,0.0
38.5,51.5,0.0
39.5,51.5,0.0
40.5,51.5,0.0
41.5,51.5,0.0
42.5,51.5,0.0
43.5,51.5,0.0
44.5,51.5,0.0
45.5,51.5,0.0
46.5,51.5,0.0
47.5,51.5,0.0
48.5,51.5,0.0
49.5,51.5,0.0
50.5,51.5,0.0
51.5,51.5,0.0
52.5,51.5,0.0
53.5,51.5,0.0
54.5,51.5,0.0
55.5,51.5,0.0
56.5,51.5,0.0
57.5,51.5,0.0
58.5,51.5,0.0
59.5,51.5,0.0
60.5,51.5,0.0
61.5,51.5,0.0
62.5,51.5,0.0
63.5,51.5,0.0
64.5,51.5,0.0
65.5,51.5,0.0
66.5,51.5,0.0
67.5,51.5,0.0
68.5,51.5,0.0
69.5,51.5,0.0
70.5,51.5,0.0
71.5,51.5,0.0
72.5,51.5,0.0
73.5,51.5,0.0
74.5,51.5,0.0
75.5,51.5,0.0
76.5,51.5,0.0
77.5,51.5,0.0
78.5,51.5,0.0
79.5,51.5,0.0
80.5,51.5,0.0
81.5,51.5,0.0
82.5,51.5,0.0
83.5,51.5,0.0
84.5,51.5,0.0
85.5,51.5,0.0
86.5,51.5,0.0
87.5,51.5,0.0
88.5,51.5,0.0
89.5,51.5,0.0
90.5,51.5,0.0
91.5,51.5,0.0
92.5,51.5,0.0
93.5,51.5,0.0
94.5,51.5,0.0
95.5,51.5,0.0
96.5,51.5,0.0
97.5,51.5,0.0
98.5,51.5,0.0
99.5,51.5,0.0
100.5,51.5,0.0
101.5,51.5,0.0
102.5,51.5,0.0
103.5,51.5,0.0
104.5,51.5,0.0
105.5,51.5,0.0
106.5,51.5,0.0
107.5,51.5,0.0
108.5,51.5,0.0
109.5,51.5,0.0
110.5,51.5,0.0
111.5,51.5,0.0
112.5,51.5,0.0
113.5,51.5,0.0
114.5,51.5,0.0
115.5,51.5,0.0
116.5,51.5,0.0
117.5,51.5,0.0
118.5,51.5,0.0
119.5,51.5,0.0
120.5,51.5,0.0
121.5,51.5,0.0
122.5,51.5,0.0
123.5,51.5,0.0
124.5,51.5,0.0
125.5,51.5,0.0
126.5,51.5,0.0
127.5,51.5,0.0
128.5,51.5,0.0
129.5,51.5,0.0
130.5,51.5,0.0
131.5,51.5,0.0
132.5,51.5,0.0
133.5,51.5,0.0
134.5,51.5,0.0
135.5,51.5,0.0
136.5,51.5,0.0
137.5,51.5,0.0
138.5,51.5,0.0
139.5,51.5,0.0
140.5,51.5,0.0
141.5,51.5,0.0
142.5,51.5,0.0
143.5,51.5,0.0
144.5,51.5,0.0
145.5,51.5,0.0
146.5,51.5,0.0
147.5,51.5,0.0
148.5,51.5,0.0
149.5,51.5,0.0
150.5,51.5,0.0
151.5,51.5,0.0
152.5,51.5,0.0
153.5,51.5,0.0
154.5,51.5,0.0
155.5,51.5,0.0
156.5,51.5,0.0
157.5,51.5,0.0
158.5,51.5,0.0
159.5,51.5,0.0
160.5,51.5,0.0
161.5,51.5,0.0
162.5,51.5,0.0
163.5,51.5,0.0
164.5,51.5,0.0
165.5,51.5,0.0
166.5,51.5,0.0
167.5,51.5,0.0
168.5,51.5,0.0
169.5,51.5,0.0
170.5,51.5,0.0
171.5,51.5,0.0
172.5,51.5,0.0
173.5,51.5,0.0
174.5,51.5,0.0
175.5,51.5,0.0
176.5,51.5,0.0
177.5,51.5,0.0
178.5,51.5,0.0
179.5,51.5,0.0
180.5,51.5,0.0
181.5,51.5,0.0
182.5,51.5,0.0
183.5,51.5,0.0
184.5,51.5,0.0
185.5,51.5,0.0
186.5,51.5,0.0
187.5,51.5,0.0
188.5,51.5,0.0
189.5,51.5,0.0
190.5,51.5,0.0
191.5,51.5,0.0
192.5,51.5,0.0
193.5,51.5,0.0
194.5,51.5,0.0
195.5,51.5,0.0
196.5,51.5,0.0
197.5,51.5,0.0
198.5,51.5,0.0
199.5,51.5,0.0
0.5,52.5,0.0
1.5,52.5,0.0
2.5,52.5,0.0
3.5,52.5,0.0
4.5,52.5,0.0
5.5,52.5,0.0
6.5,52.5,0.0
7.5,52.5,0.0
8.5,52.5,0.0
9.5,52.5,0.0
10.5,52.5,0.0
11.5,52.5,0.0
12.5,52.5,0.0
13.5,52.5,0.0
14.5,52.5,0.0
15.5,52.5,0.0
16.5,52.5,0.0
17.5,52.5,0.0
18.5,52.5,0.0
19.5,52.5,0.0
20.5,52.5,0.0
21.5,52.5,0.0
22.5,52.5,0.0
23.5,52.5,0.0
24.5,52.5,0.0
25.5,52.5,0.0
26.5,52.5,0.0
27.5,52.5,0.0
28.5,52.5,0.0
29.5,52.5,0.0
30.5,52.5,0.0
31.5,52.5,0.0
32.5,52.5,0.0
33.5,52.5,0.0
34.5,52.5,0.0
35.5,52.5,0.0
36.5,52.5,0.0
37.5,52.5,0.0
38.5,52.5,0.0
39.5,52.5,0.0
40.5,52.5,0.0
41.5,52.5,0.0
42.5,52.5,0.0
43.5,52.5,0.0
44.5,52.5,0.0
45.5,52.5,0.0
46.5,52.5,0.0
47.5,52.5,0.0
48.5,52.5,0.0
49.5,52.5,0.0
50.5,52.5,0.0
51.5,52.5,0.0
52.5,52.5,0.0
53.5,52.5,0.0
54.5,52.5,0.0
55.5,52.5,0.0
56.5,52.5,0.0
57.5,52.5,0.0
58.5,52.5,0.0
59.5,52.5,0.0
60.5,52.5,0.0
61.5,52.5,0.0
62.5,52.5,0.0
63.5,52.5,0.0
64.5,52.5,0.0
65.5,52.5,0.0
66.5,52.5,0.0
67.5,52.5,0.0
68.5,52.5,0.0
69.5,52.5,0.0
70.5,52.5,0.0
71.5,52.5,0.0
72.5,52.5,0.0
73.5,52.5,0.0
74.5,52.5,0.0
75.5,52.5,0.0
76.5,52.5,0.0
77.5,52.5,0.0
78.5,52.5,0.0
79.5,52.5,0.0
80.5,52.5,0.0
81.5,52.5,0.0
82.5,52.5,0.0
83.5,52.5,0.0
84.5,52.5,0.0
85.5,52.5,0.0
86.5,52.5,0.0
87.5,52.5,0.0
88.5,52.5,0.0
89.5,52.5,0.0
90.5,52.5,0.0
91.5,52.5,0.0
92.5,52.5,0.0
93.5,52.5,0.0
94.5,52.5,0.0
95.5,52.5,0.0
96.5,52.5,0.0
97.5,52.5,0.0
98.5,52.5,0.0
99.5,52.5,0.0
100.5,52.5,0.0
101.5,52.5,0.0
102.5,52.5,0.0
103.5,52.5,0.0
104.5,52.5,0.0
105.5,52.5,0.0
106.5,52.5,0.0
107.5,52.5,0.0
108.5,52.5,0.0
109.5,52.5,0.0
110.5,52.5,0.0
111.5,52.5,0.0
112.5,52.5,0.0
113.5,52.5,0.0
114.5,52.5,0.0
115.5,52.5,0.0
116.5,52.5,0.0
117.5,52.5,0.0
118.5,52.5,0.0
119.5,52.5,0.0
120.5,52.5,0.0
121.5,52.5,0.0
122.5,52.5,0.0
123.5,52.5,0.0
124.5,52.5,0.0
125.5,52.5,0.0
126.5,52.5,0.0
127.5,52.5,0.0
128.5,52.5,0.0
129.5,52.5,0.0
130.5,52.5,0.0
131.5,52.5,0.0
132.5,52.5,0.0
133.5,52.5,0.0
134.5,52.5,0.0
135.5,52.5,0.0
136.5,52.5,0.0
137.5,52.5,0.0
138.5,52.5,0.0
139.5,52.5,0.0
140.5,52.5,0.0
141.5,52.5,0.0
142.5,52.5,0.0
143.5,52.5,0.0
144.5,52.5,0.0
145.5,52.5,0.0
146.5,52.5,0.0
147.5,52.5,0.0
148.5,52.5,0.0
149.5,52.5,0.0
150.5,52.5,0.0
151.5,52.5,0.0
152.5,52.5,0.0
153.5,52.5,0.0
154.5,52.5,0.0
155.5,52.5,0.0
156.5,52.5,0.0
157.5,52.5,0.0
158.5,52.5,0.0
159.5,52.5,0.0
160.5,52.5,0.0
161.5,52.5,0.0
162.5,52.5,0.0
163.5,52.5,0.0
164.5,52.5,0.0
165.5,52.5,0.0
166.5,52.5,0.0
167.5,52.5,0.0
168.5,52.5,0.0
169.5,52.5,0.0
170.5,52.5,0.0
171.5,52.5,0.0
172.5,52.5,0.0
173.5,52.5,0.0
174.5,52.5,0.0
175.5,52.5,0.0
176.5,52.5,0.0
177.5,52.5,0.0
178.5,52.5,0.0
179.5,52.5,0.0
180.5,52.5,0.0
181.5,52.5,0.0
182.5,52.5,0.0
183.5,52.5,0.0
184.5,52.5,0.0
185.5,52.5,0.0
186.5,52.5,0.0
187.5,52.5,0.0
188.5,52.5,0.0
189.5,52.5,0.0
190.5,52.5,0.0
191.5,52.5,0.0
192.5,52.5,0.0
193.5,52.5,0.0
194.5,52.5,0.0
195.5,52.5,0.0
196.5,52.5,0.0
197.5,52.5,0.0
198.5,52.5,0.0
199.5,52.5,0.0
0.5,53.5,0.0
1.5,53.5,0.0
2.5,53.5,0.0
3.5,53.5,0.0
4.5,53.5,0.0
5.5,53.5,0.0
6.5,53.5,0.0
7.5,53.5,0.0
8.5,53.5,0.0
9.5,53.5,0.0
10.5,53.5,0.0
11.5,53.5,0.0
12.5,53.5,0.0
13.5,53.5,0.0
14.5,53.5,0.0
15.5,53.5,0.0
16.5,53.5,0.0
17.5,53.5,0.0
18.5,53.5,0.0
19.5,53.5,0.0
20.5,53.5,0.0
21.5,53.5,0.0
22.5,53.5,0.0
23.5,53.5,0.0
24.5,53.5,0.0
25.5,53.5,0.0
26.5,53.5,0.0
27.5,53.5,0.0
28.5,53.5,0.0
29.5,53.5,0.0
30.5,53.5,0.0
31.5,53.5,0.0
32.5,53.5,0.0
33.5,53.5,0.0
34.5,53.5,0.0
35.5,53.5,0.0
36.5,53.5,0.0
37.5,53.5,0.0
38.5,53.5,0.0
39.5,53.5,0.0
40.5,53.5,0.0
41.5,53.5,0.0
42.5,53.5,0.0
43.5,53.5,0.0
44.5,53.5,0.0
45.5,53.5,0.0
46.5,53.5,0.0
47.5,53.5,0.0
48.5,53.5,0.0
49.5,53.5,0.0
50.5,53.5,0.0
51.5,53.5,0.0
52.5,53.5,0.0
53.5,53.5,0.0
54.5,53.5,0.0
55.5,53.5,0.0
56.5,53.5,0.0
57.5,53.5,0.0
58.5,53.5,0.0
59.5,53.5,0.0
60.5,53.5,0.0
61.5,53.5,0.0
62.5,53.5,0.0
63.5,53.5,0.0
64.5,53.5,0.0
65.5,53.5,0.0
66.5,53.5,0.0
67.5,53.5,0.0
68.5,53.5,0.0
69.5,53.5,0.0
70.5,53.5,0.0
71.5,53.5,0.0
72.5,53.5,0.0
73.5,53.5,0.0
74.5,53.5,0.0
75.5,53.5,0.0
76.5,53.5,0.0
77.5,53.5,0.0
78.5,53.5,0.0
79.5,53.5,0.0
80.5,53.5,0.0
81.5,53.5,0.0
82.5,53.5,0.0
83.5,53.5,0.0
84.5,53.5,0.0
85.5,53.5,0.0
86.5,53.5,0.0
87.5,53.5,0.0
88.5,53.5,0.0
89.5,53.5,0.0
90.5,53.5,0.0
91.5,53.5,0.0
92.5,53.5,0.0
93.5,53.5,0.0
94.5,53.5,0.0
95.5,53.5,0.0
96.5,53.5,0.0
97.5,53.5,0.0
98.5,53.5,0.0
99.5,53.5,0.0
100.5,53.5,0.0
101.5,53.5,0.0
102.5,53.5,0.0
103.5,53.5,0.0
104.5,53.5,0.0
105.5,53.5,0.0
106.5,53.5,0.0
107.5,53.5,0.0
108.5,53.5,0.0
109.5,53.5,0.0
110.5,53.5,0.0
111.5,53.5,0.0
112.5,53.5,0.0
113.5,53.5,0.0
114.5,53.5,0.0
115.5,53.5,0.0
116.5,53.5,0.0
117.5,53.5,0.0
118.5,53.5,0.0
119.5,53.5,0.0
120.5,53.5,0.0
121.5,53.5,0.0
122.5,53.5,0.0
123.5,53.5,0.0
124.5,53.5,0.0
125.5,53.5,0.0
126.5,53.5,0.0
127.5,53.5,0.0
128.5,53.5,0.0
129.5,53.5,0.0
130.5,53.5,0.0
131.5,53.5,0.0
132.5,53.5,0.0
133.5,53.5,0.0
134.5,53.5,0.0
135.5,53.5,0.0
136.5,53.5,0.0
137.5,53.5,0.0
138.5,53.5,0.0
139.5,53.5,0.0
140.5,53.5,0.0
141.5,53.5,0.0
142.5,53.5,0.0
143.5,53.5,0.0
144.5,53.5,0.0
145.5,53.5,0.0
146.5,53.5,0.0
147.5,53.5,0.0
148.5,53.5,0.0
149.5,53.5,0.0
150.5,53.5,0.0
151.5,53.5,0.0
152.5,53.5,0.0
153.5,53.5,0.0
154.5,53.5,0.0
155.5,53.5,0.0
156.5,53.5,0.0
157.5,53.5,0.0
158.5,53.5,0.0
159.5,53.5,0.0
160.5,53.5,0.0
161.5,53.5,0.0
162.5,53.5,0.0
163.5,53.5,0.0
164.5,53.5,0.0
165.5,53.5,0.0
166.5,53.5,0.0
167.5,53.5,0.0
168.5,53.5,0.0
169.5,53.5,0.0
170.5,53.5,0.0
171.5,53.5,0.0
172.5,53.5,0.0
173.5,53.5,0.0
174.5,53.5,0.0
175.5,53.5,0.0
176.5,53.5,0.0
177.5,53.5,0.0
178.5,53.5,0.0
179.5,53.5,0.0
180.5,53.5,0.0
181.5,53.5,0.0
182.5,53.5,0.0
183.5,53.5,0.0
184.5,53.5,0.0
185.5,53.5,0.0
186.5,53.5,0.0
187.5,53.5,0.0
188.5,53.5,0.0
189.5,53.5,0.0
190.5,53.5,0.0
191.5,53.5,0.0
192.5,53.5,0.0
193.5,53.5,0.0
194.5,53.5,0.0
195.5,53.5,0.0
196.5,53.5,0.0
197.5,53.5,0.0
198.5,53.5,0.0
199.5,53.5,0.0
0.5,54.5,0.0
1.5,54.5,0.0
2.5,54.5,0.0
3.5,54.5,0.0
4.5,54.5,0.0
5.5,54.5,0.0
6.5,54.5,0.0
7.5,54.5,0.0
8.5,54.5,0.0
9.5,54.5,0.0
10.5,54.5,0.0
11.5,54.5,0.0
12.5,54.5,0.0
13.5,54.5,0.0
14.5,54.5,0.0
15.5,54.5,0.0
16.5,54.5,0.0
17.5,54.5,0.0
18.5,54.5,0.0
19.5,54.5,0.0
20.5,54.5,0.0
21.5,54.5,0.0
22.5,54.5,0.0
23.5,54.5,0.0
24.5,54.5,0.0
25.5,54.5,0.0
26.5,54.5,0.0
27.5,54.5,0.0
28.5,54.5,0.0
29.5,54.5,0.0
30.5,54.5,0.0
31.5,54.5,0.0
32.5,54.5,0.0
33.5,54.5,0.0
34.5,54.5,0.0
35.5,54.5,0.0
36.5,54.5,0.0
37.5,54.5,0.0
38.5,54.5,0.0
39.5,54.5,0.0
40.5,54.5,0.0
41.5,54.5,0.0
42.5,54.5,0.0
43.5,54.5,0.0
44.5,54.5,0.0
45.5,54.5,0.0
46.5,54.5,0.0
47.5,54.5,0.0
48.5,54.5,0.0
49.5,54.5,0.0
50.5,54.5,0.0
51.5,54.5,0.0
52.5,54.5,0.0
53.5,54.5,0.0
54.5,54.5,0.0
55.5,54.5,0.0
56.5,54.5,0.0
57.5,54.5,0.0
58.5,54.5,0.0
59.5,54.5,0.0
60.5,54.5,0.0
61.5,54.5,0.0
62.5,54.5,0.0
63.5,54.5,0.0
64.5,54.5,0.0
65.5,54.5,0.0
66.5,54.5,0.0
67.5,54.5,0.0
68.5,54.5,0.0
69.5,54.5,0.0
70.5,54.5,0.0
71.5,54.5,0.0
72.5,54.5,0.0
73.5,54.5,0.0
74.5,54.5,0.0
75.5,54.5,0.0
76.5,54.5,0.0
77.5,54.5,0.0
78.5,54.5,0.0
79.5,54.5,0.0
80.5,54.5,0.0
81.5,54.5,0.0
82.5,54.5,0.0
83.5,54.5,0.0
84.5,54.5,0.0
85.5,54.5,0.0
86.5,54.5,0.0
87.5,54.5,0.0
88.5,54.5,0.0
89.5,54.5,0.0
90.5,54.5,0.0
91.5,54.5,0.0
92.5,54.5,0.0
93.5,54.5,0.0
94.5,54.5,0.0
95.5,54.5,0.0
96.5,54.5,0.0
97.5,54.5,0.0
98.5,54.5,0.0
99.5,54.5,0.0
100.5,54.5,0.0
101.5,54.5,0.0
102.5,54.5,0.0
103.5,54.5,0.0
104.5,54.5,0.0
105.5,54.5,0.0
106.5,54.5,0.0
107.5,54.5,0.0
108.5,54.5,0.0
109.5,54.5,0.0
110.5,54.5,0.0
111.5,54.5,0.0
112.5,54.5,0.0
113.5,54.5,0.0
114.5,54.5,0.0
115.5,54.5,0.0
116.5,54.5,0.0
117.5,54.5,0.0
118.5,54.5,0.0
119.5,54.5,0.0
120.5,54.5,0.0
121.5,54.5,0.0
122.5,54.5,0.0
123.5,54.5,0.0
124.5,54.5,0.0
125.5,54.5,0.0
126.5,54.5,0.0
127.5,54.5,0.0
128.5,54.5,0.0
129.5,54.5,0.0
130.5,54.5,0.0
131.5,54.5,0.0
132.5,54.5,0.0
133.5,54.5,0.0
134.5,54.5,0.0
135.5,54.5,0.0
136.5,54.5,0.0
137.5,54.5,0.0
138.5,54.5,0.0
139.5,54.5,0.0
140.5,54.5,0.0
141.5,54.5,0.0
142.5,54.5,0.0
143.5,54.5,0.0
144.5,54.5,0.0
145.5,54.5,0.0
146.5,54.5,0.0
147.5,54.5,0.0
148.5,54.5,0.0
149.5,54.5,0.0
150.5,54.5,0.0
151.5,54.5,0.0
152.5,54.5,0.0
153.5,54.5,0.0
154.5,54.5,0.0
155.5,54.5,0.0
156.5,54.5,0.0
157.5,54.5,0.0
158.5,54.5,0.0
159.5,54.5,0.0
160.5,54.5,0.0
161.5,54.5,0.0
162.5,54.5,0.0
163.5,54.5,0.0
164.5,54.5,0.0
165.5,54.5,0.0
166.5,54.5,0.0
167.5,54.5,0.0
168.5,54.5,0.0
169.5,54.5,0.0
170.5,54.5,0.0
171.5,54.5,0.0
172.5,54.5,0.0
173.5,54.5,0.0
174.5,54.5,0.0
175.5,54.5,0.0
176.5,54.5,0.0
177.5,54.5,0.0
178.5,54.5,0.0
179.5,54.5,0.0
180.5,54.5,0.0
181.5,54.5,0.0
182.5,54.5,0.0
183.5,54.5,0.0
184.5,54.5,0.0
185.5,54.5,0.0
186.5,54.5,0.0
187.5,54.5,0.0
188.5,54.5,0.0
189.5,54.5,0.0
190.5,54.5,0.0
191.5,54.5,0.0
192.5,54.5,0.0
193.5,54.5,0.0
194.5,54.5,0.0
195.5,54.5,0.0
196.5,54.5,0.0
197.5,54.5,0.0
198.5,54.5,0.0
199.5,54.5,0.0
0.5,55.5,0.0
1.5,55.5,0.0
2.5,55.5,0.0
3.5,55.5,0.0
4.5,55.5,0.0
5.5,55.5,0.0
6.5,55.5,0.0
7.5,55.5,0.0
8.5,55.5,0.0
9.5,55.5,0.0
10.5,55.5,0.0
11.5,55.5,0.0
12.5,55.5,0.0
13.5,55.5,0.0
14.5,55.5,0.0
15.5,55.5,0.0
16.5,55.5,0.0
17.5,55.5,0.0
18.5,55.5,0.0
19.5,55.5,0.0
20.5,55.5,0.0
21.5,55.5,0.0
22.5,55.5,0.0
23.5,55.5,0.0
24.5,55.5,0.0
25.5,55.5,0.0
26.5,55.5,0.0
27.5,55.5,0.0
28.5,55.5,0.0
29.5,55.5,0.0
30.5,55.5,0.0
31.5,55.5,0.0
32.5,55.5,0.0
33.5,55.5,0.0
34.5,55.5,0.0
35.5,55.5,0.0
36.5,55.5,0.0
37.5,55.5,0.0
38.5,55.5,0.0
39.5,55.5,0.0
40.5,55.5,0.0
41.5,55.5,0.0
42.5,55.5,0.0
43.5,55.5,0.0
44.5,55.5,0.0
45.5,55.5,0.0
46.5,55.5,0.0
47.5,55.5,0.0
48.5,55.5,0.0
49.5,55.5,0.0
50.5,55.5,0.0
51.5,55.5,0.0
52.5,55.5,0.0
53.5,55.5,0.0
54.5,55.5,0.0
55.5,55.5,0.0
56.5,55.5,0.0
57.5,55.5,0.0
58.5,55.5,0.0
59.5,55.5,0.0
60.5,55.5,0.0
61.5,55.5,0.0
62.5,55.5,0.0
63.5,55.5,0.0
64.5,55.5,0.0
65.5,55.5,0.0
66.5,55.5,0.0
67.5,55.5,0.0
68.5,55.5,0.0
69.5,55.5,0.0
70.5,55.5,0.0
71.5,55.5,0.0
72.5,55.5,0.0
73.5,55.5,0.0
74.5,55.5,0.0
75.5,55.5,0.0
76.5,55.5,0.0
77.5,55.5,0.0
78.5,55.5,0.0
79.5,55.5,0.0
80.5,55.5,0.0
81.5,55.5,0.0
82.5,55.5,0.0
83.5,55.5,0.0
84.5,55.5,0.0
85.5,55.5,0.0
86.5,55.5,0.0
87.5,55.5,0.0
88.5,55.5,0.0
89.5,55.5,0.0
90.5,55.5,0.0
91.5,55.5,0.0
92.5,55.5,0.0
93.5,55.5,0.0
94.5,55.5,0.0
95.5,55.5,0.0
96.5,55.5,0.0
97.5,55.5,0.0
98.5,55.5,0.0
99.5,55.5,0.0
100.5,55.5,0.0
101.5,55.5,0.0
102.5,55.5,0.0
103.5,55.5,0.0
104.5,55.5,0.0
105.5,55.5,0.0
106.5,55.5,0.0
107.5,55.5,0.0
108.5,55.5,0.0
109.5,55.5,0.0
110.5,55.5,0.0
111.5,55.5,0.0
112.5,55.5,0.0
113.5,55.5,0.0
114.5,55.5,0.0
115.5,55.5,0.0
116.5,55.5,0.0
117.5,55.5,0.0
118.5,55.5,0.0
119.5,55.5,0.0
120.5,55.5,0.0
121.5,55.5,0.0
122.5,55.5,0.0
123.5,55.5,0.0
124.5,55.5,0.0
125.5,55.5,0.0
126.5,55.5,0.0
127.5,55.5,0.0
128.5,55.5,0.0
129.5,55.5,0.0
130.5,55.5,0.0
131.5,55.5,0.0
132.5,55.5,0.0
133.5,55.5,0.0
134.5,55.5,0.0
135.5,55.5,0.0
136.5,55.5,0.0
137.5,55.5,0.0
138.5,55.5,0.0
139.5,55.5,0.0
140.5,55.5,0.0
141.5,55.5,0.0
142.5,55.5,0.0
143.5,55.5,0.0
144.5,55.5,0.0
145.5,55.5,0.0
146.5,55.5,0.0
147.5,55.5,0.0
148.5,55.5,0.0
149.5,55.5,0.0
150.5,55.5,0.0
151.5,55.5,0.0
152.5,55.5,0.0
153.5,55.5,0.0
154.5,55.5,0.0
155.5,55.5,0.0
156.5,55.5,0.0
157.5,55.5,0.0
158.5,55.5,0.0
159.5,55.5,0.0
160.5,55.5,0.0
161.5,55.5,0.0
162.5,55.5,0.0
163.5,55.5,0.0
164.5,55.5,0.0
165.5,55.5,0.0
166.5,55.5,0.0
167.5,55.5,0.0
168.5,55.5,0.0
169.5,55.5,0.0
170.5,55.5,0.0
171.5,55.5,0.0
172.5,55.5,0.0
173.5,55.5,0.0
174.5,55.5,0.0
175.5,55.5,0.0
176.5,55.5,0.0
177.5,55.5,0.0
178.5,55.5,0.0
179.5,55.5,0.0
180.5,55.5,0.0
181.5,55.5,0.0
182.5,55.5,0.0
183.5,55.5,0.0
184.5,55.5,0.0
185.5,55.5,0.0
186.5,55.5,0.0
187.5,55.5,0.0
188.5,55.5,0.0
189.5,55.5,0.0
190.5,55.5,0.0
191.5,55.5,0.0
192.5,55.5,0.0
193.5,55.5,0.0
194.5,55.5,0.0
195.5,55.5,0.0
196.5,55.5,0.0
197.5,55.5,0.0
198.5,55.5,0.0
199.5,55.5,0.0
0.5,56.5,0.0
1.5,56.5,0.0
2.5,56.5,0.0
3.5,56.5,0.0
4.5,56.5,0.0
5.5,56.5,0.0
6.5,56.5,0.0
7.5,56.5,0.0
8.5,56.5,0.0
9.5,56.5,0.0
10.5,56.5,0.0
11.5,56.5,0.0
12.5,56.5,0.0
13.5,56.5,0.0
14.5,56.5,0.0
15.5,56.5,0.0
16.5,56.5,0.0
17.5,56.5,0.0
18.5,56.5,0.0
19.5,56.5,0.0
20.5,56.5,0.0
21.5,56.5,0.0
22.5,56.5,0.0
23.5,56.5,0.0
24.5,56.5,0.0
25.5,56.5,0.0
26.5,56.5,0.0
27.5,56.5,0.0
28.5,56.5,0.0
29.5,56.5,0.0
30.5,56.5,0.0
31.5,56.5,0.0
32.5,56.5,0.0
33.5,56.5,0.0
34.5,56.5,0.0
35.5,56.5,0.0
36.5,56.5,0.0
37.5,56.5,0.0
38.5,56.5,0.0
39.5,56.5,0.0
40.5,56.5,0.0
41.5,56.5,0.0
42.5,56.5,0.0
43.5,56.5,0.0
44.5,56.5,0.0
45.5,56.5,0.0
46.5,56.5,0.0
47.5,56.5,0.0
48.5,56.5,0.0
49.5,56.5,0.0
50.5,56.5,0.0
51.5,56.5,0.0
52.5,56.5,0.0
53.5,56.5,0.0
54.5,56.5,0.0
55.5,56.5,0.0
56.5,56.5,0.0
57.5,56.5,0.0
58.5,56.5,0.0
59.5,56.5,0.0
60.5,56.5,0.0
61.5,56.5,0.0
62.5,56.5,0.0
63.5,56.5,0.0
64.5,56.5,0.0
65.5,56.5,0.0
66.5,56.5,0.0
67.5,56.5,0.0
68.5,56.5,0.0
69.5,56.5,0.0
70.5,56.5,0.0
71.5,56.5,0.0
72.5,56.5,0.0
73.5,56.5,0.0
74.5,56.5,0.0
75.5,56.5,0.0
76.5,56.5,0.0
77.5,56.5,0.0
78.5,56.5,0.0
79.5,56.5,0.0
80.5,56.5,0.0
81.5,56.5,0.0
82.5,56.5,0.0
83.5,56.5,0.0
84.5,56.5,0.0
85.5,56.5,0.0
86.5,56.5,0.0
87.5,56.5,0.0
88.5,56.5,0.0
89.5,56.5,0.0
90.5,56.5,0.0
91.5,56.5,0.0
92.5,56.5,0.0
93.5,56.5,0.0
94.5,56.5,0.0
95.5,56.5,0.0
96.5,56.5,0.0
97.5,56.5,0.0
98.5,56.5,0.0
99.5,56.5,0.0
100.5,56.5,0.0
101.5,56.5,0.0
102.5,56.5,0.0
103.5,56.5,0.0
104.5,56.5,0.0
105.5,56.5,0.0
106.5,56.5,0.0
107.5,56.5,0.0
108.5,56.5,0.0
109.5,56.5,0.0
110.5,56.5,0.0
111.5,56.5,0.0
112.5,56.5,0.0
113.5,56.5,0.0
114.5,56.5,0.0
115.5,56.5,0.0
116.5,56.5,0.0
117.5,56.5,0.0
118.5,56.5,0.0
119.5,56.5,0.0
120.5,56.5,0.0
121.5,56.5,0.0
122.5,56.5,0.0
123.5,56.5,0.0
124.5,56.5,0.0
125.5,56.5,0.0
126.5,56.5,0.0
127.5,56.5,0.0
128.5,56.5,0.0
129.5,56.5,0.0
130.5,56.5,0.0
131.5,56.5,0.0
132.5,56.5,0.0
133.5,56.5,0.0
134.5,56.5,0.0
135.5,56.5,0.0
136.5,56.5,0.0
137.5,56.5,0.0
138.5,56.5,0.0
139.5,56.5,0.0
140.5,56.5,0.0
141.5,56.5,0.0
142.5,56.5,0.0
143.5,56.5,0.0
144.5,56.5,0.0
145.5,56.5,0.0
146.5,56.5,0.0
147.5,56.5,0.0
148.5,56.5,0.0
149.5,56.5,0.0
150.5,56.5,0.0
151.5,56.5,0.0
152.5,56.5,0.0
153.5,56.5,0.0
154.5,56.5,0.0
155.5,56.5,0.0
156.5,56.5,0.0
157.5,56.5,0.0
158.5,56.5,0.0
159.5,56.5,0.0
160.5,56.5,0.0
161.5,56.5,0.0
162.5,56.5,0.0
163.5,56.5,0.0
164.5,56.5,0.0
165.5,56.5,0.0
166.5,56.5,0.0
167.5,56.5,0.0
168.5,56.5,0.0
169.5,56.5,0.0
170.5,56.5,0.0
171.5,56.5,0.0
172.5,56.5,0.0
173.5,56.5,0.0
174.5,56.5,0.0
175.5,56.5,0.0
176.5,56.5,0.0
177.5,56.5,0.0
178.5,56.5,0.0
179.5,56.5,0.0
180.5,56.5,0.0
181.5,56.5,0.0
182.5,56.5,0.0
183.5,56.5,0.0
184.5,56.5,0.0
185.5,56.5,0.0
186.5,56.5,0.0
187.5,56.5,0.0
188.5,56.5,0.0
189.5,56.5,0.0
190.5,56.5,0.0
191.5,56.5,0.0
192.5,56.5,0.0
193.5,56.5,0.0
194.5,56.5,0.0
195.5,56.5,0.0
196.5,56.5,0.0
197.5,56.5,0.0
198.5,56.5,0.0
199.5,56.5,0.0
0.5,57.5,0.0
1.5,57.5,0.0
2.5,57.5,0.0
3.5,57.5,0.0
4.5,57.5,0.0
5.5,57.5,0.0
6.5,57.5,0.0
7.5,57.5,0.0
8.5,57.5,0.0
9.5,57.5,0.0
10.5,57.5,0.0
11.5,57.5,0.0
12.5,57.5,0.0
13.5,57.5,0.0
14.5,57.5,0.0
15.5,57.5,0.0
16.5,57.5,0.0
17.5,57.5,0.0
18.5,57.5,0.0
19.5,57.5,0.0
20.5,57.5,0.0
21.5,57.5,0.0
22.5,57.5,0.0
23.5,57.5,0.0
24.5,57.5,0.0
25.5,57.5,0.0
26.5,57.5,0.0
27.5,57.5,0.0
28.5,57.5,0.0
29.5,57.5,0.0
30.5,57.5,0.0
31.5,57.5,0.0
32.5,57.5,0.0
33.5,57.5,0.0
34.5,57.5,0.0
35.5,57.5,0.0
36.5,57.5,0.0
37.5,57.5,0.0
38.5,57.5,0.0
39.5,57.5,0.0
40.5,57.5,0.0
41.5,57.5,0.0
42.5,57.5,0.0
43.5,57.5,0.0
44.5,57.5,0.0
45.5,57.5,0.0
46.5,57.5,0.0
47.5,57.5,0.0
48.5,57.5,0.0
49.5,57.5,0.0
50.5,57.5,0.0
51.5,57.5,0.0
52.5,57.5,0.0
53.5,57.5,0.0
54.5,57.5,0.0
55.5,57.5,0.0
56.5,57.5,0.0
57.5,57.5,0.0
58.5,57.5,0.0
59.5,57.5,0.0
60.5,57.5,0.0
61.5,57.5,0.0
62.5,57.5,0.0
63.5,57.5,0.0
64.5,57.5,0.0
65.5,57.5,0.0
66.5,57.5,0.0
67.5,57.5,0.0
68.5,57.5,0.0
69.5,57.5,0.0
70.5,57.5,0.0
71.5,57.5,0.0
72.5,57.5,0.0
73.5,57.5,0.0
74.5,57.5,0.0
75.5,57.5,0.0
76.5,57.5,0.0
77.5,57.5,0.0
78.5,57.5,0.0
79.5,57.5,0.0
80.5,57.5,0.0
81.5,57.5,0.0
82.5,57.5,0.0
83.5,57.5,0.0
84.5,57.5,0.0
85.5,57.5,0.0
86.5,57.5,0.0
87.5,57.5,0.0
88.5,57.5,0.0
89.5,57.5,0.0
90.5,57.5,0.0
91.5,57.5,0.0
92.5,57.5,0.0
93.5,57.5,0.0
94.5,57.5,0.0
95.5,57.5,0.0
96.5,57.5,0.0
97.5,57.5,0.0
98.5,57.5,0.0
99.5,57.5,0.0
100.5,57.5,0.0
101.5,57.5,0.0
102.5,57.5,0.0
103.5,57.5,0.0
104.5,57.5,0.0
105.5,57.5,0.0
106.5,57.5,0.0
107.5,57.5,0.0
108.5,57.5,0.0
109.5,57.5,0.0
110.5,57.5,0.0
111.5,57.5,0.0
112.5,57.5,0.0
113.5,57.5,0.0
114.5,57.5,0.0
115.5,57.5,0.0
116.5,57.5,0.0
117.5,57.5,0.0
118.5,57.5,0.0
119.5,57.5,0.0
120.5,57.5,0.0
121.5,57.5,0.0
122.5,57.5,0.0
123.5,57.5,0.0
124.5,57.5,0.0
125.5,57.5,0.0
126.5,57.5,0.0
127.5,57.5,0.0
128.5,57.5,0.0
129.5,57.5,0.0
130.5,57.5,0.0
131.5,57.5,0.0
132.5,57.5,0.0
133.5,57.5,0.0
134.5,57.5,0.0
135.5,57.5,0.0
136.5,57.5,0.0
137.5,57.5,0.0
138.5,57.5,0.0
139.5,57.5,0.0
140.5,57.5,0.0
141.5,57.5,0.0
142.5,57.5,0.0
143.5,57.5,0.0
144.5,57.5,0.0
145.5,57.5,0.0
146.5,57.5,0.0
147.5,57.5,0.0
148.5,57.5,0.0
149.5,57.5,0.0
150.5,57.5,0.0
151.5,57.5,0.0
152.5,57.5,0.0
153.5,57.5,0.0
154.5,57.5,0.0
155.5,57.5,0.0
156.5,57.5,0.0
157.5,57.5,0.0
158.5,57.5,0.0
159.5,57.5,0.0
160.5,57.5,0.0
161.5,57.5,0.0
162.5,57.5,0.0
163.5,57.5,0.0
164.5,57.5,0.0
165.5,57.5,0.0
166.5,57.5,0.0
167.5,57.5,0.0
168.5,57.5,0.0
169.5,57.5,0.0
170.5,57.5,0.0
171.5,57.5,0.0
172.5,57.5,0.0
173.5,57.5,0.0
174.5,57.5,0.0
175.5,57.5,0.0
176.5,57.5,0.0
177.5,57.5,0.0
178.5,57.5,0.0
179.5,57.5,0.0
180.5,57.5,0.0
181.5,57.5,0.0
182.5,57.5,0.0
183.5,57.5,0.0
184.5,57.5,0.0
185.5,57.5,0.0
186.5,57.5,0.0
187.5,57.5,0.0
188.5,57.5,0.0
189.5,57.5,0.0
190.5,57.5,0.0
191.5,57.5,0.0
192.5,57.5,0.0
193.5,57.5,0.0
194.5,57.5,0.0
195.5,57.5,0.0
196.5,57.5,0.0
197.5,57.5,0.0
198.5,57.5,0.0
199.5,57.5,0.0
0.5,58.5,0.0
1.5,58.5,0.0
2.5,58.5,0.0
3.5,58.5,0.0
4.5,58.5,0.0
5.5,58.5,0.0
6.5,58.5,0.0
7.5,58.5,0.0
8.5,58.5,0.0
9.5,58.5,0.0
10.5,58.5,0.0
11.5,58.5,0.0
12.5,58.5,0.0
13.5,58.5,0.0
14.5,58.5,0.0
15.5,58.5,0.0
16.5,58.5,0.0
17.5,58.5,0.0
18.5,58.5,0.0
19.5,58.5,0.0
20.5,58.5,0.0
21.5,58.5,0.0
22.5,58.5,0.0
23.5,58.5,0.0
24.5,58.5,0.0
25.5,58.5,0.0
26.5,58.5,0.0
27.5,58.5,0.0
28.5,58.5,0.0
29.5,58.5,0.0
30.5,58.5,0.0
31.5,58.5,0.0
32.5,58.5,0.0
33.5,58.5,0.0
34.5,58.5,0.0
35.5,58.5,0.0
36.5,58.5,0.0
37.5,58.5,0.0
38.5,58.5,0.0
39.5,58.5,0.0
40.5,58.5,0.0
41.5,58.5,0.0
42.5,58.5,0.0
43.5,58.5,0.0
44.5,58.5,0.0
45.5,58.5,0.0
46.5,58.5,0.0
47.5,58.5,0.0
48.5,58.5,0.0
49.5,58.5,0.0
50.5,58.5,0.0
51.5,58.5,0.0
52.5,58.5,0.0
53.5,58.5,0.0
54.5,58.5,0.0
55.5,58.5,0.0
56.5,58.5,0.0
57.5,58.5,0.0
58.5,58.5,0.0
59.5,58.5,0.0
60.5,58.5,0.0
61.5,58.5,0.0
62.5,58.5,0.0
63.5,58.5,0.0
64.5,58.5,0.0
65.5,58.5,0.0
66.5,58.5,0.0
67.5,58.5,0.0
68.5,58.5,0.0
69.5,58.5,0.0
70.5,58.5,0.0
71.5,58.5,0.0
72.5,58.5,0.0
73.5,58.5,0.0
74.5,58.5,0.0
75.5,58.5,0.0
76.5,58.5,0.0
77.5,58.5,0.0
78.5,58.5,0.0
79.5,58.5,0.0
80.5,58.5,0.0
81.5,58.5,0.0
82.5,58.5,0.0
83.5,58.5,0.0
84.5,58.5,0.0
85.5,58.5,0.0
86.5,58.5,0.0
87.5,58.5,0.0
88.5,58.5,0.0
89.5,58.5,0.0
90.5,58.5,0.0
91.5,58.5,0.0
92.5,58.5,0.0
93.5,58.5,0.0
94.5,58.5,0.0
95.5,58.5,0.0
96.5,58.5,0.0
97.5,58.5,0.0
98.5,58.5,0.0
99.5,58.5,0.0
100.5,58.5,0.0
101.5,58.5,0.0
102.5,58.5,0.0
103.5,58.5,0.0
104.5,58.5,0.0
105.5,58.5,0.0
106.5,58.5,0.0
107.5,58.5,0.0
108.5,58.5,0.0
109.5,58.5,0.0
110.5,58.5,0.0
111.5,58.5,0.0
112.5,58.5,0.0
113.5,58.5,0.0
114.5,58.5,0.0
115.5,58.5,0.0
116.5,58.5,0.0
117.5,58.5,0.0
118.5,58.5,0.0
119.5,58.5,0.0
120.5,58.5,0.0
121.5,58.5,0.0
122.5,58.5,0.0
123.5,58.5,0.0
124.5,58.5,0.0
125.5,58.5,0.0
126.5,58.5,0.0
127.5,58.5,0.0
128.5,58.5,0.0
129.5,58.5,0.0
130.5,58.5,0.0
131.5,58.5,0.0
132.5,58.5,0.0
133.5,58.5,0.0
134.5,58.5,0.0
135.5,58.5,0.0
136.5,58.5,0.0
137.5,58.5,0.0
138.5,58.5,0.0
139.5,58.5,0.0
140.5,58.5,0.0
141.5,58.5,0.0
142.5,58.5,0.0
143.5,58.5,0.0
144.5,58.5,0.0
145.5,58.5,0.0
146.5,58.5,0.0
147.5,58.5,0.0
148.5,58.5,0.0
149.5,58.5,0.0
150.5,58.5,0.0
151.5,58.5,0.0
152.5,58.5,0.0
153.5,58.5,0.0
154.5,58.5,0.0
155.5,58.5,0.0
156.5,58.5,0.0
157.5,58.5,0.0
158.5,58.5,0.0
159.5,58.5,0.0
160.5,58.5,0.0
161.5,58.5,0.0
162.5,58.5,0.0
163.5,58.5,0.0
164.5,58.5,0.0
165.5,58.5,0.0
166.5,58.5,0.0
167.5,58.5,0.0
168.5,58.5,0.0
169.5,58.5,0.0
170.5,58.5,0.0
171.5,58.5,0.0
172.5,58.5,0.0
173.5,58.5,0.0
174.5,58.5,0.0
175.5,58.5,0.0
176.5,58.5,0.0
177.5,58.5,0.0
178.5,58.5,0.0
179.5,58.5,0.0
180.5,58.5,0.0
181.5,58.5,0.0
182.5,58.5,0.0
183.5,58.5,0.0
184.5,58.5,0.0
185.5,58.5,0.0
186.5,58.5,0.0
187.5,58.5,0.0
188.5,58.5,0.0
189.5,58.5,0.0
190.5,58.5,0.0
191.5,58.5,0.0
192.5,58.5,0.0
193.5,58.5,0.0
194.5,58.5,0.0
195.5,58.5,0.0
196.5,58.5,0.0
197.5,58.5,0.0
198.5,58.5,0.0
199.5,58.5,0.0
0.5,59.5,0.0
1.5,59.5,0.0
2.5,59.5,0.0
3.5,59.5,0.0
4.5,59.5,0.0
5.5,59.5,0.0
6.5,59.5,0.0
7.5,59.5,0.0
8.5,59.5,0.0
9.5,59.5,0.0
10.5,59.5,0.0
11.5,59.5,0.0
12.5,59.5,0.0
13.5,59.5,0.0
14.5,59.5,0.0
15.5,59.5,0.0
16.5,59.5,0.0
17.5,59.5,0.0
18.5,59.5,0.0
19.5,59.5,0.0
20.5,59.5,0.0
21.5,59.5,0.0
22.5,59.5,0.0
23.5,59.5,0.0
24.5,59.5,0.0
25.5,59.5,0.0
26.5,59.5,0.0
27.5,59.5,0.0
28.5,59.5,0.0
29.5,59.5,0.0
30.5,59.5,0.0
31.5,59.5,0.0
32.5,59.5,0.0
33.5,59.5,0.0
34.5,59.5,0.0
35.5,59.5,0.0
36.5,59.5,0.0
37.5,59.5,0.0
38.5,59.5,0.0
39.5,59.5,0.0
40.5,59.5,0.0
41.5,59.5,0.0
42.5,59.5,0.0
43.5,59.5,0.0
44.5,59.5,0.0
45.5,59.5,0.0
46.5,59.5,0.0
47.5,59.5,0.0
48.5,59.5,0.0
49.5,59.5,0.0
50.5,59.5,0.0
51.5,59.5,0.0
52.5,59.5,0.0
53.5,59.5,0.0
54.5,59.5,0.0
55.5,59.5,0.0
56.5,59.5,0.0
57.5,59.5,0.0
58.5,59.5,0.0
59.5,59.5,0.0
60.5,59.5,0.0
61.5,59.5,0.0
62.5,59.5,0.0
63.5,59.5,0.0
64.5,59.5,0.0
65.5,59.5,0.0
66.5,59.5,0.0
67.5,59.5,0.0
68.5,59.5,0.0
69.5,59.5,0.0
70.5,59.5,0.0
71.5,59.5,0.0
72.5,59.5,0.0
73.5,59.5,0.0
74.5,59.5,0.0
75.5,59.5,0.0
76.5,59.5,0.0
77.5,59.5,0.0
78.5,59.5,0.0
79.5,59.5,0.0
80.5,59.5,0.0
81.5,59.5,0.0
82.5,59.5,0.0
83.5,59.5,0.0
84.5,59.5,0.0
85.5,59.5,0.0
86.5,59.5,0.0
87.5,59.5,0.0
88.5,59.5,0.0
89.5,59.5,0.0
90.5,59.5,0.0
91.5,59.5,0.0
92.5,59.5,0.0
93.5,59.5,0.0
94.5,59.5,0.0
95.5,59.5,0.0
96.5,59.5,0.0
97.5,59.5,0.0
98.5,59.5,0.0
99.5,59.5,0.0
100.5,59.5,0.0
101.5,59.5,0.0
102.5,59.5,0.0
103.5,59.5,0.0
104.5,59.5,0.0
105.5,59.5,0.0
106.5,59.5,0.0
107.5,59.5,0.0
108.5,59.5,0.0
109.5,59.5,0.0
110.5,59.5,0.0
111.5,59.5,0.0
112.5,59.5,0.0
113.5,59.5,0.0
114.5,59.5,0.0
115.5,59.5,0.0
116.5,59.5,0.0
117.5,59.5,0.0
118.5,59.5,0.0
119.5,59.5,0.0
120.5,59.5,0.0
121.5,59.5,0.0
122.5,59.5,0.0
123.5,59.5,0.0
124.5,59.5,0.0
125.5,59.5,0.0
126.5,59.5,0.0
127.5,59.5,0.0
128.5,59.5,0.0
129.5,59.5,0.0
130.5,59.5,0.0
131.5,59.5,0.0
132.5,59.5,0.0
133.5,59.5,0.0
134.5,59.5,0.0
135.5,59.5,0.0
136.5,59.5,0.0
137.5,59.5,0.0
138.5,59.5,0.0
139.5,59.5,0.0
140.5,59.5,0.0
141.5,59.5,0.0
142.5,59.5,0.0
143.5,59.5,0.0
144.5,59.5,0.0
145.5,59.5,0.0
146.5,59.5,0.0
147.5,59.5,0.0
148.5,59.5,0.0
149.5,59.5,0.0
150.5,59.5,0.0
151.5,59.5,0.0
152.5,59.5,0.0
153.5,59.5,0.0
154.5,59.5,0.0
155.5,59.5,0.0
156.5,59.5,0.0
157.5,59.5,0.0
158.5,59.5,0.0
159.5,59.5,0.0
160.5,59.5,0.0
161.5,59.5,0.0
162.5,59.5,0.0
163.5,59.5,0.0
164.5,59.5,0.0
165.5,59.5,0.0
166.5,59.5,0.0
167.5,59.5,0.0
168.5,59.5,0.0
169.5,59.5,0.0
170.5,59.5,0.0
171.5,59.5,0.0
172.5,59.5,0.0
173.5,59.5,0.0
174.5,59.5,0.0
175.5,59.5,0.0
176.5,59.5,0.0
177.5,59.5,0.0
178.5,59.5,0.0
179.5,59.5,0.0
180.5,59.5,0.0
181.5,59.5,0.0
182.5,59.5,0.0
183.5,59.5,0.0
184.5,59.5,0.0
185.5,59.5,0.0
186.5,59.5,0.0
187.5,59.5,0.0
188.5,59.5,0.0
189.5,59.5,0.0
190.5,59.5,0.0
191.5,59.5,0.0
192.5,59.5,0.0
193.5,59.5,0.0
194.5,59.5,0.0
195.5,59.5,0.0
196.5,59.5,0.0
197.5,59.5,0.0
198.5,59.5,0.0
199.5,59.5,0.0
0.5,60.5,0.0
1.5,60.5,0.0
2.5,60.5,0.0
3.5,60.5,0.0
4.5,60.5,0.0
5.5,60.5,0.0
6.5,60.5,0.0
7.5,60.5,0.0
8.5,60.5,0.0
9.5,60.5,0.0
10.5,60.5,0.0
11.5,60.5,0.0
12.5,60.5,0.0
13.5,60.5,0.0
14.5,60.5,0.0
15.5,60.5,0.0
16.5,60.5,0.0
17.5,60.5,0.0
18.5,60.5,0.0
19.5,60.5,0.0
20.5,60.5,0.0
21.5,60.5,0.0
22.5,60.5,0.0
23.5,60.5,0.0
24.5,60.5,0.0
25.5,60.5,0.0
26.5,60.5,0.0
27.5,60.5,0.0
28.5,60.5,0.0
29.5,60.5,0.0
30.5,60.5,0.0
31.5,60.5,0.0
32.5,60.5,0.0
33.5,60.5,0.0
34.5,60.5,0.0
35.5,60.5,0.0
36.5,60.5,0.0
37.5,60.5,0.0
38.5,60.5,0.0
39.5,60.5,0.0
40.5,60.5,0.0
41.5,60.5,0.0
42.5,60.5,0.0
43.5,60.5,0.0
44.5,60.5,0.0
45.5,60.5,0.0
46.5,60.5,0.0
47.5,60.5,0.0
48.5,60.5,0.0
49.5,60.5,0.0
50.5,60.5,0.0
51.5,60.5,0.0
52.5,60.5,0.0
53.5,60.5,0.0
54.5,60.5,0.0
55.5,60.5,0.0
56.5,60.5,0.0
57.5,60.5,0.0
58.5,60.5,0.0
59.5,60.5,0.0
60.5,60.5,0.0
61.5,60.5,0.0
62.5,60.5,0.0
63.5,60.5,0.0
64.5,60.5,0.0
65.5,60.5,0.0
66.5,60.5,0.0
67.5,60.5,0.0
68.5,60.5,0.0
69.5,60.5,0.0
70.5,60.5,0.0
71.5,60.5,0.0
72.5,60.5,0.0
73.5,60.5,0.0
74.5,60.5,0.0
75.5,60.5,0.0
76.5,60.5,0.0
77.5,60.5,0.0
78.5,60.5,0.0
79.5,60.5,0.0
80.5,60.5,0.0
81.5,60.5,0.0
82.5,60.5,0.0
83.5,60.5,0.0
84.5,60.5,0.0
85.5,60.5,0.0
86.5,60.5,0.0
87.5,60.5,0.0
88.5,60.5,0.0
89.5,60.5,0.0
90.5,60.5,0.0
91.5,60.5,0.0
92.5,60.5,0.0
93.5,60.5,0.0
94.5,60.5,0.0
95.5,60.5,0.0
96.5,60.5,0.0
97.5,60.5,0.0
98.5,60.5,0.0
99.5,60.5,0.0
100.5,60.5,0.0
101.5,60.5,0.0
102.5,60.5,0.0
103.5,60.5,0.0
104.5,60.5,0.0
105.5,60.5,0.0
106.5,60.5,0.0
107.5,60.5,0.0
108.5,60.5,0.0
109.5,60.5,0.0
110.5,60.5,0.0
111.5,60.5,0.0
112.5,60.5,0.0
113.5,60.5,0.0
114.5,60.5,0.0
115.5,60.5,0.0
116.5,60.5,0.0
117.5,60.5,0.0
118.5,60.5,0.0
119.5,60.5,0.0
120.5,60.5,0.0
121.5,60.5,0.0
122.5,60.5,0.0
123.5,60.5,0.0
124.5,60.5,0.0
125.5,60.5,0.0
126.5,60.5,0.0
127.5,60.5,0.0
128.5,60.5,0.0
129.5,60.5,0.0
130.5,60.5,0.0
131.5,60.5,0.0
132.5,60.5,0.0
133.5,60.5,0.0
134.5,60.5,0.0
135.5,60.5,0.0
136.5,60.5,0.0
137.5,60.5,0.0
138.5,60.5,0.0
139.5,60.5,0.0
140.5,60.5,0.0
141.5,60.5,0.0
142.5,60.5,0.0
143.5,60.5,0.0
144.5,60.5,0.0
145.5,60.5,0.0
146.5,60.5,0.0
147.5,60.5,0.0
148.5,60.5,0.0
149.5,60.5,0.0
150.5,60.5,0.0
151.5,60.5,0.0
152.5,60.5,0.0
153.5,60.5,0.0
154.5,60.5,0.0
155.5,60.5,0.0
156.5,60.5,0.0
157.5,60.5,0.0
158.5,60.5,0.0
159.5,60.5,0.0
160.5,60.5,0.0
161.5,60.5,0.0
162.5,60.5,0.0
163.5,60.5,0.0
164.5,60.5,0.0
165.5,60.5,0.0
166.5,60.5,0.0
167.5,60.5,0.0
168.5,60.5,0.0
169.5,60.5,0.0
170.5,60.5,0.0
171.5,60.5,0.0
172.5,60.5,0.0
173.5,60.5,0.0
174.5,60.5,0.0
175.5,60.5,0.0
176.5,60.5,0.0
177.5,60.5,0.0
178.5,60.5,0.0
179.5,60.5,0.0
180.5,60.5,0.0
181.5,60.5,0.0
182.5,60.5,0.0
183.5,60.5,0.0
184.5,60.5,0.0
185.5,60.5,0.0
186.5,60.5,0.0
187.5,60.5,0.0
188.5,60.5,0.0
189.5,60.5,0.0
190.5,60.5,0.0
191.5,60.5,0.0
192.5,60.5,0.0
193.5,60.5,0.0
194.5,60.5,0.0
195.5,60.5,0.0
196.5,60.5,0.0
197.5,60.5,0.0
198.5,60.5,0.0
199.5,60.5,0.0
0.5,61.5,0.0
1.5,61.5,0.0
2.5,61.5,0.0
3.5,61.5,0.0
4.5,61.5,0.0
5.5,61.5,0.0
6.5,61.5,0.0
7.5,61.5,0.0
8.5,61.5,0.0
9.5,61.5,0.0
10.5,61.5,0.0
11.5,61.5,0.0
12.5,61.5,0.0
13.5,61.5,0.0
14.5,61.5,0.0
15.5,61.5,0.0
16.5,61.5,0.0
17.5,61.5,0.0
18.5,61.5,0.0
19.5,61.5,0.0
20.5,61.5,0.0
21.5,61.5,0.0
22.5,61.5,0.0
23.5,61.5,0.0
24.5,61.5,0.0
25.5,61.5,0.0
26.5,61.5,0.0
27.5,61.5,0.0
28.5,61.5,0.0
29.5,61.5,0.0
30.5,61.5,0.0
31.5,61.5,0.0
32.5,61.5,0.0
33.5,61.5,0.0
34.5,61.5,0.0
35.5,61.5,0.0
36.5,61.5,0.0
37.5,61.5,0.0
38.5,61.5,0.0
39.5,61.5,0.0
40.5,61.5,0.0
41.5,61.5,0.0
42.5,61.5,0.0
43.5,61.5,0.0
44.5,61.5,0.0
45.5,61.5,0.0
46.5,61.5,0.0
47.5,61.5,0.0
48.5,61.5,0.0
49.5,61.5,0.0
50.5,61.5,0.0
51.5,61.5,0.0
52.5,61.5,0.0
53.5,61.5,0.0
54.5,61.5,0.0
55.5,61.5,0.0
56.5,61.5,0.0
57.5,61.5,0.0
58.5,61.5,0.0
59.5,61.5,0.0
60.5,61.5,0.0
61.5,61.5,0.0
62.5,61.5,0.0
63.5,61.5,0.0
64.5,61.5,0.0
65.5,61.5,0.0
66.5,61.5,0.0
67.5,61.5,0.0
68.5,61.5,0.0
69.5,61.5,0.0
70.5,61.5,0.0
71.5,61.5,0.0
72.5,61.5,0.0
73.5,61.5,0.0
74.5,61.5,0.0
75.5,61.5,0.0
76.5,61.5,0.0
77.5,61.5,0.0
78.5,61.5,0.0
79.5,61.5,0.0
80.5,61.5,0.0
81.5,61.5,0.0
82.5,61.5,0.0
83.5,61.5,0.0
84.5,61.5,0.0
85.5,61.5,0.0
86.5,61.5,0.0
87.5,61.5,0.0
88.5,61.5,0.0
89.5,61.5,0.0
90.5,61.5,0.0
91.5,61.5,0.0
92.5,61.5,0.0
93.5,61.5,0.0
94.5,61.5,0.0
95.5,61.5,0.0
96.5,61.5,0.0
97.5,61.5,0.0
98.5,61.5,0.0
99.5,61.5,0.0
100.5,61.5,0.0
101.5,61.5,0.0
102.5,61.5,0.0
103.5,61.5,0.0
104.5,61.5,0.0
105.5,61.5,0.0
106.5,61.5,0.0
107.5,61.5,0.0
108.5,61.5,0.0
109.5,61.5,0.0
110.5,61.5,0.0
111.5,61.5,0.0
112.5,61.5,0.0
113.5,61.5,0.0
114.5,61.5,0.0
115.5,61.5,0.0
116.5,61.5,0.0
117.5,61.5,0.0
118.5,61.5,0.0
119.5,61.5,0.0
120.5,61.5,0.0
121.5,61.5,0.0
122.5,61.5,0.0
123.5,61.5,0.0
124.5,61.5,0.0
125.5,61.5,0.0
126.5,61.5,0.0
127.5,61.5,0.0
128.5,61.5,0.0
129.5,61.5,0.0
130.5,61.5,0.0
131.5,61.5,0.0
132.5,61.5,0.0
133.5,61.5,0.0
134.5,61.5,0.0
135.5,61.5,0.0
136.5,61.5,0.0
137.5,61.5,0.0
138.5,61.5,0.0
139.5,61.5,0.0
140.5,61.5,0.0
141.5,61.5,0.0
142.5,61.5,0.0
143.5,61.5,0.0
144.5,61.5,0.0
145.5,61.5,0.0
146.5,61.5,0.0
147.5,61.5,0.0
148.5,61.5,0.0
149.5,61.5,0.0
150.5,61.5,0.0
151.5,61.5,0.0
152.5,61.5,0.0
153.5,61.5,0.0
154.5,61.5,0.0
155.5,61.5,0.0
156.5,61.5,0.0
157.5,61.5,0.0
158.5,61.5,0.0
159.5,61.5,0.0
160.5,61.5,0.0
161.5,61.5,0.0
162.5,61.5,0.0
163.5,61.5,0.0
164.5,61.5,0.0
165.5,61.5,0.0
166.5,61.5,0.0
167.5,61.5,0.0
168.5,61.5,0.0
169.5,61.5,0.0
170.5,61.5,0.0
171.5,61.5,0.0
172.5,61.5,0.0
173.5,61.5,0.0
174.5,61.5,0.0
175.5,61.5,0.0
176.5,61.5,0.0
177.5,61.5,0.0
178.5,61.5,0.0
179.5,61.5,0.0
180.5,61.5,0.0
181.5,61.5,0.0
182.5,61.5,0.0
183.5,61.5,0.0
184.5,61.5,0.0
185.5,61.5,0.0
186.5,61.5,0.0
187.5,61.5,0.0
188.5,61.5,0.0
189.5,61.5,0.0
190.5,61.5,0.0
191.5,61.5,0.0
192.5,61.5,0.0
193.5,61.5,0.0
194.5,61.5,0.0
195.5,61.5,0.0
196.5,61.5,0.0
197.5,61.5,0.0
198.5,61.5,0.0
199.5,61.5,0.0
0.5,62.5,0.0
1.5,62.5,0.0
2.5,62.5,0.0
3.5,62.5,0.0
4.5,62.5,0.0
5.5,62.5,0.0
6.5,62.5,0.0
7.5,62.5,0.0
8.5,62.5,0.0
9.5,62.5,0.0
10.5,62.5,0.0
11.5,62.5,0.0
12.5,62.5,0.0
13.5,62.5,0.0
14.5,62.5,0.0
15.5,62.5,0.0
16.5,62.5,0.0
17.5,62.5,0.0
18.5,62.5,0.0
19.5,62.5,0.0
20.5,62.5,0.0
21.5,62.5,0.0
22.5,62.5,0.0
23.5,62.5,0.0
24.5,62.5,0.0
25.5,62.5,0.0
26.5,62.5,0.0
27.5,62.5,0.0
28.5,62.5,0.0
29.5,62.5,0.0
30.5,62.5,0.0
31.5,62.5,0.0
32.5,62.5,0.0
33.5,62.5,0.0
34.5,62.5,0.0
35.5,62.5,0.0
36.5,62.5,0.0
37.5,62.5,0.0
38.5,62.5,0.0
39.5,62.5,0.0
40.5,62.5,0.0
41.5,62.5,0.0
42.5,62.5,0.0
43.5,62.5,0.0
44.5,62.5,0.0
45.5,62.5,0.0
46.5,62.5,0.0
47.5,62.5,0.0
48.5,62.5,0.0
49.5,62.5,0.0
50.5,62.5,0.0
51.5,62.5,0.0
52.5,62.5,0.0
53.5,62.5,0.0
54.5,62.5,0.0
55.5,62.5,0.0
56.5,62.5,0.0
57.5,62.5,0.0
58.5,62.5,0.0
59.5,62.5,0.0
60.5,62.5,0.0
61.5,62.5,0.0
62.5,62.5,0.0
63.5,62.5,0.0
64.5,62.5,0.0
65.5,62.5,0.0
66.5,62.5,0.0
67.5,62.5,0.0
68.5,62.5,0.0
69.5,62.5,0.0
70.5,62.5,0.0
71.5,62.5,0.0
72.5,62.5,0.0
73.5,62.5,0.0
74.5,62.5,0.0
75.5,62.5,0.0
76.5,62.5,0.0
77.5,62.5,0.0
78.5,62.5,0.0
79.5,62.5,0.0
80.5,62.5,0.0
81.5,62.5,0.0
82.5,62.5,0.0
83.5,62.5,0.0
84.5,62.5,0.0
85.5,62.5,0.0
86.5,62.5,0.0
87.5,62.5,0.0
88.5,62.5,0.0
89.5,62.5,0.0
90.5,62.5,0.0
91.5,62.5,0.0
92.5,62.5,0.0
93.5,62.5,0.0
94.5,62.5,0.0
95.5,62.5,0.0
96.5,62.5,0.0
97.5,62.5,0.0
98.5,62.5,0.0
99.5,62.5,0.0
100.5,62.5,0.0
101.5,62.5,0.0
102.5,62.5,0.0
103.5,62.5,0.0
104.5,62.5,0.0
105.5,62.5,0.0
106.5,62.5,0.0
107.5,62.5,0.0
108.5,62.5,0.0
109.5,62.5,0.0
110.5,62.5,0.0
111.5,62.5,0.0
112.5,62.5,0.0
113.5,62.5,0.0
114.5,62.5,0.0
115.5,62.5,0.0
116.5,62.5,0.0
117.5,62.5,0.0
118.5,62.5,0.0
119.5,62.5,0.0
120.5,62.5,0.0
121.5,62.5,0.0
122.5,62.5,0.0
123.5,62.5,0.0
124.5,62.5,0.0
125.5,62.5,0.0
126.5,62.5,0.0
127.5,62.5,0.0
128.5,62.5,0.0
129.5,62.5,0.0
130.5,62.5,0.0
131.5,62.5,0.0
132.5,62.5,0.0
133.5,62.5,0.0
134.5,62.5,0.0
135.5,62.5,0.0
136.5,62.5,0.0
137.5,62.5,0.0
138.5,62.5,0.0
139.5,62.5,0.0
140.5,62.5,0.0
141.5,62.5,0.0
142.5,62.5,0.0
143.5,62.5,0.0
144.5,62.5,0.0
145.5,62.5,0.0
146.5,62.5,0.0
147.5,62.5,0.0
148.5,62.5,0.0
149.5,62.5,0.0
150.5,62.5,0.0
151.5,62.5,0.0
152.5,62.5,0.0
153.5,62.5,0.0
154.5,62.5,0.0
155.5,62.5,0.0
156.5,62.5,0.0
157.5,62.5,0.0
158.5,62.5,0.0
159.5,62.5,0.0
160.5,62.5,0.0
161.5,62.5,0.0
162.5,62.5,0.0
163.5,62.5,0.0
164.5,62.5,0.0
165.5,62.5,0.0
166.5,62.5,0.0
167.5,62.5,0.0
168.5,62.5,0.0
169.5,62.5,0.0
170.5,62.5,0.0
171.5,62.5,0.0
172.5,62.5,0.0
173.5,62.5,0.0
174.5,62.5,0.0
175.5,62.5,0.0
176.5,62.5,0.0
177.5,62.5,0.0
178.5,62.5,0.0
179.5,62.5,0.0
180.5,62.5,0.0
181.5,62.5,0.0
182.5,62.5,0.0
183.5,62.5,0.0
184.5,62.5,0.0
185.5,62.5,0.0
186.5,62.5,0.0
187.5,62.5,0.0
188.5,62.5,0.0
189.5,62.5,0.0
190.5,62.5,0.0
191.5,62.5,0.0
192.5,62.5,0.0
193.5,62.5,0.0
194.5,62.5,0.0
195.5,62.5,0.0
196.5,62.5,0.0
197.5,62.5,0.0
198.5,62.5,0.0
199.5,62.5,0.0
0.5,63.5,0.0
1.5,63.5,0.0
2.5,63.5,0.0
3.5,63.5,0.0
4.5,63.5,0.0
5.5,63.5,0.0
6.5,63.5,0.0
7.5,63.5,0.0
8.5,63.5,0.0
9.5,63.5,0.0
10.5,63.5,0.0
11.5,63.5,0.0
12.5,63.5,0.0
13.5,63.5,0.0
14.5,63.5,0.0
15.5,63.5,0.0
16.5,63.5,0.0
17.5,63.5,0.0
18.5,63.5,0.0
19.5,63.5,0.0
20.5,63.5,0.0
21.5,63.5,0.0
22.5,63.5,0.0
23.5,63.5,0.0
24.5,63.5,0.0
25.5,63.5,0.0
26.5,63.5,0.0
27.5,63.5,0.0
28.5,63.5,0.0
29.5,63.5,0.0
30.5,63.5,0.0
31.5,63.5,0.0
32.5,63.5,0.0
33.5,63.5,0.0
34.5,63.5,0.0
35.5,63.5,0.0
36.5,63.5,0.0
37.5,63.5,0.0
38.5,63.5,0.0
39.5,63.5,0.0
40.5,63.5,0.0
41.5,63.5,0.0
42.5,63.5,0.0
43.5,63.5,0.0
44.5,63.5,0.0
45.5,63.5,0.0
46.5,63.5,0.0
47.5,63.5,0.0
48.5,63.5,0.0
49.5,63.5,0.0
50.5,63.5,0.0
51.5,63.5,0.0
52.5,63.5,0.0
53.5,63.5,0.0
54.5,63.5,0.0
55.5,63.5,0.0
56.5,63.5,0.0
57.5,63.5,0.0
58.5,63.5,0.0
59.5,63.5,0.0
60.5,63.5,0.0
61.5,63.5,0.0
62.5,63.5,0.0
63.5,63.5,0.0
64.5,63.5,0.0
65.5,63.5,0.0
66.5,63.5,0.0
67.5,63.5,0.0
68.5,63.5,0.0
69.5,63.5,0.0
70.5,63.5,0.0
71.5,63.5,0.0
72.5,63.5,0.0
73.5,63.5,0.0
74.5,63.5,0.0
75.5,63.5,0.0
76.5,63.5,0.0
77.5,63.5,0.0
78.5,63.5,0.0
79.5,63.5,0.0
80.5,63.5,0.0
81.5,63.5,0.0
82.5,63.5,0.0
83.5,63.5,0.0
84.5,63.5,0.0
85.5,63.5,0.0
86.5,63.5,0.0
87.5,63.5,0.0
88.5,63.5,0.0
89.5,63.5,0.0
90.5,63.5,0.0
91.5,63.5,0.0
92.5,63.5,0.0
93.5,63.5,0.0
94.5,63.5,0.0
95.5,63.5,0.0
96.5,63.5,0.0
97.5,63.5,0.0
98.5,63.5,0.0
99.5,63.5,0.0
100.5,63.5,0.0
101.5,63.5,0.0
102.5,63.5,0.0
103.5,63.5,0.0
104.5,63.5,0.0
105.5,63.5,0.0
106.5,63.5,0.0
107.5,63.5,0.0
108.5,63.5,0.0
109.5,63.5,0.0
110.5,63.5,0.0
111.5,63.5,0.0
112.5,63.5,0.0
113.5,63.5,0.0
114.5,63.5,0.0
115.5,63.5,0.0
116.5,63.5,0.0
117.5,63.5,0.0
118.5,63.5,0.0
119.5,63.5,0.0
120.5,63.5,0.0
121.5,63.5,0.0
122.5,63.5,0.0
123.5,63.5,0.0
124.5,63.5,0.0
125.5,63.5,0.0
126.5,63.5,0.0
127.5,63.5,0.0
128.5,63.5,0.0
129.5,63.5,0.0
130.5,63.5,0.0
131.5,63.5,0.0
132.5,63.5,0.0
133.5,63.5,0.0
134.5,63.5,0.0
135.5,63.5,0.0
136.5,63.5,0.0
137.5,63.5,0.0
138.5,63.5,0.0
139.5,63.5,0.0
140.5,63.5,0.0
141.5,63.5,0.0
142.5,63.5,0.0
143.5,63.5,0.0
144.5,63.5,0.0
145.5,63.5,0.0
146.5,63.5,0.0
147.5,63.5,0.0
148.5,63.5,0.0
149.5,63.5,0.0
150.5,63.5,0.0
151.5,63.5,0.0
152.5,63.5,0.0
153.5,63.5,0.0
154.5,63.5,0.0
155.5,63.5,0.0
156.5,63.5,0.0
157.5,63.5,0.0
158.5,63.5,0.0
159.5,63.5,0.0
160.5,63.5,0.0
161.5,63.5,0.0
162.5,63.5,0.0
163.5,63.5,0.0
164.5,63.5,0.0
165.5,63.5,0.0
166.5,63.5,0.0
167.5,63.5,0.0
168.5,63.5,0.0
169.5,63.5,0.0
170.5,63.5,0.0
171.5,63.5,0.0
172.5,63.5,0.0
173.5,63.5,0.0
174.5,63.5,0.0
175.5,63.5,0.0
176.5,63.5,0.0
177.5,63.5,0.0
178.5,63.5,0.0
179.5,63.5,0.0
180.5,63.5,0.0
181.5,63.5,0.0
182.5,63.5,0.0
183.5,63.5,0.0
184.5,63.5,0.0
185.5,63.5,0.0
186.5,63.5,0.0
187.5,63.5,0.0
188.5,63.5,0.0
189.5,63.5,0.0
190.5,63.5,0.0
191.5,63.5,0.0
192.5,63.5,0.0
193.5,63.5,0.0
194.5,63.5,0.0
195.5,63.5,0.0
196.5,63.5,0.0
197.5,63.5,0.0
198.5,63.5,0.0
199.5,63.5,0.0
0.5,64.5,0.0
1.5,64.5,0.0
2.5,64.5,0.0
3.5,64.5,0.0
4.5,64.5,0.0
5.5,64.5,0.0
6.5,64.5,0.0
7.5,64.5,0.0
8.5,64.5,0.0
9.5,64.5,0.0
10.5,64.5,0.0
11.5,64.5,0.0
12.5,64.5,0.0
13.5,64.5,0.0
14.5,64.5,0.0
15.5,64.5,0.0
16.5,64.5,0.0
17.5,64.5,0.0
18.5,64.5,0.0
19.5,64.5,0.0
20.5,64.5,0.0
21.5,64.5,0.0
22.5,64.5,0.0
23.5,64.5,0.0
24.5,64.5,0.0
25.5,64.5,0.0
26.5,64.5,0.0
27.5,64.5,0.0
28.5,64.5,0.0
29.5,64.5,0.0
30.5,64.5,0.0
31.5,64.5,0.0
32.5,64.5,0.0
33.5,64.5,0.0
34.5,64.5,0.0
35.5,64.5,0.0
36.5,64.5,0.0
37.5,64.5,0.0
38.5,64.5,0.0
39.5,64.5,0.0
40.5,64.5,0.0
41.5,64.5,0.0
42.5,64.5,0.0
43.5,64.5,0.0
44.5,64.5,0.0
45.5,64.5,0.0
46.5,64.5,0.0
47.5,64.5,0.0
48.5,64.5,0.0
49.5,64.5,0.0
50.5,64.5,0.0
51.5,64.5,0.0
52.5,64.5,0.0
53.5,64.5,0.0
54.5,64.5,0.0
55.5,64.5,0.0
56.5,64.5,0.0
57.5,64.5,0.0
58.5,64.5,0.0
59.5,64.5,0.0
60.5,64.5,0.0
61.5,64.5,0.0
62.5,64.5,0.0
63.5,64.5,0.0
64.5,64.5,0.0
65.5,64.5,0.0
66.5,64.5,0.0
67.5,64.5,0.0
68.5,64.5,0.0
69.5,64.5,0.0
70.5,64.5,0.0
71.5,64.5,0.0
72.5,64.5,0.0
73.5,64.5,0.0
74.5,64.5,0.0
75.5,64.5,0.0
76.5,64.5,0.0
77.5,64.5,0.0
78.5,64.5,0.0
79.5,64.5,0.0
80.5,64.5,0.0
81.5,64.5,0.0
82.5,64.5,0.0
83.5,64.5,0.0
84.5,64.5,0.0
85.5,64.5,0.0
86.5,64.5,0.0
87.5,64.5,0.0
88.5,64.5,0.0
89.5,64.5,0.0
90.5,64.5,0.0
91.5,64.5,0.0
92.5,64.5,0.0
93.5,64.5,0.0
94.5,64.5,0.0
95.5,64.5,0.0
96.5,64.5,0.0
97.5,64.5,0.0
98.5,64.5,0.0
99.5,64.5,0.0
100.5,64.5,0.0
101.5,64.5,0.0
102.5,64.5,0.0
103.5,64.5,0.0
104.5,64.5,0.0
105.5,64.5,0.0
106.5,64.5,0.0
107.5,64.5,0.0
108.5,64.5,0.0
109.5,64.5,0.0
110.5,64.5,0.0
111.5,64.5,0.0
112.5,64.5,0.0
113.5,64.5,0.0
114.5,64.5,0.0
115.5,64.5,0.0
116.5,64.5,0.0
117.5,64.5,0.0
118.5,64.5,0.0
119.5,64.5,0.0
120.5,64.5,0.0
121.5,64.5,0.0
122.5,64.5,0.0
123.5,64.5,0.0
124.5,64.5,0.0
125.5,64.5,0.0
126.5,64.5,0.0
127.5,64.5,0.0
128.5,64.5,0.0
129.5,64.5,0.0
130.5,64.5,0.0
131.5,64.5,0.0
132.5,64.5,0.0
133.5,64.5,0.0
134.5,64.5,0.0
135.5,64.5,0.0
136.5,64.5,0.0
137.5,64.5,0.0
138.5,64.5,0.0
139.5,64.5,0.0
140.5,64.5,0.0
141.5,64.5,0.0
142.5,64.5,0.0
143.5,64.5,0.0
144.5,64.5,0.0
145.5,64.5,0.0
146.5,64.5,0.0
147.5,64.5,0.0
148.5,64.5,0.0
149.5,64.5,0.0
150.5,64.5,0.0
151.5,64.5,0.0
152.5,64.5,0.0
153.5,64.5,0.0
154.5,64.5,0.0
155.5,64.5,0.0
156.5,64.5,0.0
157.5,64.5,0.0
158.5,64.5,0.0
159.5,64.5,0.0
160.5,64.5,0.0
161.5,64.5,0.0
162.5,64.5,0.0
163.5,64.5,0.0
164.5,64.5,0.0
165.5,64.5,0.0
166.5,64.5,0.0
167.5,64.5,0.0
168.5,64.5,0.0
169.5,64.5,0.0
170.5,64.5,0.0
171.5,64.5,0.0
172.5,64.5,0.0
173.5,64.5,0.0
174.5,64.5,0.0
175.5,64.5,0.0
176.5,64.5,0.0
177.5,64.5,0.0
178.5,64.5,0.0
179.5,64.5,0.0
180.5,64.5,0.0
181.5,64.5,0.0
182.5,64.5,0.0
183.5,64.5,0.0
184.5,64.5,0.0
185.5,64.5,0.0
186.5,64.5,0.0
187.5,64.5,0.0
188.5,64.5,0.0
189.5,64.5,0.0
190.5,64.5,0.0
191.5,64.5,0.0
192.5,64.5,0.0
193.5,64.5,0.0
194.5,64.5,0.0
195.5,64.5,0.0
196.5,64.5,0.0
197.5,64.5,0.0
198.5,64.5,0.0
199.5,64.5,0.0
0.5,65.5,0.0
1.5,65.5,0.0
2.5,65.5,0.0
3.5,65.5,0.0
4.5,65.5,0.0
5.5,65.5,0.0
6.5,65.5,0.0
7.5,65.5,0.0
8.5,65.5,0.0
9.5,65.5,0.0
10.5,65.5,0.0
11.5,65.5,0.0
12.5,65.5,0.0
13.5,65.5,0.0
14.5,65.5,0.0
15.5,65.5,0.0
16.5,65.5,0.0
17.5,65.5,0.0
18.5,65.5,0.0
19.5,65.5,0.0
20.5,65.5,0.0
21.5,65.5,0.0
22.5,65.5,0.0
23.5,65.5,0.0
24.5,65.5,0.0
25.5,65.5,0.0
26.5,65.5,0.0
27.5,65.5,0.0
28.5,65.5,0.0
29.5,65.5,0.0
30.5,65.5,0.0
31.5,65.5,0.0
32.5,65.5,0.0
33.5,65.5,0.0
34.5,65.5,0.0
35.5,65.5,0.0
36.5,65.5,0.0
37.5,65.5,0.0
38.5,65.5,0.0
39.5,65.5,0.0
40.5,65.5,0.0
41.5,65.5,0.0
42.5,65.5,0.0
43.5,65.5,0.0
44.5,65.5,0.0
45.5,65.5,0.0
46.5,65.5,0.0
47.5,65.5,0.0
48.5,65.5,0.0
49.5,65.5,0.0
50.5,65.5,0.0
51.5,65.5,0.0
52.5,65.5,0.0
53.5,65.5,0.0
54.5,65.5,0.0
55.5,65.5,0.0
56.5,65.5,0.0
57.5,65.5,0.0
58.5,65.5,0.0
59.5,65.5,0.0
60.5,65.5,0.0
61.5,65.5,0.0
62.5,65.5,0.0
63.5,65.5,0.0
64.5,65.5,0.0
65.5,65.5,0.0
66.5,65.5,0.0
67.5,65.5,0.0
68.5,65.5,0.0
69.5,65.5,0.0
70.5,65.5,0.0
71.5,65.5,0.0
72.5,65.5,0.0
73.5,65.5,0.0
74.5,65.5,0.0
75.5,65.5,0.0
76.5,65.5,0.0
77.5,65.5,0.0
78.5,65.5,0.0
79.5,65.5,0.0
80.5,65.5,0.0
81.5,65.5,0.0
82.5,65.5,0.0
83.5,65.5,0.0
84.5,65.5,0.0
85.5,65.5,0.0
86.5,65.5,0.0
87.5,65.5,0.0
88.5,65.5,0.0
89.5,65.5,0.0
90.5,65.5,0.0
91.5,65.5,0.0
92.5,65.5,0.0
93.5,65.5,0.0
94.5,65.5,0.0
95.5,65.5,0.0
96.5,65.5,0.0
97.5,65.5,0.0
98.5,65.5,0.0
99.5,65.5,0.0
100.5,65.5,0.0
101.5,65.5,0.0
102.5,65.5,0.0
103.5,65.5,0.0
104.5,65.5,0.0
105.5,65.5,0.0
106.5,65.5,0.0
107.5,65.5,0.0
108.5,65.5,0.0
109.5,65.5,0.0
110.5,65.5,0.0
111.5,65.5,0.0
112.5,65.5,0.0
113.5,65.5,0.0
114.5,65.5,0.0
115.5,65.5,0.0
116.5,65.5,0.0
117.5,65.5,0.0
118.5,65.5,0.0
119.5,65.5,0.0
120.5,65.5,0.0
121.5,65.5,0.0
122.5,65.5,0.0
123.5,65.5,0.0
124.5,65.5,0.0
125.5,65.5,0.0
126.5,65.5,0.0
127.5,65.5,0.0
128.5,65.5,0.0
129.5,65.5,0.0
130.5,65.5,0.0
131.5,65.5,0.0
132.5,65.5,0.0
133.5,65.5,0.0
134.5,65.5,0.0
135.5,65.5,0.0
136.5,65.5,0.0
137.5,65.5,0.0
138.5,65.5,0.0
139.5,65.5,0.0
140.5,65.5,0.0
141.5,65.5,0.0
142.5,65.5,0.0
143.5,65.5,0.0
144.5,65.5,0.0
145.5,65.5,0.0
146.5,65.5,0.0
147.5,65.5,0.0
148.5,65.5,0.0
149.5,65.5,0.0
150.5,65.5,0.0
151.5,65.5,0.0
152.5,65.5,0.0
153.5,65.5,0.0
154.5,65.5,0.0
155.5,65.5,0.0
156.5,65.5,0.0
157.5,65.5,0.0
158.5,65.5,0.0
159.5,65.5,0.0
160.5,65.5,0.0
161.5,65.5,0.0
162.5,65.5,0.0
163.5,65.5,0.0
164.5,65.5,0.0
165.5,65.5,0.0
166.5,65.5,0.0
167.5,65.5,0.0
168.5,65.5,0.0
169.5,65.5,0.0
170.5,65.5,0.0
171.5,65.5,0.0
172.5,65.5,0.0
173.5,65.5,0.0
174.5,65.5,0.0
175.5,65.5,0.0
176.5,65.5,0.0
177.5,65.5,0.0
178.5,65.5,0.0
179.5,65.5,0.0
180.5,65.5,0.0
181.5,65.5,0.0
182.5,65.5,0.0
183.5,65.5,0.0
184.5,65.5,0.0
185.5,65.5,0.0
186.5,65.5,0.0
187.5,65.5,0.0
188.5,65.5,0.0
189.5,65.5,0.0
190.5,65.5,0.0
191.5,65.5,0.0
192.5,65.5,0.0
193.5,65.5,0.0
194.5,65.5,0.0
195.5,65.5,0.0
196.5,65.5,0.0
197.5,65.5,0.0
198.5,65.5,0.0
199.5,65.5,0.0
0.5,66.5,0.0
1.5,66.5,0.0
2.5,66.5,0.0
3.5,66.5,0.0
4.5,66.5,0.0
5.5,66.5,0.0
6.5,66.5,0.0
7.5,66.5,0.0
8.5,66.5,0.0
9.5,66.5,0.0
10.5,66.5,0.0
11.5,66.5,0.0
12.5,66.5,0.0
13.5,66.5,0.0
14.5,66.5,0.0
15.5,66.5,0.0
16.5,66.5,0.0
17.5,66.5,0.0
18.5,66.5,0.0
19.5,66.5,0.0
20.5,66.5,0.0
21.5,66.5,0.0
22.5,66.5,0.0
23.5,66.5,0.0
24.5,66.5,0.0
25.5,66.5,0.0
26.5,66.5,0.0
27.5,66.5,0.0
28.5,66.5,0.0
29.5,66.5,0.0
30.5,66.5,0.0
31.5,66.5,0.0
32.5,66.5,0.0
33.5,66.5,0.0
34.5,66.5,0.0
35.5,66.5,0.0
36.5,66.5,0.0
37.5,66.5,0.0
38.5,66.5,0.0
39.5,66.5,0.0
40.5,66.5,0.0
41.5,66.5,0.0
42.5,66.5,0.0
43.5,66.5,0.0
44.5,66.5,0.0
45.5,66.5,0.0
46.5,66.5,0.0
47.5,66.5,0.0
48.5,66.5,0.0
49.5,66.5,0.0
50.5,66.5,0.0
51.5,66.5,0.0
52.5,66.5,0.0
53.5,66.5,0.0
54.5,66.5,0.0
55.5,66.5,0.0
56.5,66.5,0.0
57.5,66.5,0.0
58.5,66.5,0.0
59.5,66.5,0.0
60.5,66.5,0.0
61.5,66.5,0.0
62.5,66.5,0.0
63.5,66.5,0.0
64.5,66.5,0.0
65.5,66.5,0.0
66.5,66.5,0.0
67.5,66.5,0.0
68.5,66.5,0.0
69.5,66.5,0.0
70.5,66.5,0.0
71.5,66.5,0.0
72.5,66.5,0.0
73.5,66.5,0.0
74.5,66.5,0.0
75.5,66.5,0.0
76.5,66.5,0.0
77.5,66.5,0.0
78.5,66.5,0.0
79.5,66.5,0.0
80.5,66.5,0.0
81.5,66.5,0.0
82.5,66.5,0.0
83.5,66.5,0.0
84.5,66.5,0.0
85.5,66.5,0.0
86.5,66.5,0.0
87.5,66.5,0.0
88.5,66.5,0.0
89.5,66.5,0.0
90.5,66.5,0.0
91.5,66.5,0.0
92.5,66.5,0.0
93.5,66.5,0.0
94.5,66.5,0.0
95.5,66.5,0.0
96.5,66.5,0.0
97.5,66.5,0.0
98.5,66.5,0.0
99.5,66.5,0.0
100.5,66.5,0.0
101.5,66.5,0.0
102.5,66.5,0.0
103.5,66.5,0.0
104.5,66.5,0.0
105.5,66.5,0.0
106.5,66.5,0.0
107.5,66.5,0.0
108.5,66.5,0.0
109.5,66.5,0.0
110.5,66.5,0.0
111.5,66.5,0.0
112.5,66.5,0.0
113.5,66.5,0.0
114.5,66.5,0.0
115.5,66.5,0.0
116.5,66.5,0.0
117.5,66.5,0.0
118.5,66.5,0.0
119.5,66.5,0.0
120.5,66.5,0.0
121.5,66.5,0.0
122.5,66.5,0.0
123.5,66.5,0.0
124.5,66.5,0.0
125.5,66.5,0.0
126.5,66.5,0.0
127.5,66.5,0.0
128.5,66.5,0.0
129.5,66.5,0.0
130.5,66.5,0.0
131.5,66.5,0.0
132.5,66.5,0.0
133.5,66.5,0.0
134.5,66.5,0.0
135.5,66.5,0.0
136.5,66.5,0.0
137.5,66.5,0.0
138.5,66.5,0.0
139.5,66.5,0.0
140.5,66.5,0.0
141.5,66.5,0.0
142.5,66.5,0.0
143.5,66.5,0.0
144.5,66.5,0.0
145.5,66.5,0.0
146.5,66.5,0.0
147.5,66.5,0.0
148.5,66.5,0.0
149.5,66.5,0.0
150.5,66.5,0.0
151.5,66.5,0.0
152.5,66.5,0.0
153.5,66.5,0.0
154.5,66.5,0.0
155.5,66.5,0.0
156.5,66.5,0.0
157.5,66.5,0.0
158.5,66.5,0.0
159.5,66.5,0.0
160.5,66.5,0.0
161.5,66.5,0.0
162.5,66.5,0.0
163.5,66.5,0.0
164.5,66.5,0.0
165.5,66.5,0.0
166.5,66.5,0.0
167.5,66.5,0.0
168.5,66.5,0.0
169.5,66.5,0.0
170.5,66.5,0.0
171.5,66.5,0.0
172.5,66.5,0.0
173.5,66.5,0.0
174.5,66.5,0.0
175.5,66.5,0.0
176.5,66.5,0.0
177.5,66.5,0.0
178.5,66.5,0.0
179.5,66.5,0.0
180.5,66.5,0.0
181.5,66.5,0.0
182.5,66.5,0.0
183.5,66.5,0.0
184.5,66.5,0.0
185.5,66.5,0.0
186.5,66.5,0.0
187.5,66.5,0.0
188.5,66.5,0.0
189.5,66.5,0.0
190.5,66.5,0.0
191.5,66.5,0.0
192.5,66.5,0.0
193.5,66.5,0.0
194.5,66.5,0.0
195.5,66.5,0.0
196.5,66.5,0.0
197.5,66.5,0.0
198.5,66.5,0.0
199.5,66.5,0.0
0.5,67.5,0.0
1.5,67.5,0.0
2.5,67.5,0.0
3.5,67.5,0.0
4.5,67.5,0.0
5.5,67.5,0.0
6.5,67.5,0.0
7.5,67.5,0.0
8.5,67.5,0.0
9.5,67.5,0.0
10.5,67.5,0.0
11.5,67.5,0.0
12.5,67.5,0.0
13.5,67.5,0.0
14.5,67.5,0.0
15.5,67.5,0.0
16.5,67.5,0.0
17.5,67.5,0.0
18.5,67.5,0.0
19.5,67.5,0.0
20.5,67.5,0.0
21.5,67.5,0.0
22.5,67.5,0.0
23.5,67.5,0.0
24.5,67.5,0.0
25.5,67.5,0.0
26.5,67.5,0.0
27.5,67.5,0.0
28.5,67.5,0.0
29.5,67.5,0.0
30.5,67.5,0.0
31.5,67.5,0.0
32.5,67.5,0.0
33.5,67.5,0.0
34.5,67.5,0.0
35.5,67.5,0.0
36.5,67.5,0.0
37.5,67.5,0.0
38.5,67.5,0.0
39.5,67.5,0.0
40.5,67.5,0.0
41.5,67.5,0.0
42.5,67.5,0.0
43.5,67.5,0.0
44.5,67.5,0.0
45.5,67.5,0.0
46.5,67.5,0.0
47.5,67.5,0.0
48.5,67.5,0.0
49.5,67.5,0.0
50.5,67.5,0.0
51.5,67.5,0.0
52.5,67.5,0.0
53.5,67.5,0.0
54.5,67.5,0.0
55.5,67.5,0.0
56.5,67.5,0.0
57.5,67.5,0.0
58.5,67.5,0.0
59.5,67.5,0.0
60.5,67.5,0.0
61.5,67.5,0.0
62.5,67.5,0.0
63.5,67.5,0.0
64.5,67.5,0.0
65.5,67.5,0.0
66.5,67.5,0.0
67.5,67.5,0.0
68.5,67.5,0.0
69.5,67.5,0.0
70.5,67.5,0.0
71.5,67.5,0.0
72.5,67.5,0.0
73.5,67.5,0.0
74.5,67.5,0.0
75.5,67.5,0.0
76.5,67.5,0.0
77.5,67.5,0.0
78.5,67.5,0.0
79.5,67.5,0.0
80.5,67.5,0.0
81.5,67.5,0.0
82.5,67.5,0.0
83.5,67.5,0.0
84.5,67.5,0.0
85.5,67.5,0.0
86.5,67.5,0.0
87.5,67.5,0.0
88.5,67.5,0.0
89.5,67.5,0.0
90.5,67.5,0.0
91.5,67.5,0.0
92.5,67.5,0.0
93.5,67.5,0.0
94.5,67.5,0.0
95.5,67.5,0.0
96.5,67.5,0.0
97.5,67.5,0.0
98.5,67.5,0.0
99.5,67.5,0.0
100.5,67.5,0.0
101.5,67.5,0.0
102.5,67.5,0.0
103.5,67.5,0.0
104.5,67.5,0.0
105.5,67.5,0.0
106.5,67.5,0.0
107.5,67.5,0.0
108.5,67.5,0.0
109.5,67.5,0.0
110.5,67.5,0.0
111.5,67.5,0.0
112.5,67.5,0.0
113.5,67.5,0.0
114.5,67.5,0.0
115.5,67.5,0.0
116.5,67.5,0.0
117.5,67.5,0.0
118.5,67.5,0.0
119.5,67.5,0.0
120.5,67.5,0.0
121.5,67.5,0.0
122.5,67.5,0.0
123.5,67.5,0.0
124.5,67.5,0.0
125.5,67.5,0.0
126.5,67.5,0.0
127.5,67.5,0.0
128.5,67.5,0.0
129.5,67.5,0.0
130.5,67.5,0.0
131.5,67.5,0.0
132.5,67.5,0.0
133.5,67.5,0.0
134.5,67.5,0.0
135.5,67.5,0.0
136.5,67.5,0.0
137.5,67.5,0.0
138.5,67.5,0.0
139.5,67.5,0.0
140.5,67.5,0.0
141.5,67.5,0.0
142.5,67.5,0.0
143.5,67.5,0.0
144.5,67.5,0.0
145.5,67.5,0.0
146.5,67.5,0.0
147.5,67.5,0.0
148.5,67.5,0.0
149.5,67.5,0.0
150.5,67.5,0.0
151.5,67.5,0.0
152.5,67.5,0.0
153.5,67.5,0.0
154.5,67.5,0.0
155.5,67.5,0.0
156.5,67.5,0.0
157.5,67.5,0.0
158.5,67.5,0.0
159.5,67.5,0.0
160.5,67.5,0.0
161.5,67.5,0.0
162.5,67.5,0.0
163.5,67.5,0.0
164.5,67.5,0.0
165.5,67.5,0.0
166.5,67.5,0.0
167.5,67.5,0.0
168.5,67.5,0.0
169.5,67.5,0.0
170.5,67.5,0.0
171.5,67.5,0.0
172.5,67.5,0.0
173.5,67.5,0.0
174.5,67.5,0.0
175.5,67.5,0.0
176.5,67.5,0.0
177.5,67.5,0.0
178.5,67.5,0.0
179.5,67.5,0.0
180.5,67.5,0.0
181.5,67.5,0.0
182.5,67.5,0.0
183.5,67.5,0.0
184.5,67.5,0.0
185.5,67.5,0.0
186.5,67.5,0.0
187.5,67.5,0.0
188.5,67.5,0.0
189.5,67.5,0.0
190.5,67.5,0.0
191.5,67.5,0.0
192.5,67.5,0.0
193.5,67.5,0.0
194.5,67.5,0.0
195.5,67.5,0.0
196.5,67.5,0.0
197.5,67.5,0.0
198.5,67.5,0.0
199.5,67.5,0.0
0.5,68.5,0.0
1.5,68.5,0.0
2.5,68.5,0.0
3.5,68.5,0.0
4.5,68.5,0.0
5.5,68.5,0.0
6.5,68.5,0.0
7.5,68.5,0.0
8.5,68.5,0.0
9.5,68.5,0.0
10.5,68.5,0.0
11.5,68.5,0.0
12.5,68.5,0.0
13.5,68.5,0.0
14.5,68.5,0.0
15.5,68.5,0.0
16.5,68.5,0.0
17.5,68.5,0.0
18.5,68.5,0.0
19.5,68.5,0.0
20.5,68.5,0.0
21.5,68.5,0.0
22.5,68.5,0.0
23.5,68.5,0.0
24.5,68.5,0.0
25.5,68.5,0.0
26.5,68.5,0.0
27.5,68.5,0.0
28.5,68.5,0.0
29.5,68.5,0.0
30.5,68.5,0.0
31.5,68.5,0.0
32.5,68.5,0.0
33.5,68.5,0.0
34.5,68.5,0.0
35.5,68.5,0.0
36.5,68.5,0.0
37.5,68.5,0.0
38.5,68.5,0.0
39.5,68.5,0.0
40.5,68.5,0.0
41.5,68.5,0.0
42.5,68.5,0.0
43.5,68.5,0.0
44.5,68.5,0.0
45.5,68.5,0.0
46.5,68.5,0.0
47.5,68.5,0.0
48.5,68.5,0.0
49.5,68.5,0.0
50.5,68.5,0.0
51.5,68.5,0.0
52.5,68.5,0.0
53.5,68.5,0.0
54.5,68.5,0.0
55.5,68.5,0.0
56.5,68.5,0.0
57.5,68.5,0.0
58.5,68.5,0.0
59.5,68.5,0.0
60.5,68.5,0.0
61.5,68.5,0.0
62.5,68.5,0.0
63.5,68.5,0.0
64.5,68.5,0.0
65.5,68.5,0.0
66.5,68.5,0.0
67.5,68.5,0.0
68.5,68.5,0.0
69.5,68.5,0.0
70.5,68.5,0.0
71.5,68.5,0.0
72.5,68.5,0.0
73.5,68.5,0.0
74.5,68.5,0.0
75.5,68.5,0.0
76.5,68.5,0.0
77.5,68.5,0.0
78.5,68.5,0.0
79.5,68.5,0.0
80.5,68.5,0.0
81.5,68.5,0.0
82.5,68.5,0.0
83.5,68.5,0.0
84.5,68.5,0.0
85.5,68.5,0.0
86.5,68.5,0.0
87.5,68.5,0.0
88.5,68.5,0.0
89.5,68.5,0.0
90.5,68.5,0.0
91.5,68.5,0.0
92.5,68.5,0.0
93.5,68.5,0.0
94.5,68.5,0.0
95.5,68.5,0.0
96.5,68.5,0.0
97.5,68.5,0.0
98.5,68.5,0.0
99.5,68.5,0.0
100.5,68.5,0.0
101.5,68.5,0.0
102.5,68.5,0.0
103.5,68.5,0.0
104.5,68.5,0.0
105.5,68.5,0.0
106.5,68.5,0.0
107.5,68.5,0.0
108.5,68.5,0.0
109.5,68.5,0.0
110.5,68.5,0.0
111.5,68.5,0.0
112.5,68.5,0.0
113.5,68.5,0.0
114.5,68.5,0.0
115.5,68.5,0.0
116.5,68.5,0.0
117.5,68.5,0.0
118.5,68.5,0.0
119.5,68.5,0.0
120.5,68.5,0.0
121.5,68.5,0.0
122.5,68.5,0.0
123.5,68.5,0.0
124.5,68.5,0.0
125.5,68.5,0.0
126.5,68.5,0.0
127.5,68.5,0.0
128.5,68.5,0.0
129.5,68.5,0.0
130.5,68.5,0.0
131.5,68.5,0.0
132.5,68.5,0.0
133.5,68.5,0.0
134.5,68.5,0.0
135.5,68.5,0.0
136.5,68.5,0.0
137.5,68.5,0.0
138.5,68.5,0.0
139.5,68.5,0.0
140.5,68.5,0.0
141.5,68.5,0.0
142.5,68.5,0.0
143.5,68.5,0.0
144.5,68.5,0.0
145.5,68.5,0.0
146.5,68.5,0.0
147.5,68.5,0.0
148.5,68.5,0.0
149.5,68.5,0.0
150.5,68.5,0.0
151.5,68.5,0.0
152.5,68.5,0.0
153.5,68.5,0.0
154.5,68.5,0.0
155.5,68.5,0.0
156.5,68.5,0.0
157.5,68.5,0.0
158.5,68.5,0.0
159.5,68.5,0.0
160.5,68.5,0.0
161.5,68.5,0.0
162.5,68.5,0.0
163.5,68.5,0.0
164.5,68.5,0.0
165.5,68.5,0.0
166.5,68.5,0.0
167.5,68.5,0.0
168.5,68.5,0.0
169.5,68.5,0.0
170.5,68.5,0.0
171.5,68.5,0.0
172.5,68.5,0.0
173.5,68.5,0.0
174.5,68.5,0.0
175.5,68.5,0.0
176.5,68.5,0.0
177.5,68.5,0.0
178.5,68.5,0.0
179.5,68.5,0.0
180.5,68.5,0.0
181.5,68.5,0.0
182.5,68.5,0.0
183.5,68.5,0.0
184.5,68.5,0.0
185.5,68.5,0.0
186.5,68.5,0.0
187.5,68.5,0.0
188.5,68.5,0.0
189.5,68.5,0.0
190.5,68.5,0.0
191.5,68.5,0.0
192.5,68.5,0.0
193.5,68.5,0.0
194.5,68.5,0.0
195.5,68.5,0.0
196.5,68.5,0.0
197.5,68.5,0.0
198.5,68.5,0.0
199.5,68.5,0.0
0.5,69.5,0.0
1.5,69.5,0.0
2.5,69.5,0.0
3.5,69.5,0.0
4.5,69.5,0.0
5.5,69.5,0.0
6.5,69.5,0.0
7.5,69.5,0.0
8.5,69.5,0.0
9.5,69.5,0.0
10.5,69.5,0.0
11.5,69.5,0.0
12.5,69.5,0.0
13.5,69.5,0.0
14.5,69.5,0.0
15.5,69.5,0.0
16.5,69.5,0.0
17.5,69.5,0.0
18.5,69.5,0.0
19.5,69.5,0.0
20.5,69.5,0.0
21.5,69.5,0.0
22.5,69.5,0.0
23.5,69.5,0.0
24.5,69.5,0.0
25.5,69.5,0.0
26.5,69.5,0.0
27.5,69.5,0.0
28.5,69.5,0.0
29.5,69.5,0.0
30.5,69.5,0.0
31.5,69.5,0.0
32.5,69.5,0.0
33.5,69.5,0.0
34.5,69.5,0.0
35.5,69.5,0.0
36.5,69.5,0.0
37.5,69.5,0.0
38.5,69.5,0.0
39.5,69.5,0.0
40.5,69.5,0.0
41.5,69.5,0.0
42.5,69.5,0.0
43.5,69.5,0.0
44.5,69.5,0.0
45.5,69.5,0.0
46.5,69.5,0.0
47.5,69.5,0.0
48.5,69.5,0.0
49.5,69.5,0.0
50.5,69.5,0.0
51.5,69.5,0.0
52.5,69.5,0.0
53.5,69.5,0.0
54.5,69.5,0.0
55.5,69.5,0.0
56.5,69.5,0.0
57.5,69.5,0.0
58.5,69.5,0.0
59.5,69.5,0.0
60.5,69.5,0.0
61.5,69.5,0.0
62.5,69.5,0.0
63.5,69.5,0.0
64.5,69.5,0.0
65.5,69.5,0.0
66.5,69.5,0.0
67.5,69.5,0.0
68.5,69.5,0.0
69.5,69.5,0.0
70.5,69.5,0.0
71.5,69.5,0.0
72.5,69.5,0.0
73.5,69.5,0.0
74.5,69.5,0.0
75.5,69.5,0.0
76.5,69.5,0.0
77.5,69.5,0.0
78.5,69.5,0.0
79.5,69.5,0.0
80.5,69.5,0.0
81.5,69.5,0.0
82.5,69.5,0.0
83.5,69.5,0.0
84.5,69.5,0.0
85.5,69.5,0.0
86.5,69.5,0.0
87.5,69.5,0.0
88.5,69.5,0.0
89.5,69.5,0.0
90.5,69.5,0.0
91.5,69.5,0.0
92.5,69.5,0.0
93.5,69.5,0.0
94.5,69.5,0.0
95.5,69.5,0.0
96.5,69.5,0.0
97.5,69.5,0.0
98.5,69.5,0.0
99.5,69.5,0.0
100.5,69.5,0.0
101.5,69.5,0.0
102.5,69.5,0.0
103.5,69.5,0.0
104.5,69.5,0.0
105.5,69.5,0.0
106.5,69.5,0.0
107.5,69.5,0.0
108.5,69.5,0.0
109.5,69.5,0.0
110.5,69.5,0.0
111.5,69.5,0.0
112.5,69.5,0.0
113.5,69.5,0.0
114.5,69.5,0.0
115.5,69.5,0.0
116.5,69.5,0.0
117.5,69.5,0.0
118.5,69.5,0.0
119.5,69.5,0.0
120.5,69.5,0.0
121.5,69.5,0.0
122.5,69.5,0.0
123.5,69.5,0.0
124.5,69.5,0.0
125.5,69.5,0.0
126.5,69.5,0.0
127.5,69.5,0.0
128.5,69.5,0.0
129.5,69.5,0.0
130.5,69.5,0.0
131.5,69.5,0.0
132.5,69.5,0.0
133.5,69.5,0.0
134.5,69.5,0.0
135.5,69.5,0.0
136.5,69.5,0.0
137.5,69.5,0.0
138.5,69.5,0.0
139.5,69.5,0.0
140.5,69.5,0.0
141.5,69.5,0.0
142.5,69.5,0.0
143.5,69.5,0.0
144.5,69.5,0.0
145.5,69.5,0.0
146.5,69.5,0.0
147.5,69.5,0.0
148.5,69.5,0.0
149.5,69.5,0.0
150.5,69.5,0.0
151.5,69.5,0.0
152.5,69.5,0.0
153.5,69.5,0.0
154.5,69.5,0.0
155.5,69.5,0.0
156.5,69.5,0.0
157.5,69.5,0.0
158.5,69.5,0.0
159.5,69.5,0.0
160.5,69.5,0.0
161.5,69.5,0.0
162.5,69.5,0.0
163.5,69.5,0.0
164.5,69.5,0.0
165.5,69.5,0.0
166.5,69.5,0.0
167.5,69.5,0.0
168.5,69.5,0.0
169.5,69.5,0.0
170.5,69.5,0.0
171.5,69.5,0.0
172.5,69.5,0.0
173.5,69.5,0.0
174.5,69.5,0.0
175.5,69.5,0.0
176.5,69.5,0.0
177.5,69.5,0.0
178.5,69.5,0.0
179.5,69.5,0.0
180.5,69.5,0.0
181.5,69.5,0.0
182.5,69.5,0.0
183.5,69.5,0.0
184.5,69.5,0.0
185.5,69.5,0.0
186.5,69.5,0.0
187.5,69.5,0.0
188.5,69.5,0.0
189.5,69.5,0.0
190.5,69.5,0.0
191.5,69.5,0.0
192.5,69.5,0.0
193.5,69.5,0.0
194.5,69.5,0.0
195.5,69.5,0.0
196.5,69.5,0.0
197.5,69.5,0.0
198.5,69.5,0.0
199.5,69.5,0.0
0.5,70.5,0.0
1.5,70.5,0.0
2.5,70.5,0.0
3.5,70.5,0.0
4.5,70.5,0.0
5.5,70.5,0.0
6.5,70.5,0.0
7.5,70.5,0.0
8.5,70.5,0.0
9.5,70.5,0.0
10.5,70.5,0.0
11.5,70.5,0.0
12.5,70.5,0.0
13.5,70.5,0.0
14.5,70.5,0.0
15.5,70.5,0.0
16.5,70.5,0.0
17.5,70.5,0.0
18.5,70.5,0.0
19.5,70.5,0.0
20.5,70.5,0.0
21.5,70.5,0.0
22.5,70.5,0.0
23.5,70.5,0.0
24.5,70.5,0.0
25.5,70.5,0.0
26.5,70.5,0.0
27.5,70.5,0.0
28.5,70.5,0.0
29.5,70.5,0.0
30.5,70.5,0.0
31.5,70.5,0.0
32.5,70.5,0.0
33.5,70.5,0.0
34.5,70.5,0.0
35.5,70.5,0.0
36.5,70.5,0.0
37.5,70.5,0.0
38.5,70.5,0.0
39.5,70.5,0.0
40.5,70.5,0.0
41.5,70.5,0.0
42.5,70.5,0.0
43.5,70.5,0.0
44.5,70.5,0.0
45.5,70.5,0.0
46.5,70.5,0.0
47.5,70.5,0.0
48.5,70.5,0.0
49.5,70.5,0.0
50.5,70.5,0.0
51.5,70.5,0.0
52.5,70.5,0.0
53.5,70.5,0.0
54.5,70.5,0.0
55.5,70.5,0.0
56.5,70.5,0.0
57.5,70.5,0.0
58.5,70.5,0.0
59.5,70.5,0.0
60.5,70.5,0.0
61.5,70.5,0.0
62.5,70.5,0.0
63.5,70.5,0.0
64.5,70.5,0.0
65.5,70.5,0.0
66.5,70.5,0.0
67.5,70.5,0.0
68.5,70.5,0.0
69.5,70.5,0.0
70.5,70.5,0.0
71.5,70.5,0.0
72.5,70.5,0.0
73.5,70.5,0.0
74.5,70.5,0.0
75.5,70.5,0.0
76.5,70.5,0.0
77.5,70.5,0.0
78.5,70.5,0.0
79.5,70.5,0.0
80.5,70.5,0.0
81.5,70.5,0.0
82.5,70.5,0.0
83.5,70.5,0.0
84.5,70.5,0.0
85.5,70.5,0.0
86.5,70.5,0.0
87.5,70.5,0.0
88.5,70.5,0.0
89.5,70.5,0.0
90.5,70.5,0.0
91.5,70.5,0.0
92.5,70.5,0.0
93.5,70.5,0.0
94.5,70.5,0.0
95.5,70.5,0.0
96.5,70.5,0.0
97.5,70.5,0.0
98.5,70.5,0.0
99.5,70.5,0.0
100.5,70.5,0.0
101.5,70.5,0.0
102.5,70.5,0.0
103.5,70.5,0.0
104.5,70.5,0.0
105.5,70.5,0.0
106.5,70.5,0.0
107.5,70.5,0.0
108.5,70.5,0.0
109.5,70.5,0.0
110.5,70.5,0.0
111.5,70.5,0.0
112.5,70.5,0.0
113.5,70.5,0.0
114.5,70.5,0.0
115.5,70.5,0.0
116.5,70.5,0.0
117.5,70.5,0.0
118.5,70.5,0.0
119.5,70.5,0.0
120.5,70.5,0.0
121.5,70.5,0.0
122.5,70.5,0.0
123.5,70.5,0.0
124.5,70.5,0.0
125.5,70.5,0.0
126.5,70.5,0.0
127.5,70.5,0.0
128.5,70.5,0.0
129.5,70.5,0.0
130.5,70.5,0.0
131.5,70.5,0.0
132.5,70.5,0.0
133.5,70.5,0.0
134.5,70.5,0.0
135.5,70.5,0.0
136.5,70.5,0.0
137.5,70.5,0.0
138.5,70.5,0.0
139.5,70.5,0.0
140.5,70.5,0.0
141.5,70.5,0.0
142.5,70.5,0.0
143.5,70.5,0.0
144.5,70.5,0.0
145.5,70.5,0.0
146.5,70.5,0.0
147.5,70.5,0.0
148.5,70.5,0.0
149.5,70.5,0.0
150.5,70.5,0.0
151.5,70.5,0.0
152.5,70.5,0.0
153.5,70.5,0.0
154.5,70.5,0.0
155.5,70.5,0.0
156.5,70.5,0.0
157.5,70.5,0.0
158.5,70.5,0.0
159.5,70.5,0.0
160.5,70.5,0.0
161.5,70.5,0.0
162.5,70.5,0.0
163.5,70.5,0.0
164.5,70.5,0.0
165.5,70.5,0.0
166.5,70.5,0.0
167.5,70.5,0.0
168.5,70.5,0.0
169.5,70.5,0.0
170.5,70.5,0.0
171.5,70.5,0.0
172.5,70.5,0.0
173.5,70.5,0.0
174.5,70.5,0.0
175.5,70.5,0.0
176.5,70.5,0.0
177.5,70.5,0.0
178.5,70.5,0.0
179.5,70.5,0.0
180.5,70.5,0.0
181.5,70.5,0.0
182.5,70.5,0.0
183.5,70.5,0.0
184.5,70.5,0.0
185.5,70.5,0.0
186.5,70.5,0.0
187.5,70.5,0.0
188.5,70.5,0.0
189.5,70.5,0.0
190.5,70.5,0.0
191.5,70.5,0.0
192.5,70.5,0.0
193.5,70.5,0.0
194.5,70.5,0.0
195.5,70.5,0.0
196.5,70.5,0.0
197.5,70.5,0.0
198.5,70.5,0.0
199.5,70.5,0.0
0.5,71.5,0.0
1.5,71.5,0.0
2.5,71.5,0.0
3.5,71.5,0.0
4.5,71.5,0.0
5.5,71.5,0.0
6.5,71.5,0.0
7.5,71.5,0.0
8.5,71.5,0.0
9.5,71.5,0.0
10.5,71.5,0.0
11.5,71.5,0.0
12.5,71.5,0.0
13.5,71.5,0.0
14.5,71.5,0.0
15.5,71.5,0.0
16.5,71.5,0.0
17.5,71.5,0.0
18.5,71.5,0.0
19.5,71.5,0.0
20.5,71.5,0.0
21.5,71.5,0.0
22.5,71.5,0.0
23.5,71.5,0.0
24.5,71.5,0.0
25.5,71.5,0.0
26.5,71.5,0.0
27.5,71.5,0.0
28.5,71.5,0.0
29.5,71.5,0.0
30.5,71.5,0.0
31.5,71.5,0.0
32.5,71.5,0.0
33.5,71.5,0.0
34.5,71.5,0.0
35.5,71.5,0.0
36.5,71.5,0.0
37.5,71.5,0.0
38.5,71.5,0.0
39.5,71.5,0.0
40.5,71.5,0.0
41.5,71.5,0.0
42.5,71.5,0.0
43.5,71.5,0.0
44.5,71.5,0.0
45.5,71.5,0.0
46.5,71.5,0.0
47.5,71.5,0.0
48.5,71.5,0.0
49.5,71.5,0.0
50.5,71.5,0.0
51.5,71.5,0.0
52.5,71.5,0.0
53.5,71.5,0.0
54.5,71.5,0.0
55.5,71.5,0.0
56.5,71.5,0.0
57.5,71.5,0.0
58.5,71.5,0.0
59.5,71.5,0.0
60.5,71.5,0.0
61.5,71.5,0.0
62.5,71.5,0.0
63.5,71.5,0.0
64.5,71.5,0.0
65.5,71.5,0.0
66.5,71.5,0.0
67.5,71.5,0.0
68.5,71.5,0.0
69.5,71.5,0.0
70.5,71.5,0.0
71.5,71.5,0.0
72.5,71.5,0.0
73.5,71.5,0.0
74.5,71.5,0.0
75.5,71.5,0.0
76.5,71.5,0.0
77.5,71.5,0.0
78.5,71.5,0.0
79.5,71.5,0.0
80.5,71.5,0.0
81.5,71.5,0.0
82.5,71.5,0.0
83.5,71.5,0.0
84.5,71.5,0.0
85.5,71.5,0.0
86.5,71.5,0.0
87.5,71.5,0.0
88.5,71.5,0.0
89.5,71.5,0.0
90.5,71.5,0.0
91.5,71.5,0.0
92.5,71.5,0.0
93.5,71.5,0.0
94.5,71.5,0.0
95.5,71.5,0.0
96.5,71.5,0.0
97.5,71.5,0.0
98.5,71.5,0.0
99.5,71.5,0.0
100.5,71.5,0.0
101.5,71.5,0.0
102.5,71.5,0.0
103.5,71.5,0.0
104.5,71.5,0.0
105.5,71.5,0.0
106.5,71.5,0.0
107.5,71.5,0.0
108.5,71.5,0.0
109.5,71.5,0.0
110.5,71.5,0.0
111.5,71.5,0.0
112.5,71.5,0.0
113.5,71.5,0.0
114.5,71.5,0.0
115.5,71.5,0.0
116.5,71.5,0.0
117.5,71.5,0.0
118.5,71.5,0.0
119.5,71.5,0.0
120.5,71.5,0.0
121.5,71.5,0.0
122.5,71.5,0.0
123.5,71.5,0.0
124.5,71.5,0.0
125.5,71.5,0.0
126.5,71.5,0.0
127.5,71.5,0.0
128.5,71.5,0.0
129.5,71.5,0.0
130.5,71.5,0.0
131.5,71.5,0.0
132.5,71.5,0.0
133.5,71.5,0.0
134.5,71.5,0.0
135.5,71.5,0.0
136.5,71.5,0.0
137.5,71.5,0.0
138.5,71.5,0.0
139.5,71.5,0.0
140.5,71.5,0.0
141.5,71.5,0.0
142.5,71.5,0.0
143.5,71.5,0.0
144.5,71.5,0.0
145.5,71.5,0.0
146.5,71.5,0.0
147.5,71.5,0.0
148.5,71.5,0.0
149.5,71.5,0.0
150.5,71.5,0.0
151.5,71.5,0.0
152.5,71.5,0.0
153.5,71.5,0.0
154.5,71.5,0.0
155.5,71.5,0.0
156.5,71.5,0.0
157.5,71.5,0.0
158.5,71.5,0.0
159.5,71.5,0.0
160.5,71.5,0.0
161.5,71.5,0.0
162.5,71.5,0.0
163.5,71.5,0.0
164.5,71.5,0.0
165.5,71.5,0.0
166.5,71.5,0.0
167.5,71.5,0.0
168.5,71.5,0.0
169.5,71.5,0.0
170.5,71.5,0.0
171.5,71.5,0.0
172.5,71.5,0.0
173.5,71.5,0.0
174.5,71.5,0.0
175.5,71.5,0.0
176.5,71.5,0.0
177.5,71.5,0.0
178.5,71.5,0.0
179.5,71.5,0.0
180.5,71.5,0.0
181.5,71.5,0.0
182.5,71.5,0.0
183.5,71.5,0.0
184.5,71.5,0.0
185.5,71.5,0.0
186.5,71.5,0.0
187.5,71.5,0.0
188.5,71.5,0.0
189.5,71.5,0.0
190.5,71.5,0.0
191.5,71.5,0.0
192.5,71.5,0.0
193.5,71.5,0.0
194.5,71.5,0.0
195.5,71.5,0.0
196.5,71.5,0.0
197.5,71.5,0.0
198.5,71.5,0.0
199.5,71.5,0.0
0.5,72.5,0.0
1.5,72.5,0.0
2.5,72.5,0.0
3.5,72.5,0.0
4.5,72.5,0.0
5.5,72.5,0.0
6.5,72.5,0.0
7.5,72.5,0.0
8.5,72.5,0.0
9.5,72.5,0.0
10.5,72.5,0.0
11.5,72.5,0.0
12.5,72.5,0.0
13.5,72.5,0.0
14.5,72.5,0.0
15.5,72.5,0.0
16.5,72.5,0.0
17.5,72.5,0.0
18.5,72.5,0.0
19.5,72.5,0.0
20.5,72.5,0.0
21.5,72.5,0.0
22.5,72.5,0.0
23.5,72.5,0.0
24.5,72.5,0.0
25.5,72.5,0.0
26.5,72.5,0.0
27.5,72.5,0.0
28.5,72.5,0.0
29.5,72.5,0.0
30.5,72.5,0.0
31.5,72.5,0.0
32.5,72.5,0.0
33.5,72.5,0.0
34.5,72.5,0.0
35.5,72.5,0.0
36.5,72.5,0.0
37.5,72.5,0.0
38.5,72.5,0.0
39.5,72.5,0.0
40.5,72.5,0.0
41.5,72.5,0.0
42.5,72.5,0.0
43.5,72.5,0.0
44.5,72.5,0.0
45.5,72.5,0.0
46.5,72.5,0.0
47.5,72.5,0.0
48.5,72.5,0.0
49.5,72.5,0.0
50.5,72.5,0.0
51.5,72.5,0.0
52.5,72.5,0.0
53.5,72.5,0.0
54.5,72.5,0.0
55.5,72.5,0.0
56.5,72.5,0.0
57.5,72.5,0.0
58.5,72.5,0.0
59.5,72.5,0.0
60.5,72.5,0.0
61.5,72.5,0.0
62.5,72.5,0.0
63.5,72.5,0.0
64.5,72.5,0.0
65.5,72.5,0.0
66.5,72.5,0.0
67.5,72.5,0.0
68.5,72.5,0.0
69.5,72.5,0.0
70.5,72.5,0.0
71.5,72.5,0.0
72.5,72.5,0.0
73.5,72.5,0.0
74.5,72.5,0.0
75.5,72.5,0.0
76.5,72.5,0.0
77.5,72.5,0.0
78.5,72.5,0.0
79.5,72.5,0.0
80.5,72.5,0.0
81.5,72.5,0.0
82.5,72.5,0.0
83.5,72.5,0.0
84.5,72.5,0.0
85.5,72.5,0.0
86.5,72.5,0.0
87.5,72.5,0.0
88.5,72.5,0.0
89.5,72.5,0.0
90.5,72.5,0.0
91.5,72.5,0.0
92.5,72.5,0.0
93.5,72.5,0.0
94.5,72.5,0.0
95.5,72.5,0.0
96.5,72.5,0.0
97.5,72.5,0.0
98.5,72.5,0.0
99.5,72.5,0.0
100.5,72.5,0.0
101.5,72.5,0.0
102.5,72.5,0.0
103.5,72.5,0.0
104.5,72.5,0.0
105.5,72.5,0.0
106.5,72.5,0.0
107.5,72.5,0.0
108.5,72.5,0.0
109.5,72.5,0.0
110.5,72.5,0.0
111.5,72.5,0.0
112.5,72.5,0.0
113.5,72.5,0.0
114.5,72.5,0.0
115.5,72.5,0.0
116.5,72.5,0.0
117.5,72.5,0.0
118.5,72.5,0.0
119.5,72.5,0.0
120.5,72.5,0.0
121.5,72.5,0.0
122.5,72.5,0.0
123.5,72.5,0.0
124.5,72.5,0.0
125.5,72.5,0.0
126.5,72.5,0.0
127.5,72.5,0.0
128.5,72.5,0.0
129.5,72.5,0.0
130.5,72.5,0.0
131.5,72.5,0.0
132.5,72.5,0.0
133.5,72.5,0.0
134.5,72.5,0.0
135.5,72.5,0.0
136.5,72.5,0.0
137.5,72.5,0.0
138.5,72.5,0.0
139.5,72.5,0.0
140.5,72.5,0.0
141.5,72.5,0.0
142.5,72.5,0.0
143.5,72.5,0.0
144.5,72.5,0.0
145.5,72.5,0.0
146.5,72.5,0.0
147.5,72.5,0.0
148.5,72.5,0.0
149.5,72.5,0.0
150.5,72.5,0.0
151.5,72.5,0.0
152.5,72.5,0.0
153.5,72.5,0.0
154.5,72.5,0.0
155.5,72.5,0.0
156.5,72.5,0.0
157.5,72.5,0.0
158.5,72.5,0.0
159.5,72.5,0.0
160.5,72.5,0.0
161.5,72.5,0.0
162.5,72.5,0.0
163.5,72.5,0.0
164.5,72.5,0.0
165.5,72.5,0.0
166.5,72.5,0.0
167.5,72.5,0.0
168.5,72.5,0.0
169.5,72.5,0.0
170.5,72.5,0.0
171.5,72.5,0.0
172.5,72.5,0.0
173.5,72.5,0.0
174.5,72.5,0.0
175.5,72.5,0.0
176.5,72.5,0.0
177.5,72.5,0.0
178.5,72.5,0.0
179.5,72.5,0.0
180.5,72.5,0.0
181.5,72.5,0.0
182.5,72.5,0.0
183.5,72.5,0.0
184.5,72.5,0.0
185.5,72.5,0.0
186.5,72.5,0.0
187.5,72.5,0.0
188.5,72.5,0.0
189.5,72.5,0.0
190.5,72.5,0.0
191.5,72.5,0.0
192.5,72.5,0.0
193.5,72.5,0.0
194.5,72.5,0.0
195.5,72.5,0.0
196.5,72.5,0.0
197.5,72.5,0.0
198.5,72.5,0.0
199.5,72.5,0.0
0.5,73.5,0.0
1.5,73.5,0.0
2.5,73.5,0.0
3.5,73.5,0.0
4.5,73.5,0.0
5.5,73.5,0.0
6.5,73.5,0.0
7.5,73.5,0.0
8.5,73.5,0.0
9.5,73.5,0.0
10.5,73.5,0.0
11.5,73.5,0.0
12.5,73.5,0.0
13.5,73.5,0.0
14.5,73.5,0.0
15.5,73.5,0.0
16.5,73.5,0.0
17.5,73.5,0.0
18.5,73.5,0.0
19.5,73.5,0.0
20.5,73.5,0.0
21.5,73.5,0.0
22.5,73.5,0.0
23.5,73.5,0.0
24.5,73.5,0.0
25.5,73.5,0.0
26.5,73.5,0.0
27.5,73.5,0.0
28.5,73.5,0.0
29.5,73.5,0.0
30.5,73.5,0.0
31.5,73.5,0.0
32.5,73.5,0.0
33.5,73.5,0.0
34.5,73.5,0.0
35.5,73.5,0.0
36.5,73.5,0.0
37.5,73.5,0.0
38.5,73.5,0.0
39.5,73.5,0.0
40.5,73.5,0.0
41.5,73.5,0.0
42.5,73.5,0.0
43.5,73.5,0.0
44.5,73.5,0.0
45.5,73.5,0.0
46.5,73.5,0.0
47.5,73.5,0.0
48.5,73.5,0.0
49.5,73.5,0.0
50.5,73.5,0.0
51.5,73.5,0.0
52.5,73.5,0.0
53.5,73.5,0.0
54.5,73.5,0.0
55.5,73.5,0.0
56.5,73.5,0.0
57.5,73.5,0.0
58.5,73.5,0.0
59.5,73.5,0.0
60.5,73.5,0.0
61.5,73.5,0.0
62.5,73.5,0.0
63.5,73.5,0.0
64.5,73.5,0.0
65.5,73.5,0.0
66.5,73.5,0.0
67.5,73.5,0.0
68.5,73.5,0.0
69.5,73.5,0.0
70.5,73.5,0.0
71.5,73.5,0.0
72.5,73.5,0.0
73.5,73.5,0.0
74.5,73.5,0.0
75.5,73.5,0.0
76.5,73.5,0.0
77.5,73.5,0.0
78.5,73.5,0.0
79.5,73.5,0.0
80.5,73.5,0.0
81.5,73.5,0.0
82.5,73.5,0.0
83.5,73.5,0.0
84.5,73.5,0.0
85.5,73.5,0.0
86.5,73.5,0.0
87.5,73.5,0.0
88.5,73.5,0.0
89.5,73.5,0.0
90.5,73.5,0.0
91.5,73.5,0.0
92.5,73.5,0.0
93.5,73.5,0.0
94.5,73.5,0.0
95.5,73.5,0.0
96.5,73.5,0.0
97.5,73.5,0.0
98.5,73.5,0.0
99.5,73.5,0.0
100.5,73.5,0.0
101.5,73.5,0.0
102.5,73.5,0.0
103.5,73.5,0.0
104.5,73.5,0.0
105.5,73.5,0.0
106.5,73.5,0.0
107.5,73.5,0.0
108.5,73.5,0.0
109.5,73.5,0.0
110.5,73.5,0.0
111.5,73.5,0.0
112.5,73.5,0.0
113.5,73.5,0.0
114.5,73.5,0.0
115.5,73.5,0.0
116.5,73.5,0.0
117.5,73.5,0.0
118.5,73.5,0.0
119.5,73.5,0.0
120.5,73.5,0.0
121.5,73.5,0.0
122.5,73.5,0.0
123.5,73.5,0.0
124.5,73.5,0.0
125.5,73.5,0.0
126.5,73.5,0.0
127.5,73.5,0.0
128.5,73.5,0.0
129.5,73.5,0.0
130.5,73.5,0.0
131.5,73.5,0.0
132.5,73.5,0.0
133.5,73.5,0.0
134.5,73.5,0.0
135.5,73.5,0.0
136.5,73.5,0.0
137.5,73.5,0.0
138.5,73.5,0.0
139.5,73.5,0.0
140.5,73.5,0.0
141.5,73.5,0.0
142.5,73.5,0.0
143.5,73.5,0.0
144.5,73.5,0.0
145.5,73.5,0.0
146.5,73.5,0.0
147.5,73.5,0.0
148.5,73.5,0.0
149.5,73.5,0.0
150.5,73.5,0.0
151.5,73.5,0.0
152.5,73.5,0.0
153.5,73.5,0.0
154.5,73.5,0.0
155.5,73.5,0.0
156.5,73.5,0.0
157.5,73.5,0.0
158.5,73.5,0.0
159.5,73.5,0.0
160.5,73.5,0.0
161.5,73.5,0.0
162.5,73.5,0.0
163.5,73.5,0.0
164.5,73.5,0.0
165.5,73.5,0.0
166.5,73.5,0.0
167.5,73.5,0.0
168.5,73.5,0.0
169.5,73.5,0.0
170.5,73.5,0.0
171.5,73.5,0.0
172.5,73.5,0.0
173.5,73.5,0.0
174.5,73.5,0.0
175.5,73.5,0.0
176.5,73.5,0.0
177.5,73.5,0.0
178.5,73.5,0.0
179.5,73.5,0.0
180.5,73.5,0.0
181.5,73.5,0.0
182.5,73.5,0.0
183.5,73.5,0.0
184.5,73.5,0.0
185.5,73.5,0.0
186.5,73.5,0.0
187.5,73.5,0.0
188.5,73.5,0.0
189.5,73.5,0.0
190.5,73.5,0.0
191.5,73.5,0.0
192.5,73.5,0.0
193.5,73.5,0.0
194.5,73.5,0.0
195.5,73.5,0.0
196.5,73.5,0.0
197.5,73.5,0.0
198.5,73.5,0.0
199.5,73.5,0.0
0.5,74.5,0.0
1.5,74.5,0.0
2.5,74.5,0.0
3.5,74.5,0.0
4.5,74.5,0.0
5.5,74.5,0.0
6.5,74.5,0.0
7.5,74.5,0.0
8.5,74.5,0.0
9.5,74.5,0.0
10.5,74.5,0.0
11.5,74.5,0.0
12.5,74.5,0.0
13.5,74.5,0.0
14.5,74.5,0.0
15.5,74.5,0.0
16.5,74.5,0.0
17.5,74.5,0.0
18.5,74.5,0.0
19.5,74.5,0.0
20.5,74.5,0.0
21.5,74.5,0.0
22.5,74.5,0.0
23.5,74.5,0.0
24.5,74.5,0.0
25.5,74.5,0.0
26.5,74.5,0.0
27.5,74.5,0.0
28.5,74.5,0.0
29.5,74.5,0.0
30.5,74.5,0.0
31.5,74.5,0.0
32.5,74.5,0.0
33.5,74.5,0.0
34.5,74.5,0.0
35.5,74.5,0.0
36.5,74.5,0.0
37.5,74.5,0.0
38.5,74.5,0.0
39.5,74.5,0.0
40.5,74.5,0.0
41.5,74.5,0.0
42.5,74.5,0.0
43.5,74.5,0.0
44.5,74.5,0.0
45.5,74.5,0.0
46.5,74.5,0.0
47.5,74.5,0.0
48.5,74.5,0.0
49.5,74.5,0.0
50.5,74.5,0.0
51.5,74.5,0.0
52.5,74.5,0.0
53.5,74.5,0.0
54.5,74.5,0.0
55.5,74.5,0.0
56.5,74.5,0.0
57.5,74.5,0.0
58.5,74.5,0.0
59.5,74.5,0.0
60.5,74.5,0.0
61.5,74.5,0.0
62.5,74.5,0.0
63.5,74.5,0.0
64.5,74.5,0.0
65.5,74.5,0.0
66.5,74.5,0.0
67.5,74.5,0.0
68.5,74.5,0.0
69.5,74.5,0.0
70.5,74.5,0.0
71.5,74.5,0.0
72.5,74.5,0.0
73.5,74.5,0.0
74.5,74.5,0.0
75.5,74.5,0.0
76.5,74.5,0.0
77.5,74.5,0.0
78.5,74.5,0.0
79.5,74.5,0.0
80.5,74.5,0.0
81.5,74.5,0.0
82.5,74.5,0.0
83.5,74.5,0.0
84.5,74.5,0.0
85.5,74.5,0.0
86.5,74.5,0.0
87.5,74.5,0.0
88.5,74.5,0.0
89.5,74.5,0.0
90.5,74.5,0.0
91.5,74.5,0.0
92.5,74.5,0.0
93.5,74.5,0.0
94.5,74.5,0.0
95.5,74.5,0.0
96.5,74.5,0.0
97.5,74.5,0.0
98.5,74.5,0.0
99.5,74.5,0.0
100.5,74.5,0.0
101.5,74.5,0.0
102.5,74.5,0.0
103.5,74.5,0.0
104.5,74.5,0.0
105.5,74.5,0.0
106.5,74.5,0.0
107.5,74.5,0.0
108.5,74.5,0.0
109.5,74.5,0.0
110.5,74.5,0.0
111.5,74.5,0.0
112.5,74.5,0.0
113.5,74.5,0.0
114.5,74.5,0.0
115.5,74.5,0.0
116.5,74.5,0.0
117.5,74.5,0.0
118.5,74.5,0.0
119.5,74.5,0.0
120.5,74.5,0.0
121.5,74.5,0.0
122.5,74.5,0.0
123.5,74.5,0.0
124.5,74.5,0.0
125.5,74.5,0.0
126.5,74.5,0.0
127.5,74.5,0.0
128.5,74.5,0.0
129.5,74.5,0.0
130.5,74.5,0.0
131.5,74.5,0.0
132.5,74.5,0.0
133.5,74.5,0.0
134.5,74.5,0.0
135.5,74.5,0.0
136.5,74.5,0.0
137.5,74.5,0.0
138.5,74.5,0.0
139.5,74.5,0.0
140.5,74.5,0.0
141.5,74.5,0.0
142.5,74.5,0.0
143.5,74.5,0.0
144.5,74.5,0.0
145.5,74.5,0.0
146.5,74.5,0.0
147.5,74.5,0.0
148.5,74.5,0.0
149.5,74.5,0.0
150.5,74.5,0.0
151.5,74.5,0.0
152.5,74.5,0.0
153.5,74.5,0.0
154.5,74.5,0.0
155.5,74.5,0.0
156.5,74.5,0.0
157.5,74.5,0.0
158.5,74.5,0.0
159.5,74.5,0.0
160.5,74.5,0.0
161.5,74.5,0.0
162.5,74.5,0.0
163.5,74.5,0.0
164.5,74.5,0.0
165.5,74.5,0.0
166.5,74.5,0.0
167.5,74.5,0.0
168.5,74.5,0.0
169.5,74.5,0.0
170.5,74.5,0.0
171.5,74.5,0.0
172.5,74.5,0.0
173.5,74.5,0.0
174.5,74.5,0.0
175.5,74.5,0.0
176.5,74.5,0.0
177.5,74.5,0.0
178.5,74.5,0.0
179.5,74.5,0.0
180.5,74.5,0.0
181.5,74.5,0.0
182.5,74.5,0.0
183.5,74.5,0.0
184.5,74.5,0.0
185.5,74.5,0.0
186.5,74.5,0.0
187.5,74.5,0.0
188.5,74.5,0.0
189.5,74.5,0.0
190.5,74.5,0.0
191.5,74.5,0.0
192.5,74.5,0.0
193.5,74.5,0.0
194.5,74.5,0.0
195.5,74.5,0.0
196.5,74.5,0.0
197.5,74.5,0.0
198.5,74.5,0.0
199.5,74.5,0.0
0.5,75.5,0.0
1.5,75.5,0.0
2.5,75.5,0.0
3.5,75.5,0.0
4.5,75.5,0.0
5.5,75.5,0.0
6.5,75.5,0.0
7.5,75.5,0.0
8.5,75.5,0.0
9.5,75.5,0.0
10.5,75.5,0.0
11.5,75.5,0.0
12.5,75.5,0.0
13.5,75.5,0.0
14.5,75.5,0.0
15.5,75.5,0.0
16.5,75.5,0.0
17.5,75.5,0.0
18.5,75.5,0.0
19.5,75.5,0.0
20.5,75.5,0.0
21.5,75.5,0.0
22.5,75.5,0.0
23.5,75.5,0.0
24.5,75.5,0.0
25.5,75.5,0.0
26.5,75.5,0.0
27.5,75.5,0.0
28.5,75.5,0.0
29.5,75.5,0.0
30.5,75.5,0.0
31.5,75.5,0.0
32.5,75.5,0.0
33.5,75.5,0.0
34.5,75.5,0.0
35.5,75.5,0.0
36.5,75.5,0.0
37.5,75.5,0.0
38.5,75.5,0.0
39.5,75.5,0.0
40.5,75.5,0.0
41.5,75.5,0.0
42.5,75.5,0.0
43.5,75.5,0.0
44.5,75.5,0.0
45.5,75.5,0.0
46.5,75.5,0.0
47.5,75.5,0.0
48.5,75.5,0.0
49.5,75.5,0.0
50.5,75.5,0.0
51.5,75.5,0.0
52.5,75.5,0.0
53.5,75.5,0.0
54.5,75.5,0.0
55.5,75.5,0.0
56.5,75.5,0.0
57.5,75.5,0.0
58.5,75.5,0.0
59.5,75.5,0.0
60.5,75.5,0.0
61.5,75.5,0.0
62.5,75.5,0.0
63.5,75.5,0.0
64.5,75.5,0.0
65.5,75.5,0.0
66.5,75.5,0.0
67.5,75.5,0.0
68.5,75.5,0.0
69.5,75.5,0.0
70.5,75.5,0.0
71.5,75.5,0.0
72.5,75.5,0.0
73.5,75.5,0.0
74.5,75.5,0.0
75.5,75.5,0.0
76.5,75.5,0.0
77.5,75.5,0.0
78.5,75.5,0.0
79.5,75.5,0.0
80.5,75.5,0.0
81.5,75.5,0.0
82.5,75.5,0.0
83.5,75.5,0.0
84.5,75.5,0.0
85.5,75.5,0.0
86.5,75.5,0.0
87.5,75.5,0.0
88.5,75.5,0.0
89.5,75.5,0.0
90.5,75.5,0.0
91.5,75.5,0.0
92.5,75.5,0.0
93.5,75.5,0.0
94.5,75.5,0.0
95.5,75.5,0.0
96.5,75.5,0.0
97.5,75.5,0.0
98.5,75.5,0.0
99.5,75.5,0.0
100.5,75.5,0.0
101.5,75.5,0.0
102.5,75.5,0.0
103.5,75.5,0.0
104.5,75.5,0.0
105.5,75.5,0.0
106.5,75.5,0.0
107.5,75.5,0.0
108.5,75.5,0.0
109.5,75.5,0.0
110.5,75.5,0.0
111.5,75.5,0.0
112.5,75.5,0.0
113.5,75.5,0.0
114.5,75.5,0.0
115.5,75.5,0.0
116.5,75.5,0.0
117.5,75.5,0.0
118.5,75.5,0.0
119.5,75.5,0.0
120.5,75.5,0.0
121.5,75.5,0.0
122.5,75.5,0.0
123.5,75.5,0.0
124.5,75.5,0.0
125.5,75.5,0.0
126.5,75.5,0.0
127.5,75.5,0.0
128.5,75.5,0.0
129.5,75.5,0.0
130.5,75.5,0.0
131.5,75.5,0.0
132.5,75.5,0.0
133.5,75.5,0.0
134.5,75.5,0.0
135.5,75.5,0.0
136.5,75.5,0.0
137.5,75.5,0.0
138.5,75.5,0.0
139.5,75.5,0.0
140.5,75.5,0.0
141.5,75.5,0.0
142.5,75.5,0.0
143.5,75.5,0.0
144.5,75.5,0.0
145.5,75.5,0.0
146.5,75.5,0.0
147.5,75.5,0.0
148.5,75.5,0.0
149.5,75.5,0.0
150.5,75.5,0.0
151.5,75.5,0.0
152.5,75.5,0.0
153.5,75.5,0.0
154.5,75.5,0.0
155.5,75.5,0.0
156.5,75.5,0.0
157.5,75.5,0.0
158.5,75.5,0.0
159.5,75.5,0.0
160.5,75.5,0.0
161.5,75.5,0.0
162.5,75.5,0.0
163.5,75.5,0.0
164.5,75.5,0.0
165.5,75.5,0.0
166.5,75.5,0.0
167.5,75.5,0.0
168.5,75.5,0.0
169.5,75.5,0.0
170.5,75.5,0.0
171.5,75.5,0.0
172.5,75.5,0.0
173.5,75.5,0.0
174.5,75.5,0.0
175.5,75.5,0.0
176.5,75.5,0.0
177.5,75.5,0.0
178.5,75.5,0.0
179.5,75.5,0.0
180.5,75.5,0.0
181.5,75.5,0.0
182.5,75.5,0.0
183.5,75.5,0.0
184.5,75.5,0.0
185.5,75.5,0.0
186.5,75.5,0.0
187.5,75.5,0.0
188.5,75.5,0.0
189.5,75.5,0.0
190.5,75.5,0.0
191.5,75.5,0.0
192.5,75.5,0.0
193.5,75.5,0.0
194.5,75.5,0.0
195.5,75.5,0.0
196.5,75.5,0.0
197.5,75.5,0.0
198.5,75.5,0.0
199.5,75.5,0.0
0.5,76.5,0.0
1.5,76.5,0.0
2.5,76.5,0.0
3.5,76.5,0.0
4.5,76.5,0.0
5.5,76.5,0.0
6.5,76.5,0.0
7.5,76.5,0.0
8.5,76.5,0.0
9.5,76.5,0.0
10.5,76.5,0.0
11.5,76.5,0.0
12.5,76.5,0.0
13.5,76.5,0.0
14.5,76.5,0.0
15.5,76.5,0.0
16.5,76.5,0.0
17.5,76.5,0.0
18.5,76.5,0.0
19.5,76.5,0.0
20.5,76.5,0.0
21.5,76.5,0.0
22.5,76.5,0.0
23.5,76.5,0.0
24.5,76.5,0.0
25.5,76.5,0.0
26.5,76.5,0.0
27.5,76.5,0.0
28.5,76.5,0.0
29.5,76.5,0.0
30.5,76.5,0.0
31.5,76.5,0.0
32.5,76.5,0.0
33.5,76.5,0.0
34.5,76.5,0.0
35.5,76.5,0.0
36.5,76.5,0.0
37.5,76.5,0.0
38.5,76.5,0.0
39.5,76.5,0.0
40.5,76.5,0.0
41.5,76.5,0.0
42.5,76.5,0.0
43.5,76.5,0.0
44.5,76.5,0.0
45.5,76.5,0.0
46.5,76.5,0.0
47.5,76.5,0.0
48.5,76.5,0.0
49.5,76.5,0.0
50.5,76.5,0.0
51.5,76.5,0.0
52.5,76.5,0.0
53.5,76.5,0.0
54.5,76.5,0.0
55.5,76.5,0.0
56.5,76.5,0.0
57.5,76.5,0.0
58.5,76.5,0.0
59.5,76.5,0.0
60.5,76.5,0.0
61.5,76.5,0.0
62.5,76.5,0.0
63.5,76.5,0.0
64.5,76.5,0.0
65.5,76.5,0.0
66.5,76.5,0.0
67.5,76.5,0.0
68.5,76.5,0.0
69.5,76.5,0.0
70.5,76.5,0.0
71.5,76.5,0.0
72.5,76.5,0.0
73.5,76.5,0.0
74.5,76.5,0.0
75.5,76.5,0.0
76.5,76.5,0.0
77.5,76.5,0.0
78.5,76.5,0.0
79.5,76.5,0.0
80.5,76.5,0.0
81.5,76.5,0.0
82.5,76.5,0.0
83.5,76.5,0.0
84.5,76.5,0.0
85.5,76.5,0.0
86.5,76.5,0.0
87.5,76.5,0.0
88.5,76.5,0.0
89.5,76.5,0.0
90.5,76.5,0.0
91.5,76.5,0.0
92.5,76.5,0.0
93.5,76.5,0.0
94.5,76.5,0.0
95.5,76.5,0.0
96.5,76.5,0.0
97.5,76.5,0.0
98.5,76.5,0.0
99.5,76.5,0.0
100.5,76.5,0.0
101.5,76.5,0.0
102.5,76.5,0.0
103.5,76.5,0.0
104.5,76.5,0.0
105.5,76.5,0.0
106.5,76.5,0.0
107.5,76.5,0.0
108.5,76.5,0.0
109.5,76.5,0.0
110.5,76.5,0.0
111.5,76.5,0.0
112.5,76.5,0.0
113.5,76.5,0.0
114.5,76.5,0.0
115.5,76.5,0.0
116.5,76.5,0.0
117.5,76.5,0.0
118.5,76.5,0.0
119.5,76.5,0.0
120.5,76.5,0.0
121.5,76.5,0.0
122.5,76.5,0.0
123.5,76.5,0.0
124.5,76.5,0.0
125.5,76.5,0.0
126.5,76.5,0.0
127.5,76.5,0.0
128.5,76.5,0.0
129.5,76.5,0.0
130.5,76.5,0.0
131.5,76.5,0.0
132.5,76.5,0.0
133.5,76.5,0.0
134.5,76.5,0.0
135.5,76.5,0.0
136.5,76.5,0.0
137.5,76.5,0.0
138.5,76.5,0.0
139.5,76.5,0.0
140.5,76.5,0.0
141.5,76.5,0.0
142.5,76.5,0.0
143.5,76.5,0.0
144.5,76.5,0.0
145.5,76.5,0.0
146.5,76.5,0.0
147.5,76.5,0.0
148.5,76.5,0.0
149.5,76.5,0.0
150.5,76.5,0.0
151.5,76.5,0.0
152.5,76.5,0.0
153.5,76.5,0.0
154.5,76.5,0.0
155.5,76.5,0.0
156.5,76.5,0.0
157.5,76.5,0.0
158.5,76.5,0.0
159.5,76.5,0.0
160.5,76.5,0.0
161.5,76.5,0.0
162.5,76.5,0.0
163.5,76.5,0.0
164.5,76.5,0.0
165.5,76.5,0.0
166.5,76.5,0.0
167.5,76.5,0.0
168.5,76.5,0.0
169.5,76.5,0.0
170.5,76.5,0.0
171.5,76.5,0.0
172.5,76.5,0.0
173.5,76.5,0.0
174.5,76.5,0.0
175.5,76.5,0.0
176.5,76.5,0.0
177.5,76.5,0.0
178.5,76.5,0.0
179.5,76.5,0.0
180.5,76.5,0.0
181.5,76.5,0.0
182.5,76.5,0.0
183.5,76.5,0.0
184.5,76.5,0.0
185.5,76.5,0.0
186.5,76.5,0.0
187.5,76.5,0.0
188.5,76.5,0.0
189.5,76.5,0.0
190.5,76.5,0.0
191.5,76.5,0.0
192.5,76.5,0.0
193.5,76.5,0.0
194.5,76.5,0.0
195.5,76.5,0.0
196.5,76.5,0.0
197.5,76.5,0.0
198.5,76.5,0.0
199.5,76.5,0.0
0.5,77.5,0.0
1.5,77.5,0.0
2.5,77.5,0.0
3.5,77.5,0.0
4.5,77.5,0.0
5.5,77.5,0.0
6.5,77.5,0.0
7.5,77.5,0.0
8.5,77.5,0.0
9.5,77.5,0.0
10.5,77.5,0.0
11.5,77.5,0.0
12.5,77.5,0.0
13.5,77.5,0.0
14.5,77.5,0.0
15.5,77.5,0.0
16.5,77.5,0.0
17.5,77.5,0.0
18.5,77.5,0.0
19.5,77.5,0.0
20.5,77.5,0.0
21.5,77.5,0.0
22.5,77.5,0.0
23.5,77.5,0.0
24.5,77.5,0.0
25.5,77.5,0.0
26.5,77.5,0.0
27.5,77.5,0.0
28.5,77.5,0.0
29.5,77.5,0.0
30.5,77.5,0.0
31.5,77.5,0.0
32.5,77.5,0.0
33.5,77.5,0.0
34.5,77.5,0.0
35.5,77.5,0.0
36.5,77.5,0.0
37.5,77.5,0.0
38.5,77.5,0.0
39.5,77.5,0.0
40.5,77.5,0.0
41.5,77.5,0.0
42.5,77.5,0.0
43.5,77.5,0.0
44.5,77.5,0.0
45.5,77.5,0.0
46.5,77.5,0.0
47.5,77.5,0.0
48.5,77.5,0.0
49.5,77.5,0.0
50.5,77.5,0.0
51.5,77.5,0.0
52.5,77.5,0.0
53.5,77.5,0.0
54.5,77.5,0.0
55.5,77.5,0.0
56.5,77.5,0.0
57.5,77.5,0.0
58.5,77.5,0.0
59.5,77.5,0.0
60.5,77.5,0.0
61.5,77.5,0.0
62.5,77.5,0.0
63.5,77.5,0.0
64.5,77.5,0.0
65.5,77.5,0.0
66.5,77.5,0.0
67.5,77.5,0.0
68.5,77.5,0.0
69.5,77.5,0.0
70.5,77.5,0.0
71.5,77.5,0.0
72.5,77.5,0.0
73.5,77.5,0.0
74.5,77.5,0.0
75.5,77.5,0.0
76.5,77.5,0.0
77.5,77.5,0.0
78.5,77.5,0.0
79.5,77.5,0.0
80.5,77.5,0.0
81.5,77.5,0.0
82.5,77.5,0.0
83.5,77.5,0.0
84.5,77.5,0.0
85.5,77.5,0.0
86.5,77.5,0.0
87.5,77.5,0.0
88.5,77.5,0.0
89.5,77.5,0.0
90.5,77.5,0.0
91.5,77.5,0.0
92.5,77.5,0.0
93.5,77.5,0.0
94.5,77.5,0.0
95.5,77.5,0.0
96.5,77.5,0.0
97.5,77.5,0.0
98.5,77.5,0.0
99.5,77.5,0.0
100.5,77.5,0.0
101.5,77.5,0.0
102.5,77.5,0.0
103.5,77.5,0.0
104.5,77.5,0.0
105.5,77.5,0.0
106.5,77.5,0.0
107.5,77.5,0.0
108.5,77.5,0.0
109.5,77.5,0.0
110.5,77.5,0.0
111.5,77.5,0.0
112.5,77.5,0.0
113.5,77.5,0.0
114.5,77.5,0.0
115.5,77.5,0.0
116.5,77.5,0.0
117.5,77.5,0.0
118.5,77.5,0.0
119.5,77.5,0.0
120.5,77.5,0.0
121.5,77.5,0.0
122.5,77.5,0.0
123.5,77.5,0.0
124.5,77.5,0.0
125.5,77.5,0.0
126.5,77.5,0.0
127.5,77.5,0.0
128.5,77.5,0.0
129.5,77.5,0.0
130.5,77.5,0.0
131.5,77.5,0.0
132.5,77.5,0.0
133.5,77.5,0.0
134.5,77.5,0.0
135.5,77.5,0.0
136.5,77.5,0.0
137.5,77.5,0.0
138.5,77.5,0.0
139.5,77.5,0.0
140.5,77.5,0.0
141.5,77.5,0.0
142.5,77.5,0.0
143.5,77.5,0.0
144.5,77.5,0.0
145.5,77.5,0.0
146.5,77.5,0.0
147.5,77.5,0.0
148.5,77.5,0.0
149.5,77.5,0.0
150.5,77.5,0.0
151.5,77.5,0.0
152.5,77.5,0.0
153.5,77.5,0.0
154.5,77.5,0.0
155.5,77.5,0.0
156.5,77.5,0.0
157.5,77.5,0.0
158.5,77.5,0.0
159.5,77.5,0.0
160.5,77.5,0.0
161.5,77.5,0.0
162.5,77.5,0.0
163.5,77.5,0.0
164.5,77.5,0.0
165.5,77.5,0.0
166.5,77.5,0.0
167.5,77.5,0.0
168.5,77.5,0.0
169.5,77.5,0.0
170.5,77.5,0.0
171.5,77.5,0.0
172.5,77.5,0.0
173.5,77.5,0.0
174.5,77.5,0.0
175.5,77.5,0.0
176.5,77.5,0.0
177.5,77.5,0.0
178.5,77.5,0.0
179.5,77.5,0.0
180.5,77.5,0.0
181.5,77.5,0.0
182.5,77.5,0.0
183.5,77.5,0.0
184.5,77.5,0.0
185.5,77.5,0.0
186.5,77.5,0.0
187.5,77.5,0.0
188.5,77.5,0.0
189.5,77.5,0.0
190.5,77.5,0.0
191.5,77.5,0.0
192.5,77.5,0.0
193.5,77.5,0.0
194.5,77.5,0.0
195.5,77.5,0.0
196.5,77.5,0.0
197.5,77.5,0.0
198.5,77.5,0.0
199.5,77.5,0.0
0.5,78.5,0.0
1.5,78.5,0.0
2.5,78.5,0.0
3.5,78.5,0.0
4.5,78.5,0.0
5.5,78.5,0.0
6.5,78.5,0.0
7.5,78.5,0.0
8.5,78.5,0.0
9.5,78.5,0.0
10.5,78.5,0.0
11.5,78.5,0.0
12.5,78.5,0.0
13.5,78.5,0.0
14.5,78.5,0.0
15.5,78.5,0.0
16.5,78.5,0.0
17.5,78.5,0.0
18.5,78.5,0.0
19.5,78.5,0.0
20.5,78.5,0.0
21.5,78.5,0.0
22.5,78.5,0.0
23.5,78.5,0.0
24.5,78.5,0.0
25.5,78.5,0.0
26.5,78.5,0.0
27.5,78.5,0.0
28.5,78.5,0.0
29.5,78.5,0.0
30.5,78.5,0.0
31.5,78.5,0.0
32.5,78.5,0.0
33.5,78.5,0.0
34.5,78.5,0.0
35.5,78.5,0.0
36.5,78.5,0.0
37.5,78.5,0.0
38.5,78.5,0.0
39.5,78.5,0.0
40.5,78.5,0.0
41.5,78.5,0.0
42.5,78.5,0.0
43.5,78.5,0.0
44.5,78.5,0.0
45.5,78.5,0.0
46.5,78.5,0.0
47.5,78.5,0.0
48.5,78.5,0.0
49.5,78.5,0.0
50.5,78.5,0.0
51.5,78.5,0.0
52.5,78.5,0.0
53.5,78.5,0.0
54.5,78.5,0.0
55.5,78.5,0.0
56.5,78.5,0.0
57.5,78.5,0.0
58.5,78.5,0.0
59.5,78.5,0.0
60.5,78.5,0.0
61.5,78.5,0.0
62.5,78.5,0.0
63.5,78.5,0.0
64.5,78.5,0.0
65.5,78.5,0.0
66.5,78.5,0.0
67.5,78.5,0.0
68.5,78.5,0.0
69.5,78.5,0.0
70.5,78.5,0.0
71.5,78.5,0.0
72.5,78.5,0.0
73.5,78.5,0.0
74.5,78.5,0.0
75.5,78.5,0.0
76.5,78.5,0.0
77.5,78.5,0.0
78.5,78.5,0.0
79.5,78.5,0.0
80.5,78.5,0.0
81.5,78.5,0.0
82.5,78.5,0.0
83.5,78.5,0.0
84.5,78.5,0.0
85.5,78.5,0.0
86.5,78.5,0.0
87.5,78.5,0.0
88.5,78.5,0.0
89.5,78.5,0.0
90.5,78.5,0.0
91.5,78.5,0.0
92.5,78.5,0.0
93.5,78.5,0.0
94.5,78.5,0.0
95.5,78.5,0.0
96.5,78.5,0.0
97.5,78.5,0.0
98.5,78.5,0.0
99.5,78.5,0.0
100.5,78.5,0.0
101.5,78.5,0.0
102.5,78.5,0.0
103.5,78.5,0.0
104.5,78.5,0.0
105.5,78.5,0.0
106.5,78.5,0.0
107.5,78.5,0.0
108.5,78.5,0.0
109.5,78.5,0.0
110.5,78.5,0.0
111.5,78.5,0.0
112.5,78.5,0.0
113.5,78.5,0.0
114.5,78.5,0.0
115.5,78.5,0.0
116.5,78.5,0.0
117.5,78.5,0.0
118.5,78.5,0.0
119.5,78.5,0.0
120.5,78.5,0.0
121.5,78.5,0.0
122.5,78.5,0.0
123.5,78.5,0.0
124.5,78.5,0.0
125.5,78.5,0.0
126.5,78.5,0.0
127.5,78.5,0.0
128.5,78.5,0.0
129.5,78.5,0.0
130.5,78.5,0.0
131.5,78.5,0.0
132.5,78.5,0.0
133.5,78.5,0.0
134.5,78.5,0.0
135.5,78.5,0.0
136.5,78.5,0.0
137.5,78.5,0.0
138.5,78.5,0.0
139.5,78.5,0.0
140.5,78.5,0.0
141.5,78.5,0.0
142.5,78.5,0.0
143.5,78.5,0.0
144.5,78.5,0.0
145.5,78.5,0.0
146.5,78.5,0.0
147.5,78.5,0.0
148.5,78.5,0.0
149.5,78.5,0.0
150.5,78.5,0.0
151.5,78.5,0.0
152.5,78.5,0.0
153.5,78.5,0.0
154.5,78.5,0.0
155.5,78.5,0.0
156.5,78.5,0.0
157.5,78.5,0.0
158.5,78.5,0.0
159.5,78.5,0.0
160.5,78.5,0.0
161.5,78.5,0.0
162.5,78.5,0.0
163.5,78.5,0.0
164.5,78.5,0.0
165.5,78.5,0.0
166.5,78.5,0.0
167.5,78.5,0.0
168.5,78.5,0.0
169.5,78.5,0.0
170.5,78.5,0.0
171.5,78.5,0.0
172.5,78.5,0.0
173.5,78.5,0.0
174.5,78.5,0.0
175.5,78.5,0.0
176.5,78.5,0.0
177.5,78.5,0.0
178.5,78.5,0.0
179.5,78.5,0.0
180.5,78.5,0.0
181.5,78.5,0.0
182.5,78.5,0.0
183.5,78.5,0.0
184.5,78.5,0.0
185.5,78.5,0.0
186.5,78.5,0.0
187.5,78.5,0.0
188.5,78.5,0.0
189.5,78.5,0.0
190.5,78.5,0.0
191.5,78.5,0.0
192.5,78.5,0.0
193.5,78.5,0.0
194.5,78.5,0.0
195.5,78.5,0.0
196.5,78.5,0.0
197.5,78.5,0.0
198.5,78.5,0.0
199.5,78.5,0.0
0.5,79.5,0.0
1.5,79.5,0.0
2.5,79.5,0.0
3.5,79.5,0.0
4.5,79.5,0.0
5.5,79.5,0.0
6.5,79.5,0.0
7.5,79.5,0.0
8.5,79.5,0.0
9.5,79.5,0.0
10.5,79.5,0.0
11.5,79.5,0.0
12.5,79.5,0.0
13.5,79.5,0.0
14.5,79.5,0.0
15.5,79.5,0.0
16.5,79.5,0.0
17.5,79.5,0.0
18.5,79.5,0.0
19.5,79.5,0.0
20.5,79.5,0.0
21.5,79.5,0.0
22.5,79.5,0.0
23.5,79.5,0.0
24.5,79.5,0.0
25.5,79.5,0.0
26.5,79.5,0.0
27.5,79.5,0.0
28.5,79.5,0.0
29.5,79.5,0.0
30.5,79.5,0.0
31.5,79.5,0.0
32.5,79.5,0.0
33.5,79.5,0.0
34.5,79.5,0.0
35.5,79.5,0.0
36.5,79.5,0.0
37.5,79.5,0.0
38.5,79.5,0.0
39.5,79.5,0.0
40.5,79.5,0.0
41.5,79.5,0.0
42.5,79.5,0.0
43.5,79.5,0.0
44.5,79.5,0.0
45.5,79.5,0.0
46.5,79.5,0.0
47.5,79.5,0.0
48.5,79.5,0.0
49.5,79.5,0.0
50.5,79.5,0.0
51.5,79.5,0.0
52.5,79.5,0.0
53.5,79.5,0.0
54.5,79.5,0.0
55.5,79.5,0.0
56.5,79.5,0.0
57.5,79.5,0.0
58.5,79.5,0.0
59.5,79.5,0.0
60.5,79.5,0.0
61.5,79.5,0.0
62.5,79.5,0.0
63.5,79.5,0.0
64.5,79.5,0.0
65.5,79.5,0.0
66.5,79.5,0.0
67.5,79.5,0.0
68.5,79.5,0.0
69.5,79.5,0.0
70.5,79.5,0.0
71.5,79.5,0.0
72.5,79.5,0.0
73.5,79.5,0.0
74.5,79.5,0.0
75.5,79.5,0.0
76.5,79.5,0.0
77.5,79.5,0.0
78.5,79.5,0.0
79.5,79.5,0.0
80.5,79.5,0.0
81.5,79.5,0.0
82.5,79.5,0.0
83.5,79.5,0.0
84.5,79.5,0.0
85.5,79.5,0.0
86.5,79.5,0.0
87.5,79.5,0.0
88.5,79.5,0.0
89.5,79.5,0.0
90.5,79.5,0.0
91.5,79.5,0.0
92.5,79.5,0.0
93.5,79.5,0.0
94.5,79.5,0.0
95.5,79.5,0.0
96.5,79.5,0.0
97.5,79.5,0.0
98.5,79.5,0.0
99.5,79.5,0.0
100.5,79.5,0.0
101.5,79.5,0.0
102.5,79.5,0.0
103.5,79.5,0.0
104.5,79.5,0.0
105.5,79.5,0.0
106.5,79.5,0.0
107.5,79.5,0.0
108.5,79.5,0.0
109.5,79.5,0.0
110.5,79.5,0.0
111.5,79.5,0.0
112.5,79.5,0.0
113.5,79.5,0.0
114.5,79.5,0.0
115.5,79.5,0.0
116.5,79.5,0.0
117.5,79.5,0.0
118.5,79.5,0.0
119.5,79.5,0.0
120.5,79.5,0.0
121.5,79.5,0.0
122.5,79.5,0.0
123.5,79.5,0.0
124.5,79.5,0.0
125.5,79.5,0.0
126.5,79.5,0.0
127.5,79.5,0.0
128.5,79.5,0.0
129.5,79.5,0.0
130.5,79.5,0.0
131.5,79.5,0.0
132.5,79.5,0.0
133.5,79.5,0.0
134.5,79.5,0.0
135.5,79.5,0.0
136.5,79.5,0.0
137.5,79.5,0.0
138.5,79.5,0.0
139.5,79.5,0.0
140.5,79.5,0.0
141.5,79.5,0.0
142.5,79.5,0.0
143.5,79.5,0.0
144.5,79.5,0.0
145.5,79.5,0.0
146.5,79.5,0.0
147.5,79.5,0.0
148.5,79.5,0.0
149.5,79.5,0.0
150.5,79.5,0.0
151.5,79.5,0.0
152.5,79.5,0.0
153.5,79.5,0.0
154.5,79.5,0.0
155.5,79.5,0.0
156.5,79.5,0.0
157.5,79.5,0.0
158.5,79.5,0.0
159.5,79.5,0.0
160.5,79.5,0.0
161.5,79.5,0.0
162.5,79.5,0.0
163.5,79.5,0.0
164.5,79.5,0.0
165.5,79.5,0.0
166.5,79.5,0.0
167.5,79.5,0.0
168.5,79.5,0.0
169.5,79.5,0.0
170.5,79.5,0.0
171.5,79.5,0.0
172.5,79.5,0.0
173.5,79.5,0.0
174.5,79.5,0.0
175.5,79.5,0.0
176.5,79.5,0.0
177.5,79.5,0.0
178.5,79.5,0.0
179.5,79.5,0.0
180.5,79.5,0.0
181.5,79.5,0.0
182.5,79.5,0.0
183.5,79.5,0.0
184.5,79.5,0.0
185.5,79.5,0.0
186.5,79.5,0.0
187.5,79.5,0.0
188.5,79.5,0.0
189.5,79.5,0.0
190.5,79.5,0.0
191.5,79.5,0.0
192.5,79.5,0.0
193.5,79.5,0.0
194.5,79.5,0.0
195.5,79.5,0.0
196.5,79.5,0.0
197.5,79.5,0.0
198.5,79.5,0.0
199.5,79.5,0.0
0.5,80.5,0.0
1.5,80.5,0.0
2.5,80.5,0.0
3.5,80.5,0.0
4.5,80.5,0.0
5.5,80.5,0.0
6.5,80.5,0.0
7.5,80.5,0.0
8.5,80.5,0.0
9.5,80.5,0.0
10.5,80.5,0.0
11.5,80.5,0.0
12.5,80.5,0.0
13.5,80.5,0.0
14.5,80.5,0.0
15.5,80.5,0.0
16.5,80.5,0.0
17.5,80.5,0.0
18.5,80.5,0.0
19.5,80.5,0.0
20.5,80.5,0.0
21.5,80.5,0.0
22.5,80.5,0.0
23.5,80.5,0.0
24.5,80.5,0.0
25.5,80.5,0.0
26.5,80.5,0.0
27.5,80.5,0.0
28.5,80.5,0.0
29.5,80.5,0.0
30.5,80.5,0.0
31.5,80.5,0.0
32.5,80.5,0.0
33.5,80.5,0.0
34.5,80.5,0.0
35.5,80.5,0.0
36.5,80.5,0.0
37.5,80.5,0.0
38.5,80.5,0.0
39.5,80.5,0.0
40.5,80.5,0.0
41.5,80.5,0.0
42.5,80.5,0.0
43.5,80.5,0.0
44.5,80.5,0.0
45.5,80.5,0.0
46.5,80.5,0.0
47.5,80.5,0.0
48.5,80.5,0.0
49.5,80.5,0.0
50.5,80.5,0.0
51.5,80.5,0.0
52.5,80.5,0.0
53.5,80.5,0.0
54.5,80.5,0.0
55.5,80.5,0.0
56.5,80.5,0.0
57.5,80.5,0.0
58.5,80.5,0.0
59.5,80.5,0.0
60.5,80.5,0.0
61.5,80.5,0.0
62.5,80.5,0.0
63.5,80.5,0.0
64.5,80.5,0.0
65.5,80.5,0.0
66.5,80.5,0.0
67.5,80.5,0.0
68.5,80.5,0.0
69.5,80.5,0.0
70.5,80.5,0.0
71.5,80.5,0.0
72.5,80.5,0.0
73.5,80.5,0.0
74.5,80.5,0.0
75.5,80.5,0.0
76.5,80.5,0.0
77.5,80.5,0.0
78.5,80.5,0.0
79.5,80.5,0.0
80.5,80.5,0.0
81.5,80.5,0.0
82.5,80.5,0.0
83.5,80.5,0.0
84.5,80.5,0.0
85.5,80.5,0.0
86.5,80.5,0.0
87.5,80.5,0.0
88.5,80.5,0.0
89.5,80.5,0.0
90.5,80.5,0.0
91.5,80.5,0.0
92.5,80.5,0.0
93.5,80.5,0.0
94.5,80.5,0.0
95.5,80.5,0.0
96.5,80.5,0.0
97.5,80.5,0.0
98.5,80.5,0.0
99.5,80.5,0.0
100.5,80.5,0.0
101.5,80.5,0.0
102.5,80.5,0.0
103.5,80.5,0.0
104.5,80.5,0.0
105.5,80.5,0.0
106.5,80.5,0.0
107.5,80.5,0.0
108.5,80.5,0.0
109.5,80.5,0.0
110.5,80.5,0.0
111.5,80.5,0.0
112.5,80.5,0.0
113.5,80.5,0.0
114.5,80.5,0.0
115.5,80.5,0.0
116.5,80.5,0.0
117.5,80.5,0.0
118.5,80.5,0.0
119.5,80.5,0.0
120.5,80.5,0.0
121.5,80.5,0.0
122.5,80.5,0.0
123.5,80.5,0.0
124.5,80.5,0.0
125.5,80.5,0.0
126.5,80.5,0.0
127.5,80.5,0.0
128.5,80.5,0.0
129.5,80.5,0.0
130.5,80.5,0.0
131.5,80.5,0.0
132.5,80.5,0.0
133.5,80.5,0.0
134.5,80.5,0.0
135.5,80.5,0.0
136.5,80.5,0.0
137.5,80.5,0.0
138.5,80.5,0.0
139.5,80.5,0.0
140.5,80.5,0.0
141.5,80.5,0.0
142.5,80.5,0.0
143.5,80.5,0.0
144.5,80.5,0.0
145.5,80.5,0.0
146.5,80.5,0.0
147.5,80.5,0.0
148.5,80.5,0.0
149.5,80.5,0.0
150.5,80.5,0.0
151.5,80.5,0.0
152.5,80.5,0.0
153.5,80.5,0.0
154.5,80.5,0.0
155.5,80.5,0.0
156.5,80.5,0.0
157.5,80.5,0.0
158.5,80.5,0.0
159.5,80.5,0.0
160.5,80.5,0.0
161.5,80.5,0.0
162.5,80.5,0.0
163.5,80.5,0.0
164.5,80.5,0.0
165.5,80.5,0.0
166.5,80.5,0.0
167.5,80.5,0.0
168.5,80.5,0.0
169.5,80.5,0.0
170.5,80.5,0.0
171.5,80.5,0.0
172.5,80.5,0.0
173.5,80.5,0.0
174.5,80.5,0.0
175.5,80.5,0.0
176.5,80.5,0.0
177.5,80.5,0.0
178.5,80.5,0.0
179.5,80.5,0.0
180.5,80.5,0.0
181.5,80.5,0.0
182.5,80.5,0.0
183.5,80.5,0.0
184.5,80.5,0.0
185.5,80.5,0.0
186.5,80.5,0.0
187.5,80.5,0.0
188.5,80.5,0.0
189.5,80.5,0.0
190.5,80.5,0.0
191.5,80.5,0.0
192.5,80.5,0.0
193.5,80.5,0.0
194.5,80.5,0.0
195.5,80.5,0.0
196.5,80.5,0.0
197.5,80.5,0.0
198.5,80.5,0.0
199.5,80.5,0.0
0.5,81.5,0.0
1.5,81.5,0.0
2.5,81.5,0.0
3.5,81.5,0.0
4.5,81.5,0.0
5.5,81.5,0.0
6.5,81.5,0.0
7.5,81.5,0.0
8.5,81.5,0.0
9.5,81.5,0.0
10.5,81.5,0.0
11.5,81.5,0.0
12.5,81.5,0.0
13.5,81.5,0.0
14.5,81.5,0.0
15.5,81.5,0.0
16.5,81.5,0.0
17.5,81.5,0.0
18.5,81.5,0.0
19.5,81.5,0.0
20.5,81.5,0.0
21.5,81.5,0.0
22.5,81.5,0.0
23.5,81.5,0.0
24.5,81.5,0.0
25.5,81.5,0.0
26.5,81.5,0.0
27.5,81.5,0.0
28.5,81.5,0.0
29.5,81.5,0.0
30.5,81.5,0.0
31.5,81.5,0.0
32.5,81.5,0.0
33.5,81.5,0.0
34.5,81.5,0.0
35.5,81.5,0.0
36.5,81.5,0.0
37.5,81.5,0.0
38.5,81.5,0.0
39.5,81.5,0.0
40.5,81.5,0.0
41.5,81.5,0.0
42.5,81.5,0.0
43.5,81.5,0.0
44.5,81.5,0.0
45.5,81.5,0.0
46.5,81.5,0.0
47.5,81.5,0.0
48.5,81.5,0.0
49.5,81.5,0.0
50.5,81.5,0.0
51.5,81.5,0.0
52.5,81.5,0.0
53.5,81.5,0.0
54.5,81.5,0.0
55.5,81.5,0.0
56.5,81.5,0.0
57.5,81.5,0.0
58.5,81.5,0.0
59.5,81.5,0.0
60.5,81.5,0.0
61.5,81.5,0.0
62.5,81.5,0.0
63.5,81.5,0.0
64.5,81.5,0.0
65.5,81.5,0.0
66.5,81.5,0.0
67.5,81.5,0.0
68.5,81.5,0.0
69.5,81.5,0.0
70.5,81.5,0.0
71.5,81.5,0.0
72.5,81.5,0.0
73.5,81.5,0.0
74.5,81.5,0.0
75.5,81.5,0.0
76.5,81.5,0.0
77.5,81.5,0.0
78.5,81.5,0.0
79.5,81.5,0.0
80.5,81.5,0.0
81.5,81.5,0.0
82.5,81.5,0.0
83.5,81.5,0.0
84.5,81.5,0.0
85.5,81.5,0.0
86.5,81.5,0.0
87.5,81.5,0.0
88.5,81.5,0.0
89.5,81.5,0.0
90.5,81.5,0.0
91.5,81.5,0.0
92.5,81.5,0.0
93.5,81.5,0.0
94.5,81.5,0.0
95.5,81.5,0.0
96.5,81.5,0.0
97.5,81.5,0.0
98.5,81.5,0.0
99.5,81.5,0.0
100.5,81.5,0.0
101.5,81.5,0.0
102.5,81.5,0.0
103.5,81.5,0.0
104.5,81.5,0.0
105.5,81.5,0.0
106.5,81.5,0.0
107.5,81.5,0.0
108.5,81.5,0.0
109.5,81.5,0.0
110.5,81.5,0.0
111.5,81.5,0.0
112.5,81.5,0.0
113.5,81.5,0.0
114.5,81.5,0.0
115.5,81.5,0.0
116.5,81.5,0.0
117.5,81.5,0.0
118.5,81.5,0.0
119.5,81.5,0.0
120.5,81.5,0.0
121.5,81.5,0.0
122.5,81.5,0.0
123.5,81.5,0.0
124.5,81.5,0.0
125.5,81.5,0.0
126.5,81.5,0.0
127.5,81.5,0.0
128.5,81.5,0.0
129.5,81.5,0.0
130.5,81.5,0.0
131.5,81.5,0.0
132.5,81.5,0.0
133.5,81.5,0.0
134.5,81.5,0.0
135.5,81.5,0.0
136.5,81.5,0.0
137.5,81.5,0.0
138.5,81.5,0.0
139.5,81.5,0.0
140.5,81.5,0.0
141.5,81.5,0.0
142.5,81.5,0.0
143.5,81.5,0.0
144.5,81.5,0.0
145.5,81.5,0.0
146.5,81.5,0.0
147.5,81.5,0.0
148.5,81.5,0.0
149.5,81.5,0.0
150.5,81.5,0.0
151.5,81.5,0.0
152.5,81.5,0.0
153.5,81.5,0.0
154.5,81.5,0.0
155.5,81.5,0.0
156.5,81.5,0.0
157.5,81.5,0.0
158.5,81.5,0.0
159.5,81.5,0.0
160.5,81.5,0.0
161.5,81.5,0.0
162.5,81.5,0.0
163.5,81.5,0.0
164.5,81.5,0.0
165.5,81.5,0.0
166.5,81.5,0.0
167.5,81.5,0.0
168.5,81.5,0.0
169.5,81.5,0.0
170.5,81.5,0.0
171.5,81.5,0.0
172.5,81.5,0.0
173.5,81.5,0.0
174.5,81.5,0.0
175.5,81.5,0.0
176.5,81.5,0.0
177.5,81.5,0.0
178.5,81.5,0.0
179.5,81.5,0.0
180.5,81.5,0.0
181.5,81.5,0.0
182.5,81.5,0.0
183.5,81.5,0.0
184.5,81.5,0.0
185.5,81.5,0.0
186.5,81.5,0.0
187.5,81.5,0.0
188.5,81.5,0.0
189.5,81.5,0.0
190.5,81.5,0.0
191.5,81.5,0.0
192.5,81.5,0.0
193.5,81.5,0.0
194.5,81.5,0.0
195.5,81.5,0.0
196.5,81.5,0.0
197.5,81.5,0.0
198.5,81.5,0.0
199.5,81.5,0.0
0.5,82.5,0.0
1.5,82.5,0.0
2.5,82.5,0.0
3.5,82.5,0.0
4.5,82.5,0.0
5.5,82.5,0.0
6.5,82.5,0.0
7.5,82.5,0.0
8.5,82.5,0.0
9.5,82.5,0.0
10.5,82.5,0.0
11.5,82.5,0.0
12.5,82.5,0.0
13.5,82.5,0.0
14.5,82.5,0.0
15.5,82.5,0.0
16.5,82.5,0.0
17.5,82.5,0.0
18.5,82.5,0.0
19.5,82.5,0.0
20.5,82.5,0.0
21.5,82.5,0.0
22.5,82.5,0.0
23.5,82.5,0.0
24.5,82.5,0.0
25.5,82.5,0.0
26.5,82.5,0.0
27.5,82.5,0.0
28.5,82.5,0.0
29.5,82.5,0.0
30.5,82.5,0.0
31.5,82.5,0.0
32.5,82.5,0.0
33.5,82.5,0.0
34.5,82.5,0.0
35.5,82.5,0.0
36.5,82.5,0.0
37.5,82.5,0.0
38.5,82.5,0.0
39.5,82.5,0.0
40.5,82.5,0.0
41.5,82.5,0.0
42.5,82.5,0.0
43.5,82.5,0.0
44.5,82.5,0.0
45.5,82.5,0.0
46.5,82.5,0.0
47.5,82.5,0.0
48.5,82.5,0.0
49.5,82.5,0.0
50.5,82.5,0.0
51.5,82.5,0.0
52.5,82.5,0.0
53.5,82.5,0.0
54.5,82.5,0.0
55.5,82.5,0.0
56.5,82.5,0.0
57.5,82.5,0.0
58.5,82.5,0.0
59.5,82.5,0.0
60.5,82.5,0.0
61.5,82.5,0.0
62.5,82.5,0.0
63.5,82.5,0.0
64.5,82.5,0.0
65.5,82.5,0.0
66.5,82.5,0.0
67.5,82.5,0.0
68.5,82.5,0.0
69.5,82.5,0.0
70.5,82.5,0.0
71.5,82.5,0.0
72.5,82.5,0.0
73.5,82.5,0.0
74.5,82.5,0.0
75.5,82.5,0.0
76.5,82.5,0.0
77.5,82.5,0.0
78.5,82.5,0.0
79.5,82.5,0.0
80.5,82.5,0.0
81.5,82.5,0.0
82.5,82.5,0.0
83.5,82.5,0.0
84.5,82.5,0.0
85.5,82.5,0.0
86.5,82.5,0.0
87.5,82.5,0.0
88.5,82.5,0.0
89.5,82.5,0.0
90.5,82.5,0.0
91.5,82.5,0.0
92.5,82.5,0.0
93.5,82.5,0.0
94.5,82.5,0.0
95.5,82.5,0.0
96.5,82.5,0.0
97.5,82.5,0.0
98.5,82.5,0.0
99.5,82.5,0.0
100.5,82.5,0.0
101.5,82.5,0.0
102.5,82.5,0.0
103.5,82.5,0.0
104.5,82.5,0.0
105.5,82.5,0.0
106.5,82.5,0.0
107.5,82.5,0.0
108.5,82.5,0.0
109.5,82.5,0.0
110.5,82.5,0.0
111.5,82.5,0.0
112.5,82.5,0.0
113.5,82.5,0.0
114.5,82.5,0.0
115.5,82.5,0.0
116.5,82.5,0.0
117.5,82.5,0.0
118.5,82.5,0.0
119.5,82.5,0.0
120.5,82.5,0.0
121.5,82.5,0.0
122.5,82.5,0.0
123.5,82.5,0.0
124.5,82.5,0.0
125.5,82.5,0.0
126.5,82.5,0.0
127.5,82.5,0.0
128.5,82.5,0.0
129.5,82.5,0.0
130.5,82.5,0.0
131.5,82.5,0.0
132.5,82.5,0.0
133.5,82.5,0.0
134.5,82.5,0.0
135.5,82.5,0.0
136.5,82.5,0.0
137.5,82.5,0.0
138.5,82.5,0.0
139.5,82.5,0.0
140.5,82.5,0.0
141.5,82.5,0.0
142.5,82.5,0.0
143.5,82.5,0.0
144.5,82.5,0.0
145.5,82.5,0.0
146.5,82.5,0.0
147.5,82.5,0.0
148.5,82.5,0.0
149.5,82.5,0.0
150.5,82.5,0.0
151.5,82.5,0.0
152.5,82.5,0.0
153.5,82.5,0.0
154.5,82.5,0.0
155.5,82.5,0.0
156.5,82.5,0.0
157.5,82.5,0.0
158.5,82.5,0.0
159.5,82.5,0.0
160.5,82.5,0.0
161.5,82.5,0.0
162.5,82.5,0.0
163.5,82.5,0.0
164.5,82.5,0.0
165.5,82.5,0.0
166.5,82.5,0.0
167.5,82.5,0.0
168.5,82.5,0.0
169.5,82.5,0.0
170.5,82.5,0.0
171.5,82.5,0.0
172.5,82.5,0.0
173.5,82.5,0.0
174.5,82.5,0.0
175.5,82.5,0.0
176.5,82.5,0.0
177.5,82.5,0.0
178.5,82.5,0.0
179.5,82.5,0.0
180.5,82.5,0.0
181.5,82.5,0.0
182.5,82.5,0.0
183.5,82.5,0.0
184.5,82.5,0.0
185.5,82.5,0.0
186.5,82.5,0.0
187.5,82.5,0.0
188.5,82.5,0.0
189.5,82.5,0.0
190.5,82.5,0.0
191.5,82.5,0.0
192.5,82.5,0.0
193.5,82.5,0.0
194.5,82.5,0.0
195.5,82.5,0.0
196.5,82.5,0.0
197.5,82.5,0.0
198.5,82.5,0.0
199.5,82.5,0.0
0.5,83.5,0.0
1.5,83.5,0.0
2.5,83.5,0.0
3.5,83.5,0.0
4.5,83.5,0.0
5.5,83.5,0.0
6.5,83.5,0.0
7.5,83.5,0.0
8.5,83.5,0.0
9.5,83.5,0.0
10.5,83.5,0.0
11.5,83.5,0.0
12.5,83.5,0.0
13.5,83.5,0.0
14.5,83.5,0.0
15.5,83.5,0.0
16.5,83.5,0.0
17.5,83.5,0.0
18.5,83.5,0.0
19.5,83.5,0.0
20.5,83.5,0.0
21.5,83.5,0.0
22.5,83.5,0.0
23.5,83.5,0.0
24.5,83.5,0.0
25.5,83.5,0.0
26.5,83.5,0.0
27.5,83.5,0.0
28.5,83.5,0.0
29.5,83.5,0.0
30.5,83.5,0.0
31.5,83.5,0.0
32.5,83.5,0.0
33.5,83.5,0.0
34.5,83.5,0.0
35.5,83.5,0.0
36.5,83.5,0.0
37.5,83.5,0.0
38.5,83.5,0.0
39.5,83.5,0.0
40.5,83.5,0.0
41.5,83.5,0.0
42.5,83.5,0.0
43.5,83.5,0.0
44.5,83.5,0.0
45.5,83.5,0.0
46.5,83.5,0.0
47.5,83.5,0.0
48.5,83.5,0.0
49.5,83.5,0.0
50.5,83.5,0.0
51.5,83.5,0.0
52.5,83.5,0.0
53.5,83.5,0.0
54.5,83.5,0.0
55.5,83.5,0.0
56.5,83.5,0.0
57.5,83.5,0.0
58.5,83.5,0.0
59.5,83.5,0.0
60.5,83.5,0.0
61.5,83.5,0.0
62.5,83.5,0.0
63.5,83.5,0.0
64.5,83.5,0.0
65.5,83.5,0.0
66.5,83.5,0.0
67.5,83.5,0.0
68.5,83.5,0.0
69.5,83.5,0.0
70.5,83.5,0.0
71.5,83.5,0.0
72.5,83.5,0.0
73.5,83.5,0.0
74.5,83.5,0.0
75.5,83.5,0.0
76.5,83.5,0.0
77.5,83.5,0.0
78.5,83.5,0.0
79.5,83.5,0.0
80.5,83.5,0.0
81.5,83.5,0.0
82.5,83.5,0.0
83.5,83.5,0.0
84.5,83.5,0.0
85.5,83.5,0.0
86.5,83.5,0.0
87.5,83.5,0.0
88.5,83.5,0.0
89.5,83.5,0.0
90.5,83.5,0.0
91.5,83.5,0.0
92.5,83.5,0.0
93.5,83.5,0.0
94.5,83.5,0.0
95.5,83.5,0.0
96.5,83.5,0.0
97.5,83.5,0.0
98.5,83.5,0.0
99.5,83.5,0.0
100.5,83.5,0.0
101.5,83.5,0.0
102.5,83.5,0.0
103.5,83.5,0.0
104.5,83.5,0.0
105.5,83.5,0.0
106.5,83.5,0.0
107.5,83.5,0.0
108.5,83.5,0.0
109.5,83.5,0.0
110.5,83.5,0.0
111.5,83.5,0.0
112.5,83.5,0.0
113.5,83.5,0.0
114.5,83.5,0.0
115.5,83.5,0.0
116.5,83.5,0.0
117.5,83.5,0.0
118.5,83.5,0.0
119.5,83.5,0.0
120.5,83.5,0.0
121.5,83.5,0.0
122.5,83.5,0.0
123.5,83.5,0.0
124.5,83.5,0.0
125.5,83.5,0.0
126.5,83.5,0.0
127.5,83.5,0.0
128.5,83.5,0.0
129.5,83.5,0.0
130.5,83.5,0.0
131.5,83.5,0.0
132.5,83.5,0.0
133.5,83.5,0.0
134.5,83.5,0.0
135.5,83.5,0.0
136.5,83.5,0.0
137.5,83.5,0.0
138.5,83.5,0.0
139.5,83.5,0.0
140.5,83.5,0.0
141.5,83.5,0.0
142.5,83.5,0.0
143.5,83.5,0.0
144.5,83.5,0.0
145.5,83.5,0.0
146.5,83.5,0.0
147.5,83.5,0.0
148.5,83.5,0.0
149.5,83.5,0.0
150.5,83.5,0.0
151.5,83.5,0.0
152.5,83.5,0.0
153.5,83.5,0.0
154.5,83.5,0.0
155.5,83.5,0.0
156.5,83.5,0.0
157.5,83.5,0.0
158.5,83.5,0.0
159.5,83.5,0.0
160.5,83.5,0.0
161.5,83.5,0.0
162.5,83.5,0.0
163.5,83.5,0.0
164.5,83.5,0.0
165.5,83.5,0.0
166.5,83.5,0.0
167.5,83.5,0.0
168.5,83.5,0.0
169.5,83.5,0.0
170.5,83.5,0.0
171.5,83.5,0.0
172.5,83.5,0.0
173.5,83.5,0.0
174.5,83.5,0.0
175.5,83.5,0.0
176.5,83.5,0.0
177.5,83.5,0.0
178.5,83.5,0.0
179.5,83.5,0.0
180.5,83.5,0.0
181.5,83.5,0.0
182.5,83.5,0.0
183.5,83.5,0.0
184.5,83.5,0.0
185.5,83.5,0.0
186.5,83.5,0.0
187.5,83.5,0.0
188.5,83.5,0.0
189.5,83.5,0.0
190.5,83.5,0.0
191.5,83.5,0.0
192.5,83.5,0.0
193.5,83.5,0.0
194.5,83.5,0.0
195.5,83.5,0.0
196.5,83.5,0.0
197.5,83.5,0.0
198.5,83.5,0.0
199.5,83.5,0.0
0.5,84.5,0.0
1.5,84.5,0.0
2.5,84.5,0.0
3.5,84.5,0.0
4.5,84.5,0.0
5.5,84.5,0.0
6.5,84.5,0.0
7.5,84.5,0.0
8.5,84.5,0.0
9.5,84.5,0.0
10.5,84.5,0.0
11.5,84.5,0.0
12.5,84.5,0.0
13.5,84.5,0.0
14.5,84.5,0.0
15.5,84.5,0.0
16.5,84.5,0.0
17.5,84.5,0.0
18.5,84.5,0.0
19.5,84.5,0.0
20.5,84.5,0.0
21.5,84.5,0.0
22.5,84.5,0.0
23.5,84.5,0.0
24.5,84.5,0.0
25.5,84.5,0.0
26.5,84.5,0.0
27.5,84.5,0.0
28.5,84.5,0.0
29.5,84.5,0.0
30.5,84.5,0.0
31.5,84.5,0.0
32.5,84.5,0.0
33.5,84.5,0.0
34.5,84.5,0.0
35.5,84.5,0.0
36.5,84.5,0.0
37.5,84.5,0.0
38.5,84.5,0.0
39.5,84.5,0.0
40.5,84.5,0.0
41.5,84.5,0.0
42.5,84.5,0.0
43.5,84.5,0.0
44.5,84.5,0.0
45.5,84.5,0.0
46.5,84.5,0.0
47.5,84.5,0.0
48.5,84.5,0.0
49.5,84.5,0.0
50.5,84.5,0.0
51.5,84.5,0.0
52.5,84.5,0.0
53.5,84.5,0.0
54.5,84.5,0.0
55.5,84.5,0.0
56.5,84.5,0.0
57.5,84.5,0.0
58.5,84.5,0.0
59.5,84.5,0.0
60.5,84.5,0.0
61.5,84.5,0.0
62.5,84.5,0.0
63.5,84.5,0.0
64.5,84.5,0.0
65.5,84.5,0.0
66.5,84.5,0.0
67.5,84.5,0.0
68.5,84.5,0.0
69.5,84.5,0.0
70.5,84.5,0.0
71.5,84.5,0.0
72.5,84.5,0.0
73.5,84.5,0.0
74.5,84.5,0.0
75.5,84.5,0.0
76.5,84.5,0.0
77.5,84.5,0.0
78.5,84.5,0.0
79.5,84.5,0.0
80.5,84.5,0.0
81.5,84.5,0.0
82.5,84.5,0.0
83.5,84.5,0.0
84.5,84.5,0.0
85.5,84.5,0.0
86.5,84.5,0.0
87.5,84.5,0.0
88.5,84.5,0.0
89.5,84.5,0.0
90.5,84.5,0.0
91.5,84.5,0.0
92.5,84.5,0.0
93.5,84.5,0.0
94.5,84.5,0.0
95.5,84.5,0.0
96.5,84.5,0.0
97.5,84.5,0.0
98.5,84.5,0.0
99.5,84.5,0.0
100.5,84.5,0.0
101.5,84.5,0.0
102.5,84.5,0.0
103.5,84.5,0.0
104.5,84.5,0.0
105.5,84.5,0.0
106.5,84.5,0.0
107.5,84.5,0.0
108.5,84.5,0.0
109.5,84.5,0.0
110.5,84.5,0.0
111.5,84.5,0.0
112.5,84.5,0.0
113.5,84.5,0.0
114.5,84.5,0.0
115.5,84.5,0.0
116.5,84.5,0.0
117.5,84.5,0.0
118.5,84.5,0.0
119.5,84.5,0.0
120.5,84.5,0.0
121.5,84.5,0.0
122.5,84.5,0.0
123.5,84.5,0.0
124.5,84.5,0.0
125.5,84.5,0.0
126.5,84.5,0.0
127.5,84.5,0.0
128.5,84.5,0.0
129.5,84.5,0.0
130.5,84.5,0.0
131.5,84.5,0.0
132.5,84.5,0.0
133.5,84.5,0.0
134.5,84.5,0.0
135.5,84.5,0.0
136.5,84.5,0.0
137.5,84.5,0.0
138.5,84.5,0.0
139.5,84.5,0.0
140.5,84.5,0.0
141.5,84.5,0.0
142.5,84.5,0.0
143.5,84.5,0.0
144.5,84.5,0.0
145.5,84.5,0.0
146.5,84.5,0.0
147.5,84.5,0.0
148.5,84.5,0.0
149.5,84.5,0.0
150.5,84.5,0.0
151.5,84.5,0.0
152.5,84.5,0.0
153.5,84.5,0.0
154.5,84.5,0.0
155.5,84.5,0.0
156.5,84.5,0.0
157.5,84.5,0.0
158.5,84.5,0.0
159.5,84.5,0.0
160.5,84.5,0.0
161.5,84.5,0.0
162.5,84.5,0.0
163.5,84.5,0.0
164.5,84.5,0.0
165.5,84.5,0.0
166.5,84.5,0.0
167.5,84.5,0.0
168.5,84.5,0.0
169.5,84.5,0.0
170.5,84.5,0.0
171.5,84.5,0.0
172.5,84.5,0.0
173.5,84.5,0.0
174.5,84.5,0.0
175.5,84.5,0.0
176.5,84.5,0.0
177.5,84.5,0.0
178.5,84.5,0.0
179.5,84.5,0.0
180.5,84.5,0.0
181.5,84.5,0.0
182.5,84.5,0.0
183.5,84.5,0.0
184.5,84.5,0.0
185.5,84.5,0.0
186.5,84.5,0.0
187.5,84.5,0.0
188.5,84.5,0.0
189.5,84.5,0.0
190.5,84.5,0.0
191.5,84.5,0.0
192.5,84.5,0.0
193.5,84.5,0.0
194.5,84.5,0.0
195.5,84.5,0.0
196.5,84.5,0.0
197.5,84.5,0.0
198.5,84.5,0.0
199.5,84.5,0.0
0.5,85.5,0.0
1.5,85.5,0.0
2.5,85.5,0.0
3.5,85.5,0.0
4.5,85.5,0.0
5.5,85.5,0.0
6.5,85.5,0.0
7.5,85.5,0.0
8.5,85.5,0.0
9.5,85.5,0.0
10.5,85.5,0.0
11.5,85.5,0.0
12.5,85.5,0.0
13.5,85.5,0.0
14.5,85.5,0.0
15.5,85.5,0.0
16.5,85.5,0.0
17.5,85.5,0.0
18.5,85.5,0.0
19.5,85.5,0.0
20.5,85.5,0.0
21.5,85.5,0.0
22.5,85.5,0.0
23.5,85.5,0.0
24.5,85.5,0.0
25.5,85.5,0.0
26.5,85.5,0.0
27.5,85.5,0.0
28.5,85.5,0.0
29.5,85.5,0.0
30.5,85.5,0.0
31.5,85.5,0.0
32.5,85.5,0.0
33.5,85.5,0.0
34.5,85.5,0.0
35.5,85.5,0.0
36.5,85.5,0.0
37.5,85.5,0.0
38.5,85.5,0.0
39.5,85.5,0.0
40.5,85.5,0.0
41.5,85.5,0.0
42.5,85.5,0.0
43.5,85.5,0.0
44.5,85.5,0.0
45.5,85.5,0.0
46.5,85.5,0.0
47.5,85.5,0.0
48.5,85.5,0.0
49.5,85.5,0.0
50.5,85.5,0.0
51.5,85.5,0.0
52.5,85.5,0.0
53.5,85.5,0.0
54.5,85.5,0.0
55.5,85.5,0.0
56.5,85.5,0.0
57.5,85.5,0.0
58.5,85.5,0.0
59.5,85.5,0.0
60.5,85.5,0.0
61.5,85.5,0.0
62.5,85.5,0.0
63.5,85.5,0.0
64.5,85.5,0.0
65.5,85.5,0.0
66.5,85.5,0.0
67.5,85.5,0.0
68.5,85.5,0.0
69.5,85.5,0.0
70.5,85.5,0.0
71.5,85.5,0.0
72.5,85.5,0.0
73.5,85.5,0.0
74.5,85.5,0.0
75.5,85.5,0.0
76.5,85.5,0.0
77.5,85.5,0.0
78.5,85.5,0.0
79.5,85.5,0.0
80.5,85.5,0.0
81.5,85.5,0.0
82.5,85.5,0.0
83.5,85.5,0.0
84.5,85.5,0.0
85.5,85.5,0.0
86.5,85.5,0.0
87.5,85.5,0.0
88.5,85.5,0.0
89.5,85.5,0.0
90.5,85.5,0.0
91.5,85.5,0.0
92.5,85.5,0.0
93.5,85.5,0.0
94.5,85.5,0.0
95.5,85.5,0.0
96.5,85.5,0.0
97.5,85.5,0.0
98.5,85.5,0.0
99.5,85.5,0.0
100.5,85.5,0.0
101.5,85.5,0.0
102.5,85.5,0.0
103.5,85.5,0.0
104.5,85.5,0.0
105.5,85.5,0.0
106.5,85.5,0.0
107.5,85.5,0.0
108.5,85.5,0.0
109.5,85.5,0.0
110.5,85.5,0.0
111.5,85.5,0.0
112.5,85.5,0.0
113.5,85.5,0.0
114.5,85.5,0.0
115.5,85.5,0.0
116.5,85.5,0.0
117.5,85.5,0.0
118.5,85.5,0.0
119.5,85.5,0.0
120.5,85.5,0.0
121.5,85.5,0.0
122.5,85.5,0.0
123.5,85.5,0.0
124.5,85.5,0.0
125.5,85.5,0.0
126.5,85.5,0.0
127.5,85.5,0.0
128.5,85.5,0.0
129.5,85.5,0.0
130.5,85.5,0.0
131.5,85.5,0.0
132.5,85.5,0.0
133.5,85.5,0.0
134.5,85.5,0.0
135.5,85.5,0.0
136.5,85.5,0.0
137.5,85.5,0.0
138.5,85.5,0.0
139.5,85.5,0.0
140.5,85.5,0.0
141.5,85.5,0.0
142.5,85.5,0.0
143.5,85.5,0.0
144.5,85.5,0.0
145.5,85.5,0.0
146.5,85.5,0.0
147.5,85.5,0.0
148.5,85.5,0.0
149.5,85.5,0.0
150.5,85.5,0.0
151.5,85.5,0.0
152.5,85.5,0.0
153.5,85.5,0.0
154.5,85.5,0.0
155.5,85.5,0.0
156.5,85.5,0.0
157.5,85.5,0.0
158.5,85.5,0.0
159.5,85.5,0.0
160.5,85.5,0.0
161.5,85.5,0.0
162.5,85.5,0.0
163.5,85.5,0.0
164.5,85.5,0.0
165.5,85.5,0.0
166.5,85.5,0.0
167.5,85.5,0.0
168.5,85.5,0.0
169.5,85.5,0.0
170.5,85.5,0.0
171.5,85.5,0.0
172.5,85.5,0.0
173.5,85.5,0.0
174.5,85.5,0.0
175.5,85.5,0.0
176.5,85.5,0.0
177.5,85.5,0.0
178.5,85.5,0.0
179.5,85.5,0.0
180.5,85.5,0.0
181.5,85.5,0.0
182.5,85.5,0.0
183.5,85.5,0.0
184.5,85.5,0.0
185.5,85.5,0.0
186.5,85.5,0.0
187.5,85.5,0.0
188.5,85.5,0.0
189.5,85.5,0.0
190.5,85.5,0.0
191.5,85.5,0.0
192.5,85.5,0.0
193.5,85.5,0.0
194.5,85.5,0.0
195.5,85.5,0.0
196.5,85.5,0.0
197.5,85.5,0.0
198.5,85.5,0.0
199.5,85.5,0.0
0.5,86.5,0.0
1.5,86.5,0.0
2.5,86.5,0.0
3.5,86.5,0.0
4.5,86.5,0.0
5.5,86.5,0.0
6.5,86.5,0.0
7.5,86.5,0.0
8.5,86.5,0.0
9.5,86.5,0.0
10.5,86.5,0.0
11.5,86.5,0.0
12.5,86.5,0.0
13.5,86.5,0.0
14.5,86.5,0.0
15.5,86.5,0.0
16.5,86.5,0.0
17.5,86.5,0.0
18.5,86.5,0.0
19.5,86.5,0.0
20.5,86.5,0.0
21.5,86.5,0.0
22.5,86.5,0.0
23.5,86.5,0.0
24.5,86.5,0.0
25.5,86.5,0.0
26.5,86.5,0.0
27.5,86.5,0.0
28.5,86.5,0.0
29.5,86.5,0.0
30.5,86.5,0.0
31.5,86.5,0.0
32.5,86.5,0.0
33.5,86.5,0.0
34.5,86.5,0.0
35.5,86.5,0.0
36.5,86.5,0.0
37.5,86.5,0.0
38.5,86.5,0.0
39.5,86.5,0.0
40.5,86.5,0.0
41.5,86.5,0.0
42.5,86.5,0.0
43.5,86.5,0.0
44.5,86.5,0.0
45.5,86.5,0.0
46.5,86.5,0.0
47.5,86.5,0.0
48.5,86.5,0.0
49.5,86.5,0.0
50.5,86.5,0.0
51.5,86.5,0.0
52.5,86.5,0.0
53.5,86.5,0.0
54.5,86.5,0.0
55.5,86.5,0.0
56.5,86.5,0.0
57.5,86.5,0.0
58.5,86.5,0.0
59.5,86.5,0.0
60.5,86.5,0.0
61.5,86.5,0.0
62.5,86.5,0.0
63.5,86.5,0.0
64.5,86.5,0.0
65.5,86.5,0.0
66.5,86.5,0.0
67.5,86.5,0.0
68.5,86.5,0.0
69.5,86.5,0.0
70.5,86.5,0.0
71.5,86.5,0.0
72.5,86.5,0.0
73.5,86.5,0.0
74.5,86.5,0.0
75.5,86.5,0.0
76.5,86.5,0.0
77.5,86.5,0.0
78.5,86.5,0.0
79.5,86.5,0.0
80.5,86.5,0.0
81.5,86.5,0.0
82.5,86.5,0.0
83.5,86.5,0.0
84.5,86.5,0.0
85.5,86.5,0.0
86.5,86.5,0.0
87.5,86.5,0.0
88.5,86.5,0.0
89.5,86.5,0.0
90.5,86.5,0.0
91.5,86.5,0.0
92.5,86.5,0.0
93.5,86.5,0.0
94.5,86.5,0.0
95.5,86.5,0.0
96.5,86.5,0.0
97.5,86.5,0.0
98.5,86.5,0.0
99.5,86.5,0.0
100.5,86.5,0.0
101.5,86.5,0.0
102.5,86.5,0.0
103.5,86.5,0.0
104.5,86.5,0.0
105.5,86.5,0.0
106.5,86.5,0.0
107.5,86.5,0.0
108.5,86.5,0.0
109.5,86.5,0.0
110.5,86.5,0.0
111.5,86.5,0.0
112.5,86.5,0.0
113.5,86.5,0.0
114.5,86.5,0.0
115.5,86.5,0.0
116.5,86.5,0.0
117.5,86.5,0.0
118.5,86.5,0.0
119.5,86.5,0.0
120.5,86.5,0.0
121.5,86.5,0.0
122.5,86.5,0.0
123.5,86.5,0.0
124.5,86.5,0.0
125.5,86.5,0.0
126.5,86.5,0.0
127.5,86.5,0.0
128.5,86.5,0.0
129.5,86.5,0.0
130.5,86.5,0.0
131.5,86.5,0.0
132.5,86.5,0.0
133.5,86.5,0.0
134.5,86.5,0.0
135.5,86.5,0.0
136.5,86.5,0.0
137.5,86.5,0.0
138.5,86.5,0.0
139.5,86.5,0.0
140.5,86.5,0.0
141.5,86.5,0.0
142.5,86.5,0.0
143.5,86.5,0.0
144.5,86.5,0.0
145.5,86.5,0.0
146.5,86.5,0.0
147.5,86.5,0.0
148.5,86.5,0.0
149.5,86.5,0.0
150.5,86.5,0.0
151.5,86.5,0.0
152.5,86.5,0.0
153.5,86.5,0.0
154.5,86.5,0.0
155.5,86.5,0.0
156.5,86.5,0.0
157.5,86.5,0.0
158.5,86.5,0.0
159.5,86.5,0.0
160.5,86.5,0.0
161.5,86.5,0.0
162.5,86.5,0.0
163.5,86.5,0.0
164.5,86.5,0.0
165.5,86.5,0.0
166.5,86.5,0.0
167.5,86.5,0.0
168.5,86.5,0.0
169.5,86.5,0.0
170.5,86.5,0.0
171.5,86.5,0.0
172.5,86.5,0.0
173.5,86.5,0.0
174.5,86.5,0.0
175.5,86.5,0.0
176.5,86.5,0.0
177.5,86.5,0.0
178.5,86.5,0.0
179.5,86.5,0.0
180.5,86.5,0.0
181.5,86.5,0.0
182.5,86.5,0.0
183.5,86.5,0.0
184.5,86.5,0.0
185.5,86.5,0.0
186.5,86.5,0.0
187.5,86.5,0.0
188.5,86.5,0.0
189.5,86.5,0.0
190.5,86.5,0.0
191.5,86.5,0.0
192.5,86.5,0.0
193.5,86.5,0.0
194.5,86.5,0.0
195.5,86.5,0.0
196.5,86.5,0.0
197.5,86.5,0.0
198.5,86.5,0.0
199.5,86.5,0.0
0.5,87.5,0.0
1.5,87.5,0.0
2.5,87.5,0.0
3.5,87.5,0.0
4.5,87.5,0.0
5.5,87.5,0.0
6.5,87.5,0.0
7.5,87.5,0.0
8.5,87.5,0.0
9.5,87.5,0.0
10.5,87.5,0.0
11.5,87.5,0.0
12.5,87.5,0.0
13.5,87.5,0.0
14.5,87.5,0.0
15.5,87.5,0.0
16.5,87.5,0.0
17.5,87.5,0.0
18.5,87.5,0.0
19.5,87.5,0.0
20.5,87.5,0.0
21.5,87.5,0.0
22.5,87.5,0.0
23.5,87.5,0.0
24.5,87.5,0.0
25.5,87.5,0.0
26.5,87.5,0.0
27.5,87.5,0.0
28.5,87.5,0.0
29.5,87.5,0.0
30.5,87.5,0.0
31.5,87.5,0.0
32.5,87.5,0.0
33.5,87.5,0.0
34.5,87.5,0.0
35.5,87.5,0.0
36.5,87.5,0.0
37.5,87.5,0.0
38.5,87.5,0.0
39.5,87.5,0.0
40.5,87.5,0.0
41.5,87.5,0.0
42.5,87.5,0.0
43.5,87.5,0.0
44.5,87.5,0.0
45.5,87.5,0.0
46.5,87.5,0.0
47.5,87.5,0.0
48.5,87.5,0.0
49.5,87.5,0.0
50.5,87.5,0.0
51.5,87.5,0.0
52.5,87.5,0.0
53.5,87.5,0.0
54.5,87.5,0.0
55.5,87.5,0.0
56.5,87.5,0.0
57.5,87.5,0.0
58.5,87.5,0.0
59.5,87.5,0.0
60.5,87.5,0.0
61.5,87.5,0.0
62.5,87.5,0.0
63.5,87.5,0.0
64.5,87.5,0.0
65.5,87.5,0.0
66.5,87.5,0.0
67.5,87.5,0.0
68.5,87.5,0.0
69.5,87.5,0.0
70.5,87.5,0.0
71.5,87.5,0.0
72.5,87.5,0.0
73.5,87.5,0.0
74.5,87.5,0.0
75.5,87.5,0.0
76.5,87.5,0.0
77.5,87.5,0.0
78.5,87.5,0.0
79.5,87.5,0.0
80.5,87.5,0.0
81.5,87.5,0.0
82.5,87.5,0.0
83.5,87.5,0.0
84.5,87.5,0.0
85.5,87.5,0.0
86.5,87.5,0.0
87.5,87.5,0.0
88.5,87.5,0.0
89.5,87.5,0.0
90.5,87.5,0.0
91.5,87.5,0.0
92.5,87.5,0.0
93.5,87.5,0.0
94.5,87.5,0.0
95.5,87.5,0.0
96.5,87.5,0.0
97.5,87.5,0.0
98.5,87.5,0.0
99.5,87.5,0.0
100.5,87.5,0.0
101.5,87.5,0.0
102.5,87.5,0.0
103.5,87.5,0.0
104.5,87.5,0.0
105.5,87.5,0.0
106.5,87.5,0.0
107.5,87.5,0.0
108.5,87.5,0.0
109.5,87.5,0.0
110.5,87.5,0.0
111.5,87.5,0.0
112.5,87.5,0.0
113.5,87.5,0.0
114.5,87.5,0.0
115.5,87.5,0.0
116.5,87.5,0.0
117.5,87.5,0.0
118.5,87.5,0.0
119.5,87.5,0.0
120.5,87.5,0.0
121.5,87.5,0.0
122.5,87.5,0.0
123.5,87.5,0.0
124.5,87.5,0.0
125.5,87.5,0.0
126.5,87.5,0.0
127.5,87.5,0.0
128.5,87.5,0.0
129.5,87.5,0.0
130.5,87.5,0.0
131.5,87.5,0.0
132.5,87.5,0.0
133.5,87.5,0.0
134.5,87.5,0.0
135.5,87.5,0.0
136.5,87.5,0.0
137.5,87.5,0.0
138.5,87.5,0.0
139.5,87.5,0.0
140.5,87.5,0.0
141.5,87.5,0.0
142.5,87.5,0.0
143.5,87.5,0.0
144.5,87.5,0.0
145.5,87.5,0.0
146.5,87.5,0.0
147.5,87.5,0.0
148.5,87.5,0.0
149.5,87.5,0.0
150.5,87.5,0.0
151.5,87.5,0.0
152.5,87.5,0.0
153.5,87.5,0.0
154.5,87.5,0.0
155.5,87.5,0.0
156.5,87.5,0.0
157.5,87.5,0.0
158.5,87.5,0.0
159.5,87.5,0.0
160.5,87.5,0.0
161.5,87.5,0.0
162.5,87.5,0.0
163.5,87.5,0.0
164.5,87.5,0.0
165.5,87.5,0.0
166.5,87.5,0.0
167.5,87.5,0.0
168.5,87.5,0.0
169.5,87.5,0.0
170.5,87.5,0.0
171.5,87.5,0.0
172.5,87.5,0.0
173.5,87.5,0.0
174.5,87.5,0.0
175.5,87.5,0.0
176.5,87.5,0.0
177.5,87.5,0.0
178.5,87.5,0.0
179.5,87.5,0.0
180.5,87.5,0.0
181.5,87.5,0.0
182.5,87.5,0.0
183.5,87.5,0.0
184.5,87.5,0.0
185.5,87.5,0.0
186.5,87.5,0.0
187.5,87.5,0.0
188.5,87.5,0.0
189.5,87.5,0.0
190.5,87.5,0.0
191.5,87.5,0.0
192.5,87.5,0.0
193.5,87.5,0.0
194.5,87.5,0.0
195.5,87.5,0.0
196.5,87.5,0.0
197.5,87.5,0.0
198.5,87.5,0.0
199.5,87.5,0.0
0.5,88.5,0.0
1.5,88.5,0.0
2.5,88.5,0.0
3.5,88.5,0.0
4.5,88.5,0.0
5.5,88.5,0.0
6.5,88.5,0.0
7.5,88.5,0.0
8.5,88.5,0.0
9.5,88.5,0.0
10.5,88.5,0.0
11.5,88.5,0.0
12.5,88.5,0.0
13.5,88.5,0.0
14.5,88.5,0.0
15.5,88.5,0.0
16.5,88.5,0.0
17.5,88.5,0.0
18.5,88.5,0.0
19.5,88.5,0.0
20.5,88.5,0.0
21.5,88.5,0.0
22.5,88.5,0.0
23.5,88.5,0.0
24.5,88.5,0.0
25.5,88.5,0.0
26.5,88.5,0.0
27.5,88.5,0.0
28.5,88.5,0.0
29.5,88.5,0.0
30.5,88.5,0.0
31.5,88.5,0.0
32.5,88.5,0.0
33.5,88.5,0.0
34.5,88.5,0.0
35.5,88.5,0.0
36.5,88.5,0.0
37.5,88.5,0.0
38.5,88.5,0.0
39.5,88.5,0.0
40.5,88.5,0.0
41.5,88.5,0.0
42.5,88.5,0.0
43.5,88.5,0.0
44.5,88.5,0.0
45.5,88.5,0.0
46.5,88.5,0.0
47.5,88.5,0.0
48.5,88.5,0.0
49.5,88.5,0.0
50.5,88.5,0.0
51.5,88.5,0.0
52.5,88.5,0.0
53.5,88.5,0.0
54.5,88.5,0.0
55.5,88.5,0.0
56.5,88.5,0.0
57.5,88.5,0.0
58.5,88.5,0.0
59.5,88.5,0.0
60.5,88.5,0.0
61.5,88.5,0.0
62.5,88.5,0.0
63.5,88.5,0.0
64.5,88.5,0.0
65.5,88.5,0.0
66.5,88.5,0.0
67.5,88.5,0.0
68.5,88.5,0.0
69.5,88.5,0.0
70.5,88.5,0.0
71.5,88.5,0.0
72.5,88.5,0.0
73.5,88.5,0.0
74.5,88.5,0.0
75.5,88.5,0.0
76.5,88.5,0.0
77.5,88.5,0.0
78.5,88.5,0.0
79.5,88.5,0.0
80.5,88.5,0.0
81.5,88.5,0.0
82.5,88.5,0.0
83.5,88.5,0.0
84.5,88.5,0.0
85.5,88.5,0.0
86.5,88.5,0.0
87.5,88.5,0.0
88.5,88.5,0.0
89.5,88.5,0.0
90.5,88.5,0.0
91.5,88.5,0.0
92.5,88.5,0.0
93.5,88.5,0.0
94.5,88.5,0.0
95.5,88.5,0.0
96.5,88.5,0.0
97.5,88.5,0.0
98.5,88.5,0.0
99.5,88.5,0.0
100.5,88.5,0.0
101.5,88.5,0.0
102.5,88.5,0.0
103.5,88.5,0.0
104.5,88.5,0.0
105.5,88.5,0.0
106.5,88.5,0.0
107.5,88.5,0.0
108.5,88.5,0.0
109.5,88.5,0.0
110.5,88.5,0.0
111.5,88.5,0.0
112.5,88.5,0.0
113.5,88.5,0.0
114.5,88.5,0.0
115.5,88.5,0.0
116.5,88.5,0.0
117.5,88.5,0.0
118.5,88.5,0.0
119.5,88.5,0.0
120.5,88.5,0.0
121.5,88.5,0.0
122.5,88.5,0.0
123.5,88.5,0.0
124.5,88.5,0.0
125.5,88.5,0.0
126.5,88.5,0.0
127.5,88.5,0.0
128.5,88.5,0.0
129.5,88.5,0.0
130.5,88.5,0.0
131.5,88.5,0.0
132.5,88.5,0.0
133.5,88.5,0.0
134.5,88.5,0.0
135.5,88.5,0.0
136.5,88.5,0.0
137.5,88.5,0.0
138.5,88.5,0.0
139.5,88.5,0.0
140.5,88.5,0.0
141.5,88.5,0.0
142.5,88.5,0.0
143.5,88.5,0.0
144.5,88.5,0.0
145.5,88.5,0.0
146.5,88.5,0.0
147.5,88.5,0.0
148.5,88.5,0.0
149.5,88.5,0.0
150.5,88.5,0.0
151.5,88.5,0.0
152.5,88.5,0.0
153.5,88.5,0.0
154.5,88.5,0.0
155.5,88.5,0.0
156.5,88.5,0.0
157.5,88.5,0.0
158.5,88.5,0.0
159.5,88.5,0.0
160.5,88.5,0.0
161.5,88.5,0.0
162.5,88.5,0.0
163.5,88.5,0.0
164.5,88.5,0.0
165.5,88.5,0.0
166.5,88.5,0.0
167.5,88.5,0.0
168.5,88.5,0.0
169.5,88.5,0.0
170.5,88.5,0.0
171.5,88.5,0.0
172.5,88.5,0.0
173.5,88.5,0.0
174.5,88.5,0.0
175.5,88.5,0.0
176.5,88.5,0.0
177.5,88.5,0.0
178.5,88.5,0.0
179.5,88.5,0.0
180.5,88.5,0.0
181.5,88.5,0.0
182.5,88.5,0.0
183.5,88.5,0.0
184.5,88.5,0.0
185.5,88.5,0.0
186.5,88.5,0.0
187.5,88.5,0.0
188.5,88.5,0.0
189.5,88.5,0.0
190.5,88.5,0.0
191.5,88.5,0.0
192.5,88.5,0.0
193.5,88.5,0.0
194.5,88.5,0.0
195.5,88.5,0.0
196.5,88.5,0.0
197.5,88.5,0.0
198.5,88.5,0.0
199.5,88.5,0.0
0.5,89.5,0.0
1.5,89.5,0.0
2.5,89.5,0.0
3.5,89.5,0.0
4.5,89.5,0.0
5.5,89.5,0.0
6.5,89.5,0.0
7.5,89.5,0.0
8.5,89.5,0.0
9.5,89.5,0.0
10.5,89.5,0.0
11.5,89.5,0.0
12.5,89.5,0.0
13.5,89.5,0.0
14.5,89.5,0.0
15.5,89.5,0.0
16.5,89.5,0.0
17.5,89.5,0.0
18.5,89.5,0.0
19.5,89.5,0.0
20.5,89.5,0.0
21.5,89.5,0.0
22.5,89.5,0.0
23.5,89.5,0.0
24.5,89.5,0.0
25.5,89.5,0.0
26.5,89.5,0.0
27.5,89.5,0.0
28.5,89.5,0.0
29.5,89.5,0.0
30.5,89.5,0.0
31.5,89.5,0.0
32.5,89.5,0.0
33.5,89.5,0.0
34.5,89.5,0.0
35.5,89.5,0.0
36.5,89.5,0.0
37.5,89.5,0.0
38.5,89.5,0.0
39.5,89.5,0.0
40.5,89.5,0.0
41.5,89.5,0.0
42.5,89.5,0.0
43.5,89.5,0.0
44.5,89.5,0.0
45.5,89.5,0.0
46.5,89.5,0.0
47.5,89.5,0.0
48.5,89.5,0.0
49.5,89.5,0.0
50.5,89.5,0.0
51.5,89.5,0.0
52.5,89.5,0.0
53.5,89.5,0.0
54.5,89.5,0.0
55.5,89.5,0.0
56.5,89.5,0.0
57.5,89.5,0.0
58.5,89.5,0.0
59.5,89.5,0.0
60.5,89.5,0.0
61.5,89.5,0.0
62.5,89.5,0.0
63.5,89.5,0.0
64.5,89.5,0.0
65.5,89.5,0.0
66.5,89.5,0.0
67.5,89.5,0.0
68.5,89.5,0.0
69.5,89.5,0.0
70.5,89.5,0.0
71.5,89.5,0.0
72.5,89.5,0.0
73.5,89.5,0.0
74.5,89.5,0.0
75.5,89.5,0.0
76.5,89.5,0.0
77.5,89.5,0.0
78.5,89.5,0.0
79.5,89.5,0.0
80.5,89.5,0.0
81.5,89.5,0.0
82.5,89.5,0.0
83.5,89.5,0.0
84.5,89.5,0.0
85.5,89.5,0.0
86.5,89.5,0.0
87.5,89.5,0.0
88.5,89.5,0.0
89.5,89.5,0.0
90.5,89.5,0.0
91.5,89.5,0.0
92.5,89.5,0.0
93.5,89.5,0.0
94.5,89.5,0.0
95.5,89.5,0.0
96.5,89.5,0.0
97.5,89.5,0.0
98.5,89.5,0.0
99.5,89.5,0.0
100.5,89.5,0.0
101.5,89.5,0.0
102.5,89.5,0.0
103.5,89.5,0.0
104.5,89.5,0.0
105.5,89.5,0.0
106.5,89.5,0.0
107.5,89.5,0.0
108.5,89.5,0.0
109.5,89.5,0.0
110.5,89.5,0.0
111.5,89.5,0.0
112.5,89.5,0.0
113.5,89.5,0.0
114.5,89.5,0.0
115.5,89.5,0.0
116.5,89.5,0.0
117.5,89.5,0.0
118.5,89.5,0.0
119.5,89.5,0.0
120.5,89.5,0.0
121.5,89.5,0.0
122.5,89.5,0.0
123.5,89.5,0.0
124.5,89.5,0.0
125.5,89.5,0.0
126.5,89.5,0.0
127.5,89.5,0.0
128.5,89.5,0.0
129.5,89.5,0.0
130.5,89.5,0.0
131.5,89.5,0.0
132.5,89.5,0.0
133.5,89.5,0.0
134.5,89.5,0.0
135.5,89.5,0.0
136.5,89.5,0.0
137.5,89.5,0.0
138.5,89.5,0.0
139.5,89.5,0.0
140.5,89.5,0.0
141.5,89.5,0.0
142.5,89.5,0.0
143.5,89.5,0.0
144.5,89.5,0.0
145.5,89.5,0.0
146.5,89.5,0.0
147.5,89.5,0.0
148.5,89.5,0.0
149.5,89.5,0.0
150.5,89.5,0.0
151.5,89.5,0.0
152.5,89.5,0.0
153.5,89.5,0.0
154.5,89.5,0.0
155.5,89.5,0.0
156.5,89.5,0.0
157.5,89.5,0.0
158.5,89.5,0.0
159.5,89.5,0.0
160.5,89.5,0.0
161.5,89.5,0.0
162.5,89.5,0.0
163.5,89.5,0.0
164.5,89.5,0.0
165.5,89.5,0.0
166.5,89.5,0.0
167.5,89.5,0.0
168.5,89.5,0.0
169.5,89.5,0.0
170.5,89.5,0.0
171.5,89.5,0.0
172.5,89.5,0.0
173.5,89.5,0.0
174.5,89.5,0.0
175.5,89.5,0.0
176.5,89.5,0.0
177.5,89.5,0.0
178.5,89.5,0.0
179.5,89.5,0.0
180.5,89.5,0.0
181.5,89.5,0.0
182.5,89.5,0.0
183.5,89.5,0.0
184.5,89.5,0.0
185.5,89.5,0.0
186.5,89.5,0.0
187.5,89.5,0.0
188.5,89.5,0.0
189.5,89.5,0.0
190.5,89.5,0.0
191.5,89.5,0.0
192.5,89.5,0.0
193.5,89.5,0.0
194.5,89.5,0.0
195.5,89.5,0.0
196.5,89.5,0.0
197.5,89.5,0.0
198.5,89.5,0.0
199.5,89.5,0.0
0.5,90.5,0.0
1.5,90.5,0.0
2.5,90.5,0.0
3.5,90.5,0.0
4.5,90.5,0.0
5.5,90.5,0.0
6.5,90.5,0.0
7.5,90.5,0.0
8.5,90.5,0.0
9.5,90.5,0.0
10.5,90.5,0.0
11.5,90.5,0.0
12.5,90.5,0.0
13.5,90.5,0.0
14.5,90.5,0.0
15.5,90.5,0.0
16.5,90.5,0.0
17.5,90.5,0.0
18.5,90.5,0.0
19.5,90.5,0.0
20.5,90.5,0.0
21.5,90.5,0.0
22.5,90.5,0.0
23.5,90.5,0.0
24.5,90.5,0.0
25.5,90.5,0.0
26.5,90.5,0.0
27.5,90.5,0.0
28.5,90.5,0.0
29.5,90.5,0.0
30.5,90.5,0.0
31.5,90.5,0.0
32.5,90.5,0.0
33.5,90.5,0.0
34.5,90.5,0.0
35.5,90.5,0.0
36.5,90.5,0.0
37.5,90.5,0.0
38.5,90.5,0.0
39.5,90.5,0.0
40.5,90.5,0.0
41.5,90.5,0.0
42.5,90.5,0.0
43.5,90.5,0.0
44.5,90.5,0.0
45.5,90.5,0.0
46.5,90.5,0.0
47.5,90.5,0.0
48.5,90.5,0.0
49.5,90.5,0.0
50.5,90.5,0.0
51.5,90.5,0.0
52.5,90.5,0.0
53.5,90.5,0.0
54.5,90.5,0.0
55.5,90.5,0.0
56.5,90.5,0.0
57.5,90.5,0.0
58.5,90.5,0.0
59.5,90.5,0.0
60.5,90.5,0.0
61.5,90.5,0.0
62.5,90.5,0.0
63.5,90.5,0.0
64.5,90.5,0.0
65.5,90.5,0.0
66.5,90.5,0.0
67.5,90.5,0.0
68.5,90.5,0.0
69.5,90.5,0.0
70.5,90.5,0.0
71.5,90.5,0.0
72.5,90.5,0.0
73.5,90.5,0.0
74.5,90.5,0.0
75.5,90.5,0.0
76.5,90.5,0.0
77.5,90.5,0.0
78.5,90.5,0.0
79.5,90.5,0.0
80.5,90.5,0.0
81.5,90.5,0.0
82.5,90.5,0.0
83.5,90.5,0.0
84.5,90.5,0.0
85.5,90.5,0.0
86.5,90.5,0.0
87.5,90.5,0.0
88.5,90.5,0.0
89.5,90.5,0.0
90.5,90.5,0.0
91.5,90.5,0.0
92.5,90.5,0.0
93.5,90.5,0.0
94.5,90.5,0.0
95.5,90.5,0.0
96.5,90.5,0.0
97.5,90.5,0.0
98.5,90.5,0.0
99.5,90.5,0.0
100.5,90.5,0.0
101.5,90.5,0.0
102.5,90.5,0.0
103.5,90.5,0.0
104.5,90.5,0.0
105.5,90.5,0.0
106.5,90.5,0.0
107.5,90.5,0.0
108.5,90.5,0.0
109.5,90.5,0.0
110.5,90.5,0.0
111.5,90.5,0.0
112.5,90.5,0.0
113.5,90.5,0.0
114.5,90.5,0.0
115.5,90.5,0.0
116.5,90.5,0.0
117.5,90.5,0.0
118.5,90.5,0.0
119.5,90.5,0.0
120.5,90.5,0.0
121.5,90.5,0.0
122.5,90.5,0.0
123.5,90.5,0.0
124.5,90.5,0.0
125.5,90.5,0.0
126.5,90.5,0.0
127.5,90.5,0.0
128.5,90.5,0.0
129.5,90.5,0.0
130.5,90.5,0.0
131.5,90.5,0.0
132.5,90.5,0.0
133.5,90.5,0.0
134.5,90.5,0.0
135.5,90.5,0.0
136.5,90.5,0.0
137.5,90.5,0.0
138.5,90.5,0.0
139.5,90.5,0.0
140.5,90.5,0.0
141.5,90.5,0.0
142.5,90.5,0.0
143.5,90.5,0.0
144.5,90.5,0.0
145.5,90.5,0.0
146.5,90.5,0.0
147.5,90.5,0.0
148.5,90.5,0.0
149.5,90.5,0.0
150.5,90.5,0.0
151.5,90.5,0.0
152.5,90.5,0.0
153.5,90.5,0.0
154.5,90.5,0.0
155.5,90.5,0.0
156.5,90.5,0.0
157.5,90.5,0.0
158.5,90.5,0.0
159.5,90.5,0.0
160.5,90.5,0.0
161.5,90.5,0.0
162.5,90.5,0.0
163.5,90.5,0.0
164.5,90.5,0.0
165.5,90.5,0.0
166.5,90.5,0.0
167.5,90.5,0.0
168.5,90.5,0.0
169.5,90.5,0.0
170.5,90.5,0.0
171.5,90.5,0.0
172.5,90.5,0.0
173.5,90.5,0.0
174.5,90.5,0.0
175.5,90.5,0.0
176.5,90.5,0.0
177.5,90.5,0.0
178.5,90.5,0.0
179.5,90.5,0.0
180.5,90.5,0.0
181.5,90.5,0.0
182.5,90.5,0.0
183.5,90.5,0.0
184.5,90.5,0.0
185.5,90.5,0.0
186.5,90.5,0.0
187.5,90.5,0.0
188.5,90.5,0.0
189.5,90.5,0.0
190.5,90.5,0.0
191.5,90.5,0.0
192.5,90.5,0.0
193.5,90.5,0.0
194.5,90.5,0.0
195.5,90.5,0.0
196.5,90.5,0.0
197.5,90.5,0.0
198.5,90.5,0.0
199.5,90.5,0.0
0.5,91.5,0.0
1.5,91.5,0.0
2.5,91.5,0.0
3.5,91.5,0.0
4.5,91.5,0.0
5.5,91.5,0.0
6.5,91.5,0.0
7.5,91.5,0.0
8.5,91.5,0.0
9.5,91.5,0.0
10.5,91.5,0.0
11.5,91.5,0.0
12.5,91.5,0.0
13.5,91.5,0.0
14.5,91.5,0.0
15.5,91.5,0.0
16.5,91.5,0.0
17.5,91.5,0.0
18.5,91.5,0.0
19.5,91.5,0.0
20.5,91.5,0.0
21.5,91.5,0.0
22.5,91.5,0.0
23.5,91.5,0.0
24.5,91.5,0.0
25.5,91.5,0.0
26.5,91.5,0.0
27.5,91.5,0.0
28.5,91.5,0.0
29.5,91.5,0.0
30.5,91.5,0.0
31.5,91.5,0.0
32.5,91.5,0.0
33.5,91.5,0.0
34.5,91.5,0.0
35.5,91.5,0.0
36.5,91.5,0.0
37.5,91.5,0.0
38.5,91.5,0.0
39.5,91.5,0.0
40.5,91.5,0.0
41.5,91.5,0.0
42.5,91.5,0.0
43.5,91.5,0.0
44.5,91.5,0.0
45.5,91.5,0.0
46.5,91.5,0.0
47.5,91.5,0.0
48.5,91.5,0.0
49.5,91.5,0.0
50.5,91.5,0.0
51.5,91.5,0.0
52.5,91.5,0.0
53.5,91.5,0.0
54.5,91.5,0.0
55.5,91.5,0.0
56.5,91.5,0.0
57.5,91.5,0.0
58.5,91.5,0.0
59.5,91.5,0.0
60.5,91.5,0.0
61.5,91.5,0.0
62.5,91.5,0.0
63.5,91.5,0.0
64.5,91.5,0.0
65.5,91.5,0.0
66.5,91.5,0.0
67.5,91.5,0.0
68.5,91.5,0.0
69.5,91.5,0.0
70.5,91.5,0.0
71.5,91.5,0.0
72.5,91.5,0.0
73.5,91.5,0.0
74.5,91.5,0.0
75.5,91.5,0.0
76.5,91.5,0.0
77.5,91.5,0.0
78.5,91.5,0.0
79.5,91.5,0.0
80.5,91.5,0.0
81.5,91.5,0.0
82.5,91.5,0.0
83.5,91.5,0.0
84.5,91.5,0.0
85.5,91.5,0.0
86.5,91.5,0.0
87.5,91.5,0.0
88.5,91.5,0.0
89.5,91.5,0.0
90.5,91.5,0.0
91.5,91.5,0.0
92.5,91.5,0.0
93.5,91.5,0.0
94.5,91.5,0.0
95.5,91.5,0.0
96.5,91.5,0.0
97.5,91.5,0.0
98.5,91.5,0.0
99.5,91.5,0.0
100.5,91.5,0.0
101.5,91.5,0.0
102.5,91.5,0.0
103.5,91.5,0.0
104.5,91.5,0.0
105.5,91.5,0.0
106.5,91.5,0.0
107.5,91.5,0.0
108.5,91.5,0.0
109.5,91.5,0.0
110.5,91.5,0.0
111.5,91.5,0.0
112.5,91.5,0.0
113.5,91.5,0.0
114.5,91.5,0.0
115.5,91.5,0.0
116.5,91.5,0.0
117.5,91.5,0.0
118.5,91.5,0.0
119.5,91.5,0.0
120.5,91.5,0.0
121.5,91.5,0.0
122.5,91.5,0.0
123.5,91.5,0.0
124.5,91.5,0.0
125.5,91.5,0.0
126.5,91.5,0.0
127.5,91.5,0.0
128.5,91.5,0.0
129.5,91.5,0.0
130.5,91.5,0.0
131.5,91.5,0.0
132.5,91.5,0.0
133.5,91.5,0.0
134.5,91.5,0.0
135.5,91.5,0.0
136.5,91.5,0.0
137.5,91.5,0.0
138.5,91.5,0.0
139.5,91.5,0.0
140.5,91.5,0.0
141.5,91.5,0.0
142.5,91.5,0.0
143.5,91.5,0.0
144.5,91.5,0.0
145.5,91.5,0.0
146.5,91.5,0.0
147.5,91.5,0.0
148.5,91.5,0.0
149.5,91.5,0.0
150.5,91.5,0.0
151.5,91.5,0.0
152.5,91.5,0.0
153.5,91.5,0.0
154.5,91.5,0.0
155.5,91.5,0.0
156.5,91.5,0.0
157.5,91.5,0.0
158.5,91.5,0.0
159.5,91.5,0.0
160.5,91.5,0.0
161.5,91.5,0.0
162.5,91.5,0.0
163.5,91.5,0.0
164.5,91.5,0.0
165.5,91.5,0.0
166.5,91.5,0.0
167.5,91.5,0.0
168.5,91.5,0.0
169.5,91.5,0.0
170.5,91.5,0.0
171.5,91.5,0.0
172.5,91.5,0.0
173.5,91.5,0.0
174.5,91.5,0.0
175.5,91.5,0.0
176.5,91.5,0.0
177.5,91.5,0.0
178.5,91.5,0.0
179.5,91.5,0.0
180.5,91.5,0.0
181.5,91.5,0.0
182.5,91.5,0.0
183.5,91.5,0.0
184.5,91.5,0.0
185.5,91.5,0.0
186.5,91.5,0.0
187.5,91.5,0.0
188.5,91.5,0.0
189.5,91.5,0.0
190.5,91.5,0.0
191.5,91.5,0.0
192.5,91.5,0.0
193.5,91.5,0.0
194.5,91.5,0.0
195.5,91.5,0.0
196.5,91.5,0.0
197.5,91.5,0.0
198.5,91.5,0.0
199.5,91.5,0.0
0.5,92.5,0.0
1.5,92.5,0.0
2.5,92.5,0.0
3.5,92.5,0.0
4.5,92.5,0.0
5.5,92.5,0.0
6.5,92.5,0.0
7.5,92.5,0.0
8.5,92.5,0.0
9.5,92.5,0.0
10.5,92.5,0.0
11.5,92.5,0.0
12.5,92.5,0.0
13.5,92.5,0.0
14.5,92.5,0.0
15.5,92.5,0.0
16.5,92.5,0.0
17.5,92.5,0.0
18.5,92.5,0.0
19.5,92.5,0.0
20.5,92.5,0.0
21.5,92.5,0.0
22.5,92.5,0.0
23.5,92.5,0.0
24.5,92.5,0.0
25.5,92.5,0.0
26.5,92.5,0.0
27.5,92.5,0.0
28.5,92.5,0.0
29.5,92.5,0.0
30.5,92.5,0.0
31.5,92.5,0.0
32.5,92.5,0.0
33.5,92.5,0.0
34.5,92.5,0.0
35.5,92.5,0.0
36.5,92.5,0.0
37.5,92.5,0.0
38.5,92.5,0.0
39.5,92.5,0.0
40.5,92.5,0.0
41.5,92.5,0.0
42.5,92.5,0.0
43.5,92.5,0.0
44.5,92.5,0.0
45.5,92.5,0.0
46.5,92.5,0.0
47.5,92.5,0.0
48.5,92.5,0.0
49.5,92.5,0.0
50.5,92.5,0.0
51.5,92.5,0.0
52.5,92.5,0.0
53.5,92.5,0.0
54.5,92.5,0.0
55.5,92.5,0.0
56.5,92.5,0.0
57.5,92.5,0.0
58.5,92.5,0.0
59.5,92.5,0.0
60.5,92.5,0.0
61.5,92.5,0.0
62.5,92.5,0.0
63.5,92.5,0.0
64.5,92.5,0.0
65.5,92.5,0.0
66.5,92.5,0.0
67.5,92.5,0.0
68.5,92.5,0.0
69.5,92.5,0.0
70.5,92.5,0.0
71.5,92.5,0.0
72.5,92.5,0.0
73.5,92.5,0.0
74.5,92.5,0.0
75.5,92.5,0.0
76.5,92.5,0.0
77.5,92.5,0.0
78.5,92.5,0.0
79.5,92.5,0.0
80.5,92.5,0.0
81.5,92.5,0.0
82.5,92.5,0.0
83.5,92.5,0.0
84.5,92.5,0.0
85.5,92.5,0.0
86.5,92.5,0.0
87.5,92.5,0.0
88.5,92.5,0.0
89.5,92.5,0.0
90.5,92.5,0.0
91.5,92.5,0.0
92.5,92.5,0.0
93.5,92.5,0.0
94.5,92.5,0.0
95.5,92.5,0.0
96.5,92.5,0.0
97.5,92.5,0.0
98.5,92.5,0.0
99.5,92.5,0.0
100.5,92.5,0.0
101.5,92.5,0.0
102.5,92.5,0.0
103.5,92.5,0.0
104.5,92.5,0.0
105.5,92.5,0.0
106.5,92.5,0.0
107.5,92.5,0.0
108.5,92.5,0.0
109.5,92.5,0.0
110.5,92.5,0.0
111.5,92.5,0.0
112.5,92.5,0.0
113.5,92.5,0.0
114.5,92.5,0.0
115.5,92.5,0.0
116.5,92.5,0.0
117.5,92.5,0.0
118.5,92.5,0.0
119.5,92.5,0.0
120.5,92.5,0.0
121.5,92.5,0.0
122.5,92.5,0.0
123.5,92.5,0.0
124.5,92.5,0.0
125.5,92.5,0.0
126.5,92.5,0.0
127.5,92.5,0.0
128.5,92.5,0.0
129.5,92.5,0.0
130.5,92.5,0.0
131.5,92.5,0.0
132.5,92.5,0.0
133.5,92.5,0.0
134.5,92.5,0.0
135.5,92.5,0.0
136.5,92.5,0.0
137.5,92.5,0.0
138.5,92.5,0.0
139.5,92.5,0.0
140.5,92.5,0.0
141.5,92.5,0.0
142.5,92.5,0.0
143.5,92.5,0.0
144.5,92.5,0.0
145.5,92.5,0.0
146.5,92.5,0.0
147.5,92.5,0.0
148.5,92.5,0.0
149.5,92.5,0.0
150.5,92.5,0.0
151.5,92.5,0.0
152.5,92.5,0.0
153.5,92.5,0.0
154.5,92.5,0.0
155.5,92.5,0.0
156.5,92.5,0.0
157.5,92.5,0.0
158.5,92.5,0.0
159.5,92.5,0.0
160.5,92.5,0.0
161.5,92.5,0.0
162.5,92.5,0.0
163.5,92.5,0.0
164.5,92.5,0.0
165.5,92.5,0.0
166.5,92.5,0.0
167.5,92.5,0.0
168.5,92.5,0.0
169.5,92.5,0.0
170.5,92.5,0.0
171.5,92.5,0.0
172.5,92.5,0.0
173.5,92.5,0.0
174.5,92.5,0.0
175.5,92.5,0.0
176.5,92.5,0.0
177.5,92.5,0.0
178.5,92.5,0.0
179.5,92.5,0.0
180.5,92.5,0.0
181.5,92.5,0.0
182.5,92.5,0.0
183.5,92.5,0.0
184.5,92.5,0.0
185.5,92.5,0.0
186.5,92.5,0.0
187.5,92.5,0.0
188.5,92.5,0.0
189.5,92.5,0.0
190.5,92.5,0.0
191.5,92.5,0.0
192.5,92.5,0.0
193.5,92.5,0.0
194.5,92.5,0.0
195.5,92.5,0.0
196.5,92.5,0.0
197.5,92.5,0.0
198.5,92.5,0.0
199.5,92.5,0.0
0.5,93.5,0.0
1.5,93.5,0.0
2.5,93.5,0.0
3.5,93.5,0.0
4.5,93.5,0.0
5.5,93.5,0.0
6.5,93.5,0.0
7.5,93.5,0.0
8.5,93.5,0.0
9.5,93.5,0.0
10.5,93.5,0.0
11.5,93.5,0.0
12.5,93.5,0.0
13.5,93.5,0.0
14.5,93.5,0.0
15.5,93.5,0.0
16.5,93.5,0.0
17.5,93.5,0.0
18.5,93.5,0.0
19.5,93.5,0.0
20.5,93.5,0.0
21.5,93.5,0.0
22.5,93.5,0.0
23.5,93.5,0.0
24.5,93.5,0.0
25.5,93.5,0.0
26.5,93.5,0.0
27.5,93.5,0.0
28.5,93.5,0.0
29.5,93.5,0.0
30.5,93.5,0.0
31.5,93.5,0.0
32.5,93.5,0.0
33.5,93.5,0.0
34.5,93.5,0.0
35.5,93.5,0.0
36.5,93.5,0.0
37.5,93.5,0.0
38.5,93.5,0.0
39.5,93.5,0.0
40.5,93.5,0.0
41.5,93.5,0.0
42.5,93.5,0.0
43.5,93.5,0.0
44.5,93.5,0.0
45.5,93.5,0.0
46.5,93.5,0.0
47.5,93.5,0.0
48.5,93.5,0.0
49.5,93.5,0.0
50.5,93.5,0.0
51.5,93.5,0.0
52.5,93.5,0.0
53.5,93.5,0.0
54.5,93.5,0.0
55.5,93.5,0.0
56.5,93.5,0.0
57.5,93.5,0.0
58.5,93.5,0.0
59.5,93.5,0.0
60.5,93.5,0.0
61.5,93.5,0.0
62.5,93.5,0.0
63.5,93.5,0.0
64.5,93.5,0.0
65.5,93.5,0.0
66.5,93.5,0.0
67.5,93.5,0.0
68.5,93.5,0.0
69.5,93.5,0.0
70.5,93.5,0.0
71.5,93.5,0.0
72.5,93.5,0.0
73.5,93.5,0.0
74.5,93.5,0.0
75.5,93.5,0.0
76.5,93.5,0.0
77.5,93.5,0.0
78.5,93.5,0.0
79.5,93.5,0.0
80.5,93.5,0.0
81.5,93.5,0.0
82.5,93.5,0.0
83.5,93.5,0.0
84.5,93.5,0.0
85.5,93.5,0.0
86.5,93.5,0.0
87.5,93.5,0.0
88.5,93.5,0.0
89.5,93.5,0.0
90.5,93.5,0.0
91.5,93.5,0.0
92.5,93.5,0.0
93.5,93.5,0.0
94.5,93.5,0.0
95.5,93.5,0.0
96.5,93.5,0.0
97.5,93.5,0.0
98.5,93.5,0.0
99.5,93.5,0.0
100.5,93.5,0.0
101.5,93.5,0.0
102.5,93.5,0.0
103.5,93.5,0.0
104.5,93.5,0.0
105.5,93.5,0.0
106.5,93.5,0.0
107.5,93.5,0.0
108.5,93.5,0.0
109.5,93.5,0.0
110.5,93.5,0.0
111.5,93.5,0.0
112.5,93.5,0.0
113.5,93.5,0.0
114.5,93.5,0.0
115.5,93.5,0.0
116.5,93.5,0.0
117.5,93.5,0.0
118.5,93.5,0.0
119.5,93.5,0.0
120.5,93.5,0.0
121.5,93.5,0.0
122.5,93.5,0.0
123.5,93.5,0.0
124.5,93.5,0.0
125.5,93.5,0.0
126.5,93.5,0.0
127.5,93.5,0.0
128.5,93.5,0.0
129.5,93.5,0.0
130.5,93.5,0.0
131.5,93.5,0.0
132.5,93.5,0.0
133.5,93.5,0.0
134.5,93.5,0.0
135.5,93.5,0.0
136.5,93.5,0.0
137.5,93.5,0.0
138.5,93.5,0.0
139.5,93.5,0.0
140.5,93.5,0.0
141.5,93.5,0.0
142.5,93.5,0.0
143.5,93.5,0.0
144.5,93.5,0.0
145.5,93.5,0.0
146.5,93.5,0.0
147.5,93.5,0.0
148.5,93.5,0.0
149.5,93.5,0.0
150.5,93.5,0.0
151.5,93.5,0.0
152.5,93.5,0.0
153.5,93.5,0.0
154.5,93.5,0.0
155.5,93.5,0.0
156.5,93.5,0.0
157.5,93.5,0.0
158.5,93.5,0.0
159.5,93.5,0.0
160.5,93.5,0.0
161.5,93.5,0.0
162.5,93.5,0.0
163.5,93.5,0.0
164.5,93.5,0.0
165.5,93.5,0.0
166.5,93.5,0.0
167.5,93.5,0.0
168.5,93.5,0.0
169.5,93.5,0.0
170.5,93.5,0.0
171.5,93.5,0.0
172.5,93.5,0.0
173.5,93.5,0.0
174.5,93.5,0.0
175.5,93.5,0.0
176.5,93.5,0.0
177.5,93.5,0.0
178.5,93.5,0.0
179.5,93.5,0.0
180.5,93.5,0.0
181.5,93.5,0.0
182.5,93.5,0.0
183.5,93.5,0.0
184.5,93.5,0.0
185.5,93.5,0.0
186.5,93.5,0.0
187.5,93.5,0.0
188.5,93.5,0.0
189.5,93.5,0.0
190.5,93.5,0.0
191.5,93.5,0.0
192.5,93.5,0.0
193.5,93.5,0.0
194.5,93.5,0.0
195.5,93.5,0.0
196.5,93.5,0.0
197.5,93.5,0.0
198.5,93.5,0.0
199.5,93.5,0.0
0.5,94.5,0.0
1.5,94.5,0.0
2.5,94.5,0.0
3.5,94.5,0.0
4.5,94.5,0.0
5.5,94.5,0.0
6.5,94.5,0.0
7.5,94.5,0.0
8.5,94.5,0.0
9.5,94.5,0.0
10.5,94.5,0.0
11.5,94.5,0.0
12.5,94.5,0.0
13.5,94.5,0.0
14.5,94.5,0.0
15.5,94.5,0.0
16.5,94.5,0.0
17.5,94.5,0.0
18.5,94.5,0.0
19.5,94.5,0.0
20.5,94.5,0.0
21.5,94.5,0.0
22.5,94.5,0.0
23.5,94.5,0.0
24.5,94.5,0.0
25.5,94.5,0.0
26.5,94.5,0.0
27.5,94.5,0.0
28.5,94.5,0.0
29.5,94.5,0.0
30.5,94.5,0.0
31.5,94.5,0.0
32.5,94.5,0.0
33.5,94.5,0.0
34.5,94.5,0.0
35.5,94.5,0.0
36.5,94.5,0.0
37.5,94.5,0.0
38.5,94.5,0.0
39.5,94.5,0.0
40.5,94.5,0.0
41.5,94.5,0.0
42.5,94.5,0.0
43.5,94.5,0.0
44.5,94.5,0.0
45.5,94.5,0.0
46.5,94.5,0.0
47.5,94.5,0.0
48.5,94.5,0.0
49.5,94.5,0.0
50.5,94.5,0.0
51.5,94.5,0.0
52.5,94.5,0.0
53.5,94.5,0.0
54.5,94.5,0.0
55.5,94.5,0.0
56.5,94.5,0.0
57.5,94.5,0.0
58.5,94.5,0.0
59.5,94.5,0.0
60.5,94.5,0.0
61.5,94.5,0.0
62.5,94.5,0.0
63.5,94.5,0.0
64.5,94.5,0.0
65.5,94.5,0.0
66.5,94.5,0.0
67.5,94.5,0.0
68.5,94.5,0.0
69.5,94.5,0.0
70.5,94.5,0.0
71.5,94.5,0.0
72.5,94.5,0.0
73.5,94.5,0.0
74.5,94.5,0.0
75.5,94.5,0.0
76.5,94.5,0.0
77.5,94.5,0.0
78.5,94.5,0.0
79.5,94.5,0.0
80.5,94.5,0.0
81.5,94.5,0.0
82.5,94.5,0.0
83.5,94.5,0.0
84.5,94.5,0.0
85.5,94.5,0.0
86.5,94.5,0.0
87.5,94.5,0.0
88.5,94.5,0.0
89.5,94.5,0.0
90.5,94.5,0.0
91.5,94.5,0.0
92.5,94.5,0.0
93.5,94.5,0.0
94.5,94.5,0.0
95.5,94.5,0.0
96.5,94.5,0.0
97.5,94.5,0.0
98.5,94.5,0.0
99.5,94.5,0.0
100.5,94.5,0.0
101.5,94.5,0.0
102.5,94.5,0.0
103.5,94.5,0.0
104.5,94.5,0.0
105.5,94.5,0.0
106.5,94.5,0.0
107.5,94.5,0.0
108.5,94.5,0.0
109.5,94.5,0.0
110.5,94.5,0.0
111.5,94.5,0.0
112.5,94.5,0.0
113.5,94.5,0.0
114.5,94.5,0.0
115.5,94.5,0.0
116.5,94.5,0.0
117.5,94.5,0.0
118.5,94.5,0.0
119.5,94.5,0.0
120.5,94.5,0.0
121.5,94.5,0.0
122.5,94.5,0.0
123.5,94.5,0.0
124.5,94.5,0.0
125.5,94.5,0.0
126.5,94.5,0.0
127.5,94.5,0.0
128.5,94.5,0.0
129.5,94.5,0.0
130.5,94.5,0.0
131.5,94.5,0.0
132.5,94.5,0.0
133.5,94.5,0.0
134.5,94.5,0.0
135.5,94.5,0.0
136.5,94.5,0.0
137.5,94.5,0.0
138.5,94.5,0.0
139.5,94.5,0.0
140.5,94.5,0.0
141.5,94.5,0.0
142.5,94.5,0.0
143.5,94.5,0.0
144.5,94.5,0.0
145.5,94.5,0.0
146.5,94.5,0.0
147.5,94.5,0.0
148.5,94.5,0.0
149.5,94.5,0.0
150.5,94.5,0.0
151.5,94.5,0.0
152.5,94.5,0.0
153.5,94.5,0.0
154.5,94.5,0.0
155.5,94.5,0.0
156.5,94.5,0.0
157.5,94.5,0.0
158.5,94.5,0.0
159.5,94.5,0.0
160.5,94.5,0.0
161.5,94.5,0.0
162.5,94.5,0.0
163.5,94.5,0.0
164.5,94.5,0.0
165.5,94.5,0.0
166.5,94.5,0.0
167.5,94.5,0.0
168.5,94.5,0.0
169.5,94.5,0.0
170.5,94.5,0.0
171.5,94.5,0.0
172.5,94.5,0.0
173.5,94.5,0.0
174.5,94.5,0.0
175.5,94.5,0.0
176.5,94.5,0.0
177.5,94.5,0.0
178.5,94.5,0.0
179.5,94.5,0.0
180.5,94.5,0.0
181.5,94.5,0.0
182.5,94.5,0.0
183.5,94.5,0.0
184.5,94.5,0.0
185.5,94.5,0.0
186.5,94.5,0.0
187.5,94.5,0.0
188.5,94.5,0.0
189.5,94.5,0.0
190.5,94.5,0.0
191.5,94.5,0.0
192.5,94.5,0.0
193.5,94.5,0.0
194.5,94.5,0.0
195.5,94.5,0.0
196.5,94.5,0.0
197.5,94.5,0.0
198.5,94.5,0.0
199.5,94.5,0.0
0.5,95.5,0.0
1.5,95.5,0.0
2.5,95.5,0.0
3.5,95.5,0.0
4.5,95.5,0.0
5.5,95.5,0.0
6.5,95.5,0.0
7.5,95.5,0.0
8.5,95.5,0.0
9.5,95.5,0.0
10.5,95.5,0.0
11.5,95.5,0.0
12.5,95.5,0.0
13.5,95.5,0.0
14.5,95.5,0.0
15.5,95.5,0.0
16.5,95.5,0.0
17.5,95.5,0.0
18.5,95.5,0.0
19.5,95.5,0.0
20.5,95.5,0.0
21.5,95.5,0.0
22.5,95.5,0.0
23.5,95.5,0.0
24.5,95.5,0.0
25.5,95.5,0.0
26.5,95.5,0.0
27.5,95.5,0.0
28.5,95.5,0.0
29.5,95.5,0.0
30.5,95.5,0.0
31.5,95.5,0.0
32.5,95.5,0.0
33.5,95.5,0.0
34.5,95.5,0.0
35.5,95.5,0.0
36.5,95.5,0.0
37.5,95.5,0.0
38.5,95.5,0.0
39.5,95.5,0.0
40.5,95.5,0.0
41.5,95.5,0.0
42.5,95.5,0.0
43.5,95.5,0.0
44.5,95.5,0.0
45.5,95.5,0.0
46.5,95.5,0.0
47.5,95.5,0.0
48.5,95.5,0.0
49.5,95.5,0.0
50.5,95.5,0.0
51.5,95.5,0.0
52.5,95.5,0.0
53.5,95.5,0.0
54.5,95.5,0.0
55.5,95.5,0.0
56.5,95.5,0.0
57.5,95.5,0.0
58.5,95.5,0.0
59.5,95.5,0.0
60.5,95.5,0.0
61.5,95.5,0.0
62.5,95.5,0.0
63.5,95.5,0.0
64.5,95.5,0.0
65.5,95.5,0.0
66.5,95.5,0.0
67.5,95.5,0.0
68.5,95.5,0.0
69.5,95.5,0.0
70.5,95.5,0.0
71.5,95.5,0.0
72.5,95.5,0.0
73.5,95.5,0.0
74.5,95.5,0.0
75.5,95.5,0.0
76.5,95.5,0.0
77.5,95.5,0.0
78.5,95.5,0.0
79.5,95.5,0.0
80.5,95.5,0.0
81.5,95.5,0.0
82.5,95.5,0.0
83.5,95.5,0.0
84.5,95.5,0.0
85.5,95.5,0.0
86.5,95.5,0.0
87.5,95.5,0.0
88.5,95.5,0.0
89.5,95.5,0.0
90.5,95.5,0.0
91.5,95.5,0.0
92.5,95.5,0.0
93.5,95.5,0.0
94.5,95.5,0.0
95.5,95.5,0.0
96.5,95.5,0.0
97.5,95.5,0.0
98.5,95.5,0.0
99.5,95.5,0.0
100.5,95.5,0.0
101.5,95.5,0.0
102.5,95.5,0.0
103.5,95.5,0.0
104.5,95.5,0.0
105.5,95.5,0.0
106.5,95.5,0.0
107.5,95.5,0.0
108.5,95.5,0.0
109.5,95.5,0.0
110.5,95.5,0.0
111.5,95.5,0.0
112.5,95.5,0.0
113.5,95.5,0.0
114.5,95.5,0.0
115.5,95.5,0.0
116.5,95.5,0.0
117.5,95.5,0.0
118.5,95.5,0.0
119.5,95.5,0.0
120.5,95.5,0.0
121.5,95.5,0.0
122.5,95.5,0.0
123.5,95.5,0.0
124.5,95.5,0.0
125.5,95.5,0.0
126.5,95.5,0.0
127.5,95.5,0.0
128.5,95.5,0.0
129.5,95.5,0.0
130.5,95.5,0.0
131.5,95.5,0.0
132.5,95.5,0.0
133.5,95.5,0.0
134.5,95.5,0.0
135.5,95.5,0.0
136.5,95.5,0.0
137.5,95.5,0.0
138.5,95.5,0.0
139.5,95.5,0.0
140.5,95.5,0.0
141.5,95.5,0.0
142.5,95.5,0.0
143.5,95.5,0.0
144.5,95.5,0.0
145.5,95.5,0.0
146.5,95.5,0.0
147.5,95.5,0.0
148.5,95.5,0.0
149.5,95.5,0.0
150.5,95.5,0.0
151.5,95.5,0.0
152.5,95.5,0.0
153.5,95.5,0.0
154.5,95.5,0.0
155.5,95.5,0.0
156.5,95.5,0.0
157.5,95.5,0.0
158.5,95.5,0.0
159.5,95.5,0.0
160.5,95.5,0.0
161.5,95.5,0.0
162.5,95.5,0.0
163.5,95.5,0.0
164.5,95.5,0.0
165.5,95.5,0.0
166.5,95.5,0.0
167.5,95.5,0.0
168.5,95.5,0.0
169.5,95.5,0.0
170.5,95.5,0.0
171.5,95.5,0.0
172.5,95.5,0.0
173.5,95.5,0.0
174.5,95.5,0.0
175.5,95.5,0.0
176.5,95.5,0.0
177.5,95.5,0.0
178.5,95.5,0.0
179.5,95.5,0.0
180.5,95.5,0.0
181.5,95.5,0.0
182.5,95.5,0.0
183.5,95.5,0.0
184.5,95.5,0.0
185.5,95.5,0.0
186.5,95.5,0.0
187.5,95.5,0.0
188.5,95.5,0.0
189.5,95.5,0.0
190.5,95.5,0.0
191.5,95.5,0.0
192.5,95.5,0.0
193.5,95.5,0.0
194.5,95.5,0.0
195.5,95.5,0.0
196.5,95.5,0.0
197.5,95.5,0.0
198.5,95.5,0.0
199.5,95.5,0.0
0.5,96.5,0.0
1.5,96.5,0.0
2.5,96.5,0.0
3.5,96.5,0.0
4.5,96.5,0.0
5.5,96.5,0.0
6.5,96.5,0.0
7.5,96.5,0.0
8.5,96.5,0.0
9.5,96.5,0.0
10.5,96.5,0.0
11.5,96.5,0.0
12.5,96.5,0.0
13.5,96.5,0.0
14.5,96.5,0.0
15.5,96.5,0.0
16.5,96.5,0.0
17.5,96.5,0.0
18.5,96.5,0.0
19.5,96.5,0.0
20.5,96.5,0.0
21.5,96.5,0.0
22.5,96.5,0.0
23.5,96.5,0.0
24.5,96.5,0.0
25.5,96.5,0.0
26.5,96.5,0.0
27.5,96.5,0.0
28.5,96.5,0.0
29.5,96.5,0.0
30.5,96.5,0.0
31.5,96.5,0.0
32.5,96.5,0.0
33.5,96.5,0.0
34.5,96.5,0.0
35.5,96.5,0.0
36.5,96.5,0.0
37.5,96.5,0.0
38.5,96.5,0.0
39.5,96.5,0.0
40.5,96.5,0.0
41.5,96.5,0.0
42.5,96.5,0.0
43.5,96.5,0.0
44.5,96.5,0.0
45.5,96.5,0.0
46.5,96.5,0.0
47.5,96.5,0.0
48.5,96.5,0.0
49.5,96.5,0.0
50.5,96.5,0.0
51.5,96.5,0.0
52.5,96.5,0.0
53.5,96.5,0.0
54.5,96.5,0.0
55.5,96.5,0.0
56.5,96.5,0.0
57.5,96.5,0.0
58.5,96.5,0.0
59.5,96.5,0.0
60.5,96.5,0.0
61.5,96.5,0.0
62.5,96.5,0.0
63.5,96.5,0.0
64.5,96.5,0.0
65.5,96.5,0.0
66.5,96.5,0.0
67.5,96.5,0.0
68.5,96.5,0.0
69.5,96.5,0.0
70.5,96.5,0.0
71.5,96.5,0.0
72.5,96.5,0.0
73.5,96.5,0.0
74.5,96.5,0.0
75.5,96.5,0.0
76.5,96.5,0.0
77.5,96.5,0.0
78.5,96.5,0.0
79.5,96.5,0.0
80.5,96.5,0.0
81.5,96.5,0.0
82.5,96.5,0.0
83.5,96.5,0.0
84.5,96.5,0.0
85.5,96.5,0.0
86.5,96.5,0.0
87.5,96.5,0.0
88.5,96.5,0.0
89.5,96.5,0.0
90.5,96.5,0.0
91.5,96.5,0.0
92.5,96.5,0.0
93.5,96.5,0.0
94.5,96.5,0.0
95.5,96.5,0.0
96.5,96.5,0.0
97.5,96.5,0.0
98.5,96.5,0.0
99.5,96.5,0.0
100.5,96.5,0.0
101.5,96.5,0.0
102.5,96.5,0.0
103.5,96.5,0.0
104.5,96.5,0.0
105.5,96.5,0.0
106.5,96.5,0.0
107.5,96.5,0.0
108.5,96.5,0.0
109.5,96.5,0.0
110.5,96.5,0.0
111.5,96.5,0.0
112.5,96.5,0.0
113.5,96.5,0.0
114.5,96.5,0.0
115.5,96.5,0.0
116.5,96.5,0.0
117.5,96.5,0.0
118.5,96.5,0.0
119.5,96.5,0.0
120.5,96.5,0.0
121.5,96.5,0.0
122.5,96.5,0.0
123.5,96.5,0.0
124.5,96.5,0.0
125.5,96.5,0.0
126.5,96.5,0.0
127.5,96.5,0.0
128.5,96.5,0.0
129.5,96.5,0.0
130.5,96.5,0.0
131.5,96.5,0.0
132.5,96.5,0.0
133.5,96.5,0.0
134.5,96.5,0.0
135.5,96.5,0.0
136.5,96.5,0.0
137.5,96.5,0.0
138.5,96.5,0.0
139.5,96.5,0.0
140.5,96.5,0.0
141.5,96.5,0.0
142.5,96.5,0.0
143.5,96.5,0.0
144.5,96.5,0.0
145.5,96.5,0.0
146.5,96.5,0.0
147.5,96.5,0.0
148.5,96.5,0.0
149.5,96.5,0.0
150.5,96.5,0.0
151.5,96.5,0.0
152.5,96.5,0.0
153.5,96.5,0.0
154.5,96.5,0.0
155.5,96.5,0.0
156.5,96.5,0.0
157.5,96.5,0.0
158.5,96.5,0.0
159.5,96.5,0.0
160.5,96.5,0.0
161.5,96.5,0.0
162.5,96.5,0.0
163.5,96.5,0.0
164.5,96.5,0.0
165.5,96.5,0.0
166.5,96.5,0.0
167.5,96.5,0.0
168.5,96.5,0.0
169.5,96.5,0.0
170.5,96.5,0.0
171.5,96.5,0.0
172.5,96.5,0.0
173.5,96.5,0.0
174.5,96.5,0.0
175.5,96.5,0.0
176.5,96.5,0.0
177.5,96.5,0.0
178.5,96.5,0.0
179.5,96.5,0.0
180.5,96.5,0.0
181.5,96.5,0.0
182.5,96.5,0.0
183.5,96.5,0.0
184.5,96.5,0.0
185.5,96.5,0.0
186.5,96.5,0.0
187.5,96.5,0.0
188.5,96.5,0.0
189.5,96.5,0.0
190.5,96.5,0.0
191.5,96.5,0.0
192.5,96.5,0.0
193.5,96.5,0.0
194.5,96.5,0.0
195.5,96.5,0.0
196.5,96.5,0.0
197.5,96.5,0.0
198.5,96.5,0.0
199.5,96.5,0.0
0.5,97.5,0.0
1.5,97.5,0.0
2.5,97.5,0.0
3.5,97.5,0.0
4.5,97.5,0.0
5.5,97.5,0.0
6.5,97.5,0.0
7.5,97.5,0.0
8.5,97.5,0.0
9.5,97.5,0.0
10.5,97.5,0.0
11.5,97.5,0.0
12.5,97.5,0.0
13.5,97.5,0.0
14.5,97.5,0.0
15.5,97.5,0.0
16.5,97.5,0.0
17.5,97.5,0.0
18.5,97.5,0.0
19.5,97.5,0.0
20.5,97.5,0.0
21.5,97.5,0.0
22.5,97.5,0.0
23.5,97.5,0.0
24.5,97.5,0.0
25.5,97.5,0.0
26.5,97.5,0.0
27.5,97.5,0.0
28.5,97.5,0.0
29.5,97.5,0.0
30.5,97.5,0.0
31.5,97.5,0.0
32.5,97.5,0.0
33.5,97.5,0.0
34.5,97.5,0.0
35.5,97.5,0.0
36.5,97.5,0.0
37.5,97.5,0.0
38.5,97.5,0.0
39.5,97.5,0.0
40.5,97.5,0.0
41.5,97.5,0.0
42.5,97.5,0.0
43.5,97.5,0.0
44.5,97.5,0.0
45.5,97.5,0.0
46.5,97.5,0.0
47.5,97.5,0.0
48.5,97.5,0.0
49.5,97.5,0.0
50.5,97.5,0.0
51.5,97.5,0.0
52.5,97.5,0.0
53.5,97.5,0.0
54.5,97.5,0.0
55.5,97.5,0.0
56.5,97.5,0.0
57.5,97.5,0.0
58.5,97.5,0.0
59.5,97.5,0.0
60.5,97.5,0.0
61.5,97.5,0.0
62.5,97.5,0.0
63.5,97.5,0.0
64.5,97.5,0.0
65.5,97.5,0.0
66.5,97.5,0.0
67.5,97.5,0.0
68.5,97.5,0.0
69.5,97.5,0.0
70.5,97.5,0.0
71.5,97.5,0.0
72.5,97.5,0.0
73.5,97.5,0.0
74.5,97.5,0.0
75.5,97.5,0.0
76.5,97.5,0.0
77.5,97.5,0.0
78.5,97.5,0.0
79.5,97.5,0.0
80.5,97.5,0.0
81.5,97.5,0.0
82.5,97.5,0.0
83.5,97.5,0.0
84.5,97.5,0.0
85.5,97.5,0.0
86.5,97.5,0.0
87.5,97.5,0.0
88.5,97.5,0.0
89.5,97.5,0.0
90.5,97.5,0.0
91.5,97.5,0.0
92.5,97.5,0.0
93.5,97.5,0.0
94.5,97.5,0.0
95.5,97.5,0.0
96.5,97.5,0.0
97.5,97.5,0.0
98.5,97.5,0.0
99.5,97.5,0.0
100.5,97.5,0.0
101.5,97.5,0.0
102.5,97.5,0.0
103.5,97.5,0.0
104.5,97.5,0.0
105.5,97.5,0.0
106.5,97.5,0.0
107.5,97.5,0.0
108.5,97.5,0.0
109.5,97.5,0.0
110.5,97.5,0.0
111.5,97.5,0.0
112.5,97.5,0.0
113.5,97.5,0.0
114.5,97.5,0.0
115.5,97.5,0.0
116.5,97.5,0.0
117.5,97.5,0.0
118.5,97.5,0.0
119.5,97.5,0.0
120.5,97.5,0.0
121.5,97.5,0.0
122.5,97.5,0.0
123.5,97.5,0.0
124.5,97.5,0.0
125.5,97.5,0.0
126.5,97.5,0.0
127.5,97.5,0.0
128.5,97.5,0.0
129.5,97.5,0.0
130.5,97.5,0.0
131.5,97.5,0.0
132.5,97.5,0.0
133.5,97.5,0.0
134.5,97.5,0.0
135.5,97.5,0.0
136.5,97.5,0.0
137.5,97.5,0.0
138.5,97.5,0.0
139.5,97.5,0.0
140.5,97.5,0.0
141.5,97.5,0.0
142.5,97.5,0.0
143.5,97.5,0.0
144.5,97.5,0.0
145.5,97.5,0.0
146.5,97.5,0.0
147.5,97.5,0.0
148.5,97.5,0.0
149.5,97.5,0.0
150.5,97.5,0.0
151.5,97.5,0.0
152.5,97.5,0.0
153.5,97.5,0.0
154.5,97.5,0.0
155.5,97.5,0.0
156.5,97.5,0.0
157.5,97.5,0.0
158.5,97.5,0.0
159.5,97.5,0.0
160.5,97.5,0.0
161.5,97.5,0.0
162.5,97.5,0.0
163.5,97.5,0.0
164.5,97.5,0.0
165.5,97.5,0.0
166.5,97.5,0.0
167.5,97.5,0.0
168.5,97.5,0.0
169.5,97.5,0.0
170.5,97.5,0.0
171.5,97.5,0.0
172.5,97.5,0.0
173.5,97.5,0.0
174.5,97.5,0.0
175.5,97.5,0.0
176.5,97.5,0.0
177.5,97.5,0.0
178.5,97.5,0.0
179.5,97.5,0.0
180.5,97.5,0.0
181.5,97.5,0.0
182.5,97.5,0.0
183.5,97.5,0.0
184.5,97.5,0.0
185.5,97.5,0.0
186.5,97.5,0.0
187.5,97.5,0.0
188.5,97.5,0.0
189.5,97.5,0.0
190.5,97.5,0.0
191.5,97.5,0.0
192.5,97.5,0.0
193.5,97.5,0.0
194.5,97.5,0.0
195.5,97.5,0.0
196.5,97.5,0.0
197.5,97.5,0.0
198.5,97.5,0.0
199.5,97.5,0.0
0.5,98.5,0.0
1.5,98.5,0.0
2.5,98.5,0.0
3.5,98.5,0.0
4.5,98.5,0.0
5.5,98.5,0.0
6.5,98.5,0.0
7.5,98.5,0.0
8.5,98.5,0.0
9.5,98.5,0.0
10.5,98.5,0.0
11.5,98.5,0.0
12.5,98.5,0.0
13.5,98.5,0.0
14.5,98.5,0.0
15.5,98.5,0.0
16.5,98.5,0.0
17.5,98.5,0.0
18.5,98.5,0.0
19.5,98.5,0.0
20.5,98.5,0.0
21.5,98.5,0.0
22.5,98.5,0.0
23.5,98.5,0.0
24.5,98.5,0.0
25.5,98.5,0.0
26.5,98.5,0.0
27.5,98.5,0.0
28.5,98.5,0.0
29.5,98.5,0.0
30.5,98.5,0.0
31.5,98.5,0.0
32.5,98.5,0.0
33.5,98.5,0.0
34.5,98.5,0.0
35.5,98.5,0.0
36.5,98.5,0.0
37.5,98.5,0.0
38.5,98.5,0.0
39.5,98.5,0.0
40.5,98.5,0.0
41.5,98.5,0.0
42.5,98.5,0.0
43.5,98.5,0.0
44.5,98.5,0.0
45.5,98.5,0.0
46.5,98.5,0.0
47.5,98.5,0.0
48.5,98.5,0.0
49.5,98.5,0.0
50.5,98.5,0.0
51.5,98.5,0.0
52.5,98.5,0.0
53.5,98.5,0.0
54.5,98.5,0.0
55.5,98.5,0.0
56.5,98.5,0.0
57.5,98.5,0.0
58.5,98.5,0.0
59.5,98.5,0.0
60.5,98.5,0.0
61.5,98.5,0.0
62.5,98.5,0.0
63.5,98.5,0.0
64.5,98.5,0.0
65.5,98.5,0.0
66.5,98.5,0.0
67.5,98.5,0.0
68.5,98.5,0.0
69.5,98.5,0.0
70.5,98.5,0.0
71.5,98.5,0.0
72.5,98.5,0.0
73.5,98.5,0.0
74.5,98.5,0.0
75.5,98.5,0.0
76.5,98.5,0.0
77.5,98.5,0.0
78.5,98.5,0.0
79.5,98.5,0.0
80.5,98.5,0.0
81.5,98.5,0.0
82.5,98.5,0.0
83.5,98.5,0.0
84.5,98.5,0.0
85.5,98.5,0.0
86.5,98.5,0.0
87.5,98.5,0.0
88.5,98.5,0.0
89.5,98.5,0.0
90.5,98.5,0.0
91.5,98.5,0.0
92.5,98.5,0.0
93.5,98.5,0.0
94.5,98.5,0.0
95.5,98.5,0.0
96.5,98.5,0.0
97.5,98.5,0.0
98.5,98.5,0.0
99.5,98.5,0.0
100.5,98.5,0.0
101.5,98.5,0.0
102.5,98.5,0.0
103.5,98.5,0.0
104.5,98.5,0.0
105.5,98.5,0.0
106.5,98.5,0.0
107.5,98.5,0.0
108.5,98.5,0.0
109.5,98.5,0.0
110.5,98.5,0.0
111.5,98.5,0.0
112.5,98.5,0.0
113.5,98.5,0.0
114.5,98.5,0.0
115.5,98.5,0.0
116.5,98.5,0.0
117.5,98.5,0.0
118.5,98.5,0.0
119.5,98.5,0.0
120.5,98.5,0.0
121.5,98.5,0.0
122.5,98.5,0.0
123.5,98.5,0.0
124.5,98.5,0.0
125.5,98.5,0.0
126.5,98.5,0.0
127.5,98.5,0.0
128.5,98.5,0.0
129.5,98.5,0.0
130.5,98.5,0.0
131.5,98.5,0.0
132.5,98.5,0.0
133.5,98.5,0.0
134.5,98.5,0.0
135.5,98.5,0.0
136.5,98.5,0.0
137.5,98.5,0.0
138.5,98.5,0.0
139.5,98.5,0.0
140.5,98.5,0.0
141.5,98.5,0.0
142.5,98.5,0.0
143.5,98.5,0.0
144.5,98.5,0.0
145.5,98.5,0.0
146.5,98.5,0.0
147.5,98.5,0.0
148.5,98.5,0.0
149.5,98.5,0.0
150.5,98.5,0.0
151.5,98.5,0.0
152.5,98.5,0.0
153.5,98.5,0.0
154.5,98.5,0.0
155.5,98.5,0.0
156.5,98.5,0.0
157.5,98.5,0.0
158.5,98.5,0.0
159.5,98.5,0.0
160.5,98.5,0.0
161.5,98.5,0.0
162.5,98.5,0.0
163.5,98.5,0.0
164.5,98.5,0.0
165.5,98.5,0.0
166.5,98.5,0.0
167.5,98.5,0.0
168.5,98.5,0.0
169.5,98.5,0.0
170.5,98.5,0.0
171.5,98.5,0.0
172.5,98.5,0.0
173.5,98.5,0.0
174.5,98.5,0.0
175.5,98.5,0.0
176.5,98.5,0.0
177.5,98.5,0.0
178.5,98.5,0.0
179.5,98.5,0.0
180.5,98.5,0.0
181.5,98.5,0.0
182.5,98.5,0.0
183.5,98.5,0.0
184.5,98.5,0.0
185.5,98.5,0.0
186.5,98.5,0.0
187.5,98.5,0.0
188.5,98.5,0.0
189.5,98.5,0.0
190.5,98.5,0.0
191.5,98.5,0.0
192.5,98.5,0.0
193.5,98.5,0.0
194.5,98.5,0.0
195.5,98.5,0.0
196.5,98.5,0.0
197.5,98.5,0.0
198.5,98.5,0.0
199.5,98.5,0.0
0.5,99.5,0.0
1.5,99.5,0.0
2.5,99.5,0.0
3.5,99.5,0.0
4.5,99.5,0.0
5.5,99.5,0.0
6.5,99.5,0.0
7.5,99.5,0.0
8.5,99.5,0.0
9.5,99.5,0.0
10.5,99.5,0.0
11.5,99.5,0.0
12.5,99.5,0.0
13.5,99.5,0.0
14.5,99.5,0.0
15.5,99.5,0.0
16.5,99.5,0.0
17.5,99.5,0.0
18.5,99.5,0.0
19.5,99.5,0.0
20.5,99.5,0.0
21.5,99.5,0.0
22.5,99.5,0.0
23.5,99.5,0.0
24.5,99.5,0.0
25.5,99.5,0.0
26.5,99.5,0.0
27.5,99.5,0.0
28.5,99.5,0.0
29.5,99.5,0.0
30.5,99.5,0.0
31.5,99.5,0.0
32.5,99.5,0.0
33.5,99.5,0.0
34.5,99.5,0.0
35.5,99.5,0.0
36.5,99.5,0.0
37.5,99.5,0.0
38.5,99.5,0.0
39.5,99.5,0.0
40.5,99.5,0.0
41.5,99.5,0.0
42.5,99.5,0.0
43.5,99.5,0.0
44.5,99.5,0.0
45.5,99.5,0.0
46.5,99.5,0.0
47.5,99.5,0.0
48.5,99.5,0.0
49.5,99.5,0.0
50.5,99.5,0.0
51.5,99.5,0.0
52.5,99.5,0.0
53.5,99.5,0.0
54.5,99.5,0.0
55.5,99.5,0.0
56.5,99.5,0.0
57.5,99.5,0.0
58.5,99.5,0.0
59.5,99.5,0.0
60.5,99.5,0.0
61.5,99.5,0.0
62.5,99.5,0.0
63.5,99.5,0.0
64.5,99.5,0.0
65.5,99.5,0.0
66.5,99.5,0.0
67.5,99.5,0.0
68.5,99.5,0.0
69.5,99.5,0.0
70.5,99.5,0.0
71.5,99.5,0.0
72.5,99.5,0.0
73.5,99.5,0.0
74.5,99.5,0.0
75.5,99.5,0.0
76.5,99.5,0.0
77.5,99.5,0.0
78.5,99.5,0.0
79.5,99.5,0.0
80.5,99.5,0.0
81.5,99.5,0.0
82.5,99.5,0.0
83.5,99.5,0.0
84.5,99.5,0.0
85.5,99.5,0.0
86.5,99.5,0.0
87.5,99.5,0.0
88.5,99.5,0.0
89.5,99.5,0.0
90.5,99.5,0.0
91.5,99.5,0.0
92.5,99.5,0.0
93.5,99.5,0.0
94.5,99.5,0.0
95.5,99.5,0.0
96.5,99.5,0.0
97.5,99.5,0.0
98.5,99.5,0.0
99.5,99.5,0.0
100.5,99.5,0.0
101.5,99.5,0.0
102.5,99.5,0.0
103.5,99.5,0.0
104.5,99.5,0.0
105.5,99.5,0.0
106.5,99.5,0.0
107.5,99.5,0.0
108.5,99.5,0.0
109.5,99.5,0.0
110.5,99.5,0.0
111.5,99.5,0.0
112.5,99.5,0.0
113.5,99.5,0.0
114.5,99.5,0.0
115.5,99.5,0.0
116.5,99.5,0.0
117.5,99.5,0.0
118.5,99.5,0.0
119.5,99.5,0.0
120.5,99.5,0.0
121.5,99.5,0.0
122.5,99.5,0.0
123.5,99.5,0.0
124.5,99.5,0.0
125.5,99.5,0.0
126.5,99.5,0.0
127.5,99.5,0.0
128.5,99.5,0.0
129.5,99.5,0.0
130.5,99.5,0.0
131.5,99.5,0.0
132.5,99.5,0.0
133.5,99.5,0.0
134.5,99.5,0.0
135.5,99.5,0.0
136.5,99.5,0.0
137.5,99.5,0.0
138.5,99.5,0.0
139.5,99.5,0.0
140.5,99.5,0.0
141.5,99.5,0.0
142.5,99.5,0.0
143.5,99.5,0.0
144.5,99.5,0.0
145.5,99.5,0.0
146.5,99.5,0.0
147.5,99.5,0.0
148.5,99.5,0.0
149.5,99.5,0.0
150.5,99.5,0.0
151.5,99.5,0.0
152.5,99.5,0.0
153.5,99.5,0.0
154.5,99.5,0.0
155.5,99.5,0.0
156.5,99.5,0.0
157.5,99.5,0.0
158.5,99.5,0.0
159.5,99.5,0.0
160.5,99.5,0.0
161.5,99.5,0.0
162.5,99.5,0.0
163.5,99.5,0.0
164.5,99.5,0.0
165.5,99.5,0.0
166.5,99.5,0.0
167.5,99.5,0.0
168.5,99.5,0.0
169.5,99.5,0.0
170.5,99.5,0.0
171.5,99.5,0.0
172.5,99.5,0.0
173.5,99.5,0.0
174.5,99.5,0.0
175.5,99.5,0.0
176.5,99.5,0.0
177.5,99.5,0.0
178.5,99.5,0.0
179.5,99.5,0.0
180.5,99.5,0.0
181.5,99.5,0.0
182.5,99.5,0.0
183.5,99.5,0.0
184.5,99.5,0.0
185.5,99.5,0.0
186.5,99.5,0.0
187.5,99.5,0.0
188.5,99.5,0.0
189.5,99.5,0.0
190.5,99.5,0.0
191.5,99.5,0.0
192.5,99.5,0.0
193.5,99.5,0.0
194.5,99.5,0.0
195.5,99.5,0.0
196.5,99.5,0.0
197.5,99.5,0.0
198.5,99.5,0.0
199.5,99.5,0.0
0.5,100.5,0.0
1.5,100.5,0.0
2.5,100.5,0.0
3.5,100.5,0.0
4.5,100.5,0.0
5.5,100.5,0.0
6.5,100.5,0.0
7.5,100.5,0.0
8.5,100.5,0.0
9.5,100.5,0.0
10.5,100.5,0.0
11.5,100.5,0.0
12.5,100.5,0.0
13.5,100.5,0.0
14.5,100.5,0.0
15.5,100.5,0.0
16.5,100.5,0.0
17.5,100.5,0.0
18.5,100.5,0.0
19.5,100.5,0.0
20.5,100.5,0.0
21.5,100.5,0.0
22.5,100.5,0.0
23.5,100.5,0.0
24.5,100.5,0.0
25.5,100.5,0.0
26.5,100.5,0.0
27.5,100.5,0.0
28.5,100.5,0.0
29.5,100.5,0.0
30.5,100.5,0.0
31.5,100.5,0.0
32.5,100.5,0.0
33.5,100.5,0.0
34.5,100.5,0.0
35.5,100.5,0.0
36.5,100.5,0.0
37.5,100.5,0.0
38.5,100.5,0.0
39.5,100.5,0.0
40.5,100.5,0.0
41.5,100.5,0.0
42.5,100.5,0.0
43.5,100.5,0.0
44.5,100.5,0.0
45.5,100.5,0.0
46.5,100.5,0.0
47.5,100.5,0.0
48.5,100.5,0.0
49.5,100.5,0.0
50.5,100.5,0.0
51.5,100.5,0.0
52.5,100.5,0.0
53.5,100.5,0.0
54.5,100.5,0.0
55.5,100.5,0.0
56.5,100.5,0.0
57.5,100.5,0.0
58.5,100.5,0.0
59.5,100.5,0.0
60.5,100.5,0.0
61.5,100.5,0.0
62.5,100.5,0.0
63.5,100.5,0.0
64.5,100.5,0.0
65.5,100.5,0.0
66.5,100.5,0.0
67.5,100.5,0.0
68.5,100.5,0.0
69.5,100.5,0.0
70.5,100.5,0.0
71.5,100.5,0.0
72.5,100.5,0.0
73.5,100.5,0.0
74.5,100.5,0.0
75.5,100.5,0.0
76.5,100.5,0.0
77.5,100.5,0.0
78.5,100.5,0.0
79.5,100.5,0.0
80.5,100.5,0.0
81.5,100.5,0.0
82.5,100.5,0.0
83.5,100.5,0.0
84.5,100.5,0.0
85.5,100.5,0.0
86.5,100.5,0.0
87.5,100.5,0.0
88.5,100.5,0.0
89.5,100.5,0.0
90.5,100.5,0.0
91.5,100.5,0.0
92.5,100.5,0.0
93.5,100.5,0.0
94.5,100.5,0.0
95.5,100.5,0.0
96.5,100.5,0.0
97.5,100.5,0.0
98.5,100.5,0.0
99.5,100.5,0.0
100.5,100.5,0.0
101.5,100.5,0.0
102.5,100.5,0.0
103.5,100.5,0.0
104.5,100.5,0.0
105.5,100.5,0.0
106.5,100.5,0.0
107.5,100.5,0.0
108.5,100.5,0.0
109.5,100.5,0.0
110.5,100.5,0.0
111.5,100.5,0.0
112.5,100.5,0.0
113.5,100.5,0.0
114.5,100.5,0.0
115.5,100.5,0.0
116.5,100.5,0.0
117.5,100.5,0.0
118.5,100.5,0.0
119.5,100.5,0.0
120.5,100.5,0.0
121.5,100.5,0.0
122.5,100.5,0.0
123.5,100.5,0.0
124.5,100.5,0.0
125.5,100.5,0.0
126.5,100.5,0.0
127.5,100.5,0.0
128.5,100.5,0.0
129.5,100.5,0.0
130.5,100.5,0.0
131.5,100.5,0.0
132.5,100.5,0.0
133.5,100.5,0.0
134.5,100.5,0.0
135.5,100.5,0.0
136.5,100.5,0.0
137.5,100.5,0.0
138.5,100.5,0.0
139.5,100.5,0.0
140.5,100.5,0.0
141.5,100.5,0.0
142.5,100.5,0.0
143.5,100.5,0.0
144.5,100.5,0.0
145.5,100.5,0.0
146.5,100.5,0.0
147.5,100.5,0.0
148.5,100.5,0.0
149.5,100.5,0.0
150.5,100.5,0.0
151.5,100.5,0.0
152.5,100.5,0.0
153.5,100.5,0.0
154.5,100.5,0.0
155.5,100.5,0.0
156.5,100.5,0.0
157.5,100.5,0.0
158.5,100.5,0.0
159.5,100.5,0.0
160.5,100.5,0.0
161.5,100.5,0.0
162.5,100.5,0.0
163.5,100.5,0.0
164.5,100.5,0.0
165.5,100.5,0.0
166.5,100.5,0.0
167.5,100.5,0.0
168.5,100.5,0.0
169.5,100.5,0.0
170.5,100.5,0.0
171.5,100.5,0.0
172.5,100.5,0.0
173.5,100.5,0.0
174.5,100.5,0.0
175.5,100.5,0.0
176.5,100.5,0.0
177.5,100.5,0.0
178.5,100.5,0.0
179.5,100.5,0.0
180.5,100.5,0.0
181.5,100.5,0.0
182.5,100.5,0.0
183.5,100.5,0.0
184.5,100.5,0.0
185.5,100.5,0.0
186.5,100.5,0.0
187.5,100.5,0.0
188.5,100.5,0.0
189.5,100.5,0.0
190.5,100.5,0.0
191.5,100.5,0.0
192.5,100.5,0.0
193.5,100.5,0.0
194.5,100.5,0.0
195.5,100.5,0.0
196.5,100.5,0.0
197.5,100.5,0.0
198.5,100.5,0.0
199.5,100.5,0.0
0.5,101.5,0.0
1.5,101.5,0.0
2.5,101.5,0.0
3.5,101.5,0.0
4.5,101.5,0.0
5.5,101.5,0.0
6.5,101.5,0.0
7.5,101.5,0.0
8.5,101.5,0.0
9.5,101.5,0.0
10.5,101.5,0.0
11.5,101.5,0.0
12.5,101.5,0.0
13.5,101.5,0.0
14.5,101.5,0.0
15.5,101.5,0.0
16.5,101.5,0.0
17.5,101.5,0.0
18.5,101.5,0.0
19.5,101.5,0.0
20.5,101.5,0.0
21.5,101.5,0.0
22.5,101.5,0.0
23.5,101.5,0.0
24.5,101.5,0.0
25.5,101.5,0.0
26.5,101.5,0.0
27.5,101.5,0.0
28.5,101.5,0.0
29.5,101.5,0.0
30.5,101.5,0.0
31.5,101.5,0.0
32.5,101.5,0.0
33.5,101.5,0.0
34.5,101.5,0.0
35.5,101.5,0.0
36.5,101.5,0.0
37.5,101.5,0.0
38.5,101.5,0.0
39.5,101.5,0.0
40.5,101.5,0.0
41.5,101.5,0.0
42.5,101.5,0.0
43.5,101.5,0.0
44.5,101.5,0.0
45.5,101.5,0.0
46.5,101.5,0.0
47.5,101.5,0.0
48.5,101.5,0.0
49.5,101.5,0.0
50.5,101.5,0.0
51.5,101.5,0.0
52.5,101.5,0.0
53.5,101.5,0.0
54.5,101.5,0.0
55.5,101.5,0.0
56.5,101.5,0.0
57.5,101.5,0.0
58.5,101.5,0.0
59.5,101.5,0.0
60.5,101.5,0.0
61.5,101.5,0.0
62.5,101.5,0.0
63.5,101.5,0.0
64.5,101.5,0.0
65.5,101.5,0.0
66.5,101.5,0.0
67.5,101.5,0.0
68.5,101.5,0.0
69.5,101.5,0.0
70.5,101.5,0.0
71.5,101.5,0.0
72.5,101.5,0.0
73.5,101.5,0.0
74.5,101.5,0.0
75.5,101.5,0.0
76.5,101.5,0.0
77.5,101.5,0.0
78.5,101.5,0.0
79.5,101.5,0.0
80.5,101.5,0.0
81.5,101.5,0.0
82.5,101.5,0.0
83.5,101.5,0.0
84.5,101.5,0.0
85.5,101.5,0.0
86.5,101.5,0.0
87.5,101.5,0.0
88.5,101.5,0.0
89.5,101.5,0.0
90.5,101.5,0.0
91.5,101.5,0.0
92.5,101.5,0.0
93.5,101.5,0.0
94.5,101.5,0.0
95.5,101.5,0.0
96.5,101.5,0.0
97.5,101.5,0.0
98.5,101.5,0.0
99.5,101.5,0.0
100.5,101.5,0.0
101.5,101.5,0.0
102.5,101.5,0.0
103.5,101.5,0.0
104.5,101.5,0.0
105.5,101.5,0.0
106.5,101.5,0.0
107.5,101.5,0.0
108.5,101.5,0.0
109.5,101.5,0.0
110.5,101.5,0.0
111.5,101.5,0.0
112.5,101.5,0.0
113.5,101.5,0.0
114.5,101.5,0.0
115.5,101.5,0.0
116.5,101.5,0.0
117.5,101.5,0.0
118.5,101.5,0.0
119.5,101.5,0.0
120.5,101.5,0.0
121.5,101.5,0.0
122.5,101.5,0.0
123.5,101.5,0.0
124.5,101.5,0.0
125.5,101.5,0.0
126.5,101.5,0.0
127.5,101.5,0.0
128.5,101.5,0.0
129.5,101.5,0.0
130.5,101.5,0.0
131.5,101.5,0.0
132.5,101.5,0.0
133.5,101.5,0.0
134.5,101.5,0.0
135.5,101.5,0.0
136.5,101.5,0.0
137.5,101.5,0.0
138.5,101.5,0.0
139.5,101.5,0.0
140.5,101.5,0.0
141.5,101.5,0.0
142.5,101.5,0.0
143.5,101.5,0.0
144.5,101.5,0.0
145.5,101.5,0.0
146.5,101.5,0.0
147.5,101.5,0.0
148.5,101.5,0.0
149.5,101.5,0.0
150.5,101.5,0.0
151.5,101.5,0.0
152.5,101.5,0.0
153.5,101.5,0.0
154.5,101.5,0.0
155.5,101.5,0.0
156.5,101.5,0.0
157.5,101.5,0.0
158.5,101.5,0.0
159.5,101.5,0.0
160.5,101.5,0.0
161.5,101.5,0.0
162.5,101.5,0.0
163.5,101.5,0.0
164.5,101.5,0.0
165.5,101.5,0.0
166.5,101.5,0.0
167.5,101.5,0.0
168.5,101.5,0.0
169.5,101.5,0.0
170.5,101.5,0.0
171.5,101.5,0.0
172.5,101.5,0.0
173.5,101.5,0.0
174.5,101.5,0.0
175.5,101.5,0.0
176.5,101.5,0.0
177.5,101.5,0.0
178.5,101.5,0.0
179.5,101.5,0.0
180.5,101.5,0.0
181.5,101.5,0.0
182.5,101.5,0.0
183.5,101.5,0.0
184.5,101.5,0.0
185.5,101.5,0.0
186.5,101.5,0.0
187.5,101.5,0.0
188.5,101.5,0.0
189.5,101.5,0.0
190.5,101.5,0.0
191.5,101.5,0.0
192.5,101.5,0.0
193.5,101.5,0.0
194.5,101.5,0.0
195.5,101.5,0.0
196.5,101.5,0.0
197.5,101.5,0.0
198.5,101.5,0.0
199.5,101.5,0.0
0.5,102.5,0.0
1.5,102.5,0.0
2.5,102.5,0.0
3.5,102.5,0.0
4.5,102.5,0.0
5.5,102.5,0.0
6.5,102.5,0.0
7.5,102.5,0.0
8.5,102.5,0.0
9.5,102.5,0.0
10.5,102.5,0.0
11.5,102.5,0.0
12.5,102.5,0.0
13.5,102.5,0.0
14.5,102.5,0.0
15.5,102.5,0.0
16.5,102.5,0.0
17.5,102.5,0.0
18.5,102.5,0.0
19.5,102.5,0.0
20.5,102.5,0.0
21.5,102.5,0.0
22.5,102.5,0.0
23.5,102.5,0.0
24.5,102.5,0.0
25.5,102.5,0.0
26.5,102.5,0.0
27.5,102.5,0.0
28.5,102.5,0.0
29.5,102.5,0.0
30.5,102.5,0.0
31.5,102.5,0.0
32.5,102.5,0.0
33.5,102.5,0.0
34.5,102.5,0.0
35.5,102.5,0.0
36.5,102.5,0.0
37.5,102.5,0.0
38.5,102.5,0.0
39.5,102.5,0.0
40.5,102.5,0.0
41.5,102.5,0.0
42.5,102.5,0.0
43.5,102.5,0.0
44.5,102.5,0.0
45.5,102.5,0.0
46.5,102.5,0.0
47.5,102.5,0.0
48.5,102.5,0.0
49.5,102.5,0.0
50.5,102.5,0.0
51.5,102.5,0.0
52.5,102.5,0.0
53.5,102.5,0.0
54.5,102.5,0.0
55.5,102.5,0.0
56.5,102.5,0.0
57.5,102.5,0.0
58.5,102.5,0.0
59.5,102.5,0.0
60.5,102.5,0.0
61.5,102.5,0.0
62.5,102.5,0.0
63.5,102.5,0.0
64.5,102.5,0.0
65.5,102.5,0.0
66.5,102.5,0.0
67.5,102.5,0.0
68.5,102.5,0.0
69.5,102.5,0.0
70.5,102.5,0.0
71.5,102.5,0.0
72.5,102.5,0.0
73.5,102.5,0.0
74.5,102.5,0.0
75.5,102.5,0.0
76.5,102.5,0.0
77.5,102.5,0.0
78.5,102.5,0.0
79.5,102.5,0.0
80.5,102.5,0.0
81.5,102.5,0.0
82.5,102.5,0.0
83.5,102.5,0.0
84.5,102.5,0.0
85.5,102.5,0.0
86.5,102.5,0.0
87.5,102.5,0.0
88.5,102.5,0.0
89.5,102.5,0.0
90.5,102.5,0.0
91.5,102.5,0.0
92.5,102.5,0.0
93.5,102.5,0.0
94.5,102.5,0.0
95.5,102.5,0.0
96.5,102.5,0.0
97.5,102.5,0.0
98.5,102.5,0.0
99.5,102.5,0.0
100.5,102.5,0.0
101.5,102.5,0.0
102.5,102.5,0.0
103.5,102.5,0.0
104.5,102.5,0.0
105.5,102.5,0.0
106.5,102.5,0.0
107.5,102.5,0.0
108.5,102.5,0.0
109.5,102.5,0.0
110.5,102.5,0.0
111.5,102.5,0.0
112.5,102.5,0.0
113.5,102.5,0.0
114.5,102.5,0.0
115.5,102.5,0.0
116.5,102.5,0.0
117.5,102.5,0.0
118.5,102.5,0.0
119.5,102.5,0.0
120.5,102.5,0.0
121.5,102.5,0.0
122.5,102.5,0.0
123.5,102.5,0.0
124.5,102.5,0.0
125.5,102.5,0.0
126.5,102.5,0.0
127.5,102.5,0.0
128.5,102.5,0.0
129.5,102.5,0.0
130.5,102.5,0.0
131.5,102.5,0.0
132.5,102.5,0.0
133.5,102.5,0.0
134.5,102.5,0.0
135.5,102.5,0.0
136.5,102.5,0.0
137.5,102.5,0.0
138.5,102.5,0.0
139.5,102.5,0.0
140.5,102.5,0.0
141.5,102.5,0.0
142.5,102.5,0.0
143.5,102.5,0.0
144.5,102.5,0.0
145.5,102.5,0.0
146.5,102.5,0.0
147.5,102.5,0.0
148.5,102.5,0.0
149.5,102.5,0.0
150.5,102.5,0.0
151.5,102.5,0.0
152.5,102.5,0.0
153.5,102.5,0.0
154.5,102.5,0.0
155.5,102.5,0.0
156.5,102.5,0.0
157.5,102.5,0.0
158.5,102.5,0.0
159.5,102.5,0.0
160.5,102.5,0.0
161.5,102.5,0.0
162.5,102.5,0.0
163.5,102.5,0.0
164.5,102.5,0.0
165.5,102.5,0.0
166.5,102.5,0.0
167.5,102.5,0.0
168.5,102.5,0.0
169.5,102.5,0.0
170.5,102.5,0.0
171.5,102.5,0.0
172.5,102.5,0.0
173.5,102.5,0.0
174.5,102.5,0.0
175.5,102.5,0.0
176.5,102.5,0.0
177.5,102.5,0.0
178.5,102.5,0.0
179.5,102.5,0.0
180.5,102.5,0.0
181.5,102.5,0.0
182.5,102.5,0.0
183.5,102.5,0.0
184.5,102.5,0.0
185.5,102.5,0.0
186.5,102.5,0.0
187.5,102.5,0.0
188.5,102.5,0.0
189.5,102.5,0.0
190.5,102.5,0.0
191.5,102.5,0.0
192.5,102.5,0.0
193.5,102.5,0.0
194.5,102.5,0.0
195.5,102.5,0.0
196.5,102.5,0.0
197.5,102.5,0.0
198.5,102.5,0.0
199.5,102.5,0.0
0.5,103.5,0.0
1.5,103.5,0.0
2.5,103.5,0.0
3.5,103.5,0.0
4.5,103.5,0.0
5.5,103.5,0.0
6.5,103.5,0.0
7.5,103.5,0.0
8.5,103.5,0.0
9.5,103.5,0.0
10.5,103.5,0.0
11.5,103.5,0.0
12.5,103.5,0.0
13.5,103.5,0.0
14.5,103.5,0.0
15.5,103.5,0.0
16.5,103.5,0.0
17.5,103.5,0.0
18.5,103.5,0.0
19.5,103.5,0.0
20.5,103.5,0.0
21.5,103.5,0.0
22.5,103.5,0.0
23.5,103.5,0.0
24.5,103.5,0.0
25.5,103.5,0.0
26.5,103.5,0.0
27.5,103.5,0.0
28.5,103.5,0.0
29.5,103.5,0.0
30.5,103.5,0.0
31.5,103.5,0.0
32.5,103.5,0.0
33.5,103.5,0.0
34.5,103.5,0.0
35.5,103.5,0.0
36.5,103.5,0.0
37.5,103.5,0.0
38.5,103.5,0.0
39.5,103.5,0.0
40.5,103.5,0.0
41.5,103.5,0.0
42.5,103.5,0.0
43.5,103.5,0.0
44.5,103.5,0.0
45.5,103.5,0.0
46.5,103.5,0.0
47.5,103.5,0.0
48.5,103.5,0.0
49.5,103.5,0.0
50.5,103.5,0.0
51.5,103.5,0.0
52.5,103.5,0.0
53.5,103.5,0.0
54.5,103.5,0.0
55.5,103.5,0.0
56.5,103.5,0.0
57.5,103.5,0.0
58.5,103.5,0.0
59.5,103.5,0.0
60.5,103.5,0.0
61.5,103.5,0.0
62.5,103.5,0.0
63.5,103.5,0.0
64.5,103.5,0.0
65.5,103.5,0.0
66.5,103.5,0.0
67.5,103.5,0.0
68.5,103.5,0.0
69.5,103.5,0.0
70.5,103.5,0.0
71.5,103.5,0.0
72.5,103.5,0.0
73.5,103.5,0.0
74.5,103.5,0.0
75.5,103.5,0.0
76.5,103.5,0.0
77.5,103.5,0.0
78.5,103.5,0.0
79.5,103.5,0.0
80.5,103.5,0.0
81.5,103.5,0.0
82.5,103.5,0.0
83.5,103.5,0.0
84.5,103.5,0.0
85.5,103.5,0.0
86.5,103.5,0.0
87.5,103.5,0.0
88.5,103.5,0.0
89.5,103.5,0.0
90.5,103.5,0.0
91.5,103.5,0.0
92.5,103.5,0.0
93.5,103.5,0.0
94.5,103.5,0.0
95.5,103.5,0.0
96.5,103.5,0.0
97.5,103.5,0.0
98.5,103.5,0.0
99.5,103.5,0.0
100.5,103.5,0.0
101.5,103.5,0.0
102.5,103.5,0.0
103.5,103.5,0.0
104.5,103.5,0.0
105.5,103.5,0.0
106.5,103.5,0.0
107.5,103.5,0.0
108.5,103.5,0.0
109.5,103.5,0.0
110.5,103.5,0.0
111.5,103.5,0.0
112.5,103.5,0.0
113.5,103.5,0.0
114.5,103.5,0.0
115.5,103.5,0.0
116.5,103.5,0.0
117.5,103.5,0.0
118.5,103.5,0.0
119.5,103.5,0.0
120.5,103.5,0.0
121.5,103.5,0.0
122.5,103.5,0.0
123.5,103.5,0.0
124.5,103.5,0.0
125.5,103.5,0.0
126.5,103.5,0.0
127.5,103.5,0.0
128.5,103.5,0.0
129.5,103.5,0.0
130.5,103.5,0.0
131.5,103.5,0.0
132.5,103.5,0.0
133.5,103.5,0.0
134.5,103.5,0.0
135.5,103.5,0.0
136.5,103.5,0.0
137.5,103.5,0.0
138.5,103.5,0.0
139.5,103.5,0.0
140.5,103.5,0.0
141.5,103.5,0.0
142.5,103.5,0.0
143.5,103.5,0.0
144.5,103.5,0.0
145.5,103.5,0.0
146.5,103.5,0.0
147.5,103.5,0.0
148.5,103.5,0.0
149.5,103.5,0.0
150.5,103.5,0.0
151.5,103.5,0.0
152.5,103.5,0.0
153.5,103.5,0.0
154.5,103.5,0.0
155.5,103.5,0.0
156.5,103.5,0.0
157.5,103.5,0.0
158.5,103.5,0.0
159.5,103.5,0.0
160.5,103.5,0.0
161.5,103.5,0.0
162.5,103.5,0.0
163.5,103.5,0.0
164.5,103.5,0.0
165.5,103.5,0.0
166.5,103.5,0.0
167.5,103.5,0.0
168.5,103.5,0.0
169.5,103.5,0.0
170.5,103.5,0.0
171.5,103.5,0.0
172.5,103.5,0.0
173.5,103.5,0.0
174.5,103.5,0.0
175.5,103.5,0.0
176.5,103.5,0.0
177.5,103.5,0.0
178.5,103.5,0.0
179.5,103.5,0.0
180.5,103.5,0.0
181.5,103.5,0.0
182.5,103.5,0.0
183.5,103.5,0.0
184.5,103.5,0.0
185.5,103.5,0.0
186.5,103.5,0.0
187.5,103.5,0.0
188.5,103.5,0.0
189.5,103.5,0.0
190.5,103.5,0.0
191.5,103.5,0.0
192.5,103.5,0.0
193.5,103.5,0.0
194.5,103.5,0.0
195.5,103.5,0.0
196.5,103.5,0.0
197.5,103.5,0.0
198.5,103.5,0.0
199.5,103.5,0.0
0.5,104.5,0.0
1.5,104.5,0.0
2.5,104.5,0.0
3.5,104.5,0.0
4.5,104.5,0.0
5.5,104.5,0.0
6.5,104.5,0.0
7.5,104.5,0.0
8.5,104.5,0.0
9.5,104.5,0.0
10.5,104.5,0.0
11.5,104.5,0.0
12.5,104.5,0.0
13.5,104.5,0.0
14.5,104.5,0.0
15.5,104.5,0.0
16.5,104.5,0.0
17.5,104.5,0.0
18.5,104.5,0.0
19.5,104.5,0.0
20.5,104.5,0.0
21.5,104.5,0.0
22.5,104.5,0.0
23.5,104.5,0.0
24.5,104.5,0.0
25.5,104.5,0.0
26.5,104.5,0.0
27.5,104.5,0.0
28.5,104.5,0.0
29.5,104.5,0.0
30.5,104.5,0.0
31.5,104.5,0.0
32.5,104.5,0.0
33.5,104.5,0.0
34.5,104.5,0.0
35.5,104.5,0.0
36.5,104.5,0.0
37.5,104.5,0.0
38.5,104.5,0.0
39.5,104.5,0.0
40.5,104.5,0.0
41.5,104.5,0.0
42.5,104.5,0.0
43.5,104.5,0.0
44.5,104.5,0.0
45.5,104.5,0.0
46.5,104.5,0.0
47.5,104.5,0.0
48.5,104.5,0.0
49.5,104.5,0.0
50.5,104.5,0.0
51.5,104.5,0.0
52.5,104.5,0.0
53.5,104.5,0.0
54.5,104.5,0.0
55.5,104.5,0.0
56.5,104.5,0.0
57.5,104.5,0.0
58.5,104.5,0.0
59.5,104.5,0.0
60.5,104.5,0.0
61.5,104.5,0.0
62.5,104.5,0.0
63.5,104.5,0.0
64.5,104.5,0.0
65.5,104.5,0.0
66.5,104.5,0.0
67.5,104.5,0.0
68.5,104.5,0.0
69.5,104.5,0.0
70.5,104.5,0.0
71.5,104.5,0.0
72.5,104.5,0.0
73.5,104.5,0.0
74.5,104.5,0.0
75.5,104.5,0.0
76.5,104.5,0.0
77.5,104.5,0.0
78.5,104.5,0.0
79.5,104.5,0.0
80.5,104.5,0.0
81.5,104.5,0.0
82.5,104.5,0.0
83.5,104.5,0.0
84.5,104.5,0.0
85.5,104.5,0.0
86.5,104.5,0.0
87.5,104.5,0.0
88.5,104.5,0.0
89.5,104.5,0.0
90.5,104.5,0.0
91.5,104.5,0.0
92.5,104.5,0.0
93.5,104.5,0.0
94.5,104.5,0.0
95.5,104.5,0.0
96.5,104.5,0.0
97.5,104.5,0.0
98.5,104.5,0.0
99.5,104.5,0.0
100.5,104.5,0.0
101.5,104.5,0.0
102.5,104.5,0.0
103.5,104.5,0.0
104.5,104.5,0.0
105.5,104.5,0.0
106.5,104.5,0.0
107.5,104.5,0.0
108.5,104.5,0.0
109.5,104.5,0.0
110.5,104.5,0.0
111.5,104.5,0.0
112.5,104.5,0.0
113.5,104.5,0.0
114.5,104.5,0.0
115.5,104.5,0.0
116.5,104.5,0.0
117.5,104.5,0.0
118.5,104.5,0.0
119.5,104.5,0.0
120.5,104.5,0.0
121.5,104.5,0.0
122.5,104.5,0.0
123.5,104.5,0.0
124.5,104.5,0.0
125.5,104.5,0.0
126.5,104.5,0.0
127.5,104.5,0.0
128.5,104.5,0.0
129.5,104.5,0.0
130.5,104.5,0.0
131.5,104.5,0.0
132.5,104.5,0.0
133.5,104.5,0.0
134.5,104.5,0.0
135.5,104.5,0.0
136.5,104.5,0.0
137.5,104.5,0.0
138.5,104.5,0.0
139.5,104.5,0.0
140.5,104.5,0.0
141.5,104.5,0.0
142.5,104.5,0.0
143.5,104.5,0.0
144.5,104.5,0.0
145.5,104.5,0.0
146.5,104.5,0.0
147.5,104.5,0.0
148.5,104.5,0.0
149.5,104.5,0.0
150.5,104.5,0.0
151.5,104.5,0.0
152.5,104.5,0.0
153.5,104.5,0.0
154.5,104.5,0.0
155.5,104.5,0.0
156.5,104.5,0.0
157.5,104.5,0.0
158.5,104.5,0.0
159.5,104.5,0.0
160.5,104.5,0.0
161.5,104.5,0.0
162.5,104.5,0.0
163.5,104.5,0.0
164.5,104.5,0.0
165.5,104.5,0.0
166.5,104.5,0.0
167.5,104.5,0.0
168.5,104.5,0.0
169.5,104.5,0.0
170.5,104.5,0.0
171.5,104.5,0.0
172.5,104.5,0.0
173.5,104.5,0.0
174.5,104.5,0.0
175.5,104.5,0.0
176.5,104.5,0.0
177.5,104.5,0.0
178.5,104.5,0.0
179.5,104.5,0.0
180.5,104.5,0.0
181.5,104.5,0.0
182.5,104.5,0.0
183.5,104.5,0.0
184.5,104.5,0.0
185.5,104.5,0.0
186.5,104.5,0.0
187.5,104.5,0.0
188.5,104.5,0.0
189.5,104.5,0.0
190.5,104.5,0.0
191.5,104.5,0.0
192.5,104.5,0.0
193.5,104.5,0.0
194.5,104.5,0.0
195.5,104.5,0.0
196.5,104.5,0.0
197.5,104.5,0.0
198.5,104.5,0.0
199.5,104.5,0.0
0.5,105.5,0.0
1.5,105.5,0.0
2.5,105.5,0.0
3.5,105.5,0.0
4.5,105.5,0.0
5.5,105.5,0.0
6.5,105.5,0.0
7.5,105.5,0.0
8.5,105.5,0.0
9.5,105.5,0.0
10.5,105.5,0.0
11.5,105.5,0.0
12.5,105.5,0.0
13.5,105.5,0.0
14.5,105.5,0.0
15.5,105.5,0.0
16.5,105.5,0.0
17.5,105.5,0.0
18.5,105.5,0.0
19.5,105.5,0.0
20.5,105.5,0.0
21.5,105.5,0.0
22.5,105.5,0.0
23.5,105.5,0.0
24.5,105.5,0.0
25.5,105.5,0.0
26.5,105.5,0.0
27.5,105.5,0.0
28.5,105.5,0.0
29.5,105.5,0.0
30.5,105.5,0.0
31.5,105.5,0.0
32.5,105.5,0.0
33.5,105.5,0.0
34.5,105.5,0.0
35.5,105.5,0.0
36.5,105.5,0.0
37.5,105.5,0.0
38.5,105.5,0.0
39.5,105.5,0.0
40.5,105.5,0.0
41.5,105.5,0.0
42.5,105.5,0.0
43.5,105.5,0.0
44.5,105.5,0.0
45.5,105.5,0.0
46.5,105.5,0.0
47.5,105.5,0.0
48.5,105.5,0.0
49.5,105.5,0.0
50.5,105.5,0.0
51.5,105.5,0.0
52.5,105.5,0.0
53.5,105.5,0.0
54.5,105.5,0.0
55.5,105.5,0.0
56.5,105.5,0.0
57.5,105.5,0.0
58.5,105.5,0.0
59.5,105.5,0.0
60.5,105.5,0.0
61.5,105.5,0.0
62.5,105.5,0.0
63.5,105.5,0.0
64.5,105.5,0.0
65.5,105.5,0.0
66.5,105.5,0.0
67.5,105.5,0.0
68.5,105.5,0.0
69.5,105.5,0.0
70.5,105.5,0.0
71.5,105.5,0.0
72.5,105.5,0.0
73.5,105.5,0.0
74.5,105.5,0.0
75.5,105.5,0.0
76.5,105.5,0.0
77.5,105.5,0.0
78.5,105.5,0.0
79.5,105.5,0.0
80.5,105.5,0.0
81.5,105.5,0.0
82.5,105.5,0.0
83.5,105.5,0.0
84.5,105.5,0.0
85.5,105.5,0.0
86.5,105.5,0.0
87.5,105.5,0.0
88.5,105.5,0.0
89.5,105.5,0.0
90.5,105.5,0.0
91.5,105.5,0.0
92.5,105.5,0.0
93.5,105.5,0.0
94.5,105.5,0.0
95.5,105.5,0.0
96.5,105.5,0.0
97.5,105.5,0.0
98.5,105.5,0.0
99.5,105.5,0.0
100.5,105.5,0.0
101.5,105.5,0.0
102.5,105.5,0.0
103.5,105.5,0.0
104.5,105.5,0.0
105.5,105.5,0.0
106.5,105.5,0.0
107.5,105.5,0.0
108.5,105.5,0.0
109.5,105.5,0.0
110.5,105.5,0.0
111.5,105.5,0.0
112.5,105.5,0.0
113.5,105.5,0.0
114.5,105.5,0.0
115.5,105.5,0.0
116.5,105.5,0.0
117.5,105.5,0.0
118.5,105.5,0.0
119.5,105.5,0.0
120.5,105.5,0.0
121.5,105.5,0.0
122.5,105.5,0.0
123.5,105.5,0.0
124.5,105.5,0.0
125.5,105.5,0.0
126.5,105.5,0.0
127.5,105.5,0.0
128.5,105.5,0.0
129.5,105.5,0.0
130.5,105.5,0.0
131.5,105.5,0.0
132.5,105.5,0.0
133.5,105.5,0.0
134.5,105.5,0.0
135.5,105.5,0.0
136.5,105.5,0.0
137.5,105.5,0.0
138.5,105.5,0.0
139.5,105.5,0.0
140.5,105.5,0.0
141.5,105.5,0.0
142.5,105.5,0.0
143.5,105.5,0.0
144.5,105.5,0.0
145.5,105.5,0.0
146.5,105.5,0.0
147.5,105.5,0.0
148.5,105.5,0.0
149.5,105.5,0.0
150.5,105.5,0.0
151.5,105.5,0.0
152.5,105.5,0.0
153.5,105.5,0.0
154.5,105.5,0.0
155.5,105.5,0.0
156.5,105.5,0.0
157.5,105.5,0.0
158.5,105.5,0.0
159.5,105.5,0.0
160.5,105.5,0.0
161.5,105.5,0.0
162.5,105.5,0.0
163.5,105.5,0.0
164.5,105.5,0.0
165.5,105.5,0.0
166.5,105.5,0.0
167.5,105.5,0.0
168.5,105.5,0.0
169.5,105.5,0.0
170.5,105.5,0.0
171.5,105.5,0.0
172.5,105.5,0.0
173.5,105.5,0.0
174.5,105.5,0.0
175.5,105.5,0.0
176.5,105.5,0.0
177.5,105.5,0.0
178.5,105.5,0.0
179.5,105.5,0.0
180.5,105.5,0.0
181.5,105.5,0.0
182.5,105.5,0.0
183.5,105.5,0.0
184.5,105.5,0.0
185.5,105.5,0.0
186.5,105.5,0.0
187.5,105.5,0.0
188.5,105.5,0.0
189.5,105.5,0.0
190.5,105.5,0.0
191.5,105.5,0.0
192.5,105.5,0.0
193.5,105.5,0.0
194.5,105.5,0.0
195.5,105.5,0.0
196.5,105.5,0.0
197.5,105.5,0.0
198.5,105.5,0.0
199.5,105.5,0.0
0.5,106.5,0.0
1.5,106.5,0.0
2.5,106.5,0.0
3.5,106.5,0.0
4.5,106.5,0.0
5.5,106.5,0.0
6.5,106.5,0.0
7.5,106.5,0.0
8.5,106.5,0.0
9.5,106.5,0.0
10.5,106.5,0.0
11.5,106.5,0.0
12.5,106.5,0.0
13.5,106.5,0.0
14.5,106.5,0.0
15.5,106.5,0.0
16.5,106.5,0.0
17.5,106.5,0.0
18.5,106.5,0.0
19.5,106.5,0.0
20.5,106.5,0.0
21.5,106.5,0.0
22.5,106.5,0.0
23.5,106.5,0.0
24.5,106.5,0.0
25.5,106.5,0.0
26.5,106.5,0.0
27.5,106.5,0.0
28.5,106.5,0.0
29.5,106.5,0.0
30.5,106.5,0.0
31.5,106.5,0.0
32.5,106.5,0.0
33.5,106.5,0.0
34.5,106.5,0.0
35.5,106.5,0.0
36.5,106.5,0.0
37.5,106.5,0.0
38.5,106.5,0.0
39.5,106.5,0.0
40.5,106.5,0.0
41.5,106.5,0.0
42.5,106.5,0.0
43.5,106.5,0.0
44.5,106.5,0.0
45.5,106.5,0.0
46.5,106.5,0.0
47.5,106.5,0.0
48.5,106.5,0.0
49.5,106.5,0.0
50.5,106.5,0.0
51.5,106.5,0.0
52.5,106.5,0.0
53.5,106.5,0.0
54.5,106.5,0.0
55.5,106.5,0.0
56.5,106.5,0.0
57.5,106.5,0.0
58.5,106.5,0.0
59.5,106.5,0.0
60.5,106.5,0.0
61.5,106.5,0.0
62.5,106.5,0.0
63.5,106.5,0.0
64.5,106.5,0.0
65.5,106.5,0.0
66.5,106.5,0.0
67.5,106.5,0.0
68.5,106.5,0.0
69.5,106.5,0.0
70.5,106.5,0.0
71.5,106.5,0.0
72.5,106.5,0.0
73.5,106.5,0.0
74.5,106.5,0.0
75.5,106.5,0.0
76.5,106.5,0.0
77.5,106.5,0.0
78.5,106.5,0.0
79.5,106.5,0.0
80.5,106.5,0.0
81.5,106.5,0.0
82.5,106.5,0.0
83.5,106.5,0.0
84.5,106.5,0.0
85.5,106.5,0.0
86.5,106.5,0.0
87.5,106.5,0.0
88.5,106.5,0.0
89.5,106.5,0.0
90.5,106.5,0.0
91.5,106.5,0.0
92.5,106.5,0.0
93.5,106.5,0.0
94.5,106.5,0.0
95.5,106.5,0.0
96.5,106.5,0.0
97.5,106.5,0.0
98.5,106.5,0.0
99.5,106.5,0.0
100.5,106.5,0.0
101.5,106.5,0.0
102.5,106.5,0.0
103.5,106.5,0.0
104.5,106.5,0.0
105.5,106.5,0.0
106.5,106.5,0.0
107.5,106.5,0.0
108.5,106.5,0.0
109.5,106.5,0.0
110.5,106.5,0.0
111.5,106.5,0.0
112.5,106.5,0.0
113.5,106.5,0.0
114.5,106.5,0.0
115.5,106.5,0.0
116.5,106.5,0.0
117.5,106.5,0.0
118.5,106.5,0.0
119.5,106.5,0.0
120.5,106.5,0.0
121.5,106.5,0.0
122.5,106.5,0.0
123.5,106.5,0.0
124.5,106.5,0.0
125.5,106.5,0.0
126.5,106.5,0.0
127.5,106.5,0.0
128.5,106.5,0.0
129.5,106.5,0.0
130.5,106.5,0.0
131.5,106.5,0.0
132.5,106.5,0.0
133.5,106.5,0.0
134.5,106.5,0.0
135.5,106.5,0.0
136.5,106.5,0.0
137.5,106.5,0.0
138.5,106.5,0.0
139.5,106.5,0.0
140.5,106.5,0.0
141.5,106.5,0.0
142.5,106.5,0.0
143.5,106.5,0.0
144.5,106.5,0.0
145.5,106.5,0.0
146.5,106.5,0.0
147.5,106.5,0.0
148.5,106.5,0.0
149.5,106.5,0.0
150.5,106.5,0.0
151.5,106.5,0.0
152.5,106.5,0.0
153.5,106.5,0.0
154.5,106.5,0.0
155.5,106.5,0.0
156.5,106.5,0.0
157.5,106.5,0.0
158.5,106.5,0.0
159.5,106.5,0.0
160.5,106.5,0.0
161.5,106.5,0.0
162.5,106.5,0.0
163.5,106.5,0.0
164.5,106.5,0.0
165.5,106.5,0.0
166.5,106.5,0.0
167.5,106.5,0.0
168.5,106.5,0.0
169.5,106.5,0.0
170.5,106.5,0.0
171.5,106.5,0.0
172.5,106.5,0.0
173.5,106.5,0.0
174.5,106.5,0.0
175.5,106.5,0.0
176.5,106.5,0.0
177.5,106.5,0.0
178.5,106.5,0.0
179.5,106.5,0.0
180.5,106.5,0.0
181.5,106.5,0.0
182.5,106.5,0.0
183.5,106.5,0.0
184.5,106.5,0.0
185.5,106.5,0.0
186.5,106.5,0.0
187.5,106.5,0.0
188.5,106.5,0.0
189.5,106.5,0.0
190.5,106.5,0.0
191.5,106.5,0.0
192.5,106.5,0.0
193.5,106.5,0.0
194.5,106.5,0.0
195.5,106.5,0.0
196.5,106.5,0.0
197.5,106.5,0.0
198.5,106.5,0.0
199.5,106.5,0.0
0.5,107.5,0.0
1.5,107.5,0.0
2.5,107.5,0.0
3.5,107.5,0.0
4.5,107.5,0.0
5.5,107.5,0.0
6.5,107.5,0.0
7.5,107.5,0.0
8.5,107.5,0.0
9.5,107.5,0.0
10.5,107.5,0.0
11.5,107.5,0.0
12.5,107.5,0.0
13.5,107.5,0.0
14.5,107.5,0.0
15.5,107.5,0.0
16.5,107.5,0.0
17.5,107.5,0.0
18.5,107.5,0.0
19.5,107.5,0.0
20.5,107.5,0.0
21.5,107.5,0.0
22.5,107.5,0.0
23.5,107.5,0.0
24.5,107.5,0.0
25.5,107.5,0.0
26.5,107.5,0.0
27.5,107.5,0.0
28.5,107.5,0.0
29.5,107.5,0.0
30.5,107.5,0.0
31.5,107.5,0.0
32.5,107.5,0.0
33.5,107.5,0.0
34.5,107.5,0.0
35.5,107.5,0.0
36.5,107.5,0.0
37.5,107.5,0.0
38.5,107.5,0.0
39.5,107.5,0.0
40.5,107.5,0.0
41.5,107.5,0.0
42.5,107.5,0.0
43.5,107.5,0.0
44.5,107.5,0.0
45.5,107.5,0.0
46.5,107.5,0.0
47.5,107.5,0.0
48.5,107.5,0.0
49.5,107.5,0.0
50.5,107.5,0.0
51.5,107.5,0.0
52.5,107.5,0.0
53.5,107.5,0.0
54.5,107.5,0.0
55.5,107.5,0.0
56.5,107.5,0.0
57.5,107.5,0.0
58.5,107.5,0.0
59.5,107.5,0.0
60.5,107.5,0.0
61.5,107.5,0.0
62.5,107.5,0.0
63.5,107.5,0.0
64.5,107.5,0.0
65.5,107.5,0.0
66.5,107.5,0.0
67.5,107.5,0.0
68.5,107.5,0.0
69.5,107.5,0.0
70.5,107.5,0.0
71.5,107.5,0.0
72.5,107.5,0.0
73.5,107.5,0.0
74.5,107.5,0.0
75.5,107.5,0.0
76.5,107.5,0.0
77.5,107.5,0.0
78.5,107.5,0.0
79.5,107.5,0.0
80.5,107.5,0.0
81.5,107.5,0.0
82.5,107.5,0.0
83.5,107.5,0.0
84.5,107.5,0.0
85.5,107.5,0.0
86.5,107.5,0.0
87.5,107.5,0.0
88.5,107.5,0.0
89.5,107.5,0.0
90.5,107.5,0.0
91.5,107.5,0.0
92.5,107.5,0.0
93.5,107.5,0.0
94.5,107.5,0.0
95.5,107.5,0.0
96.5,107.5,0.0
97.5,107.5,0.0
98.5,107.5,0.0
99.5,107.5,0.0
100.5,107.5,0.0
101.5,107.5,0.0
102.5,107.5,0.0
103.5,107.5,0.0
104.5,107.5,0.0
105.5,107.5,0.0
106.5,107.5,0.0
107.5,107.5,0.0
108.5,107.5,0.0
109.5,107.5,0.0
110.5,107.5,0.0
111.5,107.5,0.0
112.5,107.5,0.0
113.5,107.5,0.0
114.5,107.5,0.0
115.5,107.5,0.0
116.5,107.5,0.0
117.5,107.5,0.0
118.5,107.5,0.0
119.5,107.5,0.0
120.5,107.5,0.0
121.5,107.5,0.0
122.5,107.5,0.0
123.5,107.5,0.0
124.5,107.5,0.0
125.5,107.5,0.0
126.5,107.5,0.0
127.5,107.5,0.0
128.5,107.5,0.0
129.5,107.5,0.0
130.5,107.5,0.0
131.5,107.5,0.0
132.5,107.5,0.0
133.5,107.5,0.0
134.5,107.5,0.0
135.5,107.5,0.0
136.5,107.5,0.0
137.5,107.5,0.0
138.5,107.5,0.0
139.5,107.5,0.0
140.5,107.5,0.0
141.5,107.5,0.0
142.5,107.5,0.0
143.5,107.5,0.0
144.5,107.5,0.0
145.5,107.5,0.0
146.5,107.5,0.0
147.5,107.5,0.0
148.5,107.5,0.0
149.5,107.5,0.0
150.5,107.5,0.0
151.5,107.5,0.0
152.5,107.5,0.0
153.5,107.5,0.0
154.5,107.5,0.0
155.5,107.5,0.0
156.5,107.5,0.0
157.5,107.5,0.0
158.5,107.5,0.0
159.5,107.5,0.0
160.5,107.5,0.0
161.5,107.5,0.0
162.5,107.5,0.0
163.5,107.5,0.0
164.5,107.5,0.0
165.5,107.5,0.0
166.5,107.5,0.0
167.5,107.5,0.0
168.5,107.5,0.0
169.5,107.5,0.0
170.5,107.5,0.0
171.5,107.5,0.0
172.5,107.5,0.0
173.5,107.5,0.0
174.5,107.5,0.0
175.5,107.5,0.0
176.5,107.5,0.0
177.5,107.5,0.0
178.5,107.5,0.0
179.5,107.5,0.0
180.5,107.5,0.0
181.5,107.5,0.0
182.5,107.5,0.0
183.5,107.5,0.0
184.5,107.5,0.0
185.5,107.5,0.0
186.5,107.5,0.0
187.5,107.5,0.0
188.5,107.5,0.0
189.5,107.5,0.0
190.5,107.5,0.0
191.5,107.5,0.0
192.5,107.5,0.0
193.5,107.5,0.0
194.5,107.5,0.0
195.5,107.5,0.0
196.5,107.5,0.0
197.5,107.5,0.0
198.5,107.5,0.0
199.5,107.5,0.0
0.5,108.5,0.0
1.5,108.5,0.0
2.5,108.5,0.0
3.5,108.5,0.0
4.5,108.5,0.0
5.5,108.5,0.0
6.5,108.5,0.0
7.5,108.5,0.0
8.5,108.5,0.0
9.5,108.5,0.0
10.5,108.5,0.0
11.5,108.5,0.0
12.5,108.5,0.0
13.5,108.5,0.0
14.5,108.5,0.0
15.5,108.5,0.0
16.5,108.5,0.0
17.5,108.5,0.0
18.5,108.5,0.0
19.5,108.5,0.0
20.5,108.5,0.0
21.5,108.5,0.0
22.5,108.5,0.0
23.5,108.5,0.0
24.5,108.5,0.0
25.5,108.5,0.0
26.5,108.5,0.0
27.5,108.5,0.0
28.5,108.5,0.0
29.5,108.5,0.0
30.5,108.5,0.0
31.5,108.5,0.0
32.5,108.5,0.0
33.5,108.5,0.0
34.5,108.5,0.0
35.5,108.5,0.0
36.5,108.5,0.0
37.5,108.5,0.0
38.5,108.5,0.0
39.5,108.5,0.0
40.5,108.5,0.0
41.5,108.5,0.0
42.5,108.5,0.0
43.5,108.5,0.0
44.5,108.5,0.0
45.5,108.5,0.0
46.5,108.5,0.0
47.5,108.5,0.0
48.5,108.5,0.0
49.5,108.5,0.0
50.5,108.5,0.0
51.5,108.5,0.0
52.5,108.5,0.0
53.5,108.5,0.0
54.5,108.5,0.0
55.5,108.5,0.0
56.5,108.5,0.0
57.5,108.5,0.0
58.5,108.5,0.0
59.5,108.5,0.0
60.5,108.5,0.0
61.5,108.5,0.0
62.5,108.5,0.0
63.5,108.5,0.0
64.5,108.5,0.0
65.5,108.5,0.0
66.5,108.5,0.0
67.5,108.5,0.0
68.5,108.5,0.0
69.5,108.5,0.0
70.5,108.5,0.0
71.5,108.5,0.0
72.5,108.5,0.0
73.5,108.5,0.0
74.5,108.5,0.0
75.5,108.5,0.0
76.5,108.5,0.0
77.5,108.5,0.0
78.5,108.5,0.0
79.5,108.5,0.0
80.5,108.5,0.0
81.5,108.5,0.0
82.5,108.5,0.0
83.5,108.5,0.0
84.5,108.5,0.0
85.5,108.5,0.0
86.5,108.5,0.0
87.5,108.5,0.0
88.5,108.5,0.0
89.5,108.5,0.0
90.5,108.5,0.0
91.5,108.5,0.0
92.5,108.5,0.0
93.5,108.5,0.0
94.5,108.5,0.0
95.5,108.5,0.0
96.5,108.5,0.0
97.5,108.5,0.0
98.5,108.5,0.0
99.5,108.5,0.0
100.5,108.5,0.0
101.5,108.5,0.0
102.5,108.5,0.0
103.5,108.5,0.0
104.5,108.5,0.0
105.5,108.5,0.0
106.5,108.5,0.0
107.5,108.5,0.0
108.5,108.5,0.0
109.5,108.5,0.0
110.5,108.5,0.0
111.5,108.5,0.0
112.5,108.5,0.0
113.5,108.5,0.0
114.5,108.5,0.0
115.5,108.5,0.0
116.5,108.5,0.0
117.5,108.5,0.0
118.5,108.5,0.0
119.5,108.5,0.0
120.5,108.5,0.0
121.5,108.5,0.0
122.5,108.5,0.0
123.5,108.5,0.0
124.5,108.5,0.0
125.5,108.5,0.0
126.5,108.5,0.0
127.5,108.5,0.0
128.5,108.5,0.0
129.5,108.5,0.0
130.5,108.5,0.0
131.5,108.5,0.0
132.5,108.5,0.0
133.5,108.5,0.0
134.5,108.5,0.0
135.5,108.5,0.0
136.5,108.5,0.0
137.5,108.5,0.0
138.5,108.5,0.0
139.5,108.5,0.0
140.5,108.5,0.0
141.5,108.5,0.0
142.5,108.5,0.0
143.5,108.5,0.0
144.5,108.5,0.0
145.5,108.5,0.0
146.5,108.5,0.0
147.5,108.5,0.0
148.5,108.5,0.0
149.5,108.5,0.0
150.5,108.5,0.0
151.5,108.5,0.0
152.5,108.5,0.0
153.5,108.5,0.0
154.5,108.5,0.0
155.5,108.5,0.0
156.5,108.5,0.0
157.5,108.5,0.0
158.5,108.5,0.0
159.5,108.5,0.0
160.5,108.5,0.0
161.5,108.5,0.0
162.5,108.5,0.0
163.5,108.5,0.0
164.5,108.5,0.0
165.5,108.5,0.0
166.5,108.5,0.0
167.5,108.5,0.0
168.5,108.5,0.0
169.5,108.5,0.0
170.5,108.5,0.0
171.5,108.5,0.0
172.5,108.5,0.0
173.5,108.5,0.0
174.5,108.5,0.0
175.5,108.5,0.0
176.5,108.5,0.0
177.5,108.5,0.0
178.5,108.5,0.0
179.5,108.5,0.0
180.5,108.5,0.0
181.5,108.5,0.0
182.5,108.5,0.0
183.5,108.5,0.0
184.5,108.5,0.0
185.5,108.5,0.0
186.5,108.5,0.0
187.5,108.5,0.0
188.5,108.5,0.0
189.5,108.5,0.0
190.5,108.5,0.0
191.5,108.5,0.0
192.5,108.5,0.0
193.5,108.5,0.0
194.5,108.5,0.0
195.5,108.5,0.0
196.5,108.5,0.0
197.5,108.5,0.0
198.5,108.5,0.0
199.5,108.5,0.0
0.5,109.5,0.0
1.5,109.5,0.0
2.5,109.5,0.0
3.5,109.5,0.0
4.5,109.5,0.0
5.5,109.5,0.0
6.5,109.5,0.0
7.5,109.5,0.0
8.5,109.5,0.0
9.5,109.5,0.0
10.5,109.5,0.0
11.5,109.5,0.0
12.5,109.5,0.0
13.5,109.5,0.0
14.5,109.5,0.0
15.5,109.5,0.0
16.5,109.5,0.0
17.5,109.5,0.0
18.5,109.5,0.0
19.5,109.5,0.0
20.5,109.5,0.0
21.5,109.5,0.0
22.5,109.5,0.0
23.5,109.5,0.0
24.5,109.5,0.0
25.5,109.5,0.0
26.5,109.5,0.0
27.5,109.5,0.0
28.5,109.5,0.0
29.5,109.5,0.0
30.5,109.5,0.0
31.5,109.5,0.0
32.5,109.5,0.0
33.5,109.5,0.0
34.5,109.5,0.0
35.5,109.5,0.0
36.5,109.5,0.0
37.5,109.5,0.0
38.5,109.5,0.0
39.5,109.5,0.0
40.5,109.5,0.0
41.5,109.5,0.0
42.5,109.5,0.0
43.5,109.5,0.0
44.5,109.5,0.0
45.5,109.5,0.0
46.5,109.5,0.0
47.5,109.5,0.0
48.5,109.5,0.0
49.5,109.5,0.0
50.5,109.5,0.0
51.5,109.5,0.0
52.5,109.5,0.0
53.5,109.5,0.0
54.5,109.5,0.0
55.5,109.5,0.0
56.5,109.5,0.0
57.5,109.5,0.0
58.5,109.5,0.0
59.5,109.5,0.0
60.5,109.5,0.0
61.5,109.5,0.0
62.5,109.5,0.0
63.5,109.5,0.0
64.5,109.5,0.0
65.5,109.5,0.0
66.5,109.5,0.0
67.5,109.5,0.0
68.5,109.5,0.0
69.5,109.5,0.0
70.5,109.5,0.0
71.5,109.5,0.0
72.5,109.5,0.0
73.5,109.5,0.0
74.5,109.5,0.0
75.5,109.5,0.0
76.5,109.5,0.0
77.5,109.5,0.0
78.5,109.5,0.0
79.5,109.5,0.0
80.5,109.5,0.0
81.5,109.5,0.0
82.5,109.5,0.0
83.5,109.5,0.0
84.5,109.5,0.0
85.5,109.5,0.0
86.5,109.5,0.0
87.5,109.5,0.0
88.5,109.5,0.0
89.5,109.5,0.0
90.5,109.5,0.0
91.5,109.5,0.0
92.5,109.5,0.0
93.5,109.5,0.0
94.5,109.5,0.0
95.5,109.5,0.0
96.5,109.5,0.0
97.5,109.5,0.0
98.5,109.5,0.0
99.5,109.5,0.0
100.5,109.5,0.0
101.5,109.5,0.0
102.5,109.5,0.0
103.5,109.5,0.0
104.5,109.5,0.0
105.5,109.5,0.0
106.5,109.5,0.0
107.5,109.5,0.0
108.5,109.5,0.0
109.5,109.5,0.0
110.5,109.5,0.0
111.5,109.5,0.0
112.5,109.5,0.0
113.5,109.5,0.0
114.5,109.5,0.0
115.5,109.5,0.0
116.5,109.5,0.0
117.5,109.5,0.0
118.5,109.5,0.0
119.5,109.5,0.0
120.5,109.5,0.0
121.5,109.5,0.0
122.5,109.5,0.0
123.5,109.5,0.0
124.5,109.5,0.0
125.5,109.5,0.0
126.5,109.5,0.0
127.5,109.5,0.0
128.5,109.5,0.0
129.5,109.5,0.0
130.5,109.5,0.0
131.5,109.5,0.0
132.5,109.5,0.0
133.5,109.5,0.0
134.5,109.5,0.0
135.5,109.5,0.0
136.5,109.5,0.0
137.5,109.5,0.0
138.5,109.5,0.0
139.5,109.5,0.0
140.5,109.5,0.0
141.5,109.5,0.0
142.5,109.5,0.0
143.5,109.5,0.0
144.5,109.5,0.0
145.5,109.5,0.0
146.5,109.5,0.0
147.5,109.5,0.0
148.5,109.5,0.0
149.5,109.5,0.0
150.5,109.5,0.0
151.5,109.5,0.0
152.5,109.5,0.0
153.5,109.5,0.0
154.5,109.5,0.0
155.5,109.5,0.0
156.5,109.5,0.0
157.5,109.5,0.0
158.5,109.5,0.0
159.5,109.5,0.0
160.5,109.5,0.0
161.5,109.5,0.0
162.5,109.5,0.0
163.5,109.5,0.0
164.5,109.5,0.0
165.5,109.5,0.0
166.5,109.5,0.0
167.5,109.5,0.0
168.5,109.5,0.0
169.5,109.5,0.0
170.5,109.5,0.0
171.5,109.5,0.0
172.5,109.5,0.0
173.5,109.5,0.0
174.5,109.5,0.0
175.5,109.5,0.0
176.5,109.5,0.0
177.5,109.5,0.0
178.5,109.5,0.0
179.5,109.5,0.0
180.5,109.5,0.0
181.5,109.5,0.0
182.5,109.5,0.0
183.5,109.5,0.0
184.5,109.5,0.0
185.5,109.5,0.0
186.5,109.5,0.0
187.5,109.5,0.0
188.5,109.5,0.0
189.5,109.5,0.0
190.5,109.5,0.0
191.5,109.5,0.0
192.5,109.5,0.0
193.5,109.5,0.0
194.5,109.5,0.0
195.5,109.5,0.0
196.5,109.5,0.0
197.5,109.5,0.0
198.5,109.5,0.0
199.5,109.5,0.0
0.5,110.5,0.0
1.5,110.5,0.0
2.5,110.5,0.0
3.5,110.5,0.0
4.5,110.5,0.0
5.5,110.5,0.0
6.5,110.5,0.0
7.5,110.5,0.0
8.5,110.5,0.0
9.5,110.5,0.0
10.5,110.5,0.0
11.5,110.5,0.0
12.5,110.5,0.0
13.5,110.5,0.0
14.5,110.5,0.0
15.5,110.5,0.0
16.5,110.5,0.0
17.5,110.5,0.0
18.5,110.5,0.0
19.5,110.5,0.0
20.5,110.5,0.0
21.5,110.5,0.0
22.5,110.5,0.0
23.5,110.5,0.0
24.5,110.5,0.0
25.5,110.5,0.0
26.5,110.5,0.0
27.5,110.5,0.0
28.5,110.5,0.0
29.5,110.5,0.0
30.5,110.5,0.0
31.5,110.5,0.0
32.5,110.5,0.0
33.5,110.5,0.0
34.5,110.5,0.0
35.5,110.5,0.0
36.5,110.5,0.0
37.5,110.5,0.0
38.5,110.5,0.0
39.5,110.5,0.0
40.5,110.5,0.0
41.5,110.5,0.0
42.5,110.5,0.0
43.5,110.5,0.0
44.5,110.5,0.0
45.5,110.5,0.0
46.5,110.5,0.0
47.5,110.5,0.0
48.5,110.5,0.0
49.5,110.5,0.0
50.5,110.5,0.0
51.5,110.5,0.0
52.5,110.5,0.0
53.5,110.5,0.0
54.5,110.5,0.0
55.5,110.5,0.0
56.5,110.5,0.0
57.5,110.5,0.0
58.5,110.5,0.0
59.5,110.5,0.0
60.5,110.5,0.0
61.5,110.5,0.0
62.5,110.5,0.0
63.5,110.5,0.0
64.5,110.5,0.0
65.5,110.5,0.0
66.5,110.5,0.0
67.5,110.5,0.0
68.5,110.5,0.0
69.5,110.5,0.0
70.5,110.5,0.0
71.5,110.5,0.0
72.5,110.5,0.0
73.5,110.5,0.0
74.5,110.5,0.0
75.5,110.5,0.0
76.5,110.5,0.0
77.5,110.5,0.0
78.5,110.5,0.0
79.5,110.5,0.0
80.5,110.5,0.0
81.5,110.5,0.0
82.5,110.5,0.0
83.5,110.5,0.0
84.5,110.5,0.0
85.5,110.5,0.0
86.5,110.5,0.0
87.5,110.5,0.0
88.5,110.5,0.0
89.5,110.5,0.0
90.5,110.5,0.0
91.5,110.5,0.0
92.5,110.5,0.0
93.5,110.5,0.0
94.5,110.5,0.0
95.5,110.5,0.0
96.5,110.5,0.0
97.5,110.5,0.0
98.5,110.5,0.0
99.5,110.5,0.0
100.5,110.5,0.0
101.5,110.5,0.0
102.5,110.5,0.0
103.5,110.5,0.0
104.5,110.5,0.0
105.5,110.5,0.0
106.5,110.5,0.0
107.5,110.5,0.0
108.5,110.5,0.0
109.5,110.5,0.0
110.5,110.5,0.0
111.5,110.5,0.0
112.5,110.5,0.0
113.5,110.5,0.0
114.5,110.5,0.0
115.5,110.5,0.0
116.5,110.5,0.0
117.5,110.5,0.0
118.5,110.5,0.0
119.5,110.5,0.0
120.5,110.5,0.0
121.5,110.5,0.0
122.5,110.5,0.0
123.5,110.5,0.0
124.5,110.5,0.0
125.5,110.5,0.0
126.5,110.5,0.0
127.5,110.5,0.0
128.5,110.5,0.0
129.5,110.5,0.0
130.5,110.5,0.0
131.5,110.5,0.0
132.5,110.5,0.0
133.5,110.5,0.0
134.5,110.5,0.0
135.5,110.5,0.0
136.5,110.5,0.0
137.5,110.5,0.0
138.5,110.5,0.0
139.5,110.5,0.0
140.5,110.5,0.0
141.5,110.5,0.0
142.5,110.5,0.0
143.5,110.5,0.0
144.5,110.5,0.0
145.5,110.5,0.0
146.5,110.5,0.0
147.5,110.5,0.0
148.5,110.5,0.0
149.5,110.5,0.0
150.5,110.5,0.0
151.5,110.5,0.0
152.5,110.5,0.0
153.5,110.5,0.0
154.5,110.5,0.0
155.5,110.5,0.0
156.5,110.5,0.0
157.5,110.5,0.0
158.5,110.5,0.0
159.5,110.5,0.0
160.5,110.5,0.0
161.5,110.5,0.0
162.5,110.5,0.0
163.5,110.5,0.0
164.5,110.5,0.0
165.5,110.5,0.0
166.5,110.5,0.0
167.5,110.5,0.0
168.5,110.5,0.0
169.5,110.5,0.0
170.5,110.5,0.0
171.5,110.5,0.0
172.5,110.5,0.0
173.5,110.5,0.0
174.5,110.5,0.0
175.5,110.5,0.0
176.5,110.5,0.0
177.5,110.5,0.0
178.5,110.5,0.0
179.5,110.5,0.0
180.5,110.5,0.0
181.5,110.5,0.0
182.5,110.5,0.0
183.5,110.5,0.0
184.5,110.5,0.0
185.5,110.5,0.0
186.5,110.5,0.0
187.5,110.5,0.0
188.5,110.5,0.0
189.5,110.5,0.0
190.5,110.5,0.0
191.5,110.5,0.0
192.5,110.5,0.0
193.5,110.5,0.0
194.5,110.5,0.0
195.5,110.5,0.0
196.5,110.5,0.0
197.5,110.5,0.0
198.5,110.5,0.0
199.5,110.5,0.0
0.5,111.5,0.0
1.5,111.5,0.0
2.5,111.5,0.0
3.5,111.5,0.0
4.5,111.5,0.0
5.5,111.5,0.0
6.5,111.5,0.0
7.5,111.5,0.0
8.5,111.5,0.0
9.5,111.5,0.0
10.5,111.5,0.0
11.5,111.5,0.0
12.5,111.5,0.0
13.5,111.5,0.0
14.5,111.5,0.0
15.5,111.5,0.0
16.5,111.5,0.0
17.5,111.5,0.0
18.5,111.5,0.0
19.5,111.5,0.0
20.5,111.5,0.0
21.5,111.5,0.0
22.5,111.5,0.0
23.5,111.5,0.0
24.5,111.5,0.0
25.5,111.5,0.0
26.5,111.5,0.0
27.5,111.5,0.0
28.5,111.5,0.0
29.5,111.5,0.0
30.5,111.5,0.0
31.5,111.5,0.0
32.5,111.5,0.0
33.5,111.5,0.0
34.5,111.5,0.0
35.5,111.5,0.0
36.5,111.5,0.0
37.5,111.5,0.0
38.5,111.5,0.0
39.5,111.5,0.0
40.5,111.5,0.0
41.5,111.5,0.0
42.5,111.5,0.0
43.5,111.5,0.0
44.5,111.5,0.0
45.5,111.5,0.0
46.5,111.5,0.0
47.5,111.5,0.0
48.5,111.5,0.0
49.5,111.5,0.0
50.5,111.5,0.0
51.5,111.5,0.0
52.5,111.5,0.0
53.5,111.5,0.0
54.5,111.5,0.0
55.5,111.5,0.0
56.5,111.5,0.0
57.5,111.5,0.0
58.5,111.5,0.0
59.5,111.5,0.0
60.5,111.5,0.0
61.5,111.5,0.0
62.5,111.5,0.0
63.5,111.5,0.0
64.5,111.5,0.0
65.5,111.5,0.0
66.5,111.5,0.0
67.5,111.5,0.0
68.5,111.5,0.0
69.5,111.5,0.0
70.5,111.5,0.0
71.5,111.5,0.0
72.5,111.5,0.0
73.5,111.5,0.0
74.5,111.5,0.0
75.5,111.5,0.0
76.5,111.5,0.0
77.5,111.5,0.0
78.5,111.5,0.0
79.5,111.5,0.0
80.5,111.5,0.0
81.5,111.5,0.0
82.5,111.5,0.0
83.5,111.5,0.0
84.5,111.5,0.0
85.5,111.5,0.0
86.5,111.5,0.0
87.5,111.5,0.0
88.5,111.5,0.0
89.5,111.5,0.0
90.5,111.5,0.0
91.5,111.5,0.0
92.5,111.5,0.0
93.5,111.5,0.0
94.5,111.5,0.0
95.5,111.5,0.0
96.5,111.5,0.0
97.5,111.5,0.0
98.5,111.5,0.0
99.5,111.5,0.0
100.5,111.5,0.0
101.5,111.5,0.0
102.5,111.5,0.0
103.5,111.5,0.0
104.5,111.5,0.0
105.5,111.5,0.0
106.5,111.5,0.0
107.5,111.5,0.0
108.5,111.5,0.0
109.5,111.5,0.0
110.5,111.5,0.0
111.5,111.5,0.0
112.5,111.5,0.0
113.5,111.5,0.0
114.5,111.5,0.0
115.5,111.5,0.0
116.5,111.5,0.0
117.5,111.5,0.0
118.5,111.5,0.0
119.5,111.5,0.0
120.5,111.5,0.0
121.5,111.5,0.0
122.5,111.5,0.0
123.5,111.5,0.0
124.5,111.5,0.0
125.5,111.5,0.0
126.5,111.5,0.0
127.5,111.5,0.0
128.5,111.5,0.0
129.5,111.5,0.0
130.5,111.5,0.0
131.5,111.5,0.0
132.5,111.5,0.0
133.5,111.5,0.0
134.5,111.5,0.0
135.5,111.5,0.0
136.5,111.5,0.0
137.5,111.5,0.0
138.5,111.5,0.0
139.5,111.5,0.0
140.5,111.5,0.0
141.5,111.5,0.0
142.5,111.5,0.0
143.5,111.5,0.0
144.5,111.5,0.0
145.5,111.5,0.0
146.5,111.5,0.0
147.5,111.5,0.0
148.5,111.5,0.0
149.5,111.5,0.0
150.5,111.5,0.0
151.5,111.5,0.0
152.5,111.5,0.0
153.5,111.5,0.0
154.5,111.5,0.0
155.5,111.5,0.0
156.5,111.5,0.0
157.5,111.5,0.0
158.5,111.5,0.0
159.5,111.5,0.0
160.5,111.5,0.0
161.5,111.5,0.0
162.5,111.5,0.0
163.5,111.5,0.0
164.5,111.5,0.0
165.5,111.5,0.0
166.5,111.5,0.0
167.5,111.5,0.0
168.5,111.5,0.0
169.5,111.5,0.0
170.5,111.5,0.0
171.5,111.5,0.0
172.5,111.5,0.0
173.5,111.5,0.0
174.5,111.5,0.0
175.5,111.5,0.0
176.5,111.5,0.0
177.5,111.5,0.0
178.5,111.5,0.0
179.5,111.5,0.0
180.5,111.5,0.0
181.5,111.5,0.0
182.5,111.5,0.0
183.5,111.5,0.0
184.5,111.5,0.0
185.5,111.5,0.0
186.5,111.5,0.0
187.5,111.5,0.0
188.5,111.5,0.0
189.5,111.5,0.0
190.5,111.5,0.0
191.5,111.5,0.0
192.5,111.5,0.0
193.5,111.5,0.0
194.5,111.5,0.0
195.5,111.5,0.0
196.5,111.5,0.0
197.5,111.5,0.0
198.5,111.5,0.0
199.5,111.5,0.0
0.5,112.5,0.0
1.5,112.5,0.0
2.5,112.5,0.0
3.5,112.5,0.0
4.5,112.5,0.0
5.5,112.5,0.0
6.5,112.5,0.0
7.5,112.5,0.0
8.5,112.5,0.0
9.5,112.5,0.0
10.5,112.5,0.0
11.5,112.5,0.0
12.5,112.5,0.0
13.5,112.5,0.0
14.5,112.5,0.0
15.5,112.5,0.0
16.5,112.5,0.0
17.5,112.5,0.0
18.5,112.5,0.0
19.5,112.5,0.0
20.5,112.5,0.0
21.5,112.5,0.0
22.5,112.5,0.0
23.5,112.5,0.0
24.5,112.5,0.0
25.5,112.5,0.0
26.5,112.5,0.0
27.5,112.5,0.0
28.5,112.5,0.0
29.5,112.5,0.0
30.5,112.5,0.0
31.5,112.5,0.0
32.5,112.5,0.0
33.5,112.5,0.0
34.5,112.5,0.0
35.5,112.5,0.0
36.5,112.5,0.0
37.5,112.5,0.0
38.5,112.5,0.0
39.5,112.5,0.0
40.5,112.5,0.0
41.5,112.5,0.0
42.5,112.5,0.0
43.5,112.5,0.0
44.5,112.5,0.0
45.5,112.5,0.0
46.5,112.5,0.0
47.5,112.5,0.0
48.5,112.5,0.0
49.5,112.5,0.0
50.5,112.5,0.0
51.5,112.5,0.0
52.5,112.5,0.0
53.5,112.5,0.0
54.5,112.5,0.0
55.5,112.5,0.0
56.5,112.5,0.0
57.5,112.5,0.0
58.5,112.5,0.0
59.5,112.5,0.0
60.5,112.5,0.0
61.5,112.5,0.0
62.5,112.5,0.0
63.5,112.5,0.0
64.5,112.5,0.0
65.5,112.5,0.0
66.5,112.5,0.0
67.5,112.5,0.0
68.5,112.5,0.0
69.5,112.5,0.0
70.5,112.5,0.0
71.5,112.5,0.0
72.5,112.5,0.0
73.5,112.5,0.0
74.5,112.5,0.0
75.5,112.5,0.0
76.5,112.5,0.0
77.5,112.5,0.0
78.5,112.5,0.0
79.5,112.5,0.0
80.5,112.5,0.0
81.5,112.5,0.0
82.5,112.5,0.0
83.5,112.5,0.0
84.5,112.5,0.0
85.5,112.5,0.0
86.5,112.5,0.0
87.5,112.5,0.0
88.5,112.5,0.0
89.5,112.5,0.0
90.5,112.5,0.0
91.5,112.5,0.0
92.5,112.5,0.0
93.5,112.5,0.0
94.5,112.5,0.0
95.5,112.5,0.0
96.5,112.5,0.0
97.5,112.5,0.0
98.5,112.5,0.0
99.5,112.5,0.0
100.5,112.5,0.0
101.5,112.5,0.0
102.5,112.5,0.0
103.5,112.5,0.0
104.5,112.5,0.0
105.5,112.5,0.0
106.5,112.5,0.0
107.5,112.5,0.0
108.5,112.5,0.0
109.5,112.5,0.0
110.5,112.5,0.0
111.5,112.5,0.0
112.5,112.5,0.0
113.5,112.5,0.0
114.5,112.5,0.0
115.5,112.5,0.0
116.5,112.5,0.0
117.5,112.5,0.0
118.5,112.5,0.0
119.5,112.5,0.0
120.5,112.5,0.0
121.5,112.5,0.0
122.5,112.5,0.0
123.5,112.5,0.0
124.5,112.5,0.0
125.5,112.5,0.0
126.5,112.5,0.0
127.5,112.5,0.0
128.5,112.5,0.0
129.5,112.5,0.0
130.5,112.5,0.0
131.5,112.5,0.0
132.5,112.5,0.0
133.5,112.5,0.0
134.5,112.5,0.0
135.5,112.5,0.0
136.5,112.5,0.0
137.5,112.5,0.0
138.5,112.5,0.0
139.5,112.5,0.0
140.5,112.5,0.0
141.5,112.5,0.0
142.5,112.5,0.0
143.5,112.5,0.0
144.5,112.5,0.0
145.5,112.5,0.0
146.5,112.5,0.0
147.5,112.5,0.0
148.5,112.5,0.0
149.5,112.5,0.0
150.5,112.5,0.0
151.5,112.5,0.0
152.5,112.5,0.0
153.5,112.5,0.0
154.5,112.5,0.0
155.5,112.5,0.0
156.5,112.5,0.0
157.5,112.5,0.0
158.5,112.5,0.0
159.5,112.5,0.0
160.5,112.5,0.0
161.5,112.5,0.0
162.5,112.5,0.0
163.5,112.5,0.0
164.5,112.5,0.0
165.5,112.5,0.0
166.5,112.5,0.0
167.5,112.5,0.0
168.5,112.5,0.0
169.5,112.5,0.0
170.5,112.5,0.0
171.5,112.5,0.0
172.5,112.5,0.0
173.5,112.5,0.0
174.5,112.5,0.0
175.5,112.5,0.0
176.5,112.5,0.0
177.5,112.5,0.0
178.5,112.5,0.0
179.5,112.5,0.0
180.5,112.5,0.0
181.5,112.5,0.0
182.5,112.5,0.0
183.5,112.5,0.0
184.5,112.5,0.0
185.5,112.5,0.0
186.5,112.5,0.0
187.5,112.5,0.0
188.5,112.5,0.0
189.5,112.5,0.0
190.5,112.5,0.0
191.5,112.5,0.0
192.5,112.5,0.0
193.5,112.5,0.0
194.5,112.5,0.0
195.5,112.5,0.0
196.5,112.5,0.0
197.5,112.5,0.0
198.5,112.5,0.0
199.5,112.5,0.0
0.5,113.5,0.0
1.5,113.5,0.0
2.5,113.5,0.0
3.5,113.5,0.0
4.5,113.5,0.0
5.5,113.5,0.0
6.5,113.5,0.0
7.5,113.5,0.0
8.5,113.5,0.0
9.5,113.5,0.0
10.5,113.5,0.0
11.5,113.5,0.0
12.5,113.5,0.0
13.5,113.5,0.0
14.5,113.5,0.0
15.5,113.5,0.0
16.5,113.5,0.0
17.5,113.5,0.0
18.5,113.5,0.0
19.5,113.5,0.0
20.5,113.5,0.0
21.5,113.5,0.0
22.5,113.5,0.0
23.5,113.5,0.0
24.5,113.5,0.0
25.5,113.5,0.0
26.5,113.5,0.0
27.5,113.5,0.0
28.5,113.5,0.0
29.5,113.5,0.0
30.5,113.5,0.0
31.5,113.5,0.0
32.5,113.5,0.0
33.5,113.5,0.0
34.5,113.5,0.0
35.5,113.5,0.0
36.5,113.5,0.0
37.5,113.5,0.0
38.5,113.5,0.0
39.5,113.5,0.0
40.5,113.5,0.0
41.5,113.5,0.0
42.5,113.5,0.0
43.5,113.5,0.0
44.5,113.5,0.0
45.5,113.5,0.0
46.5,113.5,0.0
47.5,113.5,0.0
48.5,113.5,0.0
49.5,113.5,0.0
50.5,113.5,0.0
51.5,113.5,0.0
52.5,113.5,0.0
53.5,113.5,0.0
54.5,113.5,0.0
55.5,113.5,0.0
56.5,113.5,0.0
57.5,113.5,0.0
58.5,113.5,0.0
59.5,113.5,0.0
60.5,113.5,0.0
61.5,113.5,0.0
62.5,113.5,0.0
63.5,113.5,0.0
64.5,113.5,0.0
65.5,113.5,0.0
66.5,113.5,0.0
67.5,113.5,0.0
68.5,113.5,0.0
69.5,113.5,0.0
70.5,113.5,0.0
71.5,113.5,0.0
72.5,113.5,0.0
73.5,113.5,0.0
74.5,113.5,0.0
75.5,113.5,0.0
76.5,113.5,0.0
77.5,113.5,0.0
78.5,113.5,0.0
79.5,113.5,0.0
80.5,113.5,0.0
81.5,113.5,0.0
82.5,113.5,0.0
83.5,113.5,0.0
84.5,113.5,0.0
85.5,113.5,0.0
86.5,113.5,0.0
87.5,113.5,0.0
88.5,113.5,0.0
89.5,113.5,0.0
90.5,113.5,0.0
91.5,113.5,0.0
92.5,113.5,0.0
93.5,113.5,0.0
94.5,113.5,0.0
95.5,113.5,0.0
96.5,113.5,0.0
97.5,113.5,0.0
98.5,113.5,0.0
99.5,113.5,0.0
100.5,113.5,0.0
101.5,113.5,0.0
102.5,113.5,0.0
103.5,113.5,0.0
104.5,113.5,0.0
105.5,113.5,0.0
106.5,113.5,0.0
107.5,113.5,0.0
108.5,113.5,0.0
109.5,113.5,0.0
110.5,113.5,0.0
111.5,113.5,0.0
112.5,113.5,0.0
113.5,113.5,0.0
114.5,113.5,0.0
115.5,113.5,0.0
116.5,113.5,0.0
117.5,113.5,0.0
118.5,113.5,0.0
119.5,113.5,0.0
120.5,113.5,0.0
121.5,113.5,0.0
122.5,113.5,0.0
123.5,113.5,0.0
124.5,113.5,0.0
125.5,113.5,0.0
126.5,113.5,0.0
127.5,113.5,0.0
128.5,113.5,0.0
129.5,113.5,0.0
130.5,113.5,0.0
131.5,113.5,0.0
132.5,113.5,0.0
133.5,113.5,0.0
134.5,113.5,0.0
135.5,113.5,0.0
136.5,113.5,0.0
137.5,113.5,0.0
138.5,113.5,0.0
139.5,113.5,0.0
140.5,113.5,0.0
141.5,113.5,0.0
142.5,113.5,0.0
143.5,113.5,0.0
144.5,113.5,0.0
145.5,113.5,0.0
146.5,113.5,0.0
147.5,113.5,0.0
148.5,113.5,0.0
149.5,113.5,0.0
150.5,113.5,0.0
151.5,113.5,0.0
152.5,113.5,0.0
153.5,113.5,0.0
154.5,113.5,0.0
155.5,113.5,0.0
156.5,113.5,0.0
157.5,113.5,0.0
158.5,113.5,0.0
159.5,113.5,0.0
160.5,113.5,0.0
161.5,113.5,0.0
162.5,113.5,0.0
163.5,113.5,0.0
164.5,113.5,0.0
165.5,113.5,0.0
166.5,113.5,0.0
167.5,113.5,0.0
168.5,113.5,0.0
169.5,113.5,0.0
170.5,113.5,0.0
171.5,113.5,0.0
172.5,113.5,0.0
173.5,113.5,0.0
174.5,113.5,0.0
175.5,113.5,0.0
176.5,113.5,0.0
177.5,113.5,0.0
178.5,113.5,0.0
179.5,113.5,0.0
180.5,113.5,0.0
181.5,113.5,0.0
182.5,113.5,0.0
183.5,113.5,0.0
184.5,113.5,0.0
185.5,113.5,0.0
186.5,113.5,0.0
187.5,113.5,0.0
188.5,113.5,0.0
189.5,113.5,0.0
190.5,113.5,0.0
191.5,113.5,0.0
192.5,113.5,0.0
193.5,113.5,0.0
194.5,113.5,0.0
195.5,113.5,0.0
196.5,113.5,0.0
197.5,113.5,0.0
198.5,113.5,0.0
199.5,113.5,0.0
0.5,114.5,0.0
1.5,114.5,0.0
2.5,114.5,0.0
3.5,114.5,0.0
4.5,114.5,0.0
5.5,114.5,0.0
6.5,114.5,0.0
7.5,114.5,0.0
8.5,114.5,0.0
9.5,114.5,0.0
10.5,114.5,0.0
11.5,114.5,0.0
12.5,114.5,0.0
13.5,114.5,0.0
14.5,114.5,0.0
15.5,114.5,0.0
16.5,114.5,0.0
17.5,114.5,0.0
18.5,114.5,0.0
19.5,114.5,0.0
20.5,114.5,0.0
21.5,114.5,0.0
22.5,114.5,0.0
23.5,114.5,0.0
24.5,114.5,0.0
25.5,114.5,0.0
26.5,114.5,0.0
27.5,114.5,0.0
28.5,114.5,0.0
29.5,114.5,0.0
30.5,114.5,0.0
31.5,114.5,0.0
32.5,114.5,0.0
33.5,114.5,0.0
34.5,114.5,0.0
35.5,114.5,0.0
36.5,114.5,0.0
37.5,114.5,0.0
38.5,114.5,0.0
39.5,114.5,0.0
40.5,114.5,0.0
41.5,114.5,0.0
42.5,114.5,0.0
43.5,114.5,0.0
44.5,114.5,0.0
45.5,114.5,0.0
46.5,114.5,0.0
47.5,114.5,0.0
48.5,114.5,0.0
49.5,114.5,0.0
50.5,114.5,0.0
51.5,114.5,0.0
52.5,114.5,0.0
53.5,114.5,0.0
54.5,114.5,0.0
55.5,114.5,0.0
56.5,114.5,0.0
57.5,114.5,0.0
58.5,114.5,0.0
59.5,114.5,0.0
60.5,114.5,0.0
61.5,114.5,0.0
62.5,114.5,0.0
63.5,114.5,0.0
64.5,114.5,0.0
65.5,114.5,0.0
66.5,114.5,0.0
67.5,114.5,0.0
68.5,114.5,0.0
69.5,114.5,0.0
70.5,114.5,0.0
71.5,114.5,0.0
72.5,114.5,0.0
73.5,114.5,0.0
74.5,114.5,0.0
75.5,114.5,0.0
76.5,114.5,0.0
77.5,114.5,0.0
78.5,114.5,0.0
79.5,114.5,0.0
80.5,114.5,0.0
81.5,114.5,0.0
82.5,114.5,0.0
83.5,114.5,0.0
84.5,114.5,0.0
85.5,114.5,0.0
86.5,114.5,0.0
87.5,114.5,0.0
88.5,114.5,0.0
89.5,114.5,0.0
90.5,114.5,0.0
91.5,114.5,0.0
92.5,114.5,0.0
93.5,114.5,0.0
94.5,114.5,0.0
95.5,114.5,0.0
96.5,114.5,0.0
97.5,114.5,0.0
98.5,114.5,0.0
99.5,114.5,0.0
100.5,114.5,0.0
101.5,114.5,0.0
102.5,114.5,0.0
103.5,114.5,0.0
104.5,114.5,0.0
105.5,114.5,0.0
106.5,114.5,0.0
107.5,114.5,0.0
108.5,114.5,0.0
109.5,114.5,0.0
110.5,114.5,0.0
111.5,114.5,0.0
112.5,114.5,0.0
113.5,114.5,0.0
114.5,114.5,0.0
115.5,114.5,0.0
116.5,114.5,0.0
117.5,114.5,0.0
118.5,114.5,0.0
119.5,114.5,0.0
120.5,114.5,0.0
121.5,114.5,0.0
122.5,114.5,0.0
123.5,114.5,0.0
124.5,114.5,0.0
125.5,114.5,0.0
126.5,114.5,0.0
127.5,114.5,0.0
128.5,114.5,0.0
129.5,114.5,0.0
130.5,114.5,0.0
131.5,114.5,0.0
132.5,114.5,0.0
133.5,114.5,0.0
134.5,114.5,0.0
135.5,114.5,0.0
136.5,114.5,0.0
137.5,114.5,0.0
138.5,114.5,0.0
139.5,114.5,0.0
140.5,114.5,0.0
141.5,114.5,0.0
142.5,114.5,0.0
143.5,114.5,0.0
144.5,114.5,0.0
145.5,114.5,0.0
146.5,114.5,0.0
147.5,114.5,0.0
148.5,114.5,0.0
149.5,114.5,0.0
150.5,114.5,0.0
151.5,114.5,0.0
152.5,114.5,0.0
153.5,114.5,0.0
154.5,114.5,0.0
155.5,114.5,0.0
156.5,114.5,0.0
157.5,114.5,0.0
158.5,114.5,0.0
159.5,114.5,0.0
160.5,114.5,0.0
161.5,114.5,0.0
162.5,114.5,0.0
163.5,114.5,0.0
164.5,114.5,0.0
165.5,114.5,0.0
166.5,114.5,0.0
167.5,114.5,0.0
168.5,114.5,0.0
169.5,114.5,0.0
170.5,114.5,0.0
171.5,114.5,0.0
172.5,114.5,0.0
173.5,114.5,0.0
174.5,114.5,0.0
175.5,114.5,0.0
176.5,114.5,0.0
177.5,114.5,0.0
178.5,114.5,0.0
179.5,114.5,0.0
180.5,114.5,0.0
181.5,114.5,0.0
182.5,114.5,0.0
183.5,114.5,0.0
184.5,114.5,0.0
185.5,114.5,0.0
186.5,114.5,0.0
187.5,114.5,0.0
188.5,114.5,0.0
189.5,114.5,0.0
190.5,114.5,0.0
191.5,114.5,0.0
192.5,114.5,0.0
193.5,114.5,0.0
194.5,114.5,0.0
195.5,114.5,0.0
196.5,114.5,0.0
197.5,114.5,0.0
198.5,114.5,0.0
199.5,114.5,0.0
0.5,115.5,0.0
1.5,115.5,0.0
2.5,115.5,0.0
3.5,115.5,0.0
4.5,115.5,0.0
5.5,115.5,0.0
6.5,115.5,0.0
7.5,115.5,0.0
8.5,115.5,0.0
9.5,115.5,0.0
10.5,115.5,0.0
11.5,115.5,0.0
12.5,115.5,0.0
13.5,115.5,0.0
14.5,115.5,0.0
15.5,115.5,0.0
16.5,115.5,0.0
17.5,115.5,0.0
18.5,115.5,0.0
19.5,115.5,0.0
20.5,115.5,0.0
21.5,115.5,0.0
22.5,115.5,0.0
23.5,115.5,0.0
24.5,115.5,0.0
25.5,115.5,0.0
26.5,115.5,0.0
27.5,115.5,0.0
28.5,115.5,0.0
29.5,115.5,0.0
30.5,115.5,0.0
31.5,115.5,0.0
32.5,115.5,0.0
33.5,115.5,0.0
34.5,115.5,0.0
35.5,115.5,0.0
36.5,115.5,0.0
37.5,115.5,0.0
38.5,115.5,0.0
39.5,115.5,0.0
40.5,115.5,0.0
41.5,115.5,0.0
42.5,115.5,0.0
43.5,115.5,0.0
44.5,115.5,0.0
45.5,115.5,0.0
46.5,115.5,0.0
47.5,115.5,0.0
48.5,115.5,0.0
49.5,115.5,0.0
50.5,115.5,0.0
51.5,115.5,0.0
52.5,115.5,0.0
53.5,115.5,0.0
54.5,115.5,0.0
55.5,115.5,0.0
56.5,115.5,0.0
57.5,115.5,0.0
58.5,115.5,0.0
59.5,115.5,0.0
60.5,115.5,0.0
61.5,115.5,0.0
62.5,115.5,0.0
63.5,115.5,0.0
64.5,115.5,0.0
65.5,115.5,0.0
66.5,115.5,0.0
67.5,115.5,0.0
68.5,115.5,0.0
69.5,115.5,0.0
70.5,115.5,0.0
71.5,115.5,0.0
72.5,115.5,0.0
73.5,115.5,0.0
74.5,115.5,0.0
75.5,115.5,0.0
76.5,115.5,0.0
77.5,115.5,0.0
78.5,115.5,0.0
79.5,115.5,0.0
80.5,115.5,0.0
81.5,115.5,0.0
82.5,115.5,0.0
83.5,115.5,0.0
84.5,115.5,0.0
85.5,115.5,0.0
86.5,115.5,0.0
87.5,115.5,0.0
88.5,115.5,0.0
89.5,115.5,0.0
90.5,115.5,0.0
91.5,115.5,0.0
92.5,115.5,0.0
93.5,115.5,0.0
94.5,115.5,0.0
95.5,115.5,0.0
96.5,115.5,0.0
97.5,115.5,0.0
98.5,115.5,0.0
99.5,115.5,0.0
100.5,115.5,0.0
101.5,115.5,0.0
102.5,115.5,0.0
103.5,115.5,0.0
104.5,115.5,0.0
105.5,115.5,0.0
106.5,115.5,0.0
107.5,115.5,0.0
108.5,115.5,0.0
109.5,115.5,0.0
110.5,115.5,0.0
111.5,115.5,0.0
112.5,115.5,0.0
113.5,115.5,0.0
114.5,115.5,0.0
115.5,115.5,0.0
116.5,115.5,0.0
117.5,115.5,0.0
118.5,115.5,0.0
119.5,115.5,0.0
120.5,115.5,0.0
121.5,115.5,0.0
122.5,115.5,0.0
123.5,115.5,0.0
124.5,115.5,0.0
125.5,115.5,0.0
126.5,115.5,0.0
127.5,115.5,0.0
128.5,115.5,0.0
129.5,115.5,0.0
130.5,115.5,0.0
131.5,115.5,0.0
132.5,115.5,0.0
133.5,115.5,0.0
134.5,115.5,0.0
135.5,115.5,0.0
136.5,115.5,0.0
137.5,115.5,0.0
138.5,115.5,0.0
139.5,115.5,0.0
140.5,115.5,0.0
141.5,115.5,0.0
142.5,115.5,0.0
143.5,115.5,0.0
144.5,115.5,0.0
145.5,115.5,0.0
146.5,115.5,0.0
147.5,115.5,0.0
148.5,115.5,0.0
149.5,115.5,0.0
150.5,115.5,0.0
151.5,115.5,0.0
152.5,115.5,0.0
153.5,115.5,0.0
154.5,115.5,0.0
155.5,115.5,0.0
156.5,115.5,0.0
157.5,115.5,0.0
158.5,115.5,0.0
159.5,115.5,0.0
160.5,115.5,0.0
161.5,115.5,0.0
162.5,115.5,0.0
163.5,115.5,0.0
164.5,115.5,0.0
165.5,115.5,0.0
166.5,115.5,0.0
167.5,115.5,0.0
168.5,115.5,0.0
169.5,115.5,0.0
170.5,115.5,0.0
171.5,115.5,0.0
172.5,115.5,0.0
173.5,115.5,0.0
174.5,115.5,0.0
175.5,115.5,0.0
176.5,115.5,0.0
177.5,115.5,0.0
178.5,115.5,0.0
179.5,115.5,0.0
180.5,115.5,0.0
181.5,115.5,0.0
182.5,115.5,0.0
183.5,115.5,0.0
184.5,115.5,0.0
185.5,115.5,0.0
186.5,115.5,0.0
187.5,115.5,0.0
188.5,115.5,0.0
189.5,115.5,0.0
190.5,115.5,0.0
191.5,115.5,0.0
192.5,115.5,0.0
193.5,115.5,0.0
194.5,115.5,0.0
195.5,115.5,0.0
196.5,115.5,0.0
197.5,115.5,0.0
198.5,115.5,0.0
199.5,115.5,0.0
0.5,116.5,0.0
1.5,116.5,0.0
2.5,116.5,0.0
3.5,116.5,0.0
4.5,116.5,0.0
5.5,116.5,0.0
6.5,116.5,0.0
7.5,116.5,0.0
8.5,116.5,0.0
9.5,116.5,0.0
10.5,116.5,0.0
11.5,116.5,0.0
12.5,116.5,0.0
13.5,116.5,0.0
14.5,116.5,0.0
15.5,116.5,0.0
16.5,116.5,0.0
17.5,116.5,0.0
18.5,116.5,0.0
19.5,116.5,0.0
20.5,116.5,0.0
21.5,116.5,0.0
22.5,116.5,0.0
23.5,116.5,0.0
24.5,116.5,0.0
25.5,116.5,0.0
26.5,116.5,0.0
27.5,116.5,0.0
28.5,116.5,0.0
29.5,116.5,0.0
30.5,116.5,0.0
31.5,116.5,0.0
32.5,116.5,0.0
33.5,116.5,0.0
34.5,116.5,0.0
35.5,116.5,0.0
36.5,116.5,0.0
37.5,116.5,0.0
38.5,116.5,0.0
39.5,116.5,0.0
40.5,116.5,0.0
41.5,116.5,0.0
42.5,116.5,0.0
43.5,116.5,0.0
44.5,116.5,0.0
45.5,116.5,0.0
46.5,116.5,0.0
47.5,116.5,0.0
48.5,116.5,0.0
49.5,116.5,0.0
50.5,116.5,0.0
51.5,116.5,0.0
52.5,116.5,0.0
53.5,116.5,0.0
54.5,116.5,0.0
55.5,116.5,0.0
56.5,116.5,0.0
57.5,116.5,0.0
58.5,116.5,0.0
59.5,116.5,0.0
60.5,116.5,0.0
61.5,116.5,0.0
62.5,116.5,0.0
63.5,116.5,0.0
64.5,116.5,0.0
65.5,116.5,0.0
66.5,116.5,0.0
67.5,116.5,0.0
68.5,116.5,0.0
69.5,116.5,0.0
70.5,116.5,0.0
71.5,116.5,0.0
72.5,116.5,0.0
73.5,116.5,0.0
74.5,116.5,0.0
75.5,116.5,0.0
76.5,116.5,0.0
77.5,116.5,0.0
78.5,116.5,0.0
79.5,116.5,0.0
80.5,116.5,0.0
81.5,116.5,0.0
82.5,116.5,0.0
83.5,116.5,0.0
84.5,116.5,0.0
85.5,116.5,0.0
86.5,116.5,0.0
87.5,116.5,0.0
88.5,116.5,0.0
89.5,116.5,0.0
90.5,116.5,0.0
91.5,116.5,0.0
92.5,116.5,0.0
93.5,116.5,0.0
94.5,116.5,0.0
95.5,116.5,0.0
96.5,116.5,0.0
97.5,116.5,0.0
98.5,116.5,0.0
99.5,116.5,0.0
100.5,116.5,0.0
101.5,116.5,0.0
102.5,116.5,0.0
103.5,116.5,0.0
104.5,116.5,0.0
105.5,116.5,0.0
106.5,116.5,0.0
107.5,116.5,0.0
108.5,116.5,0.0
109.5,116.5,0.0
110.5,116.5,0.0
111.5,116.5,0.0
112.5,116.5,0.0
113.5,116.5,0.0
114.5,116.5,0.0
115.5,116.5,0.0
116.5,116.5,0.0
117.5,116.5,0.0
118.5,116.5,0.0
119.5,116.5,0.0
120.5,116.5,0.0
121.5,116.5,0.0
122.5,116.5,0.0
123.5,116.5,0.0
124.5,116.5,0.0
125.5,116.5,0.0
126.5,116.5,0.0
127.5,116.5,0.0
128.5,116.5,0.0
129.5,116.5,0.0
130.5,116.5,0.0
131.5,116.5,0.0
132.5,116.5,0.0
133.5,116.5,0.0
134.5,116.5,0.0
135.5,116.5,0.0
136.5,116.5,0.0
137.5,116.5,0.0
138.5,116.5,0.0
139.5,116.5,0.0
140.5,116.5,0.0
141.5,116.5,0.0
142.5,116.5,0.0
143.5,116.5,0.0
144.5,116.5,0.0
145.5,116.5,0.0
146.5,116.5,0.0
147.5,116.5,0.0
148.5,116.5,0.0
149.5,116.5,0.0
150.5,116.5,0.0
151.5,116.5,0.0
152.5,116.5,0.0
153.5,116.5,0.0
154.5,116.5,0.0
155.5,116.5,0.0
156.5,116.5,0.0
157.5,116.5,0.0
158.5,116.5,0.0
159.5,116.5,0.0
160.5,116.5,0.0
161.5,116.5,0.0
162.5,116.5,0.0
163.5,116.5,0.0
164.5,116.5,0.0
165.5,116.5,0.0
166.5,116.5,0.0
167.5,116.5,0.0
168.5,116.5,0.0
169.5,116.5,0.0
170.5,116.5,0.0
171.5,116.5,0.0
172.5,116.5,0.0
173.5,116.5,0.0
174.5,116.5,0.0
175.5,116.5,0.0
176.5,116.5,0.0
177.5,116.5,0.0
178.5,116.5,0.0
179.5,116.5,0.0
180.5,116.5,0.0
181.5,116.5,0.0
182.5,116.5,0.0
183.5,116.5,0.0
184.5,116.5,0.0
185.5,116.5,0.0
186.5,116.5,0.0
187.5,116.5,0.0
188.5,116.5,0.0
189.5,116.5,0.0
190.5,116.5,0.0
191.5,116.5,0.0
192.5,116.5,0.0
193.5,116.5,0.0
194.5,116.5,0.0
195.5,116.5,0.0
196.5,116.5,0.0
197.5,116.5,0.0
198.5,116.5,0.0
199.5,116.5,0.0
0.5,117.5,0.0
1.5,117.5,0.0
2.5,117.5,0.0
3.5,117.5,0.0
4.5,117.5,0.0
5.5,117.5,0.0
6.5,117.5,0.0
7.5,117.5,0.0
8.5,117.5,0.0
9.5,117.5,0.0
10.5,117.5,0.0
11.5,117.5,0.0
12.5,117.5,0.0
13.5,117.5,0.0
14.5,117.5,0.0
15.5,117.5,0.0
16.5,117.5,0.0
17.5,117.5,0.0
18.5,117.5,0.0
19.5,117.5,0.0
20.5,117.5,0.0
21.5,117.5,0.0
22.5,117.5,0.0
23.5,117.5,0.0
24.5,117.5,0.0
25.5,117.5,0.0
26.5,117.5,0.0
27.5,117.5,0.0
28.5,117.5,0.0
29.5,117.5,0.0
30.5,117.5,0.0
31.5,117.5,0.0
32.5,117.5,0.0
33.5,117.5,0.0
34.5,117.5,0.0
35.5,117.5,0.0
36.5,117.5,0.0
37.5,117.5,0.0
38.5,117.5,0.0
39.5,117.5,0.0
40.5,117.5,0.0
41.5,117.5,0.0
42.5,117.5,0.0
43.5,117.5,0.0
44.5,117.5,0.0
45.5,117.5,0.0
46.5,117.5,0.0
47.5,117.5,0.0
48.5,117.5,0.0
49.5,117.5,0.0
50.5,117.5,0.0
51.5,117.5,0.0
52.5,117.5,0.0
53.5,117.5,0.0
54.5,117.5,0.0
55.5,117.5,0.0
56.5,117.5,0.0
57.5,117.5,0.0
58.5,117.5,0.0
59.5,117.5,0.0
60.5,117.5,0.0
61.5,117.5,0.0
62.5,117.5,0.0
63.5,117.5,0.0
64.5,117.5,0.0
65.5,117.5,0.0
66.5,117.5,0.0
67.5,117.5,0.0
68.5,117.5,0.0
69.5,117.5,0.0
70.5,117.5,0.0
71.5,117.5,0.0
72.5,117.5,0.0
73.5,117.5,0.0
74.5,117.5,0.0
75.5,117.5,0.0
76.5,117.5,0.0
77.5,117.5,0.0
78.5,117.5,0.0
79.5,117.5,0.0
80.5,117.5,0.0
81.5,117.5,0.0
82.5,117.5,0.0
83.5,117.5,0.0
84.5,117.5,0.0
85.5,117.5,0.0
86.5,117.5,0.0
87.5,117.5,0.0
88.5,117.5,0.0
89.5,117.5,0.0
90.5,117.5,0.0
91.5,117.5,0.0
92.5,117.5,0.0
93.5,117.5,0.0
94.5,117.5,0.0
95.5,117.5,0.0
96.5,117.5,0.0
97.5,117.5,0.0
98.5,117.5,0.0
99.5,117.5,0.0
100.5,117.5,0.0
101.5,117.5,0.0
102.5,117.5,0.0
103.5,117.5,0.0
104.5,117.5,0.0
105.5,117.5,0.0
106.5,117.5,0.0
107.5,117.5,0.0
108.5,117.5,0.0
109.5,117.5,0.0
110.5,117.5,0.0
111.5,117.5,0.0
112.5,117.5,0.0
113.5,117.5,0.0
114.5,117.5,0.0
115.5,117.5,0.0
116.5,117.5,0.0
117.5,117.5,0.0
118.5,117.5,0.0
119.5,117.5,0.0
120.5,117.5,0.0
121.5,117.5,0.0
122.5,117.5,0.0
123.5,117.5,0.0
124.5,117.5,0.0
125.5,117.5,0.0
126.5,117.5,0.0
127.5,117.5,0.0
128.5,117.5,0.0
129.5,117.5,0.0
130.5,117.5,0.0
131.5,117.5,0.0
132.5,117.5,0.0
133.5,117.5,0.0
134.5,117.5,0.0
135.5,117.5,0.0
136.5,117.5,0.0
137.5,117.5,0.0
138.5,117.5,0.0
139.5,117.5,0.0
140.5,117.5,0.0
141.5,117.5,0.0
142.5,117.5,0.0
143.5,117.5,0.0
144.5,117.5,0.0
145.5,117.5,0.0
146.5,117.5,0.0
147.5,117.5,0.0
148.5,117.5,0.0
149.5,117.5,0.0
150.5,117.5,0.0
151.5,117.5,0.0
152.5,117.5,0.0
153.5,117.5,0.0
154.5,117.5,0.0
155.5,117.5,0.0
156.5,117.5,0.0
157.5,117.5,0.0
158.5,117.5,0.0
159.5,117.5,0.0
160.5,117.5,0.0
161.5,117.5,0.0
162.5,117.5,0.0
163.5,117.5,0.0
164.5,117.5,0.0
165.5,117.5,0.0
166.5,117.5,0.0
167.5,117.5,0.0
168.5,117.5,0.0
169.5,117.5,0.0
170.5,117.5,0.0
171.5,117.5,0.0
172.5,117.5,0.0
173.5,117.5,0.0
174.5,117.5,0.0
175.5,117.5,0.0
176.5,117.5,0.0
177.5,117.5,0.0
178.5,117.5,0.0
179.5,117.5,0.0
180.5,117.5,0.0
181.5,117.5,0.0
182.5,117.5,0.0
183.5,117.5,0.0
184.5,117.5,0.0
185.5,117.5,0.0
186.5,117.5,0.0
187.5,117.5,0.0
188.5,117.5,0.0
189.5,117.5,0.0
190.5,117.5,0.0
191.5,117.5,0.0
192.5,117.5,0.0
193.5,117.5,0.0
194.5,117.5,0.0
195.5,117.5,0.0
196.5,117.5,0.0
197.5,117.5,0.0
198.5,117.5,0.0
199.5,117.5,0.0
0.5,118.5,0.0
1.5,118.5,0.0
2.5,118.5,0.0
3.5,118.5,0.0
4.5,118.5,0.0
5.5,118.5,0.0
6.5,118.5,0.0
7.5,118.5,0.0
8.5,118.5,0.0
9.5,118.5,0.0
10.5,118.5,0.0
11.5,118.5,0.0
12.5,118.5,0.0
13.5,118.5,0.0
14.5,118.5,0.0
15.5,118.5,0.0
16.5,118.5,0.0
17.5,118.5,0.0
18.5,118.5,0.0
19.5,118.5,0.0
20.5,118.5,0.0
21.5,118.5,0.0
22.5,118.5,0.0
23.5,118.5,0.0
24.5,118.5,0.0
25.5,118.5,0.0
26.5,118.5,0.0
27.5,118.5,0.0
28.5,118.5,0.0
29.5,118.5,0.0
30.5,118.5,0.0
31.5,118.5,0.0
32.5,118.5,0.0
33.5,118.5,0.0
34.5,118.5,0.0
35.5,118.5,0.0
36.5,118.5,0.0
37.5,118.5,0.0
38.5,118.5,0.0
39.5,118.5,0.0
40.5,118.5,0.0
41.5,118.5,0.0
42.5,118.5,0.0
43.5,118.5,0.0
44.5,118.5,0.0
45.5,118.5,0.0
46.5,118.5,0.0
47.5,118.5,0.0
48.5,118.5,0.0
49.5,118.5,0.0
50.5,118.5,0.0
51.5,118.5,0.0
52.5,118.5,0.0
53.5,118.5,0.0
54.5,118.5,0.0
55.5,118.5,0.0
56.5,118.5,0.0
57.5,118.5,0.0
58.5,118.5,0.0
59.5,118.5,0.0
60.5,118.5,0.0
61.5,118.5,0.0
62.5,118.5,0.0
63.5,118.5,0.0
64.5,118.5,0.0
65.5,118.5,0.0
66.5,118.5,0.0
67.5,118.5,0.0
68.5,118.5,0.0
69.5,118.5,0.0
70.5,118.5,0.0
71.5,118.5,0.0
72.5,118.5,0.0
73.5,118.5,0.0
74.5,118.5,0.0
75.5,118.5,0.0
76.5,118.5,0.0
77.5,118.5,0.0
78.5,118.5,0.0
79.5,118.5,0.0
80.5,118.5,0.0
81.5,118.5,0.0
82.5,118.5,0.0
83.5,118.5,0.0
84.5,118.5,0.0
85.5,118.5,0.0
86.5,118.5,0.0
87.5,118.5,0.0
88.5,118.5,0.0
89.5,118.5,0.0
90.5,118.5,0.0
91.5,118.5,0.0
92.5,118.5,0.0
93.5,118.5,0.0
94.5,118.5,0.0
95.5,118.5,0.0
96.5,118.5,0.0
97.5,118.5,0.0
98.5,118.5,0.0
99.5,118.5,0.0
100.5,118.5,0.0
101.5,118.5,0.0
102.5,118.5,0.0
103.5,118.5,0.0
104.5,118.5,0.0
105.5,118.5,0.0
106.5,118.5,0.0
107.5,118.5,0.0
108.5,118.5,0.0
109.5,118.5,0.0
110.5,118.5,0.0
111.5,118.5,0.0
112.5,118.5,0.0
113.5,118.5,0.0
114.5,118.5,0.0
115.5,118.5,0.0
116.5,118.5,0.0
117.5,118.5,0.0
118.5,118.5,0.0
119.5,118.5,0.0
120.5,118.5,0.0
121.5,118.5,0.0
122.5,118.5,0.0
123.5,118.5,0.0
124.5,118.5,0.0
125.5,118.5,0.0
126.5,118.5,0.0
127.5,118.5,0.0
128.5,118.5,0.0
129.5,118.5,0.0
130.5,118.5,0.0
131.5,118.5,0.0
132.5,118.5,0.0
133.5,118.5,0.0
134.5,118.5,0.0
135.5,118.5,0.0
136.5,118.5,0.0
137.5,118.5,0.0
138.5,118.5,0.0
139.5,118.5,0.0
140.5,118.5,0.0
141.5,118.5,0.0
142.5,118.5,0.0
143.5,118.5,0.0
144.5,118.5,0.0
145.5,118.5,0.0
146.5,118.5,0.0
147.5,118.5,0.0
148.5,118.5,0.0
149.5,118.5,0.0
150.5,118.5,0.0
151.5,118.5,0.0
152.5,118.5,0.0
153.5,118.5,0.0
154.5,118.5,0.0
155.5,118.5,0.0
156.5,118.5,0.0
157.5,118.5,0.0
158.5,118.5,0.0
159.5,118.5,0.0
160.5,118.5,0.0
161.5,118.5,0.0
162.5,118.5,0.0
163.5,118.5,0.0
164.5,118.5,0.0
165.5,118.5,0.0
166.5,118.5,0.0
167.5,118.5,0.0
168.5,118.5,0.0
169.5,118.5,0.0
170.5,118.5,0.0
171.5,118.5,0.0
172.5,118.5,0.0
173.5,118.5,0.0
174.5,118.5,0.0
175.5,118.5,0.0
176.5,118.5,0.0
177.5,118.5,0.0
178.5,118.5,0.0
179.5,118.5,0.0
180.5,118.5,0.0
181.5,118.5,0.0
182.5,118.5,0.0
183.5,118.5,0.0
184.5,118.5,0.0
185.5,118.5,0.0
186.5,118.5,0.0
187.5,118.5,0.0
188.5,118.5,0.0
189.5,118.5,0.0
190.5,118.5,0.0
191.5,118.5,0.0
192.5,118.5,0.0
193.5,118.5,0.0
194.5,118.5,0.0
195.5,118.5,0.0
196.5,118.5,0.0
197.5,118.5,0.0
198.5,118.5,0.0
199.5,118.5,0.0
0.5,119.5,0.0
1.5,119.5,0.0
2.5,119.5,0.0
3.5,119.5,0.0
4.5,119.5,0.0
5.5,119.5,0.0
6.5,119.5,0.0
7.5,119.5,0.0
8.5,119.5,0.0
9.5,119.5,0.0
10.5,119.5,0.0
11.5,119.5,0.0
12.5,119.5,0.0
13.5,119.5,0.0
14.5,119.5,0.0
15.5,119.5,0.0
16.5,119.5,0.0
17.5,119.5,0.0
18.5,119.5,0.0
19.5,119.5,0.0
20.5,119.5,0.0
21.5,119.5,0.0
22.5,119.5,0.0
23.5,119.5,0.0
24.5,119.5,0.0
25.5,119.5,0.0
26.5,119.5,0.0
27.5,119.5,0.0
28.5,119.5,0.0
29.5,119.5,0.0
30.5,119.5,0.0
31.5,119.5,0.0
32.5,119.5,0.0
33.5,119.5,0.0
34.5,119.5,0.0
35.5,119.5,0.0
36.5,119.5,0.0
37.5,119.5,0.0
38.5,119.5,0.0
39.5,119.5,0.0
40.5,119.5,0.0
41.5,119.5,0.0
42.5,119.5,0.0
43.5,119.5,0.0
44.5,119.5,0.0
45.5,119.5,0.0
46.5,119.5,0.0
47.5,119.5,0.0
48.5,119.5,0.0
49.5,119.5,0.0
50.5,119.5,0.0
51.5,119.5,0.0
52.5,119.5,0.0
53.5,119.5,0.0
54.5,119.5,0.0
55.5,119.5,0.0
56.5,119.5,0.0
57.5,119.5,0.0
58.5,119.5,0.0
59.5,119.5,0.0
60.5,119.5,0.0
61.5,119.5,0.0
62.5,119.5,0.0
63.5,119.5,0.0
64.5,119.5,0.0
65.5,119.5,0.0
66.5,119.5,0.0
67.5,119.5,0.0
68.5,119.5,0.0
69.5,119.5,0.0
70.5,119.5,0.0
71.5,119.5,0.0
72.5,119.5,0.0
73.5,119.5,0.0
74.5,119.5,0.0
75.5,119.5,0.0
76.5,119.5,0.0
77.5,119.5,0.0
78.5,119.5,0.0
79.5,119.5,0.0
80.5,119.5,0.0
81.5,119.5,0.0
82.5,119.5,0.0
83.5,119.5,0.0
84.5,119.5,0.0
85.5,119.5,0.0
86.5,119.5,0.0
87.5,119.5,0.0
88.5,119.5,0.0
89.5,119.5,0.0
90.5,119.5,0.0
91.5,119.5,0.0
92.5,119.5,0.0
93.5,119.5,0.0
94.5,119.5,0.0
95.5,119.5,0.0
96.5,119.5,0.0
97.5,119.5,0.0
98.5,119.5,0.0
99.5,119.5,0.0
100.5,119.5,0.0
101.5,119.5,0.0
102.5,119.5,0.0
103.5,119.5,0.0
104.5,119.5,0.0
105.5,119.5,0.0
106.5,119.5,0.0
107.5,119.5,0.0
108.5,119.5,0.0
109.5,119.5,0.0
110.5,119.5,0.0
111.5,119.5,0.0
112.5,119.5,0.0
113.5,119.5,0.0
114.5,119.5,0.0
115.5,119.5,0.0
116.5,119.5,0.0
117.5,119.5,0.0
118.5,119.5,0.0
119.5,119.5,0.0
120.5,119.5,0.0
121.5,119.5,0.0
122.5,119.5,0.0
123.5,119.5,0.0
124.5,119.5,0.0
125.5,119.5,0.0
126.5,119.5,0.0
127.5,119.5,0.0
128.5,119.5,0.0
129.5,119.5,0.0
130.5,119.5,0.0
131.5,119.5,0.0
132.5,119.5,0.0
133.5,119.5,0.0
134.5,119.5,0.0
135.5,119.5,0.0
136.5,119.5,0.0
137.5,119.5,0.0
138.5,119.5,0.0
139.5,119.5,0.0
140.5,119.5,0.0
141.5,119.5,0.0
142.5,119.5,0.0
143.5,119.5,0.0
144.5,119.5,0.0
145.5,119.5,0.0
146.5,119.5,0.0
147.5,119.5,0.0
148.5,119.5,0.0
149.5,119.5,0.0
150.5,119.5,0.0
151.5,119.5,0.0
152.5,119.5,0.0
153.5,119.5,0.0
154.5,119.5,0.0
155.5,119.5,0.0
156.5,119.5,0.0
157.5,119.5,0.0
158.5,119.5,0.0
159.5,119.5,0.0
160.5,119.5,0.0
161.5,119.5,0.0
162.5,119.5,0.0
163.5,119.5,0.0
164.5,119.5,0.0
165.5,119.5,0.0
166.5,119.5,0.0
167.5,119.5,0.0
168.5,119.5,0.0
169.5,119.5,0.0
170.5,119.5,0.0
171.5,119.5,0.0
172.5,119.5,0.0
173.5,119.5,0.0
174.5,119.5,0.0
175.5,119.5,0.0
176.5,119.5,0.0
177.5,119.5,0.0
178.5,119.5,0.0
179.5,119.5,0.0
180.5,119.5,0.0
181.5,119.5,0.0
182.5,119.5,0.0
183.5,119.5,0.0
184.5,119.5,0.0
185.5,119.5,0.0
186.5,119.5,0.0
187.5,119.5,0.0
188.5,119.5,0.0
189.5,119.5,0.0
190.5,119.5,0.0
191.5,119.5,0.0
192.5,119.5,0.0
193.5,119.5,0.0
194.5,119.5,0.0
195.5,119.5,0.0
196.5,119.5,0.0
197.5,119.5,0.0
198.5,119.5,0.0
199.5,119.5,0.0
0.5,120.5,0.0
1.5,120.5,0.0
2.5,120.5,0.0
3.5,120.5,0.0
4.5,120.5,0.0
5.5,120.5,0.0
6.5,120.5,0.0
7.5,120.5,0.0
8.5,120.5,0.0
9.5,120.5,0.0
10.5,120.5,0.0
11.5,120.5,0.0
12.5,120.5,0.0
13.5,120.5,0.0
14.5,120.5,0.0
15.5,120.5,0.0
16.5,120.5,0.0
17.5,120.5,0.0
18.5,120.5,0.0
19.5,120.5,0.0
20.5,120.5,0.0
21.5,120.5,0.0
22.5,120.5,0.0
23.5,120.5,0.0
24.5,120.5,0.0
25.5,120.5,0.0
26.5,120.5,0.0
27.5,120.5,0.0
28.5,120.5,0.0
29.5,120.5,0.0
30.5,120.5,0.0
31.5,120.5,0.0
32.5,120.5,0.0
33.5,120.5,0.0
34.5,120.5,0.0
35.5,120.5,0.0
36.5,120.5,0.0
37.5,120.5,0.0
38.5,120.5,0.0
39.5,120.5,0.0
40.5,120.5,0.0
41.5,120.5,0.0
42.5,120.5,0.0
43.5,120.5,0.0
44.5,120.5,0.0
45.5,120.5,0.0
46.5,120.5,0.0
47.5,120.5,0.0
48.5,120.5,0.0
49.5,120.5,0.0
50.5,120.5,0.0
51.5,120.5,0.0
52.5,120.5,0.0
53.5,120.5,0.0
54.5,120.5,0.0
55.5,120.5,0.0
56.5,120.5,0.0
57.5,120.5,0.0
58.5,120.5,0.0
59.5,120.5,0.0
60.5,120.5,0.0
61.5,120.5,0.0
62.5,120.5,0.0
63.5,120.5,0.0
64.5,120.5,0.0
65.5,120.5,0.0
66.5,120.5,0.0
67.5,120.5,0.0
68.5,120.5,0.0
69.5,120.5,0.0
70.5,120.5,0.0
71.5,120.5,0.0
72.5,120.5,0.0
73.5,120.5,0.0
74.5,120.5,0.0
75.5,120.5,0.0
76.5,120.5,0.0
77.5,120.5,0.0
78.5,120.5,0.0
79.5,120.5,0.0
80.5,120.5,0.0
81.5,120.5,0.0
82.5,120.5,0.0
83.5,120.5,0.0
84.5,120.5,0.0
85.5,120.5,0.0
86.5,120.5,0.0
87.5,120.5,0.0
88.5,120.5,0.0
89.5,120.5,0.0
90.5,120.5,0.0
91.5,120.5,0.0
92.5,120.5,0.0
93.5,120.5,0.0
94.5,120.5,0.0
95.5,120.5,0.0
96.5,120.5,0.0
97.5,120.5,0.0
98.5,120.5,0.0
99.5,120.5,0.0
100.5,120.5,0.0
101.5,120.5,0.0
102.5,120.5,0.0
103.5,120.5,0.0
104.5,120.5,0.0
105.5,120.5,0.0
106.5,120.5,0.0
107.5,120.5,0.0
108.5,120.5,0.0
109.5,120.5,0.0
110.5,120.5,0.0
111.5,120.5,0.0
112.5,120.5,0.0
113.5,120.5,0.0
114.5,120.5,0.0
115.5,120.5,0.0
116.5,120.5,0.0
117.5,120.5,0.0
118.5,120.5,0.0
119.5,120.5,0.0
120.5,120.5,0.0
121.5,120.5,0.0
122.5,120.5,0.0
123.5,120.5,0.0
124.5,120.5,0.0
125.5,120.5,0.0
126.5,120.5,0.0
127.5,120.5,0.0
128.5,120.5,0.0
129.5,120.5,0.0
130.5,120.5,0.0
131.5,120.5,0.0
132.5,120.5,0.0
133.5,120.5,0.0
134.5,120.5,0.0
135.5,120.5,0.0
136.5,120.5,0.0
137.5,120.5,0.0
138.5,120.5,0.0
139.5,120.5,0.0
140.5,120.5,0.0
141.5,120.5,0.0
142.5,120.5,0.0
143.5,120.5,0.0
144.5,120.5,0.0
145.5,120.5,0.0
146.5,120.5,0.0
147.5,120.5,0.0
148.5,120.5,0.0
149.5,120.5,0.0
150.5,120.5,0.0
151.5,120.5,0.0
152.5,120.5,0.0
153.5,120.5,0.0
154.5,120.5,0.0
155.5,120.5,0.0
156.5,120.5,0.0
157.5,120.5,0.0
158.5,120.5,0.0
159.5,120.5,0.0
160.5,120.5,0.0
161.5,120.5,0.0
162.5,120.5,0.0
163.5,120.5,0.0
164.5,120.5,0.0
165.5,120.5,0.0
166.5,120.5,0.0
167.5,120.5,0.0
168.5,120.5,0.0
169.5,120.5,0.0
170.5,120.5,0.0
171.5,120.5,0.0
172.5,120.5,0.0
173.5,120.5,0.0
174.5,120.5,0.0
175.5,120.5,0.0
176.5,120.5,0.0
177.5,120.5,0.0
178.5,120.5,0.0
179.5,120.5,0.0
180.5,120.5,0.0
181.5,120.5,0.0
182.5,120.5,0.0
183.5,120.5,0.0
184.5,120.5,0.0
185.5,120.5,0.0
186.5,120.5,0.0
187.5,120.5,0.0
188.5,120.5,0.0
189.5,120.5,0.0
190.5,120.5,0.0
191.5,120.5,0.0
192.5,120.5,0.0
193.5,120.5,0.0
194.5,120.5,0.0
195.5,120.5,0.0
196.5,120.5,0.0
197.5,120.5,0.0
198.5,120.5,0.0
199.5,120.5,0.0
0.5,121.5,0.0
1.5,121.5,0.0
2.5,121.5,0.0
3.5,121.5,0.0
4.5,121.5,0.0
5.5,121.5,0.0
6.5,121.5,0.0
7.5,121.5,0.0
8.5,121.5,0.0
9.5,121.5,0.0
10.5,121.5,0.0
11.5,121.5,0.0
12.5,121.5,0.0
13.5,121.5,0.0
14.5,121.5,0.0
15.5,121.5,0.0
16.5,121.5,0.0
17.5,121.5,0.0
18.5,121.5,0.0
19.5,121.5,0.0
20.5,121.5,0.0
21.5,121.5,0.0
22.5,121.5,0.0
23.5,121.5,0.0
24.5,121.5,0.0
25.5,121.5,0.0
26.5,121.5,0.0
27.5,121.5,0.0
28.5,121.5,0.0
29.5,121.5,0.0
30.5,121.5,0.0
31.5,121.5,0.0
32.5,121.5,0.0
33.5,121.5,0.0
34.5,121.5,0.0
35.5,121.5,0.0
36.5,121.5,0.0
37.5,121.5,0.0
38.5,121.5,0.0
39.5,121.5,0.0
40.5,121.5,0.0
41.5,121.5,0.0
42.5,121.5,0.0
43.5,121.5,0.0
44.5,121.5,0.0
45.5,121.5,0.0
46.5,121.5,0.0
47.5,121.5,0.0
48.5,121.5,0.0
49.5,121.5,0.0
50.5,121.5,0.0
51.5,121.5,0.0
52.5,121.5,0.0
53.5,121.5,0.0
54.5,121.5,0.0
55.5,121.5,0.0
56.5,121.5,0.0
57.5,121.5,0.0
58.5,121.5,0.0
59.5,121.5,0.0
60.5,121.5,0.0
61.5,121.5,0.0
62.5,121.5,0.0
63.5,121.5,0.0
64.5,121.5,0.0
65.5,121.5,0.0
66.5,121.5,0.0
67.5,121.5,0.0
68.5,121.5,0.0
69.5,121.5,0.0
70.5,121.5,0.0
71.5,121.5,0.0
72.5,121.5,0.0
73.5,121.5,0.0
74.5,121.5,0.0
75.5,121.5,0.0
76.5,121.5,0.0
77.5,121.5,0.0
78.5,121.5,0.0
79.5,121.5,0.0
80.5,121.5,0.0
81.5,121.5,0.0
82.5,121.5,0.0
83.5,121.5,0.0
84.5,121.5,0.0
85.5,121.5,0.0
86.5,121.5,0.0
87.5,121.5,0.0
88.5,121.5,0.0
89.5,121.5,0.0
90.5,121.5,0.0
91.5,121.5,0.0
92.5,121.5,0.0
93.5,121.5,0.0
94.5,121.5,0.0
95.5,121.5,0.0
96.5,121.5,0.0
97.5,121.5,0.0
98.5,121.5,0.0
99.5,121.5,0.0
100.5,121.5,0.0
101.5,121.5,0.0
102.5,121.5,0.0
103.5,121.5,0.0
104.5,121.5,0.0
105.5,121.5,0.0
106.5,121.5,0.0
107.5,121.5,0.0
108.5,121.5,0.0
109.5,121.5,0.0
110.5,121.5,0.0
111.5,121.5,0.0
112.5,121.5,0.0
113.5,121.5,0.0
114.5,121.5,0.0
115.5,121.5,0.0
116.5,121.5,0.0
117.5,121.5,0.0
118.5,121.5,0.0
119.5,121.5,0.0
120.5,121.5,0.0
121.5,121.5,0.0
122.5,121.5,0.0
123.5,121.5,0.0
124.5,121.5,0.0
125.5,121.5,0.0
126.5,121.5,0.0
127.5,121.5,0.0
128.5,121.5,0.0
129.5,121.5,0.0
130.5,121.5,0.0
131.5,121.5,0.0
132.5,121.5,0.0
133.5,121.5,0.0
134.5,121.5,0.0
135.5,121.5,0.0
136.5,121.5,0.0
137.5,121.5,0.0
138.5,121.5,0.0
139.5,121.5,0.0
140.5,121.5,0.0
141.5,121.5,0.0
142.5,121.5,0.0
143.5,121.5,0.0
144.5,121.5,0.0
145.5,121.5,0.0
146.5,121.5,0.0
147.5,121.5,0.0
148.5,121.5,0.0
149.5,121.5,0.0
150.5,121.5,0.0
151.5,121.5,0.0
152.5,121.5,0.0
153.5,121.5,0.0
154.5,121.5,0.0
155.5,121.5,0.0
156.5,121.5,0.0
157.5,121.5,0.0
158.5,121.5,0.0
159.5,121.5,0.0
160.5,121.5,0.0
161.5,121.5,0.0
162.5,121.5,0.0
163.5,121.5,0.0
164.5,121.5,0.0
165.5,121.5,0.0
166.5,121.5,0.0
167.5,121.5,0.0
168.5,121.5,0.0
169.5,121.5,0.0
170.5,121.5,0.0
171.5,121.5,0.0
172.5,121.5,0.0
173.5,121.5,0.0
174.5,121.5,0.0
175.5,121.5,0.0
176.5,121.5,0.0
177.5,121.5,0.0
178.5,121.5,0.0
179.5,121.5,0.0
180.5,121.5,0.0
181.5,121.5,0.0
182.5,121.5,0.0
183.5,121.5,0.0
184.5,121.5,0.0
185.5,121.5,0.0
186.5,121.5,0.0
187.5,121.5,0.0
188.5,121.5,0.0
189.5,121.5,0.0
190.5,121.5,0.0
191.5,121.5,0.0
192.5,121.5,0.0
193.5,121.5,0.0
194.5,121.5,0.0
195.5,121.5,0.0
196.5,121.5,0.0
197.5,121.5,0.0
198.5,121.5,0.0
199.5,121.5,0.0
0.5,122.5,0.0
1.5,122.5,0.0
2.5,122.5,0.0
3.5,122.5,0.0
4.5,122.5,0.0
5.5,122.5,0.0
6.5,122.5,0.0
7.5,122.5,0.0
8.5,122.5,0.0
9.5,122.5,0.0
10.5,122.5,0.0
11.5,122.5,0.0
12.5,122.5,0.0
13.5,122.5,0.0
14.5,122.5,0.0
15.5,122.5,0.0
16.5,122.5,0.0
17.5,122.5,0.0
18.5,122.5,0.0
19.5,122.5,0.0
20.5,122.5,0.0
21.5,122.5,0.0
22.5,122.5,0.0
23.5,122.5,0.0
24.5,122.5,0.0
25.5,122.5,0.0
26.5,122.5,0.0
27.5,122.5,0.0
28.5,122.5,0.0
29.5,122.5,0.0
30.5,122.5,0.0
31.5,122.5,0.0
32.5,122.5,0.0
33.5,122.5,0.0
34.5,122.5,0.0
35.5,122.5,0.0
36.5,122.5,0.0
37.5,122.5,0.0
38.5,122.5,0.0
39.5,122.5,0.0
40.5,122.5,0.0
41.5,122.5,0.0
42.5,122.5,0.0
43.5,122.5,0.0
44.5,122.5,0.0
45.5,122.5,0.0
46.5,122.5,0.0
47.5,122.5,0.0
48.5,122.5,0.0
49.5,122.5,0.0
50.5,122.5,0.0
51.5,122.5,0.0
52.5,122.5,0.0
53.5,122.5,0.0
54.5,122.5,0.0
55.5,122.5,0.0
56.5,122.5,0.0
57.5,122.5,0.0
58.5,122.5,0.0
59.5,122.5,0.0
60.5,122.5,0.0
61.5,122.5,0.0
62.5,122.5,0.0
63.5,122.5,0.0
64.5,122.5,0.0
65.5,122.5,0.0
66.5,122.5,0.0
67.5,122.5,0.0
68.5,122.5,0.0
69.5,122.5,0.0
70.5,122.5,0.0
71.5,122.5,0.0
72.5,122.5,0.0
73.5,122.5,0.0
74.5,122.5,0.0
75.5,122.5,0.0
76.5,122.5,0.0
77.5,122.5,0.0
78.5,122.5,0.0
79.5,122.5,0.0
80.5,122.5,0.0
81.5,122.5,0.0
82.5,122.5,0.0
83.5,122.5,0.0
84.5,122.5,0.0
85.5,122.5,0.0
86.5,122.5,0.0
87.5,122.5,0.0
88.5,122.5,0.0
89.5,122.5,0.0
90.5,122.5,0.0
91.5,122.5,0.0
92.5,122.5,0.0
93.5,122.5,0.0
94.5,122.5,0.0
95.5,122.5,0.0
96.5,122.5,0.0
97.5,122.5,0.0
98.5,122.5,0.0
99.5,122.5,0.0
100.5,122.5,0.0
101.5,122.5,0.0
102.5,122.5,0.0
103.5,122.5,0.0
104.5,122.5,0.0
105.5,122.5,0.0
106.5,122.5,0.0
107.5,122.5,0.0
108.5,122.5,0.0
109.5,122.5,0.0
110.5,122.5,0.0
111.5,122.5,0.0
112.5,122.5,0.0
113.5,122.5,0.0
114.5,122.5,0.0
115.5,122.5,0.0
116.5,122.5,0.0
117.5,122.5,0.0
118.5,122.5,0.0
119.5,122.5,0.0
120.5,122.5,0.0
121.5,122.5,0.0
122.5,122.5,0.0
123.5,122.5,0.0
124.5,122.5,0.0
125.5,122.5,0.0
126.5,122.5,0.0
127.5,122.5,0.0
128.5,122.5,0.0
129.5,122.5,0.0
130.5,122.5,0.0
131.5,122.5,0.0
132.5,122.5,0.0
133.5,122.5,0.0
134.5,122.5,0.0
135.5,122.5,0.0
136.5,122.5,0.0
137.5,122.5,0.0
138.5,122.5,0.0
139.5,122.5,0.0
140.5,122.5,0.0
141.5,122.5,0.0
142.5,122.5,0.0
143.5,122.5,0.0
144.5,122.5,0.0
145.5,122.5,0.0
146.5,122.5,0.0
147.5,122.5,0.0
148.5,122.5,0.0
149.5,122.5,0.0
150.5,122.5,0.0
151.5,122.5,0.0
152.5,122.5,0.0
153.5,122.5,0.0
154.5,122.5,0.0
155.5,122.5,0.0
156.5,122.5,0.0
157.5,122.5,0.0
158.5,122.5,0.0
159.5,122.5,0.0
160.5,122.5,0.0
161.5,122.5,0.0
162.5,122.5,0.0
163.5,122.5,0.0
164.5,122.5,0.0
165.5,122.5,0.0
166.5,122.5,0.0
167.5,122.5,0.0
168.5,122.5,0.0
169.5,122.5,0.0
170.5,122.5,0.0
171.5,122.5,0.0
172.5,122.5,0.0
173.5,122.5,0.0
174.5,122.5,0.0
175.5,122.5,0.0
176.5,122.5,0.0
177.5,122.5,0.0
178.5,122.5,0.0
179.5,122.5,0.0
180.5,122.5,0.0
181.5,122.5,0.0
182.5,122.5,0.0
183.5,122.5,0.0
184.5,122.5,0.0
185.5,122.5,0.0
186.5,122.5,0.0
187.5,122.5,0.0
188.5,122.5,0.0
189.5,122.5,0.0
190.5,122.5,0.0
191.5,122.5,0.0
192.5,122.5,0.0
193.5,122.5,0.0
194.5,122.5,0.0
195.5,122.5,0.0
196.5,122.5,0.0
197.5,122.5,0.0
198.5,122.5,0.0
199.5,122.5,0.0
0.5,123.5,0.0
1.5,123.5,0.0
2.5,123.5,0.0
3.5,123.5,0.0
4.5,123.5,0.0
5.5,123.5,0.0
6.5,123.5,0.0
7.5,123.5,0.0
8.5,123.5,0.0
9.5,123.5,0.0
10.5,123.5,0.0
11.5,123.5,0.0
12.5,123.5,0.0
13.5,123.5,0.0
14.5,123.5,0.0
15.5,123.5,0.0
16.5,123.5,0.0
17.5,123.5,0.0
18.5,123.5,0.0
19.5,123.5,0.0
20.5,123.5,0.0
21.5,123.5,0.0
22.5,123.5,0.0
23.5,123.5,0.0
24.5,123.5,0.0
25.5,123.5,0.0
26.5,123.5,0.0
27.5,123.5,0.0
28.5,123.5,0.0
29.5,123.5,0.0
30.5,123.5,0.0
31.5,123.5,0.0
32.5,123.5,0.0
33.5,123.5,0.0
34.5,123.5,0.0
35.5,123.5,0.0
36.5,123.5,0.0
37.5,123.5,0.0
38.5,123.5,0.0
39.5,123.5,0.0
40.5,123.5,0.0
41.5,123.5,0.0
42.5,123.5,0.0
43.5,123.5,0.0
44.5,123.5,0.0
45.5,123.5,0.0
46.5,123.5,0.0
47.5,123.5,0.0
48.5,123.5,0.0
49.5,123.5,0.0
50.5,123.5,0.0
51.5,123.5,0.0
52.5,123.5,0.0
53.5,123.5,0.0
54.5,123.5,0.0
55.5,123.5,0.0
56.5,123.5,0.0
57.5,123.5,0.0
58.5,123.5,0.0
59.5,123.5,0.0
60.5,123.5,0.0
61.5,123.5,0.0
62.5,123.5,0.0
63.5,123.5,0.0
64.5,123.5,0.0
65.5,123.5,0.0
66.5,123.5,0.0
67.5,123.5,0.0
68.5,123.5,0.0
69.5,123.5,0.0
70.5,123.5,0.0
71.5,123.5,0.0
72.5,123.5,0.0
73.5,123.5,0.0
74.5,123.5,0.0
75.5,123.5,0.0
76.5,123.5,0.0
77.5,123.5,0.0
78.5,123.5,0.0
79.5,123.5,0.0
80.5,123.5,0.0
81.5,123.5,0.0
82.5,123.5,0.0
83.5,123.5,0.0
84.5,123.5,0.0
85.5,123.5,0.0
86.5,123.5,0.0
87.5,123.5,0.0
88.5,123.5,0.0
89.5,123.5,0.0
90.5,123.5,0.0
91.5,123.5,0.0
92.5,123.5,0.0
93.5,123.5,0.0
94.5,123.5,0.0
95.5,123.5,0.0
96.5,123.5,0.0
97.5,123.5,0.0
98.5,123.5,0.0
99.5,123.5,0.0
100.5,123.5,0.0
101.5,123.5,0.0
102.5,123.5,0.0
103.5,123.5,0.0
104.5,123.5,0.0
105.5,123.5,0.0
106.5,123.5,0.0
107.5,123.5,0.0
108.5,123.5,0.0
109.5,123.5,0.0
110.5,123.5,0.0
111.5,123.5,0.0
112.5,123.5,0.0
113.5,123.5,0.0
114.5,123.5,0.0
115.5,123.5,0.0
116.5,123.5,0.0
117.5,123.5,0.0
118.5,123.5,0.0
119.5,123.5,0.0
120.5,123.5,0.0
121.5,123.5,0.0
122.5,123.5,0.0
123.5,123.5,0.0
124.5,123.5,0.0
125.5,123.5,0.0
126.5,123.5,0.0
127.5,123.5,0.0
128.5,123.5,0.0
129.5,123.5,0.0
130.5,123.5,0.0
131.5,123.5,0.0
132.5,123.5,0.0
133.5,123.5,0.0
134.5,123.5,0.0
135.5,123.5,0.0
136.5,123.5,0.0
137.5,123.5,0.0
138.5,123.5,0.0
139.5,123.5,0.0
140.5,123.5,0.0
141.5,123.5,0.0
142.5,123.5,0.0
143.5,123.5,0.0
144.5,123.5,0.0
145.5,123.5,0.0
146.5,123.5,0.0
147.5,123.5,0.0
148.5,123.5,0.0
149.5,123.5,0.0
150.5,123.5,0.0
151.5,123.5,0.0
152.5,123.5,0.0
153.5,123.5,0.0
154.5,123.5,0.0
155.5,123.5,0.0
156.5,123.5,0.0
157.5,123.5,0.0
158.5,123.5,0.0
159.5,123.5,0.0
160.5,123.5,0.0
161.5,123.5,0.0
162.5,123.5,0.0
163.5,123.5,0.0
164.5,123.5,0.0
165.5,123.5,0.0
166.5,123.5,0.0
167.5,123.5,0.0
168.5,123.5,0.0
169.5,123.5,0.0
170.5,123.5,0.0
171.5,123.5,0.0
172.5,123.5,0.0
173.5,123.5,0.0
174.5,123.5,0.0
175.5,123.5,0.0
176.5,123.5,0.0
177.5,123.5,0.0
178.5,123.5,0.0
179.5,123.5,0.0
180.5,123.5,0.0
181.5,123.5,0.0
182.5,123.5,0.0
183.5,123.5,0.0
184.5,123.5,0.0
185.5,123.5,0.0
186.5,123.5,0.0
187.5,123.5,0.0
188.5,123.5,0.0
189.5,123.5,0.0
190.5,123.5,0.0
191.5,123.5,0.0
192.5,123.5,0.0
193.5,123.5,0.0
194.5,123.5,0.0
195.5,123.5,0.0
196.5,123.5,0.0
197.5,123.5,0.0
198.5,123.5,0.0
199.5,123.5,0.0
0.5,124.5,0.0
1.5,124.5,0.0
2.5,124.5,0.0
3.5,124.5,0.0
4.5,124.5,0.0
5.5,124.5,0.0
6.5,124.5,0.0
7.5,124.5,0.0
8.5,124.5,0.0
9.5,124.5,0.0
10.5,124.5,0.0
11.5,124.5,0.0
12.5,124.5,0.0
13.5,124.5,0.0
14.5,124.5,0.0
15.5,124.5,0.0
16.5,124.5,0.0
17.5,124.5,0.0
18.5,124.5,0.0
19.5,124.5,0.0
20.5,124.5,0.0
21.5,124.5,0.0
22.5,124.5,0.0
23.5,124.5,0.0
24.5,124.5,0.0
25.5,124.5,0.0
26.5,124.5,0.0
27.5,124.5,0.0
28.5,124.5,0.0
29.5,124.5,0.0
30.5,124.5,0.0
31.5,124.5,0.0
32.5,124.5,0.0
33.5,124.5,0.0
34.5,124.5,0.0
35.5,124.5,0.0
36.5,124.5,0.0
37.5,124.5,0.0
38.5,124.5,0.0
39.5,124.5,0.0
40.5,124.5,0.0
41.5,124.5,0.0
42.5,124.5,0.0
43.5,124.5,0.0
44.5,124.5,0.0
45.5,124.5,0.0
46.5,124.5,0.0
47.5,124.5,0.0
48.5,124.5,0.0
49.5,124.5,0.0
50.5,124.5,0.0
51.5,124.5,0.0
52.5,124.5,0.0
53.5,124.5,0.0
54.5,124.5,0.0
55.5,124.5,0.0
56.5,124.5,0.0
57.5,124.5,0.0
58.5,124.5,0.0
59.5,124.5,0.0
60.5,124.5,0.0
61.5,124.5,0.0
62.5,124.5,0.0
63.5,124.5,0.0
64.5,124.5,0.0
65.5,124.5,0.0
66.5,124.5,0.0
67.5,124.5,0.0
68.5,124.5,0.0
69.5,124.5,0.0
70.5,124.5,0.0
71.5,124.5,0.0
72.5,124.5,0.0
73.5,124.5,0.0
74.5,124.5,0.0
75.5,124.5,0.0
76.5,124.5,0.0
77.5,124.5,0.0
78.5,124.5,0.0
79.5,124.5,0.0
80.5,124.5,0.0
81.5,124.5,0.0
82.5,124.5,0.0
83.5,124.5,0.0
84.5,124.5,0.0
85.5,124.5,0.0
86.5,124.5,0.0
87.5,124.5,0.0
88.5,124.5,0.0
89.5,124.5,0.0
90.5,124.5,0.0
91.5,124.5,0.0
92.5,124.5,0.0
93.5,124.5,0.0
94.5,124.5,0.0
95.5,124.5,0.0
96.5,124.5,0.0
97.5,124.5,0.0
98.5,124.5,0.0
99.5,124.5,0.0
100.5,124.5,0.0
101.5,124.5,0.0
102.5,124.5,0.0
103.5,124.5,0.0
104.5,124.5,0.0
105.5,124.5,0.0
106.5,124.5,0.0
107.5,124.5,0.0
108.5,124.5,0.0
109.5,124.5,0.0
110.5,124.5,0.0
111.5,124.5,0.0
112.5,124.5,0.0
113.5,124.5,0.0
114.5,124.5,0.0
115.5,124.5,0.0
116.5,124.5,0.0
117.5,124.5,0.0
118.5,124.5,0.0
119.5,124.5,0.0
120.5,124.5,0.0
121.5,124.5,0.0
122.5,124.5,0.0
123.5,124.5,0.0
124.5,124.5,0.0
125.5,124.5,0.0
126.5,124.5,0.0
127.5,124.5,0.0
128.5,124.5,0.0
129.5,124.5,0.0
130.5,124.5,0.0
131.5,124.5,0.0
132.5,124.5,0.0
133.5,124.5,0.0
134.5,124.5,0.0
135.5,124.5,0.0
136.5,124.5,0.0
137.5,124.5,0.0
138.5,124.5,0.0
139.5,124.5,0.0
140.5,124.5,0.0
141.5,124.5,0.0
142.5,124.5,0.0
143.5,124.5,0.0
144.5,124.5,0.0
145.5,124.5,0.0
146.5,124.5,0.0
147.5,124.5,0.0
148.5,124.5,0.0
149.5,124.5,0.0
150.5,124.5,0.0
151.5,124.5,0.0
152.5,124.5,0.0
153.5,124.5,0.0
154.5,124.5,0.0
155.5,124.5,0.0
156.5,124.5,0.0
157.5,124.5,0.0
158.5,124.5,0.0
159.5,124.5,0.0
160.5,124.5,0.0
161.5,124.5,0.0
162.5,124.5,0.0
163.5,124.5,0.0
164.5,124.5,0.0
165.5,124.5,0.0
166.5,124.5,0.0
167.5,124.5,0.0
168.5,124.5,0.0
169.5,124.5,0.0
170.5,124.5,0.0
171.5,124.5,0.0
172.5,124.5,0.0
173.5,124.5,0.0
174.5,124.5,0.0
175.5,124.5,0.0
176.5,124.5,0.0
177.5,124.5,0.0
178.5,124.5,0.0
179.5,124.5,0.0
180.5,124.5,0.0
181.5,124.5,0.0
182.5,124.5,0.0
183.5,124.5,0.0
184.5,124.5,0.0
185.5,124.5,0.0
186.5,124.5,0.0
187.5,124.5,0.0
188.5,124.5,0.0
189.5,124.5,0.0
190.5,124.5,0.0
191.5,124.5,0.0
192.5,124.5,0.0
193.5,124.5,0.0
194.5,124.5,0.0
195.5,124.5,0.0
196.5,124.5,0.0
197.5,124.5,0.0
198.5,124.5,0.0
199.5,124.5,0.0
0.5,125.5,0.0
1.5,125.5,0.0
2.5,125.5,0.0
3.5,125.5,0.0
4.5,125.5,0.0
5.5,125.5,0.0
6.5,125.5,0.0
7.5,125.5,0.0
8.5,125.5,0.0
9.5,125.5,0.0
10.5,125.5,0.0
11.5,125.5,0.0
12.5,125.5,0.0
13.5,125.5,0.0
14.5,125.5,0.0
15.5,125.5,0.0
16.5,125.5,0.0
17.5,125.5,0.0
18.5,125.5,0.0
19.5,125.5,0.0
20.5,125.5,0.0
21.5,125.5,0.0
22.5,125.5,0.0
23.5,125.5,0.0
24.5,125.5,0.0
25.5,125.5,0.0
26.5,125.5,0.0
27.5,125.5,0.0
28.5,125.5,0.0
29.5,125.5,0.0
30.5,125.5,0.0
31.5,125.5,0.0
32.5,125.5,0.0
33.5,125.5,0.0
34.5,125.5,0.0
35.5,125.5,0.0
36.5,125.5,0.0
37.5,125.5,0.0
38.5,125.5,0.0
39.5,125.5,0.0
40.5,125.5,0.0
41.5,125.5,0.0
42.5,125.5,0.0
43.5,125.5,0.0
44.5,125.5,0.0
45.5,125.5,0.0
46.5,125.5,0.0
47.5,125.5,0.0
48.5,125.5,0.0
49.5,125.5,0.0
50.5,125.5,0.0
51.5,125.5,0.0
52.5,125.5,0.0
53.5,125.5,0.0
54.5,125.5,0.0
55.5,125.5,0.0
56.5,125.5,0.0
57.5,125.5,0.0
58.5,125.5,0.0
59.5,125.5,0.0
60.5,125.5,0.0
61.5,125.5,0.0
62.5,125.5,0.0
63.5,125.5,0.0
64.5,125.5,0.0
65.5,125.5,0.0
66.5,125.5,0.0
67.5,125.5,0.0
68.5,125.5,0.0
69.5,125.5,0.0
70.5,125.5,0.0
71.5,125.5,0.0
72.5,125.5,0.0
73.5,125.5,0.0
74.5,125.5,0.0
75.5,125.5,0.0
76.5,125.5,0.0
77.5,125.5,0.0
78.5,125.5,0.0
79.5,125.5,0.0
80.5,125.5,0.0
81.5,125.5,0.0
82.5,125.5,0.0
83.5,125.5,0.0
84.5,125.5,0.0
85.5,125.5,0.0
86.5,125.5,0.0
87.5,125.5,0.0
88.5,125.5,0.0
89.5,125.5,0.0
90.5,125.5,0.0
91.5,125.5,0.0
92.5,125.5,0.0
93.5,125.5,0.0
94.5,125.5,0.0
95.5,125.5,0.0
96.5,125.5,0.0
97.5,125.5,0.0
98.5,125.5,0.0
99.5,125.5,0.0
100.5,125.5,0.0
101.5,125.5,0.0
102.5,125.5,0.0
103.5,125.5,0.0
104.5,125.5,0.0
105.5,125.5,0.0
106.5,125.5,0.0
107.5,125.5,0.0
108.5,125.5,0.0
109.5,125.5,0.0
110.5,125.5,0.0
111.5,125.5,0.0
112.5,125.5,0.0
113.5,125.5,0.0
114.5,125.5,0.0
115.5,125.5,0.0
116.5,125.5,0.0
117.5,125.5,0.0
118.5,125.5,0.0
119.5,125.5,0.0
120.5,125.5,0.0
121.5,125.5,0.0
122.5,125.5,0.0
123.5,125.5,0.0
124.5,125.5,0.0
125.5,125.5,0.0
126.5,125.5,0.0
127.5,125.5,0.0
128.5,125.5,0.0
129.5,125.5,0.0
130.5,125.5,0.0
131.5,125.5,0.0
132.5,125.5,0.0
133.5,125.5,0.0
134.5,125.5,0.0
135.5,125.5,0.0
136.5,125.5,0.0
137.5,125.5,0.0
138.5,125.5,0.0
139.5,125.5,0.0
140.5,125.5,0.0
141.5,125.5,0.0
142.5,125.5,0.0
143.5,125.5,0.0
144.5,125.5,0.0
145.5,125.5,0.0
146.5,125.5,0.0
147.5,125.5,0.0
148.5,125.5,0.0
149.5,125.5,0.0
150.5,125.5,0.0
151.5,125.5,0.0
152.5,125.5,0.0
153.5,125.5,0.0
154.5,125.5,0.0
155.5,125.5,0.0
156.5,125.5,0.0
157.5,125.5,0.0
158.5,125.5,0.0
159.5,125.5,0.0
160.5,125.5,0.0
161.5,125.5,0.0
162.5,125.5,0.0
163.5,125.5,0.0
164.5,125.5,0.0
165.5,125.5,0.0
166.5,125.5,0.0
167.5,125.5,0.0
168.5,125.5,0.0
169.5,125.5,0.0
170.5,125.5,0.0
171.5,125.5,0.0
172.5,125.5,0.0
173.5,125.5,0.0
174.5,125.5,0.0
175.5,125.5,0.0
176.5,125.5,0.0
177.5,125.5,0.0
178.5,125.5,0.0
179.5,125.5,0.0
180.5,125.5,0.0
181.5,125.5,0.0
182.5,125.5,0.0
183.5,125.5,0.0
184.5,125.5,0.0
185.5,125.5,0.0
186.5,125.5,0.0
187.5,125.5,0.0
188.5,125.5,0.0
189.5,125.5,0.0
190.5,125.5,0.0
191.5,125.5,0.0
192.5,125.5,0.0
193.5,125.5,0.0
194.5,125.5,0.0
195.5,125.5,0.0
196.5,125.5,0.0
197.5,125.5,0.0
198.5,125.5,0.0
199.5,125.5,0.0
0.5,126.5,0.0
1.5,126.5,0.0
2.5,126.5,0.0
3.5,126.5,0.0
4.5,126.5,0.0
5.5,126.5,0.0
6.5,126.5,0.0
7.5,126.5,0.0
8.5,126.5,0.0
9.5,126.5,0.0
10.5,126.5,0.0
11.5,126.5,0.0
12.5,126.5,0.0
13.5,126.5,0.0
14.5,126.5,0.0
15.5,126.5,0.0
16.5,126.5,0.0
17.5,126.5,0.0
18.5,126.5,0.0
19.5,126.5,0.0
20.5,126.5,0.0
21.5,126.5,0.0
22.5,126.5,0.0
23.5,126.5,0.0
24.5,126.5,0.0
25.5,126.5,0.0
26.5,126.5,0.0
27.5,126.5,0.0
28.5,126.5,0.0
29.5,126.5,0.0
30.5,126.5,0.0
31.5,126.5,0.0
32.5,126.5,0.0
33.5,126.5,0.0
34.5,126.5,0.0
35.5,126.5,0.0
36.5,126.5,0.0
37.5,126.5,0.0
38.5,126.5,0.0
39.5,126.5,0.0
40.5,126.5,0.0
41.5,126.5,0.0
42.5,126.5,0.0
43.5,126.5,0.0
44.5,126.5,0.0
45.5,126.5,0.0
46.5,126.5,0.0
47.5,126.5,0.0
48.5,126.5,0.0
49.5,126.5,0.0
50.5,126.5,0.0
51.5,126.5,0.0
52.5,126.5,0.0
53.5,126.5,0.0
54.5,126.5,0.0
55.5,126.5,0.0
56.5,126.5,0.0
57.5,126.5,0.0
58.5,126.5,0.0
59.5,126.5,0.0
60.5,126.5,0.0
61.5,126.5,0.0
62.5,126.5,0.0
63.5,126.5,0.0
64.5,126.5,0.0
65.5,126.5,0.0
66.5,126.5,0.0
67.5,126.5,0.0
68.5,126.5,0.0
69.5,126.5,0.0
70.5,126.5,0.0
71.5,126.5,0.0
72.5,126.5,0.0
73.5,126.5,0.0
74.5,126.5,0.0
75.5,126.5,0.0
76.5,126.5,0.0
77.5,126.5,0.0
78.5,126.5,0.0
79.5,126.5,0.0
80.5,126.5,0.0
81.5,126.5,0.0
82.5,126.5,0.0
83.5,126.5,0.0
84.5,126.5,0.0
85.5,126.5,0.0
86.5,126.5,0.0
87.5,126.5,0.0
88.5,126.5,0.0
89.5,126.5,0.0
90.5,126.5,0.0
91.5,126.5,0.0
92.5,126.5,0.0
93.5,126.5,0.0
94.5,126.5,0.0
95.5,126.5,0.0
96.5,126.5,0.0
97.5,126.5,0.0
98.5,126.5,0.0
99.5,126.5,0.0
100.5,126.5,0.0
101.5,126.5,0.0
102.5,126.5,0.0
103.5,126.5,0.0
104.5,126.5,0.0
105.5,126.5,0.0
106.5,126.5,0.0
107.5,126.5,0.0
108.5,126.5,0.0
109.5,126.5,0.0
110.5,126.5,0.0
111.5,126.5,0.0
112.5,126.5,0.0
113.5,126.5,0.0
114.5,126.5,0.0
115.5,126.5,0.0
116.5,126.5,0.0
117.5,126.5,0.0
118.5,126.5,0.0
119.5,126.5,0.0
120.5,126.5,0.0
121.5,126.5,0.0
122.5,126.5,0.0
123.5,126.5,0.0
124.5,126.5,0.0
125.5,126.5,0.0
126.5,126.5,0.0
127.5,126.5,0.0
128.5,126.5,0.0
129.5,126.5,0.0
130.5,126.5,0.0
131.5,126.5,0.0
132.5,126.5,0.0
133.5,126.5,0.0
134.5,126.5,0.0
135.5,126.5,0.0
136.5,126.5,0.0
137.5,126.5,0.0
138.5,126.5,0.0
139.5,126.5,0.0
140.5,126.5,0.0
141.5,126.5,0.0
142.5,126.5,0.0
143.5,126.5,0.0
144.5,126.5,0.0
145.5,126.5,0.0
146.5,126.5,0.0
147.5,126.5,0.0
148.5,126.5,0.0
149.5,126.5,0.0
150.5,126.5,0.0
151.5,126.5,0.0
152.5,126.5,0.0
153.5,126.5,0.0
154.5,126.5,0.0
155.5,126.5,0.0
156.5,126.5,0.0
157.5,126.5,0.0
158.5,126.5,0.0
159.5,126.5,0.0
160.5,126.5,0.0
161.5,126.5,0.0
162.5,126.5,0.0
163.5,126.5,0.0
164.5,126.5,0.0
165.5,126.5,0.0
166.5,126.5,0.0
167.5,126.5,0.0
168.5,126.5,0.0
169.5,126.5,0.0
170.5,126.5,0.0
171.5,126.5,0.0
172.5,126.5,0.0
173.5,126.5,0.0
174.5,126.5,0.0
175.5,126.5,0.0
176.5,126.5,0.0
177.5,126.5,0.0
178.5,126.5,0.0
179.5,126.5,0.0
180.5,126.5,0.0
181.5,126.5,0.0
182.5,126.5,0.0
183.5,126.5,0.0
184.5,126.5,0.0
185.5,126.5,0.0
186.5,126.5,0.0
187.5,126.5,0.0
188.5,126.5,0.0
189.5,126.5,0.0
190.5,126.5,0.0
191.5,126.5,0.0
192.5,126.5,0.0
193.5,126.5,0.0
194.5,126.5,0.0
195.5,126.5,0.0
196.5,126.5,0.0
197.5,126.5,0.0
198.5,126.5,0.0
199.5,126.5,0.0
0.5,127.5,0.0
1.5,127.5,0.0
2.5,127.5,0.0
3.5,127.5,0.0
4.5,127.5,0.0
5.5,127.5,0.0
6.5,127.5,0.0
7.5,127.5,0.0
8.5,127.5,0.0
9.5,127.5,0.0
10.5,127.5,0.0
11.5,127.5,0.0
12.5,127.5,0.0
13.5,127.5,0.0
14.5,127.5,0.0
15.5,127.5,0.0
16.5,127.5,0.0
17.5,127.5,0.0
18.5,127.5,0.0
19.5,127.5,0.0
20.5,127.5,0.0
21.5,127.5,0.0
22.5,127.5,0.0
23.5,127.5,0.0
24.5,127.5,0.0
25.5,127.5,0.0
26.5,127.5,0.0
27.5,127.5,0.0
28.5,127.5,0.0
29.5,127.5,0.0
30.5,127.5,0.0
31.5,127.5,0.0
32.5,127.5,0.0
33.5,127.5,0.0
34.5,127.5,0.0
35.5,127.5,0.0
36.5,127.5,0.0
37.5,127.5,0.0
38.5,127.5,0.0
39.5,127.5,0.0
40.5,127.5,0.0
41.5,127.5,0.0
42.5,127.5,0.0
43.5,127.5,0.0
44.5,127.5,0.0
45.5,127.5,0.0
46.5,127.5,0.0
47.5,127.5,0.0
48.5,127.5,0.0
49.5,127.5,0.0
50.5,127.5,0.0
51.5,127.5,0.0
52.5,127.5,0.0
53.5,127.5,0.0
54.5,127.5,0.0
55.5,127.5,0.0
56.5,127.5,0.0
57.5,127.5,0.0
58.5,127.5,0.0
59.5,127.5,0.0
60.5,127.5,0.0
61.5,127.5,0.0
62.5,127.5,0.0
63.5,127.5,0.0
64.5,127.5,0.0
65.5,127.5,0.0
66.5,127.5,0.0
67.5,127.5,0.0
68.5,127.5,0.0
69.5,127.5,0.0
70.5,127.5,0.0
71.5,127.5,0.0
72.5,127.5,0.0
73.5,127.5,0.0
74.5,127.5,0.0
75.5,127.5,0.0
76.5,127.5,0.0
77.5,127.5,0.0
78.5,127.5,0.0
79.5,127.5,0.0
80.5,127.5,0.0
81.5,127.5,0.0
82.5,127.5,0.0
83.5,127.5,0.0
84.5,127.5,0.0
85.5,127.5,0.0
86.5,127.5,0.0
87.5,127.5,0.0
88.5,127.5,0.0
89.5,127.5,0.0
90.5,127.5,0.0
91.5,127.5,0.0
92.5,127.5,0.0
93.5,127.5,0.0
94.5,127.5,0.0
95.5,127.5,0.0
96.5,127.5,0.0
97.5,127.5,0.0
98.5,127.5,0.0
99.5,127.5,0.0
100.5,127.5,0.0
101.5,127.5,0.0
102.5,127.5,0.0
103.5,127.5,0.0
104.5,127.5,0.0
105.5,127.5,0.0
106.5,127.5,0.0
107.5,127.5,0.0
108.5,127.5,0.0
109.5,127.5,0.0
110.5,127.5,0.0
111.5,127.5,0.0
112.5,127.5,0.0
113.5,127.5,0.0
114.5,127.5,0.0
115.5,127.5,0.0
116.5,127.5,0.0
117.5,127.5,0.0
118.5,127.5,0.0
119.5,127.5,0.0
120.5,127.5,0.0
121.5,127.5,0.0
122.5,127.5,0.0
123.5,127.5,0.0
124.5,127.5,0.0
125.5,127.5,0.0
126.5,127.5,0.0
127.5,127.5,0.0
128.5,127.5,0.0
129.5,127.5,0.0
130.5,127.5,0.0
131.5,127.5,0.0
132.5,127.5,0.0
133.5,127.5,0.0
134.5,127.5,0.0
135.5,127.5,0.0
136.5,127.5,0.0
137.5,127.5,0.0
138.5,127.5,0.0
139.5,127.5,0.0
140.5,127.5,0.0
141.5,127.5,0.0
142.5,127.5,0.0
143.5,127.5,0.0
144.5,127.5,0.0
145.5,127.5,0.0
146.5,127.5,0.0
147.5,127.5,0.0
148.5,127.5,0.0
149.5,127.5,0.0
150.5,127.5,0.0
151.5,127.5,0.0
152.5,127.5,0.0
153.5,127.5,0.0
154.5,127.5,0.0
155.5,127.5,0.0
156.5,127.5,0.0
157.5,127.5,0.0
158.5,127.5,0.0
159.5,127.5,0.0
160.5,127.5,0.0
161.5,127.5,0.0
162.5,127.5,0.0
163.5,127.5,0.0
164.5,127.5,0.0
165.5,127.5,0.0
166.5,127.5,0.0
167.5,127.5,0.0
168.5,127.5,0.0
169.5,127.5,0.0
170.5,127.5,0.0
171.5,127.5,0.0
172.5,127.5,0.0
173.5,127.5,0.0
174.5,127.5,0.0
175.5,127.5,0.0
176.5,127.5,0.0
177.5,127.5,0.0
178.5,127.5,0.0
179.5,127.5,0.0
180.5,127.5,0.0
181.5,127.5,0.0
182.5,127.5,0.0
183.5,127.5,0.0
184.5,127.5,0.0
185.5,127.5,0.0
186.5,127.5,0.0
187.5,127.5,0.0
188.5,127.5,0.0
189.5,127.5,0.0
190.5,127.5,0.0
191.5,127.5,0.0
192.5,127.5,0.0
193.5,127.5,0.0
194.5,127.5,0.0
195.5,127.5,0.0
196.5,127.5,0.0
197.5,127.5,0.0
198.5,127.5,0.0
199.5,127.5,0.0
0.5,128.5,0.0
1.5,128.5,0.0
2.5,128.5,0.0
3.5,128.5,0.0
4.5,128.5,0.0
5.5,128.5,0.0
6.5,128.5,0.0
7.5,128.5,0.0
8.5,128.5,0.0
9.5,128.5,0.0
10.5,128.5,0.0
11.5,128.5,0.0
12.5,128.5,0.0
13.5,128.5,0.0
14.5,128.5,0.0
15.5,128.5,0.0
16.5,128.5,0.0
17.5,128.5,0.0
18.5,128.5,0.0
19.5,128.5,0.0
20.5,128.5,0.0
21.5,128.5,0.0
22.5,128.5,0.0
23.5,128.5,0.0
24.5,128.5,0.0
25.5,128.5,0.0
26.5,128.5,0.0
27.5,128.5,0.0
28.5,128.5,0.0
29.5,128.5,0.0
30.5,128.5,0.0
31.5,128.5,0.0
32.5,128.5,0.0
33.5,128.5,0.0
34.5,128.5,0.0
35.5,128.5,0.0
36.5,128.5,0.0
37.5,128.5,0.0
38.5,128.5,0.0
39.5,128.5,0.0
40.5,128.5,0.0
41.5,128.5,0.0
42.5,128.5,0.0
43.5,128.5,0.0
44.5,128.5,0.0
45.5,128.5,0.0
46.5,128.5,0.0
47.5,128.5,0.0
48.5,128.5,0.0
49.5,128.5,0.0
50.5,128.5,0.0
51.5,128.5,0.0
52.5,128.5,0.0
53.5,128.5,0.0
54.5,128.5,0.0
55.5,128.5,0.0
56.5,128.5,0.0
57.5,128.5,0.0
58.5,128.5,0.0
59.5,128.5,0.0
60.5,128.5,0.0
61.5,128.5,0.0
62.5,128.5,0.0
63.5,128.5,0.0
64.5,128.5,0.0
65.5,128.5,0.0
66.5,128.5,0.0
67.5,128.5,0.0
68.5,128.5,0.0
69.5,128.5,0.0
70.5,128.5,0.0
71.5,128.5,0.0
72.5,128.5,0.0
73.5,128.5,0.0
74.5,128.5,0.0
75.5,128.5,0.0
76.5,128.5,0.0
77.5,128.5,0.0
78.5,128.5,0.0
79.5,128.5,0.0
80.5,128.5,0.0
81.5,128.5,0.0
82.5,128.5,0.0
83.5,128.5,0.0
84.5,128.5,0.0
85.5,128.5,0.0
86.5,128.5,0.0
87.5,128.5,0.0
88.5,128.5,0.0
89.5,128.5,0.0
90.5,128.5,0.0
91.5,128.5,0.0
92.5,128.5,0.0
93.5,128.5,0.0
94.5,128.5,0.0
95.5,128.5,0.0
96.5,128.5,0.0
97.5,128.5,0.0
98.5,128.5,0.0
99.5,128.5,0.0
100.5,128.5,0.0
101.5,128.5,0.0
102.5,128.5,0.0
103.5,128.5,0.0
104.5,128.5,0.0
105.5,128.5,0.0
106.5,128.5,0.0
107.5,128.5,0.0
108.5,128.5,0.0
109.5,128.5,0.0
110.5,128.5,0.0
111.5,128.5,0.0
112.5,128.5,0.0
113.5,128.5,0.0
114.5,128.5,0.0
115.5,128.5,0.0
116.5,128.5,0.0
117.5,128.5,0.0
118.5,128.5,0.0
119.5,128.5,0.0
120.5,128.5,0.0
121.5,128.5,0.0
122.5,128.5,0.0
123.5,128.5,0.0
124.5,128.5,0.0
125.5,128.5,0.0
126.5,128.5,0.0
127.5,128.5,0.0
128.5,128.5,0.0
129.5,128.5,0.0
130.5,128.5,0.0
131.5,128.5,0.0
132.5,128.5,0.0
133.5,128.5,0.0
134.5,128.5,0.0
135.5,128.5,0.0
136.5,128.5,0.0
137.5,128.5,0.0
138.5,128.5,0.0
139.5,128.5,0.0
140.5,128.5,0.0
141.5,128.5,0.0
142.5,128.5,0.0
143.5,128.5,0.0
144.5,128.5,0.0
145.5,128.5,0.0
146.5,128.5,0.0
147.5,128.5,0.0
148.5,128.5,0.0
149.5,128.5,0.0
150.5,128.5,0.0
151.5,128.5,0.0
152.5,128.5,0.0
153.5,128.5,0.0
154.5,128.5,0.0
155.5,128.5,0.0
156.5,128.5,0.0
157.5,128.5,0.0
158.5,128.5,0.0
159.5,128.5,0.0
160.5,128.5,0.0
161.5,128.5,0.0
162.5,128.5,0.0
163.5,128.5,0.0
164.5,128.5,0.0
165.5,128.5,0.0
166.5,128.5,0.0
167.5,128.5,0.0
168.5,128.5,0.0
169.5,128.5,0.0
170.5,128.5,0.0
171.5,128.5,0.0
172.5,128.5,0.0
173.5,128.5,0.0
174.5,128.5,0.0
175.5,128.5,0.0
176.5,128.5,0.0
177.5,128.5,0.0
178.5,128.5,0.0
179.5,128.5,0.0
180.5,128.5,0.0
181.5,128.5,0.0
182.5,128.5,0.0
183.5,128.5,0.0
184.5,128.5,0.0
185.5,128.5,0.0
186.5,128.5,0.0
187.5,128.5,0.0
188.5,128.5,0.0
189.5,128.5,0.0
190.5,128.5,0.0
191.5,128.5,0.0
192.5,128.5,0.0
193.5,128.5,0.0
194.5,128.5,0.0
195.5,128.5,0.0
196.5,128.5,0.0
197.5,128.5,0.0
198.5,128.5,0.0
199.5,128.5,0.0
0.5,129.5,0.0
1.5,129.5,0.0
2.5,129.5,0.0
3.5,129.5,0.0
4.5,129.5,0.0
5.5,129.5,0.0
6.5,129.5,0.0
7.5,129.5,0.0
8.5,129.5,0.0
9.5,129.5,0.0
10.5,129.5,0.0
11.5,129.5,0.0
12.5,129.5,0.0
13.5,129.5,0.0
14.5,129.5,0.0
15.5,129.5,0.0
16.5,129.5,0.0
17.5,129.5,0.0
18.5,129.5,0.0
19.5,129.5,0.0
20.5,129.5,0.0
21.5,129.5,0.0
22.5,129.5,0.0
23.5,129.5,0.0
24.5,129.5,0.0
25.5,129.5,0.0
26.5,129.5,0.0
27.5,129.5,0.0
28.5,129.5,0.0
29.5,129.5,0.0
30.5,129.5,0.0
31.5,129.5,0.0
32.5,129.5,0.0
33.5,129.5,0.0
34.5,129.5,0.0
35.5,129.5,0.0
36.5,129.5,0.0
37.5,129.5,0.0
38.5,129.5,0.0
39.5,129.5,0.0
40.5,129.5,0.0
41.5,129.5,0.0
42.5,129.5,0.0
43.5,129.5,0.0
44.5,129.5,0.0
45.5,129.5,0.0
46.5,129.5,0.0
47.5,129.5,0.0
48.5,129.5,0.0
49.5,129.5,0.0
50.5,129.5,0.0
51.5,129.5,0.0
52.5,129.5,0.0
53.5,129.5,0.0
54.5,129.5,0.0
55.5,129.5,0.0
56.5,129.5,0.0
57.5,129.5,0.0
58.5,129.5,0.0
59.5,129.5,0.0
60.5,129.5,0.0
61.5,129.5,0.0
62.5,129.5,0.0
63.5,129.5,0.0
64.5,129.5,0.0
65.5,129.5,0.0
66.5,129.5,0.0
67.5,129.5,0.0
68.5,129.5,0.0
69.5,129.5,0.0
70.5,129.5,0.0
71.5,129.5,0.0
72.5,129.5,0.0
73.5,129.5,0.0
74.5,129.5,0.0
75.5,129.5,0.0
76.5,129.5,0.0
77.5,129.5,0.0
78.5,129.5,0.0
79.5,129.5,0.0
80.5,129.5,0.0
81.5,129.5,0.0
82.5,129.5,0.0
83.5,129.5,0.0
84.5,129.5,0.0
85.5,129.5,0.0
86.5,129.5,0.0
87.5,129.5,0.0
88.5,129.5,0.0
89.5,129.5,0.0
90.5,129.5,0.0
91.5,129.5,0.0
92.5,129.5,0.0
93.5,129.5,0.0
94.5,129.5,0.0
95.5,129.5,0.0
96.5,129.5,0.0
97.5,129.5,0.0
98.5,129.5,0.0
99.5,129.5,0.0
100.5,129.5,0.0
101.5,129.5,0.0
102.5,129.5,0.0
103.5,129.5,0.0
104.5,129.5,0.0
105.5,129.5,0.0
106.5,129.5,0.0
107.5,129.5,0.0
108.5,129.5,0.0
109.5,129.5,0.0
110.5,129.5,0.0
111.5,129.5,0.0
112.5,129.5,0.0
113.5,129.5,0.0
114.5,129.5,0.0
115.5,129.5,0.0
116.5,129.5,0.0
117.5,129.5,0.0
118.5,129.5,0.0
119.5,129.5,0.0
120.5,129.5,0.0
121.5,129.5,0.0
122.5,129.5,0.0
123.5,129.5,0.0
124.5,129.5,0.0
125.5,129.5,0.0
126.5,129.5,0.0
127.5,129.5,0.0
128.5,129.5,0.0
129.5,129.5,0.0
130.5,129.5,0.0
131.5,129.5,0.0
132.5,129.5,0.0
133.5,129.5,0.0
134.5,129.5,0.0
135.5,129.5,0.0
136.5,129.5,0.0
137.5,129.5,0.0
138.5,129.5,0.0
139.5,129.5,0.0
140.5,129.5,0.0
141.5,129.5,0.0
142.5,129.5,0.0
143.5,129.5,0.0
144.5,129.5,0.0
145.5,129.5,0.0
146.5,129.5,0.0
147.5,129.5,0.0
148.5,129.5,0.0
149.5,129.5,0.0
150.5,129.5,0.0
151.5,129.5,0.0
152.5,129.5,0.0
153.5,129.5,0.0
154.5,129.5,0.0
155.5,129.5,0.0
156.5,129.5,0.0
157.5,129.5,0.0
158.5,129.5,0.0
159.5,129.5,0.0
160.5,129.5,0.0
161.5,129.5,0.0
162.5,129.5,0.0
163.5,129.5,0.0
164.5,129.5,0.0
165.5,129.5,0.0
166.5,129.5,0.0
167.5,129.5,0.0
168.5,129.5,0.0
169.5,129.5,0.0
170.5,129.5,0.0
171.5,129.5,0.0
172.5,129.5,0.0
173.5,129.5,0.0
174.5,129.5,0.0
175.5,129.5,0.0
176.5,129.5,0.0
177.5,129.5,0.0
178.5,129.5,0.0
179.5,129.5,0.0
180.5,129.5,0.0
181.5,129.5,0.0
182.5,129.5,0.0
183.5,129.5,0.0
184.5,129.5,0.0
185.5,129.5,0.0
186.5,129.5,0.0
187.5,129.5,0.0
188.5,129.5,0.0
189.5,129.5,0.0
190.5,129.5,0.0
191.5,129.5,0.0
192.5,129.5,0.0
193.5,129.5,0.0
194.5,129.5,0.0
195.5,129.5,0.0
196.5,129.5,0.0
197.5,129.5,0.0
198.5,129.5,0.0
199.5,129.5,0.0
0.5,130.5,0.0
1.5,130.5,0.0
2.5,130.5,0.0
3.5,130.5,0.0
4.5,130.5,0.0
5.5,130.5,0.0
6.5,130.5,0.0
7.5,130.5,0.0
8.5,130.5,0.0
9.5,130.5,0.0
10.5,130.5,0.0
11.5,130.5,0.0
12.5,130.5,0.0
13.5,130.5,0.0
14.5,130.5,0.0
15.5,130.5,0.0
16.5,130.5,0.0
17.5,130.5,0.0
18.5,130.5,0.0
19.5,130.5,0.0
20.5,130.5,0.0
21.5,130.5,0.0
22.5,130.5,0.0
23.5,130.5,0.0
24.5,130.5,0.0
25.5,130.5,0.0
26.5,130.5,0.0
27.5,130.5,0.0
28.5,130.5,0.0
29.5,130.5,0.0
30.5,130.5,0.0
31.5,130.5,0.0
32.5,130.5,0.0
33.5,130.5,0.0
34.5,130.5,0.0
35.5,130.5,0.0
36.5,130.5,0.0
37.5,130.5,0.0
38.5,130.5,0.0
39.5,130.5,0.0
40.5,130.5,0.0
41.5,130.5,0.0
42.5,130.5,0.0
43.5,130.5,0.0
44.5,130.5,0.0
45.5,130.5,0.0
46.5,130.5,0.0
47.5,130.5,0.0
48.5,130.5,0.0
49.5,130.5,0.0
50.5,130.5,0.0
51.5,130.5,0.0
52.5,130.5,0.0
53.5,130.5,0.0
54.5,130.5,0.0
55.5,130.5,0.0
56.5,130.5,0.0
57.5,130.5,0.0
58.5,130.5,0.0
59.5,130.5,0.0
60.5,130.5,0.0
61.5,130.5,0.0
62.5,130.5,0.0
63.5,130.5,0.0
64.5,130.5,0.0
65.5,130.5,0.0
66.5,130.5,0.0
67.5,130.5,0.0
68.5,130.5,0.0
69.5,130.5,0.0
70.5,130.5,0.0
71.5,130.5,0.0
72.5,130.5,0.0
73.5,130.5,0.0
74.5,130.5,0.0
75.5,130.5,0.0
76.5,130.5,0.0
77.5,130.5,0.0
78.5,130.5,0.0
79.5,130.5,0.0
80.5,130.5,0.0
81.5,130.5,0.0
82.5,130.5,0.0
83.5,130.5,0.0
84.5,130.5,0.0
85.5,130.5,0.0
86.5,130.5,0.0
87.5,130.5,0.0
88.5,130.5,0.0
89.5,130.5,0.0
90.5,130.5,0.0
91.5,130.5,0.0
92.5,130.5,0.0
93.5,130.5,0.0
94.5,130.5,0.0
95.5,130.5,0.0
96.5,130.5,0.0
97.5,130.5,0.0
98.5,130.5,0.0
99.5,130.5,0.0
100.5,130.5,0.0
101.5,130.5,0.0
102.5,130.5,0.0
103.5,130.5,0.0
104.5,130.5,0.0
105.5,130.5,0.0
106.5,130.5,0.0
107.5,130.5,0.0
108.5,130.5,0.0
109.5,130.5,0.0
110.5,130.5,0.0
111.5,130.5,0.0
112.5,130.5,0.0
113.5,130.5,0.0
114.5,130.5,0.0
115.5,130.5,0.0
116.5,130.5,0.0
117.5,130.5,0.0
118.5,130.5,0.0
119.5,130.5,0.0
120.5,130.5,0.0
121.5,130.5,0.0
122.5,130.5,0.0
123.5,130.5,0.0
124.5,130.5,0.0
125.5,130.5,0.0
126.5,130.5,0.0
127.5,130.5,0.0
128.5,130.5,0.0
129.5,130.5,0.0
130.5,130.5,0.0
131.5,130.5,0.0
132.5,130.5,0.0
133.5,130.5,0.0
134.5,130.5,0.0
135.5,130.5,0.0
136.5,130.5,0.0
137.5,130.5,0.0
138.5,130.5,0.0
139.5,130.5,0.0
140.5,130.5,0.0
141.5,130.5,0.0
142.5,130.5,0.0
143.5,130.5,0.0
144.5,130.5,0.0
145.5,130.5,0.0
146.5,130.5,0.0
147.5,130.5,0.0
148.5,130.5,0.0
149.5,130.5,0.0
150.5,130.5,0.0
151.5,130.5,0.0
152.5,130.5,0.0
153.5,130.5,0.0
154.5,130.5,0.0
155.5,130.5,0.0
156.5,130.5,0.0
157.5,130.5,0.0
158.5,130.5,0.0
159.5,130.5,0.0
160.5,130.5,0.0
161.5,130.5,0.0
162.5,130.5,0.0
163.5,130.5,0.0
164.5,130.5,0.0
165.5,130.5,0.0
166.5,130.5,0.0
167.5,130.5,0.0
168.5,130.5,0.0
169.5,130.5,0.0
170.5,130.5,0.0
171.5,130.5,0.0
172.5,130.5,0.0
173.5,130.5,0.0
174.5,130.5,0.0
175.5,130.5,0.0
176.5,130.5,0.0
177.5,130.5,0.0
178.5,130.5,0.0
179.5,130.5,0.0
180.5,130.5,0.0
181.5,130.5,0.0
182.5,130.5,0.0
183.5,130.5,0.0
184.5,130.5,0.0
185.5,130.5,0.0
186.5,130.5,0.0
187.5,130.5,0.0
188.5,130.5,0.0
189.5,130.5,0.0
190.5,130.5,0.0
191.5,130.5,0.0
192.5,130.5,0.0
193.5,130.5,0.0
194.5,130.5,0.0
195.5,130.5,0.0
196.5,130.5,0.0
197.5,130.5,0.0
198.5,130.5,0.0
199.5,130.5,0.0
0.5,131.5,0.0
1.5,131.5,0.0
2.5,131.5,0.0
3.5,131.5,0.0
4.5,131.5,0.0
5.5,131.5,0.0
6.5,131.5,0.0
7.5,131.5,0.0
8.5,131.5,0.0
9.5,131.5,0.0
10.5,131.5,0.0
11.5,131.5,0.0
12.5,131.5,0.0
13.5,131.5,0.0
14.5,131.5,0.0
15.5,131.5,0.0
16.5,131.5,0.0
17.5,131.5,0.0
18.5,131.5,0.0
19.5,131.5,0.0
20.5,131.5,0.0
21.5,131.5,0.0
22.5,131.5,0.0
23.5,131.5,0.0
24.5,131.5,0.0
25.5,131.5,0.0
26.5,131.5,0.0
27.5,131.5,0.0
28.5,131.5,0.0
29.5,131.5,0.0
30.5,131.5,0.0
31.5,131.5,0.0
32.5,131.5,0.0
33.5,131.5,0.0
34.5,131.5,0.0
35.5,131.5,0.0
36.5,131.5,0.0
37.5,131.5,0.0
38.5,131.5,0.0
39.5,131.5,0.0
40.5,131.5,0.0
41.5,131.5,0.0
42.5,131.5,0.0
43.5,131.5,0.0
44.5,131.5,0.0
45.5,131.5,0.0
46.5,131.5,0.0
47.5,131.5,0.0
48.5,131.5,0.0
49.5,131.5,0.0
50.5,131.5,0.0
51.5,131.5,0.0
52.5,131.5,0.0
53.5,131.5,0.0
54.5,131.5,0.0
55.5,131.5,0.0
56.5,131.5,0.0
57.5,131.5,0.0
58.5,131.5,0.0
59.5,131.5,0.0
60.5,131.5,0.0
61.5,131.5,0.0
62.5,131.5,0.0
63.5,131.5,0.0
64.5,131.5,0.0
65.5,131.5,0.0
66.5,131.5,0.0
67.5,131.5,0.0
68.5,131.5,0.0
69.5,131.5,0.0
70.5,131.5,0.0
71.5,131.5,0.0
72.5,131.5,0.0
73.5,131.5,0.0
74.5,131.5,0.0
75.5,131.5,0.0
76.5,131.5,0.0
77.5,131.5,0.0
78.5,131.5,0.0
79.5,131.5,0.0
80.5,131.5,0.0
81.5,131.5,0.0
82.5,131.5,0.0
83.5,131.5,0.0
84.5,131.5,0.0
85.5,131.5,0.0
86.5,131.5,0.0
87.5,131.5,0.0
88.5,131.5,0.0
89.5,131.5,0.0
90.5,131.5,0.0
91.5,131.5,0.0
92.5,131.5,0.0
93.5,131.5,0.0
94.5,131.5,0.0
95.5,131.5,0.0
96.5,131.5,0.0
97.5,131.5,0.0
98.5,131.5,0.0
99.5,131.5,0.0
100.5,131.5,0.0
101.5,131.5,0.0
102.5,131.5,0.0
103.5,131.5,0.0
104.5,131.5,0.0
105.5,131.5,0.0
106.5,131.5,0.0
107.5,131.5,0.0
108.5,131.5,0.0
109.5,131.5,0.0
110.5,131.5,0.0
111.5,131.5,0.0
112.5,131.5,0.0
113.5,131.5,0.0
114.5,131.5,0.0
115.5,131.5,0.0
116.5,131.5,0.0
117.5,131.5,0.0
118.5,131.5,0.0
119.5,131.5,0.0
120.5,131.5,0.0
121.5,131.5,0.0
122.5,131.5,0.0
123.5,131.5,0.0
124.5,131.5,0.0
125.5,131.5,0.0
126.5,131.5,0.0
127.5,131.5,0.0
128.5,131.5,0.0
129.5,131.5,0.0
130.5,131.5,0.0
131.5,131.5,0.0
132.5,131.5,0.0
133.5,131.5,0.0
134.5,131.5,0.0
135.5,131.5,0.0
136.5,131.5,0.0
137.5,131.5,0.0
138.5,131.5,0.0
139.5,131.5,0.0
140.5,131.5,0.0
141.5,131.5,0.0
142.5,131.5,0.0
143.5,131.5,0.0
144.5,131.5,0.0
145.5,131.5,0.0
146.5,131.5,0.0
147.5,131.5,0.0
148.5,131.5,0.0
149.5,131.5,0.0
150.5,131.5,0.0
151.5,131.5,0.0
152.5,131.5,0.0
153.5,131.5,0.0
154.5,131.5,0.0
155.5,131.5,0.0
156.5,131.5,0.0
157.5,131.5,0.0
158.5,131.5,0.0
159.5,131.5,0.0
160.5,131.5,0.0
161.5,131.5,0.0
162.5,131.5,0.0
163.5,131.5,0.0
164.5,131.5,0.0
165.5,131.5,0.0
166.5,131.5,0.0
167.5,131.5,0.0
168.5,131.5,0.0
169.5,131.5,0.0
170.5,131.5,0.0
171.5,131.5,0.0
172.5,131.5,0.0
173.5,131.5,0.0
174.5,131.5,0.0
175.5,131.5,0.0
176.5,131.5,0.0
177.5,131.5,0.0
178.5,131.5,0.0
179.5,131.5,0.0
180.5,131.5,0.0
181.5,131.5,0.0
182.5,131.5,0.0
183.5,131.5,0.0
184.5,131.5,0.0
185.5,131.5,0.0
186.5,131.5,0.0
187.5,131.5,0.0
188.5,131.5,0.0
189.5,131.5,0.0
190.5,131.5,0.0
191.5,131.5,0.0
192.5,131.5,0.0
193.5,131.5,0.0
194.5,131.5,0.0
195.5,131.5,0.0
196.5,131.5,0.0
197.5,131.5,0.0
198.5,131.5,0.0
199.5,131.5,0.0
0.5,132.5,0.0
1.5,132.5,0.0
2.5,132.5,0.0
3.5,132.5,0.0
4.5,132.5,0.0
5.5,132.5,0.0
6.5,132.5,0.0
7.5,132.5,0.0
8.5,132.5,0.0
9.5,132.5,0.0
10.5,132.5,0.0
11.5,132.5,0.0
12.5,132.5,0.0
13.5,132.5,0.0
14.5,132.5,0.0
15.5,132.5,0.0
16.5,132.5,0.0
17.5,132.5,0.0
18.5,132.5,0.0
19.5,132.5,0.0
20.5,132.5,0.0
21.5,132.5,0.0
22.5,132.5,0.0
23.5,132.5,0.0
24.5,132.5,0.0
25.5,132.5,0.0
26.5,132.5,0.0
27.5,132.5,0.0
28.5,132.5,0.0
29.5,132.5,0.0
30.5,132.5,0.0
31.5,132.5,0.0
32.5,132.5,0.0
33.5,132.5,0.0
34.5,132.5,0.0
35.5,132.5,0.0
36.5,132.5,0.0
37.5,132.5,0.0
38.5,132.5,0.0
39.5,132.5,0.0
40.5,132.5,0.0
41.5,132.5,0.0
42.5,132.5,0.0
43.5,132.5,0.0
44.5,132.5,0.0
45.5,132.5,0.0
46.5,132.5,0.0
47.5,132.5,0.0
48.5,132.5,0.0
49.5,132.5,0.0
50.5,132.5,0.0
51.5,132.5,0.0
52.5,132.5,0.0
53.5,132.5,0.0
54.5,132.5,0.0
55.5,132.5,0.0
56.5,132.5,0.0
57.5,132.5,0.0
58.5,132.5,0.0
59.5,132.5,0.0
60.5,132.5,0.0
61.5,132.5,0.0
62.5,132.5,0.0
63.5,132.5,0.0
64.5,132.5,0.0
65.5,132.5,0.0
66.5,132.5,0.0
67.5,132.5,0.0
68.5,132.5,0.0
69.5,132.5,0.0
70.5,132.5,0.0
71.5,132.5,0.0
72.5,132.5,0.0
73.5,132.5,0.0
74.5,132.5,0.0
75.5,132.5,0.0
76.5,132.5,0.0
77.5,132.5,0.0
78.5,132.5,0.0
79.5,132.5,0.0
80.5,132.5,0.0
81.5,132.5,0.0
82.5,132.5,0.0
83.5,132.5,0.0
84.5,132.5,0.0
85.5,132.5,0.0
86.5,132.5,0.0
87.5,132.5,0.0
88.5,132.5,0.0
89.5,132.5,0.0
90.5,132.5,0.0
91.5,132.5,0.0
92.5,132.5,0.0
93.5,132.5,0.0
94.5,132.5,0.0
95.5,132.5,0.0
96.5,132.5,0.0
97.5,132.5,0.0
98.5,132.5,0.0
99.5,132.5,0.0
100.5,132.5,0.0
101.5,132.5,0.0
102.5,132.5,0.0
103.5,132.5,0.0
104.5,132.5,0.0
105.5,132.5,0.0
106.5,132.5,0.0
107.5,132.5,0.0
108.5,132.5,0.0
109.5,132.5,0.0
110.5,132.5,0.0
111.5,132.5,0.0
112.5,132.5,0.0
113.5,132.5,0.0
114.5,132.5,0.0
115.5,132.5,0.0
116.5,132.5,0.0
117.5,132.5,0.0
118.5,132.5,0.0
119.5,132.5,0.0
120.5,132.5,0.0
121.5,132.5,0.0
122.5,132.5,0.0
123.5,132.5,0.0
124.5,132.5,0.0
125.5,132.5,0.0
126.5,132.5,0.0
127.5,132.5,0.0
128.5,132.5,0.0
129.5,132.5,0.0
130.5,132.5,0.0
131.5,132.5,0.0
132.5,132.5,0.0
133.5,132.5,0.0
134.5,132.5,0.0
135.5,132.5,0.0
136.5,132.5,0.0
137.5,132.5,0.0
138.5,132.5,0.0
139.5,132.5,0.0
140.5,132.5,0.0
141.5,132.5,0.0
142.5,132.5,0.0
143.5,132.5,0.0
144.5,132.5,0.0
145.5,132.5,0.0
146.5,132.5,0.0
147.5,132.5,0.0
148.5,132.5,0.0
149.5,132.5,0.0
150.5,132.5,0.0
151.5,132.5,0.0
152.5,132.5,0.0
153.5,132.5,0.0
154.5,132.5,0.0
155.5,132.5,0.0
156.5,132.5,0.0
157.5,132.5,0.0
158.5,132.5,0.0
159.5,132.5,0.0
160.5,132.5,0.0
161.5,132.5,0.0
162.5,132.5,0.0
163.5,132.5,0.0
164.5,132.5,0.0
165.5,132.5,0.0
166.5,132.5,0.0
167.5,132.5,0.0
168.5,132.5,0.0
169.5,132.5,0.0
170.5,132.5,0.0
171.5,132.5,0.0
172.5,132.5,0.0
173.5,132.5,0.0
174.5,132.5,0.0
175.5,132.5,0.0
176.5,132.5,0.0
177.5,132.5,0.0
178.5,132.5,0.0
179.5,132.5,0.0
180.5,132.5,0.0
181.5,132.5,0.0
182.5,132.5,0.0
183.5,132.5,0.0
184.5,132.5,0.0
185.5,132.5,0.0
186.5,132.5,0.0
187.5,132.5,0.0
188.5,132.5,0.0
189.5,132.5,0.0
190.5,132.5,0.0
191.5,132.5,0.0
192.5,132.5,0.0
193.5,132.5,0.0
194.5,132.5,0.0
195.5,132.5,0.0
196.5,132.5,0.0
197.5,132.5,0.0
198.5,132.5,0.0
199.5,132.5,0.0
0.5,133.5,0.0
1.5,133.5,0.0
2.5,133.5,0.0
3.5,133.5,0.0
4.5,133.5,0.0
5.5,133.5,0.0
6.5,133.5,0.0
7.5,133.5,0.0
8.5,133.5,0.0
9.5,133.5,0.0
10.5,133.5,0.0
11.5,133.5,0.0
12.5,133.5,0.0
13.5,133.5,0.0
14.5,133.5,0.0
15.5,133.5,0.0
16.5,133.5,0.0
17.5,133.5,0.0
18.5,133.5,0.0
19.5,133.5,0.0
20.5,133.5,0.0
21.5,133.5,0.0
22.5,133.5,0.0
23.5,133.5,0.0
24.5,133.5,0.0
25.5,133.5,0.0
26.5,133.5,0.0
27.5,133.5,0.0
28.5,133.5,0.0
29.5,133.5,0.0
30.5,133.5,0.0
31.5,133.5,0.0
32.5,133.5,0.0
33.5,133.5,0.0
34.5,133.5,0.0
35.5,133.5,0.0
36.5,133.5,0.0
37.5,133.5,0.0
38.5,133.5,0.0
39.5,133.5,0.0
40.5,133.5,0.0
41.5,133.5,0.0
42.5,133.5,0.0
43.5,133.5,0.0
44.5,133.5,0.0
45.5,133.5,0.0
46.5,133.5,0.0
47.5,133.5,0.0
48.5,133.5,0.0
49.5,133.5,0.0
50.5,133.5,0.0
51.5,133.5,0.0
52.5,133.5,0.0
53.5,133.5,0.0
54.5,133.5,0.0
55.5,133.5,0.0
56.5,133.5,0.0
57.5,133.5,0.0
58.5,133.5,0.0
59.5,133.5,0.0
60.5,133.5,0.0
61.5,133.5,0.0
62.5,133.5,0.0
63.5,133.5,0.0
64.5,133.5,0.0
65.5,133.5,0.0
66.5,133.5,0.0
67.5,133.5,0.0
68.5,133.5,0.0
69.5,133.5,0.0
70.5,133.5,0.0
71.5,133.5,0.0
72.5,133.5,0.0
73.5,133.5,0.0
74.5,133.5,0.0
75.5,133.5,0.0
76.5,133.5,0.0
77.5,133.5,0.0
78.5,133.5,0.0
79.5,133.5,0.0
80.5,133.5,0.0
81.5,133.5,0.0
82.5,133.5,0.0
83.5,133.5,0.0
84.5,133.5,0.0
85.5,133.5,0.0
86.5,133.5,0.0
87.5,133.5,0.0
88.5,133.5,0.0
89.5,133.5,0.0
90.5,133.5,0.0
91.5,133.5,0.0
92.5,133.5,0.0
93.5,133.5,0.0
94.5,133.5,0.0
95.5,133.5,0.0
96.5,133.5,0.0
97.5,133.5,0.0
98.5,133.5,0.0
99.5,133.5,0.0
100.5,133.5,0.0
101.5,133.5,0.0
102.5,133.5,0.0
103.5,133.5,0.0
104.5,133.5,0.0
105.5,133.5,0.0
106.5,133.5,0.0
107.5,133.5,0.0
108.5,133.5,0.0
109.5,133.5,0.0
110.5,133.5,0.0
111.5,133.5,0.0
112.5,133.5,0.0
113.5,133.5,0.0
114.5,133.5,0.0
115.5,133.5,0.0
116.5,133.5,0.0
117.5,133.5,0.0
118.5,133.5,0.0
119.5,133.5,0.0
120.5,133.5,0.0
121.5,133.5,0.0
122.5,133.5,0.0
123.5,133.5,0.0
124.5,133.5,0.0
125.5,133.5,0.0
126.5,133.5,0.0
127.5,133.5,0.0
128.5,133.5,0.0
129.5,133.5,0.0
130.5,133.5,0.0
131.5,133.5,0.0
132.5,133.5,0.0
133.5,133.5,0.0
134.5,133.5,0.0
135.5,133.5,0.0
136.5,133.5,0.0
137.5,133.5,0.0
138.5,133.5,0.0
139.5,133.5,0.0
140.5,133.5,0.0
141.5,133.5,0.0
142.5,133.5,0.0
143.5,133.5,0.0
144.5,133.5,0.0
145.5,133.5,0.0
146.5,133.5,0.0
147.5,133.5,0.0
148.5,133.5,0.0
149.5,133.5,0.0
150.5,133.5,0.0
151.5,133.5,0.0
152.5,133.5,0.0
153.5,133.5,0.0
154.5,133.5,0.0
155.5,133.5,0.0
156.5,133.5,0.0
157.5,133.5,0.0
158.5,133.5,0.0
159.5,133.5,0.0
160.5,133.5,0.0
161.5,133.5,0.0
162.5,133.5,0.0
163.5,133.5,0.0
164.5,133.5,0.0
165.5,133.5,0.0
166.5,133.5,0.0
167.5,133.5,0.0
168.5,133.5,0.0
169.5,133.5,0.0
170.5,133.5,0.0
171.5,133.5,0.0
172.5,133.5,0.0
173.5,133.5,0.0
174.5,133.5,0.0
175.5,133.5,0.0
176.5,133.5,0.0
177.5,133.5,0.0
178.5,133.5,0.0
179.5,133.5,0.0
180.5,133.5,0.0
181.5,133.5,0.0
182.5,133.5,0.0
183.5,133.5,0.0
184.5,133.5,0.0
185.5,133.5,0.0
186.5,133.5,0.0
187.5,133.5,0.0
188.5,133.5,0.0
189.5,133.5,0.0
190.5,133.5,0.0
191.5,133.5,0.0
192.5,133.5,0.0
193.5,133.5,0.0
194.5,133.5,0.0
195.5,133.5,0.0
196.5,133.5,0.0
197.5,133.5,0.0
198.5,133.5,0.0
199.5,133.5,0.0
0.5,134.5,0.0
1.5,134.5,0.0
2.5,134.5,0.0
3.5,134.5,0.0
4.5,134.5,0.0
5.5,134.5,0.0
6.5,134.5,0.0
7.5,134.5,0.0
8.5,134.5,0.0
9.5,134.5,0.0
10.5,134.5,0.0
11.5,134.5,0.0
12.5,134.5,0.0
13.5,134.5,0.0
14.5,134.5,0.0
15.5,134.5,0.0
16.5,134.5,0.0
17.5,134.5,0.0
18.5,134.5,0.0
19.5,134.5,0.0
20.5,134.5,0.0
21.5,134.5,0.0
22.5,134.5,0.0
23.5,134.5,0.0
24.5,134.5,0.0
25.5,134.5,0.0
26.5,134.5,0.0
27.5,134.5,0.0
28.5,134.5,0.0
29.5,134.5,0.0
30.5,134.5,0.0
31.5,134.5,0.0
32.5,134.5,0.0
33.5,134.5,0.0
34.5,134.5,0.0
35.5,134.5,0.0
36.5,134.5,0.0
37.5,134.5,0.0
38.5,134.5,0.0
39.5,134.5,0.0
40.5,134.5,0.0
41.5,134.5,0.0
42.5,134.5,0.0
43.5,134.5,0.0
44.5,134.5,0.0
45.5,134.5,0.0
46.5,134.5,0.0
47.5,134.5,0.0
48.5,134.5,0.0
49.5,134.5,0.0
50.5,134.5,0.0
51.5,134.5,0.0
52.5,134.5,0.0
53.5,134.5,0.0
54.5,134.5,0.0
55.5,134.5,0.0
56.5,134.5,0.0
57.5,134.5,0.0
58.5,134.5,0.0
59.5,134.5,0.0
60.5,134.5,0.0
61.5,134.5,0.0
62.5,134.5,0.0
63.5,134.5,0.0
64.5,134.5,0.0
65.5,134.5,0.0
66.5,134.5,0.0
67.5,134.5,0.0
68.5,134.5,0.0
69.5,134.5,0.0
70.5,134.5,0.0
71.5,134.5,0.0
72.5,134.5,0.0
73.5,134.5,0.0
74.5,134.5,0.0
75.5,134.5,0.0
76.5,134.5,0.0
77.5,134.5,0.0
78.5,134.5,0.0
79.5,134.5,0.0
80.5,134.5,0.0
81.5,134.5,0.0
82.5,134.5,0.0
83.5,134.5,0.0
84.5,134.5,0.0
85.5,134.5,0.0
86.5,134.5,0.0
87.5,134.5,0.0
88.5,134.5,0.0
89.5,134.5,0.0
90.5,134.5,0.0
91.5,134.5,0.0
92.5,134.5,0.0
93.5,134.5,0.0
94.5,134.5,0.0
95.5,134.5,0.0
96.5,134.5,0.0
97.5,134.5,0.0
98.5,134.5,0.0
99.5,134.5,0.0
100.5,134.5,0.0
101.5,134.5,0.0
102.5,134.5,0.0
103.5,134.5,0.0
104.5,134.5,0.0
105.5,134.5,0.0
106.5,134.5,0.0
107.5,134.5,0.0
108.5,134.5,0.0
109.5,134.5,0.0
110.5,134.5,0.0
111.5,134.5,0.0
112.5,134.5,0.0
113.5,134.5,0.0
114.5,134.5,0.0
115.5,134.5,0.0
116.5,134.5,0.0
117.5,134.5,0.0
118.5,134.5,0.0
119.5,134.5,0.0
120.5,134.5,0.0
121.5,134.5,0.0
122.5,134.5,0.0
123.5,134.5,0.0
124.5,134.5,0.0
125.5,134.5,0.0
126.5,134.5,0.0
127.5,134.5,0.0
128.5,134.5,0.0
129.5,134.5,0.0
130.5,134.5,0.0
131.5,134.5,0.0
132.5,134.5,0.0
133.5,134.5,0.0
134.5,134.5,0.0
135.5,134.5,0.0
136.5,134.5,0.0
137.5,134.5,0.0
138.5,134.5,0.0
139.5,134.5,0.0
140.5,134.5,0.0
141.5,134.5,0.0
142.5,134.5,0.0
143.5,134.5,0.0
144.5,134.5,0.0
145.5,134.5,0.0
146.5,134.5,0.0
147.5,134.5,0.0
148.5,134.5,0.0
149.5,134.5,0.0
150.5,134.5,0.0
151.5,134.5,0.0
152.5,134.5,0.0
153.5,134.5,0.0
154.5,134.5,0.0
155.5,134.5,0.0
156.5,134.5,0.0
157.5,134.5,0.0
158.5,134.5,0.0
159.5,134.5,0.0
160.5,134.5,0.0
161.5,134.5,0.0
162.5,134.5,0.0
163.5,134.5,0.0
164.5,134.5,0.0
165.5,134.5,0.0
166.5,134.5,0.0
167.5,134.5,0.0
168.5,134.5,0.0
169.5,134.5,0.0
170.5,134.5,0.0
171.5,134.5,0.0
172.5,134.5,0.0
173.5,134.5,0.0
174.5,134.5,0.0
175.5,134.5,0.0
176.5,134.5,0.0
177.5,134.5,0.0
178.5,134.5,0.0
179.5,134.5,0.0
180.5,134.5,0.0
181.5,134.5,0.0
182.5,134.5,0.0
183.5,134.5,0.0
184.5,134.5,0.0
185.5,134.5,0.0
186.5,134.5,0.0
187.5,134.5,0.0
188.5,134.5,0.0
189.5,134.5,0.0
190.5,134.5,0.0
191.5,134.5,0.0
192.5,134.5,0.0
193.5,134.5,0.0
194.5,134.5,0.0
195.5,134.5,0.0
196.5,134.5,0.0
197.5,134.5,0.0
198.5,134.5,0.0
199.5,134.5,0.0
0.5,135.5,0.0
1.5,135.5,0.0
2.5,135.5,0.0
3.5,135.5,0.0
4.5,135.5,0.0
5.5,135.5,0.0
6.5,135.5,0.0
7.5,135.5,0.0
8.5,135.5,0.0
9.5,135.5,0.0
10.5,135.5,0.0
11.5,135.5,0.0
12.5,135.5,0.0
13.5,135.5,0.0
14.5,135.5,0.0
15.5,135.5,0.0
16.5,135.5,0.0
17.5,135.5,0.0
18.5,135.5,0.0
19.5,135.5,0.0
20.5,135.5,0.0
21.5,135.5,0.0
22.5,135.5,0.0
23.5,135.5,0.0
24.5,135.5,0.0
25.5,135.5,0.0
26.5,135.5,0.0
27.5,135.5,0.0
28.5,135.5,0.0
29.5,135.5,0.0
30.5,135.5,0.0
31.5,135.5,0.0
32.5,135.5,0.0
33.5,135.5,0.0
34.5,135.5,0.0
35.5,135.5,0.0
36.5,135.5,0.0
37.5,135.5,0.0
38.5,135.5,0.0
39.5,135.5,0.0
40.5,135.5,0.0
41.5,135.5,0.0
42.5,135.5,0.0
43.5,135.5,0.0
44.5,135.5,0.0
45.5,135.5,0.0
46.5,135.5,0.0
47.5,135.5,0.0
48.5,135.5,0.0
49.5,135.5,0.0
50.5,135.5,0.0
51.5,135.5,0.0
52.5,135.5,0.0
53.5,135.5,0.0
54.5,135.5,0.0
55.5,135.5,0.0
56.5,135.5,0.0
57.5,135.5,0.0
58.5,135.5,0.0
59.5,135.5,0.0
60.5,135.5,0.0
61.5,135.5,0.0
62.5,135.5,0.0
63.5,135.5,0.0
64.5,135.5,0.0
65.5,135.5,0.0
66.5,135.5,0.0
67.5,135.5,0.0
68.5,135.5,0.0
69.5,135.5,0.0
70.5,135.5,0.0
71.5,135.5,0.0
72.5,135.5,0.0
73.5,135.5,0.0
74.5,135.5,0.0
75.5,135.5,0.0
76.5,135.5,0.0
77.5,135.5,0.0
78.5,135.5,0.0
79.5,135.5,0.0
80.5,135.5,0.0
81.5,135.5,0.0
82.5,135.5,0.0
83.5,135.5,0.0
84.5,135.5,0.0
85.5,135.5,0.0
86.5,135.5,0.0
87.5,135.5,0.0
88.5,135.5,0.0
89.5,135.5,0.0
90.5,135.5,0.0
91.5,135.5,0.0
92.5,135.5,0.0
93.5,135.5,0.0
94.5,135.5,0.0
95.5,135.5,0.0
96.5,135.5,0.0
97.5,135.5,0.0
98.5,135.5,0.0
99.5,135.5,0.0
100.5,135.5,0.0
101.5,135.5,0.0
102.5,135.5,0.0
103.5,135.5,0.0
104.5,135.5,0.0
105.5,135.5,0.0
106.5,135.5,0.0
107.5,135.5,0.0
108.5,135.5,0.0
109.5,135.5,0.0
110.5,135.5,0.0
111.5,135.5,0.0
112.5,135.5,0.0
113.5,135.5,0.0
114.5,135.5,0.0
115.5,135.5,0.0
116.5,135.5,0.0
117.5,135.5,0.0
118.5,135.5,0.0
119.5,135.5,0.0
120.5,135.5,0.0
121.5,135.5,0.0
122.5,135.5,0.0
123.5,135.5,0.0
124.5,135.5,0.0
125.5,135.5,0.0
126.5,135.5,0.0
127.5,135.5,0.0
128.5,135.5,0.0
129.5,135.5,0.0
130.5,135.5,0.0
131.5,135.5,0.0
132.5,135.5,0.0
133.5,135.5,0.0
134.5,135.5,0.0
135.5,135.5,0.0
136.5,135.5,0.0
137.5,135.5,0.0
138.5,135.5,0.0
139.5,135.5,0.0
140.5,135.5,0.0
141.5,135.5,0.0
142.5,135.5,0.0
143.5,135.5,0.0
144.5,135.5,0.0
145.5,135.5,0.0
146.5,135.5,0.0
147.5,135.5,0.0
148.5,135.5,0.0
149.5,135.5,0.0
150.5,135.5,0.0
151.5,135.5,0.0
152.5,135.5,0.0
153.5,135.5,0.0
154.5,135.5,0.0
155.5,135.5,0.0
156.5,135.5,0.0
157.5,135.5,0.0
158.5,135.5,0.0
159.5,135.5,0.0
160.5,135.5,0.0
161.5,135.5,0.0
162.5,135.5,0.0
163.5,135.5,0.0
164.5,135.5,0.0
165.5,135.5,0.0
166.5,135.5,0.0
167.5,135.5,0.0
168.5,135.5,0.0
169.5,135.5,0.0
170.5,135.5,0.0
171.5,135.5,0.0
172.5,135.5,0.0
173.5,135.5,0.0
174.5,135.5,0.0
175.5,135.5,0.0
176.5,135.5,0.0
177.5,135.5,0.0
178.5,135.5,0.0
179.5,135.5,0.0
180.5,135.5,0.0
181.5,135.5,0.0
182.5,135.5,0.0
183.5,135.5,0.0
184.5,135.5,0.0
185.5,135.5,0.0
186.5,135.5,0.0
187.5,135.5,0.0
188.5,135.5,0.0
189.5,135.5,0.0
190.5,135.5,0.0
191.5,135.5,0.0
192.5,135.5,0.0
193.5,135.5,0.0
194.5,135.5,0.0
195.5,135.5,0.0
196.5,135.5,0.0
197.5,135.5,0.0
198.5,135.5,0.0
199.5,135.5,0.0
0.5,136.5,0.0
1.5,136.5,0.0
2.5,136.5,0.0
3.5,136.5,0.0
4.5,136.5,0.0
5.5,136.5,0.0
6.5,136.5,0.0
7.5,136.5,0.0
8.5,136.5,0.0
9.5,136.5,0.0
10.5,136.5,0.0
11.5,136.5,0.0
12.5,136.5,0.0
13.5,136.5,0.0
14.5,136.5,0.0
15.5,136.5,0.0
16.5,136.5,0.0
17.5,136.5,0.0
18.5,136.5,0.0
19.5,136.5,0.0
20.5,136.5,0.0
21.5,136.5,0.0
22.5,136.5,0.0
23.5,136.5,0.0
24.5,136.5,0.0
25.5,136.5,0.0
26.5,136.5,0.0
27.5,136.5,0.0
28.5,136.5,0.0
29.5,136.5,0.0
30.5,136.5,0.0
31.5,136.5,0.0
32.5,136.5,0.0
33.5,136.5,0.0
34.5,136.5,0.0
35.5,136.5,0.0
36.5,136.5,0.0
37.5,136.5,0.0
38.5,136.5,0.0
39.5,136.5,0.0
40.5,136.5,0.0
41.5,136.5,0.0
42.5,136.5,0.0
43.5,136.5,0.0
44.5,136.5,0.0
45.5,136.5,0.0
46.5,136.5,0.0
47.5,136.5,0.0
48.5,136.5,0.0
49.5,136.5,0.0
50.5,136.5,0.0
51.5,136.5,0.0
52.5,136.5,0.0
53.5,136.5,0.0
54.5,136.5,0.0
55.5,136.5,0.0
56.5,136.5,0.0
57.5,136.5,0.0
58.5,136.5,0.0
59.5,136.5,0.0
60.5,136.5,0.0
61.5,136.5,0.0
62.5,136.5,0.0
63.5,136.5,0.0
64.5,136.5,0.0
65.5,136.5,0.0
66.5,136.5,0.0
67.5,136.5,0.0
68.5,136.5,0.0
69.5,136.5,0.0
70.5,136.5,0.0
71.5,136.5,0.0
72.5,136.5,0.0
73.5,136.5,0.0
74.5,136.5,0.0
75.5,136.5,0.0
76.5,136.5,0.0
77.5,136.5,0.0
78.5,136.5,0.0
79.5,136.5,0.0
80.5,136.5,0.0
81.5,136.5,0.0
82.5,136.5,0.0
83.5,136.5,0.0
84.5,136.5,0.0
85.5,136.5,0.0
86.5,136.5,0.0
87.5,136.5,0.0
88.5,136.5,0.0
89.5,136.5,0.0
90.5,136.5,0.0
91.5,136.5,0.0
92.5,136.5,0.0
93.5,136.5,0.0
94.5,136.5,0.0
95.5,136.5,0.0
96.5,136.5,0.0
97.5,136.5,0.0
98.5,136.5,0.0
99.5,136.5,0.0
100.5,136.5,0.0
101.5,136.5,0.0
102.5,136.5,0.0
103.5,136.5,0.0
104.5,136.5,0.0
105.5,136.5,0.0
106.5,136.5,0.0
107.5,136.5,0.0
108.5,136.5,0.0
109.5,136.5,0.0
110.5,136.5,0.0
111.5,136.5,0.0
112.5,136.5,0.0
113.5,136.5,0.0
114.5,136.5,0.0
115.5,136.5,0.0
116.5,136.5,0.0
117.5,136.5,0.0
118.5,136.5,0.0
119.5,136.5,0.0
120.5,136.5,0.0
121.5,136.5,0.0
122.5,136.5,0.0
123.5,136.5,0.0
124.5,136.5,0.0
125.5,136.5,0.0
126.5,136.5,0.0
127.5,136.5,0.0
128.5,136.5,0.0
129.5,136.5,0.0
130.5,136.5,0.0
131.5,136.5,0.0
132.5,136.5,0.0
133.5,136.5,0.0
134.5,136.5,0.0
135.5,136.5,0.0
136.5,136.5,0.0
137.5,136.5,0.0
138.5,136.5,0.0
139.5,136.5,0.0
140.5,136.5,0.0
141.5,136.5,0.0
142.5,136.5,0.0
143.5,136.5,0.0
144.5,136.5,0.0
145.5,136.5,0.0
146.5,136.5,0.0
147.5,136.5,0.0
148.5,136.5,0.0
149.5,136.5,0.0
150.5,136.5,0.0
151.5,136.5,0.0
152.5,136.5,0.0
153.5,136.5,0.0
154.5,136.5,0.0
155.5,136.5,0.0
156.5,136.5,0.0
157.5,136.5,0.0
158.5,136.5,0.0
159.5,136.5,0.0
160.5,136.5,0.0
161.5,136.5,0.0
162.5,136.5,0.0
163.5,136.5,0.0
164.5,136.5,0.0
165.5,136.5,0.0
166.5,136.5,0.0
167.5,136.5,0.0
168.5,136.5,0.0
169.5,136.5,0.0
170.5,136.5,0.0
171.5,136.5,0.0
172.5,136.5,0.0
173.5,136.5,0.0
174.5,136.5,0.0
175.5,136.5,0.0
176.5,136.5,0.0
177.5,136.5,0.0
178.5,136.5,0.0
179.5,136.5,0.0
180.5,136.5,0.0
181.5,136.5,0.0
182.5,136.5,0.0
183.5,136.5,0.0
184.5,136.5,0.0
185.5,136.5,0.0
186.5,136.5,0.0
187.5,136.5,0.0
188.5,136.5,0.0
189.5,136.5,0.0
190.5,136.5,0.0
191.5,136.5,0.0
192.5,136.5,0.0
193.5,136.5,0.0
194.5,136.5,0.0
195.5,136.5,0.0
196.5,136.5,0.0
197.5,136.5,0.0
198.5,136.5,0.0
199.5,136.5,0.0
0.5,137.5,0.0
1.5,137.5,0.0
2.5,137.5,0.0
3.5,137.5,0.0
4.5,137.5,0.0
5.5,137.5,0.0
6.5,137.5,0.0
7.5,137.5,0.0
8.5,137.5,0.0
9.5,137.5,0.0
10.5,137.5,0.0
11.5,137.5,0.0
12.5,137.5,0.0
13.5,137.5,0.0
14.5,137.5,0.0
15.5,137.5,0.0
16.5,137.5,0.0
17.5,137.5,0.0
18.5,137.5,0.0
19.5,137.5,0.0
20.5,137.5,0.0
21.5,137.5,0.0
22.5,137.5,0.0
23.5,137.5,0.0
24.5,137.5,0.0
25.5,137.5,0.0
26.5,137.5,0.0
27.5,137.5,0.0
28.5,137.5,0.0
29.5,137.5,0.0
30.5,137.5,0.0
31.5,137.5,0.0
32.5,137.5,0.0
33.5,137.5,0.0
34.5,137.5,0.0
35.5,137.5,0.0
36.5,137.5,0.0
37.5,137.5,0.0
38.5,137.5,0.0
39.5,137.5,0.0
40.5,137.5,0.0
41.5,137.5,0.0
42.5,137.5,0.0
43.5,137.5,0.0
44.5,137.5,0.0
45.5,137.5,0.0
46.5,137.5,0.0
47.5,137.5,0.0
48.5,137.5,0.0
49.5,137.5,0.0
50.5,137.5,0.0
51.5,137.5,0.0
52.5,137.5,0.0
53.5,137.5,0.0
54.5,137.5,0.0
55.5,137.5,0.0
56.5,137.5,0.0
57.5,137.5,0.0
58.5,137.5,0.0
59.5,137.5,0.0
60.5,137.5,0.0
61.5,137.5,0.0
62.5,137.5,0.0
63.5,137.5,0.0
64.5,137.5,0.0
65.5,137.5,0.0
66.5,137.5,0.0
67.5,137.5,0.0
68.5,137.5,0.0
69.5,137.5,0.0
70.5,137.5,0.0
71.5,137.5,0.0
72.5,137.5,0.0
73.5,137.5,0.0
74.5,137.5,0.0
75.5,137.5,0.0
76.5,137.5,0.0
77.5,137.5,0.0
78.5,137.5,0.0
79.5,137.5,0.0
80.5,137.5,0.0
81.5,137.5,0.0
82.5,137.5,0.0
83.5,137.5,0.0
84.5,137.5,0.0
85.5,137.5,0.0
86.5,137.5,0.0
87.5,137.5,0.0
88.5,137.5,0.0
89.5,137.5,0.0
90.5,137.5,0.0
91.5,137.5,0.0
92.5,137.5,0.0
93.5,137.5,0.0
94.5,137.5,0.0
95.5,137.5,0.0
96.5,137.5,0.0
97.5,137.5,0.0
98.5,137.5,0.0
99.5,137.5,0.0
100.5,137.5,0.0
101.5,137.5,0.0
102.5,137.5,0.0
103.5,137.5,0.0
104.5,137.5,0.0
105.5,137.5,0.0
106.5,137.5,0.0
107.5,137.5,0.0
108.5,137.5,0.0
109.5,137.5,0.0
110.5,137.5,0.0
111.5,137.5,0.0
112.5,137.5,0.0
113.5,137.5,0.0
114.5,137.5,0.0
115.5,137.5,0.0
116.5,137.5,0.0
117.5,137.5,0.0
118.5,137.5,0.0
119.5,137.5,0.0
120.5,137.5,0.0
121.5,137.5,0.0
122.5,137.5,0.0
123.5,137.5,0.0
124.5,137.5,0.0
125.5,137.5,0.0
126.5,137.5,0.0
127.5,137.5,0.0
128.5,137.5,0.0
129.5,137.5,0.0
130.5,137.5,0.0
131.5,137.5,0.0
132.5,137.5,0.0
133.5,137.5,0.0
134.5,137.5,0.0
135.5,137.5,0.0
136.5,137.5,0.0
137.5,137.5,0.0
138.5,137.5,0.0
139.5,137.5,0.0
140.5,137.5,0.0
141.5,137.5,0.0
142.5,137.5,0.0
143.5,137.5,0.0
144.5,137.5,0.0
145.5,137.5,0.0
146.5,137.5,0.0
147.5,137.5,0.0
148.5,137.5,0.0
149.5,137.5,0.0
150.5,137.5,0.0
151.5,137.5,0.0
152.5,137.5,0.0
153.5,137.5,0.0
154.5,137.5,0.0
155.5,137.5,0.0
156.5,137.5,0.0
157.5,137.5,0.0
158.5,137.5,0.0
159.5,137.5,0.0
160.5,137.5,0.0
161.5,137.5,0.0
162.5,137.5,0.0
163.5,137.5,0.0
164.5,137.5,0.0
165.5,137.5,0.0
166.5,137.5,0.0
167.5,137.5,0.0
168.5,137.5,0.0
169.5,137.5,0.0
170.5,137.5,0.0
171.5,137.5,0.0
172.5,137.5,0.0
173.5,137.5,0.0
174.5,137.5,0.0
175.5,137.5,0.0
176.5,137.5,0.0
177.5,137.5,0.0
178.5,137.5,0.0
179.5,137.5,0.0
180.5,137.5,0.0
181.5,137.5,0.0
182.5,137.5,0.0
183.5,137.5,0.0
184.5,137.5,0.0
185.5,137.5,0.0
186.5,137.5,0.0
187.5,137.5,0.0
188.5,137.5,0.0
189.5,137.5,0.0
190.5,137.5,0.0
191.5,137.5,0.0
192.5,137.5,0.0
193.5,137.5,0.0
194.5,137.5,0.0
195.5,137.5,0.0
196.5,137.5,0.0
197.5,137.5,0.0
198.5,137.5,0.0
199.5,137.5,0.0
0.5,138.5,0.0
1.5,138.5,0.0
2.5,138.5,0.0
3.5,138.5,0.0
4.5,138.5,0.0
5.5,138.5,0.0
6.5,138.5,0.0
7.5,138.5,0.0
8.5,138.5,0.0
9.5,138.5,0.0
10.5,138.5,0.0
11.5,138.5,0.0
12.5,138.5,0.0
13.5,138.5,0.0
14.5,138.5,0.0
15.5,138.5,0.0
16.5,138.5,0.0
17.5,138.5,0.0
18.5,138.5,0.0
19.5,138.5,0.0
20.5,138.5,0.0
21.5,138.5,0.0
22.5,138.5,0.0
23.5,138.5,0.0
24.5,138.5,0.0
25.5,138.5,0.0
26.5,138.5,0.0
27.5,138.5,0.0
28.5,138.5,0.0
29.5,138.5,0.0
30.5,138.5,0.0
31.5,138.5,0.0
32.5,138.5,0.0
33.5,138.5,0.0
34.5,138.5,0.0
35.5,138.5,0.0
36.5,138.5,0.0
37.5,138.5,0.0
38.5,138.5,0.0
39.5,138.5,0.0
40.5,138.5,0.0
41.5,138.5,0.0
42.5,138.5,0.0
43.5,138.5,0.0
44.5,138.5,0.0
45.5,138.5,0.0
46.5,138.5,0.0
47.5,138.5,0.0
48.5,138.5,0.0
49.5,138.5,0.0
50.5,138.5,0.0
51.5,138.5,0.0
52.5,138.5,0.0
53.5,138.5,0.0
54.5,138.5,0.0
55.5,138.5,0.0
56.5,138.5,0.0
57.5,138.5,0.0
58.5,138.5,0.0
59.5,138.5,0.0
60.5,138.5,0.0
61.5,138.5,0.0
62.5,138.5,0.0
63.5,138.5,0.0
64.5,138.5,0.0
65.5,138.5,0.0
66.5,138.5,0.0
67.5,138.5,0.0
68.5,138.5,0.0
69.5,138.5,0.0
70.5,138.5,0.0
71.5,138.5,0.0
72.5,138.5,0.0
73.5,138.5,0.0
74.5,138.5,0.0
75.5,138.5,0.0
76.5,138.5,0.0
77.5,138.5,0.0
78.5,138.5,0.0
79.5,138.5,0.0
80.5,138.5,0.0
81.5,138.5,0.0
82.5,138.5,0.0
83.5,138.5,0.0
84.5,138.5,0.0
85.5,138.5,0.0
86.5,138.5,0.0
87.5,138.5,0.0
88.5,138.5,0.0
89.5,138.5,0.0
90.5,138.5,0.0
91.5,138.5,0.0
92.5,138.5,0.0
93.5,138.5,0.0
94.5,138.5,0.0
95.5,138.5,0.0
96.5,138.5,0.0
97.5,138.5,0.0
98.5,138.5,0.0
99.5,138.5,0.0
100.5,138.5,0.0
101.5,138.5,0.0
102.5,138.5,0.0
103.5,138.5,0.0
104.5,138.5,0.0
105.5,138.5,0.0
106.5,138.5,0.0
107.5,138.5,0.0
108.5,138.5,0.0
109.5,138.5,0.0
110.5,138.5,0.0
111.5,138.5,0.0
112.5,138.5,0.0
113.5,138.5,0.0
114.5,138.5,0.0
115.5,138.5,0.0
116.5,138.5,0.0
117.5,138.5,0.0
118.5,138.5,0.0
119.5,138.5,0.0
120.5,138.5,0.0
121.5,138.5,0.0
122.5,138.5,0.0
123.5,138.5,0.0
124.5,138.5,0.0
125.5,138.5,0.0
126.5,138.5,0.0
127.5,138.5,0.0
128.5,138.5,0.0
129.5,138.5,0.0
130.5,138.5,0.0
131.5,138.5,0.0
132.5,138.5,0.0
133.5,138.5,0.0
134.5,138.5,0.0
135.5,138.5,0.0
136.5,138.5,0.0
137.5,138.5,0.0
138.5,138.5,0.0
139.5,138.5,0.0
140.5,138.5,0.0
141.5,138.5,0.0
142.5,138.5,0.0
143.5,138.5,0.0
144.5,138.5,0.0
145.5,138.5,0.0
146.5,138.5,0.0
147.5,138.5,0.0
148.5,138.5,0.0
149.5,138.5,0.0
150.5,138.5,0.0
151.5,138.5,0.0
152.5,138.5,0.0
153.5,138.5,0.0
154.5,138.5,0.0
155.5,138.5,0.0
156.5,138.5,0.0
157.5,138.5,0.0
158.5,138.5,0.0
159.5,138.5,0.0
160.5,138.5,0.0
161.5,138.5,0.0
162.5,138.5,0.0
163.5,138.5,0.0
164.5,138.5,0.0
165.5,138.5,0.0
166.5,138.5,0.0
167.5,138.5,0.0
168.5,138.5,0.0
169.5,138.5,0.0
170.5,138.5,0.0
171.5,138.5,0.0
172.5,138.5,0.0
173.5,138.5,0.0
174.5,138.5,0.0
175.5,138.5,0.0
176.5,138.5,0.0
177.5,138.5,0.0
178.5,138.5,0.0
179.5,138.5,0.0
180.5,138.5,0.0
181.5,138.5,0.0
182.5,138.5,0.0
183.5,138.5,0.0
184.5,138.5,0.0
185.5,138.5,0.0
186.5,138.5,0.0
187.5,138.5,0.0
188.5,138.5,0.0
189.5,138.5,0.0
190.5,138.5,0.0
191.5,138.5,0.0
192.5,138.5,0.0
193.5,138.5,0.0
194.5,138.5,0.0
195.5,138.5,0.0
196.5,138.5,0.0
197.5,138.5,0.0
198.5,138.5,0.0
199.5,138.5,0.0
0.5,139.5,0.0
1.5,139.5,0.0
2.5,139.5,0.0
3.5,139.5,0.0
4.5,139.5,0.0
5.5,139.5,0.0
6.5,139.5,0.0
7.5,139.5,0.0
8.5,139.5,0.0
9.5,139.5,0.0
10.5,139.5,0.0
11.5,139.5,0.0
12.5,139.5,0.0
13.5,139.5,0.0
14.5,139.5,0.0
15.5,139.5,0.0
16.5,139.5,0.0
17.5,139.5,0.0
18.5,139.5,0.0
19.5,139.5,0.0
20.5,139.5,0.0
21.5,139.5,0.0
22.5,139.5,0.0
23.5,139.5,0.0
24.5,139.5,0.0
25.5,139.5,0.0
26.5,139.5,0.0
27.5,139.5,0.0
28.5,139.5,0.0
29.5,139.5,0.0
30.5,139.5,0.0
31.5,139.5,0.0
32.5,139.5,0.0
33.5,139.5,0.0
34.5,139.5,0.0
35.5,139.5,0.0
36.5,139.5,0.0
37.5,139.5,0.0
38.5,139.5,0.0
39.5,139.5,0.0
40.5,139.5,0.0
41.5,139.5,0.0
42.5,139.5,0.0
43.5,139.5,0.0
44.5,139.5,0.0
45.5,139.5,0.0
46.5,139.5,0.0
47.5,139.5,0.0
48.5,139.5,0.0
49.5,139.5,0.0
50.5,139.5,0.0
51.5,139.5,0.0
52.5,139.5,0.0
53.5,139.5,0.0
54.5,139.5,0.0
55.5,139.5,0.0
56.5,139.5,0.0
57.5,139.5,0.0
58.5,139.5,0.0
59.5,139.5,0.0
60.5,139.5,0.0
61.5,139.5,0.0
62.5,139.5,0.0
63.5,139.5,0.0
64.5,139.5,0.0
65.5,139.5,0.0
66.5,139.5,0.0
67.5,139.5,0.0
68.5,139.5,0.0
69.5,139.5,0.0
70.5,139.5,0.0
71.5,139.5,0.0
72.5,139.5,0.0
73.5,139.5,0.0
74.5,139.5,0.0
75.5,139.5,0.0
76.5,139.5,0.0
77.5,139.5,0.0
78.5,139.5,0.0
79.5,139.5,0.0
80.5,139.5,0.0
81.5,139.5,0.0
82.5,139.5,0.0
83.5,139.5,0.0
84.5,139.5,0.0
85.5,139.5,0.0
86.5,139.5,0.0
87.5,139.5,0.0
88.5,139.5,0.0
89.5,139.5,0.0
90.5,139.5,0.0
91.5,139.5,0.0
92.5,139.5,0.0
93.5,139.5,0.0
94.5,139.5,0.0
95.5,139.5,0.0
96.5,139.5,0.0
97.5,139.5,0.0
98.5,139.5,0.0
99.5,139.5,0.0
100.5,139.5,0.0
101.5,139.5,0.0
102.5,139.5,0.0
103.5,139.5,0.0
104.5,139.5,0.0
105.5,139.5,0.0
106.5,139.5,0.0
107.5,139.5,0.0
108.5,139.5,0.0
109.5,139.5,0.0
110.5,139.5,0.0
111.5,139.5,0.0
112.5,139.5,0.0
113.5,139.5,0.0
114.5,139.5,0.0
115.5,139.5,0.0
116.5,139.5,0.0
117.5,139.5,0.0
118.5,139.5,0.0
119.5,139.5,0.0
120.5,139.5,0.0
121.5,139.5,0.0
122.5,139.5,0.0
123.5,139.5,0.0
124.5,139.5,0.0
125.5,139.5,0.0
126.5,139.5,0.0
127.5,139.5,0.0
128.5,139.5,0.0
129.5,139.5,0.0
130.5,139.5,0.0
131.5,139.5,0.0
132.5,139.5,0.0
133.5,139.5,0.0
134.5,139.5,0.0
135.5,139.5,0.0
136.5,139.5,0.0
137.5,139.5,0.0
138.5,139.5,0.0
139.5,139.5,0.0
140.5,139.5,0.0
141.5,139.5,0.0
142.5,139.5,0.0
143.5,139.5,0.0
144.5,139.5,0.0
145.5,139.5,0.0
146.5,139.5,0.0
147.5,139.5,0.0
148.5,139.5,0.0
149.5,139.5,0.0
150.5,139.5,0.0
151.5,139.5,0.0
152.5,139.5,0.0
153.5,139.5,0.0
154.5,139.5,0.0
155.5,139.5,0.0
156.5,139.5,0.0
157.5,139.5,0.0
158.5,139.5,0.0
159.5,139.5,0.0
160.5,139.5,0.0
161.5,139.5,0.0
162.5,139.5,0.0
163.5,139.5,0.0
164.5,139.5,0.0
165.5,139.5,0.0
166.5,139.5,0.0
167.5,139.5,0.0
168.5,139.5,0.0
169.5,139.5,0.0
170.5,139.5,0.0
171.5,139.5,0.0
172.5,139.5,0.0
173.5,139.5,0.0
174.5,139.5,0.0
175.5,139.5,0.0
176.5,139.5,0.0
177.5,139.5,0.0
178.5,139.5,0.0
179.5,139.5,0.0
180.5,139.5,0.0
181.5,139.5,0.0
182.5,139.5,0.0
183.5,139.5,0.0
184.5,139.5,0.0
185.5,139.5,0.0
186.5,139.5,0.0
187.5,139.5,0.0
188.5,139.5,0.0
189.5,139.5,0.0
190.5,139.5,0.0
191.5,139.5,0.0
192.5,139.5,0.0
193.5,139.5,0.0
194.5,139.5,0.0
195.5,139.5,0.0
196.5,139.5,0.0
197.5,139.5,0.0
198.5,139.5,0.0
199.5,139.5,0.0
0.5,140.5,0.0
1.5,140.5,0.0
2.5,140.5,0.0
3.5,140.5,0.0
4.5,140.5,0.0
5.5,140.5,0.0
6.5,140.5,0.0
7.5,140.5,0.0
8.5,140.5,0.0
9.5,140.5,0.0
10.5,140.5,0.0
11.5,140.5,0.0
12.5,140.5,0.0
13.5,140.5,0.0
14.5,140.5,0.0
15.5,140.5,0.0
16.5,140.5,0.0
17.5,140.5,0.0
18.5,140.5,0.0
19.5,140.5,0.0
20.5,140.5,0.0
21.5,140.5,0.0
22.5,140.5,0.0
23.5,140.5,0.0
24.5,140.5,0.0
25.5,140.5,0.0
26.5,140.5,0.0
27.5,140.5,0.0
28.5,140.5,0.0
29.5,140.5,0.0
30.5,140.5,0.0
31.5,140.5,0.0
32.5,140.5,0.0
33.5,140.5,0.0
34.5,140.5,0.0
35.5,140.5,0.0
36.5,140.5,0.0
37.5,140.5,0.0
38.5,140.5,0.0
39.5,140.5,0.0
40.5,140.5,0.0
41.5,140.5,0.0
42.5,140.5,0.0
43.5,140.5,0.0
44.5,140.5,0.0
45.5,140.5,0.0
46.5,140.5,0.0
47.5,140.5,0.0
48.5,140.5,0.0
49.5,140.5,0.0
50.5,140.5,0.0
51.5,140.5,0.0
52.5,140.5,0.0
53.5,140.5,0.0
54.5,140.5,0.0
55.5,140.5,0.0
56.5,140.5,0.0
57.5,140.5,0.0
58.5,140.5,0.0
59.5,140.5,0.0
60.5,140.5,0.0
61.5,140.5,0.0
62.5,140.5,0.0
63.5,140.5,0.0
64.5,140.5,0.0
65.5,140.5,0.0
66.5,140.5,0.0
67.5,140.5,0.0
68.5,140.5,0.0
69.5,140.5,0.0
70.5,140.5,0.0
71.5,140.5,0.0
72.5,140.5,0.0
73.5,140.5,0.0
74.5,140.5,0.0
75.5,140.5,0.0
76.5,140.5,0.0
77.5,140.5,0.0
78.5,140.5,0.0
79.5,140.5,0.0
80.5,140.5,0.0
81.5,140.5,0.0
82.5,140.5,0.0
83.5,140.5,0.0
84.5,140.5,0.0
85.5,140.5,0.0
86.5,140.5,0.0
87.5,140.5,0.0
88.5,140.5,0.0
89.5,140.5,0.0
90.5,140.5,0.0
91.5,140.5,0.0
92.5,140.5,0.0
93.5,140.5,0.0
94.5,140.5,0.0
95.5,140.5,0.0
96.5,140.5,0.0
97.5,140.5,0.0
98.5,140.5,0.0
99.5,140.5,0.0
100.5,140.5,0.0
101.5,140.5,0.0
102.5,140.5,0.0
103.5,140.5,0.0
104.5,140.5,0.0
105.5,140.5,0.0
106.5,140.5,0.0
107.5,140.5,0.0
108.5,140.5,0.0
109.5,140.5,0.0
110.5,140.5,0.0
111.5,140.5,0.0
112.5,140.5,0.0
113.5,140.5,0.0
114.5,140.5,0.0
115.5,140.5,0.0
116.5,140.5,0.0
117.5,140.5,0.0
118.5,140.5,0.0
119.5,140.5,0.0
120.5,140.5,0.0
121.5,140.5,0.0
122.5,140.5,0.0
123.5,140.5,0.0
124.5,140.5,0.0
125.5,140.5,0.0
126.5,140.5,0.0
127.5,140.5,0.0
128.5,140.5,0.0
129.5,140.5,0.0
130.5,140.5,0.0
131.5,140.5,0.0
132.5,140.5,0.0
133.5,140.5,0.0
134.5,140.5,0.0
135.5,140.5,0.0
136.5,140.5,0.0
137.5,140.5,0.0
138.5,140.5,0.0
139.5,140.5,0.0
140.5,140.5,0.0
141.5,140.5,0.0
142.5,140.5,0.0
143.5,140.5,0.0
144.5,140.5,0.0
145.5,140.5,0.0
146.5,140.5,0.0
147.5,140.5,0.0
148.5,140.5,0.0
149.5,140.5,0.0
150.5,140.5,0.0
151.5,140.5,0.0
152.5,140.5,0.0
153.5,140.5,0.0
154.5,140.5,0.0
155.5,140.5,0.0
156.5,140.5,0.0
157.5,140.5,0.0
158.5,140.5,0.0
159.5,140.5,0.0
160.5,140.5,0.0
161.5,140.5,0.0
162.5,140.5,0.0
163.5,140.5,0.0
164.5,140.5,0.0
165.5,140.5,0.0
166.5,140.5,0.0
167.5,140.5,0.0
168.5,140.5,0.0
169.5,140.5,0.0
170.5,140.5,0.0
171.5,140.5,0.0
172.5,140.5,0.0
173.5,140.5,0.0
174.5,140.5,0.0
175.5,140.5,0.0
176.5,140.5,0.0
177.5,140.5,0.0
178.5,140.5,0.0
179.5,140.5,0.0
180.5,140.5,0.0
181.5,140.5,0.0
182.5,140.5,0.0
183.5,140.5,0.0
184.5,140.5,0.0
185.5,140.5,0.0
186.5,140.5,0.0
187.5,140.5,0.0
188.5,140.5,0.0
189.5,140.5,0.0
190.5,140.5,0.0
191.5,140.5,0.0
192.5,140.5,0.0
193.5,140.5,0.0
194.5,140.5,0.0
195.5,140.5,0.0
196.5,140.5,0.0
197.5,140.5,0.0
198.5,140.5,0.0
199.5,140.5,0.0
0.5,141.5,0.0
1.5,141.5,0.0
2.5,141.5,0.0
3.5,141.5,0.0
4.5,141.5,0.0
5.5,141.5,0.0
6.5,141.5,0.0
7.5,141.5,0.0
8.5,141.5,0.0
9.5,141.5,0.0
10.5,141.5,0.0
11.5,141.5,0.0
12.5,141.5,0.0
13.5,141.5,0.0
14.5,141.5,0.0
15.5,141.5,0.0
16.5,141.5,0.0
17.5,141.5,0.0
18.5,141.5,0.0
19.5,141.5,0.0
20.5,141.5,0.0
21.5,141.5,0.0
22.5,141.5,0.0
23.5,141.5,0.0
24.5,141.5,0.0
25.5,141.5,0.0
26.5,141.5,0.0
27.5,141.5,0.0
28.5,141.5,0.0
29.5,141.5,0.0
30.5,141.5,0.0
31.5,141.5,0.0
32.5,141.5,0.0
33.5,141.5,0.0
34.5,141.5,0.0
35.5,141.5,0.0
36.5,141.5,0.0
37.5,141.5,0.0
38.5,141.5,0.0
39.5,141.5,0.0
40.5,141.5,0.0
41.5,141.5,0.0
42.5,141.5,0.0
43.5,141.5,0.0
44.5,141.5,0.0
45.5,141.5,0.0
46.5,141.5,0.0
47.5,141.5,0.0
48.5,141.5,0.0
49.5,141.5,0.0
50.5,141.5,0.0
51.5,141.5,0.0
52.5,141.5,0.0
53.5,141.5,0.0
54.5,141.5,0.0
55.5,141.5,0.0
56.5,141.5,0.0
57.5,141.5,0.0
58.5,141.5,0.0
59.5,141.5,0.0
60.5,141.5,0.0
61.5,141.5,0.0
62.5,141.5,0.0
63.5,141.5,0.0
64.5,141.5,0.0
65.5,141.5,0.0
66.5,141.5,0.0
67.5,141.5,0.0
68.5,141.5,0.0
69.5,141.5,0.0
70.5,141.5,0.0
71.5,141.5,0.0
72.5,141.5,0.0
73.5,141.5,0.0
74.5,141.5,0.0
75.5,141.5,0.0
76.5,141.5,0.0
77.5,141.5,0.0
78.5,141.5,0.0
79.5,141.5,0.0
80.5,141.5,0.0
81.5,141.5,0.0
82.5,141.5,0.0
83.5,141.5,0.0
84.5,141.5,0.0
85.5,141.5,0.0
86.5,141.5,0.0
87.5,141.5,0.0
88.5,141.5,0.0
89.5,141.5,0.0
90.5,141.5,0.0
91.5,141.5,0.0
92.5,141.5,0.0
93.5,141.5,0.0
94.5,141.5,0.0
95.5,141.5,0.0
96.5,141.5,0.0
97.5,141.5,0.0
98.5,141.5,0.0
99.5,141.5,0.0
100.5,141.5,0.0
101.5,141.5,0.0
102.5,141.5,0.0
103.5,141.5,0.0
104.5,141.5,0.0
105.5,141.5,0.0
106.5,141.5,0.0
107.5,141.5,0.0
108.5,141.5,0.0
109.5,141.5,0.0
110.5,141.5,0.0
111.5,141.5,0.0
112.5,141.5,0.0
113.5,141.5,0.0
114.5,141.5,0.0
115.5,141.5,0.0
116.5,141.5,0.0
117.5,141.5,0.0
118.5,141.5,0.0
119.5,141.5,0.0
120.5,141.5,0.0
121.5,141.5,0.0
122.5,141.5,0.0
123.5,141.5,0.0
124.5,141.5,0.0
125.5,141.5,0.0
126.5,141.5,0.0
127.5,141.5,0.0
128.5,141.5,0.0
129.5,141.5,0.0
130.5,141.5,0.0
131.5,141.5,0.0
132.5,141.5,0.0
133.5,141.5,0.0
134.5,141.5,0.0
135.5,141.5,0.0
136.5,141.5,0.0
137.5,141.5,0.0
138.5,141.5,0.0
139.5,141.5,0.0
140.5,141.5,0.0
141.5,141.5,0.0
142.5,141.5,0.0
143.5,141.5,0.0
144.5,141.5,0.0
145.5,141.5,0.0
146.5,141.5,0.0
147.5,141.5,0.0
148.5,141.5,0.0
149.5,141.5,0.0
150.5,141.5,0.0
151.5,141.5,0.0
152.5,141.5,0.0
153.5,141.5,0.0
154.5,141.5,0.0
155.5,141.5,0.0
156.5,141.5,0.0
157.5,141.5,0.0
158.5,141.5,0.0
159.5,141.5,0.0
160.5,141.5,0.0
161.5,141.5,0.0
162.5,141.5,0.0
163.5,141.5,0.0
164.5,141.5,0.0
165.5,141.5,0.0
166.5,141.5,0.0
167.5,141.5,0.0
168.5,141.5,0.0
169.5,141.5,0.0
170.5,141.5,0.0
171.5,141.5,0.0
172.5,141.5,0.0
173.5,141.5,0.0
174.5,141.5,0.0
175.5,141.5,0.0
176.5,141.5,0.0
177.5,141.5,0.0
178.5,141.5,0.0
179.5,141.5,0.0
180.5,141.5,0.0
181.5,141.5,0.0
182.5,141.5,0.0
183.5,141.5,0.0
184.5,141.5,0.0
185.5,141.5,0.0
186.5,141.5,0.0
187.5,141.5,0.0
188.5,141.5,0.0
189.5,141.5,0.0
190.5,141.5,0.0
191.5,141.5,0.0
192.5,141.5,0.0
193.5,141.5,0.0
194.5,141.5,0.0
195.5,141.5,0.0
196.5,141.5,0.0
197.5,141.5,0.0
198.5,141.5,0.0
199.5,141.5,0.0
0.5,142.5,0.0
1.5,142.5,0.0
2.5,142.5,0.0
3.5,142.5,0.0
4.5,142.5,0.0
5.5,142.5,0.0
6.5,142.5,0.0
7.5,142.5,0.0
8.5,142.5,0.0
9.5,142.5,0.0
10.5,142.5,0.0
11.5,142.5,0.0
12.5,142.5,0.0
13.5,142.5,0.0
14.5,142.5,0.0
15.5,142.5,0.0
16.5,142.5,0.0
17.5,142.5,0.0
18.5,142.5,0.0
19.5,142.5,0.0
20.5,142.5,0.0
21.5,142.5,0.0
22.5,142.5,0.0
23.5,142.5,0.0
24.5,142.5,0.0
25.5,142.5,0.0
26.5,142.5,0.0
27.5,142.5,0.0
28.5,142.5,0.0
29.5,142.5,0.0
30.5,142.5,0.0
31.5,142.5,0.0
32.5,142.5,0.0
33.5,142.5,0.0
34.5,142.5,0.0
35.5,142.5,0.0
36.5,142.5,0.0
37.5,142.5,0.0
38.5,142.5,0.0
39.5,142.5,0.0
40.5,142.5,0.0
41.5,142.5,0.0
42.5,142.5,0.0
43.5,142.5,0.0
44.5,142.5,0.0
45.5,142.5,0.0
46.5,142.5,0.0
47.5,142.5,0.0
48.5,142.5,0.0
49.5,142.5,0.0
50.5,142.5,0.0
51.5,142.5,0.0
52.5,142.5,0.0
53.5,142.5,0.0
54.5,142.5,0.0
55.5,142.5,0.0
56.5,142.5,0.0
57.5,142.5,0.0
58.5,142.5,0.0
59.5,142.5,0.0
60.5,142.5,0.0
61.5,142.5,0.0
62.5,142.5,0.0
63.5,142.5,0.0
64.5,142.5,0.0
65.5,142.5,0.0
66.5,142.5,0.0
67.5,142.5,0.0
68.5,142.5,0.0
69.5,142.5,0.0
70.5,142.5,0.0
71.5,142.5,0.0
72.5,142.5,0.0
73.5,142.5,0.0
74.5,142.5,0.0
75.5,142.5,0.0
76.5,142.5,0.0
77.5,142.5,0.0
78.5,142.5,0.0
79.5,142.5,0.0
80.5,142.5,0.0
81.5,142.5,0.0
82.5,142.5,0.0
83.5,142.5,0.0
84.5,142.5,0.0
85.5,142.5,0.0
86.5,142.5,0.0
87.5,142.5,0.0
88.5,142.5,0.0
89.5,142.5,0.0
90.5,142.5,0.0
91.5,142.5,0.0
92.5,142.5,0.0
93.5,142.5,0.0
94.5,142.5,0.0
95.5,142.5,0.0
96.5,142.5,0.0
97.5,142.5,0.0
98.5,142.5,0.0
99.5,142.5,0.0
100.5,142.5,0.0
101.5,142.5,0.0
102.5,142.5,0.0
103.5,142.5,0.0
104.5,142.5,0.0
105.5,142.5,0.0
106.5,142.5,0.0
107.5,142.5,0.0
108.5,142.5,0.0
109.5,142.5,0.0
110.5,142.5,0.0
111.5,142.5,0.0
112.5,142.5,0.0
113.5,142.5,0.0
114.5,142.5,0.0
115.5,142.5,0.0
116.5,142.5,0.0
117.5,142.5,0.0
118.5,142.5,0.0
119.5,142.5,0.0
120.5,142.5,0.0
121.5,142.5,0.0
122.5,142.5,0.0
123.5,142.5,0.0
124.5,142.5,0.0
125.5,142.5,0.0
126.5,142.5,0.0
127.5,142.5,0.0
128.5,142.5,0.0
129.5,142.5,0.0
130.5,142.5,0.0
131.5,142.5,0.0
132.5,142.5,0.0
133.5,142.5,0.0
134.5,142.5,0.0
135.5,142.5,0.0
136.5,142.5,0.0
137.5,142.5,0.0
138.5,142.5,0.0
139.5,142.5,0.0
140.5,142.5,0.0
141.5,142.5,0.0
142.5,142.5,0.0
143.5,142.5,0.0
144.5,142.5,0.0
145.5,142.5,0.0
146.5,142.5,0.0
147.5,142.5,0.0
148.5,142.5,0.0
149.5,142.5,0.0
150.5,142.5,0.0
151.5,142.5,0.0
152.5,142.5,0.0
153.5,142.5,0.0
154.5,142.5,0.0
155.5,142.5,0.0
156.5,142.5,0.0
157.5,142.5,0.0
158.5,142.5,0.0
159.5,142.5,0.0
160.5,142.5,0.0
161.5,142.5,0.0
162.5,142.5,0.0
163.5,142.5,0.0
164.5,142.5,0.0
165.5,142.5,0.0
166.5,142.5,0.0
167.5,142.5,0.0
168.5,142.5,0.0
169.5,142.5,0.0
170.5,142.5,0.0
171.5,142.5,0.0
172.5,142.5,0.0
173.5,142.5,0.0
174.5,142.5,0.0
175.5,142.5,0.0
176.5,142.5,0.0
177.5,142.5,0.0
178.5,142.5,0.0
179.5,142.5,0.0
180.5,142.5,0.0
181.5,142.5,0.0
182.5,142.5,0.0
183.5,142.5,0.0
184.5,142.5,0.0
185.5,142.5,0.0
186.5,142.5,0.0
187.5,142.5,0.0
188.5,142.5,0.0
189.5,142.5,0.0
190.5,142.5,0.0
191.5,142.5,0.0
192.5,142.5,0.0
193.5,142.5,0.0
194.5,142.5,0.0
195.5,142.5,0.0
196.5,142.5,0.0
197.5,142.5,0.0
198.5,142.5,0.0
199.5,142.5,0.0
0.5,143.5,0.0
1.5,143.5,0.0
2.5,143.5,0.0
3.5,143.5,0.0
4.5,143.5,0.0
5.5,143.5,0.0
6.5,143.5,0.0
7.5,143.5,0.0
8.5,143.5,0.0
9.5,143.5,0.0
10.5,143.5,0.0
11.5,143.5,0.0
12.5,143.5,0.0
13.5,143.5,0.0
14.5,143.5,0.0
15.5,143.5,0.0
16.5,143.5,0.0
17.5,143.5,0.0
18.5,143.5,0.0
19.5,143.5,0.0
20.5,143.5,0.0
21.5,143.5,0.0
22.5,143.5,0.0
23.5,143.5,0.0
24.5,143.5,0.0
25.5,143.5,0.0
26.5,143.5,0.0
27.5,143.5,0.0
28.5,143.5,0.0
29.5,143.5,0.0
30.5,143.5,0.0
31.5,143.5,0.0
32.5,143.5,0.0
33.5,143.5,0.0
34.5,143.5,0.0
35.5,143.5,0.0
36.5,143.5,0.0
37.5,143.5,0.0
38.5,143.5,0.0
39.5,143.5,0.0
40.5,143.5,0.0
41.5,143.5,0.0
42.5,143.5,0.0
43.5,143.5,0.0
44.5,143.5,0.0
45.5,143.5,0.0
46.5,143.5,0.0
47.5,143.5,0.0
48.5,143.5,0.0
49.5,143.5,0.0
50.5,143.5,0.0
51.5,143.5,0.0
52.5,143.5,0.0
53.5,143.5,0.0
54.5,143.5,0.0
55.5,143.5,0.0
56.5,143.5,0.0
57.5,143.5,0.0
58.5,143.5,0.0
59.5,143.5,0.0
60.5,143.5,0.0
61.5,143.5,0.0
62.5,143.5,0.0
63.5,143.5,0.0
64.5,143.5,0.0
65.5,143.5,0.0
66.5,143.5,0.0
67.5,143.5,0.0
68.5,143.5,0.0
69.5,143.5,0.0
70.5,143.5,0.0
71.5,143.5,0.0
72.5,143.5,0.0
73.5,143.5,0.0
74.5,143.5,0.0
75.5,143.5,0.0
76.5,143.5,0.0
77.5,143.5,0.0
78.5,143.5,0.0
79.5,143.5,0.0
80.5,143.5,0.0
81.5,143.5,0.0
82.5,143.5,0.0
83.5,143.5,0.0
84.5,143.5,0.0
85.5,143.5,0.0
86.5,143.5,0.0
87.5,143.5,0.0
88.5,143.5,0.0
89.5,143.5,0.0
90.5,143.5,0.0
91.5,143.5,0.0
92.5,143.5,0.0
93.5,143.5,0.0
94.5,143.5,0.0
95.5,143.5,0.0
96.5,143.5,0.0
97.5,143.5,0.0
98.5,143.5,0.0
99.5,143.5,0.0
100.5,143.5,0.0
101.5,143.5,0.0
102.5,143.5,0.0
103.5,143.5,0.0
104.5,143.5,0.0
105.5,143.5,0.0
106.5,143.5,0.0
107.5,143.5,0.0
108.5,143.5,0.0
109.5,143.5,0.0
110.5,143.5,0.0
111.5,143.5,0.0
112.5,143.5,0.0
113.5,143.5,0.0
114.5,143.5,0.0
115.5,143.5,0.0
116.5,143.5,0.0
117.5,143.5,0.0
118.5,143.5,0.0
119.5,143.5,0.0
120.5,143.5,0.0
121.5,143.5,0.0
122.5,143.5,0.0
123.5,143.5,0.0
124.5,143.5,0.0
125.5,143.5,0.0
126.5,143.5,0.0
127.5,143.5,0.0
128.5,143.5,0.0
129.5,143.5,0.0
130.5,143.5,0.0
131.5,143.5,0.0
132.5,143.5,0.0
133.5,143.5,0.0
134.5,143.5,0.0
135.5,143.5,0.0
136.5,143.5,0.0
137.5,143.5,0.0
138.5,143.5,0.0
139.5,143.5,0.0
140.5,143.5,0.0
141.5,143.5,0.0
142.5,143.5,0.0
143.5,143.5,0.0
144.5,143.5,0.0
145.5,143.5,0.0
146.5,143.5,0.0
147.5,143.5,0.0
148.5,143.5,0.0
149.5,143.5,0.0
150.5,143.5,0.0
151.5,143.5,0.0
152.5,143.5,0.0
153.5,143.5,0.0
154.5,143.5,0.0
155.5,143.5,0.0
156.5,143.5,0.0
157.5,143.5,0.0
158.5,143.5,0.0
159.5,143.5,0.0
160.5,143.5,0.0
161.5,143.5,0.0
162.5,143.5,0.0
163.5,143.5,0.0
164.5,143.5,0.0
165.5,143.5,0.0
166.5,143.5,0.0
167.5,143.5,0.0
168.5,143.5,0.0
169.5,143.5,0.0
170.5,143.5,0.0
171.5,143.5,0.0
172.5,143.5,0.0
173.5,143.5,0.0
174.5,143.5,0.0
175.5,143.5,0.0
176.5,143.5,0.0
177.5,143.5,0.0
178.5,143.5,0.0
179.5,143.5,0.0
180.5,143.5,0.0
181.5,143.5,0.0
182.5,143.5,0.0
183.5,143.5,0.0
184.5,143.5,0.0
185.5,143.5,0.0
186.5,143.5,0.0
187.5,143.5,0.0
188.5,143.5,0.0
189.5,143.5,0.0
190.5,143.5,0.0
191.5,143.5,0.0
192.5,143.5,0.0
193.5,143.5,0.0
194.5,143.5,0.0
195.5,143.5,0.0
196.5,143.5,0.0
197.5,143.5,0.0
198.5,143.5,0.0
199.5,143.5,0.0
0.5,144.5,0.0
1.5,144.5,0.0
2.5,144.5,0.0
3.5,144.5,0.0
4.5,144.5,0.0
5.5,144.5,0.0
6.5,144.5,0.0
7.5,144.5,0.0
8.5,144.5,0.0
9.5,144.5,0.0
10.5,144.5,0.0
11.5,144.5,0.0
12.5,144.5,0.0
13.5,144.5,0.0
14.5,144.5,0.0
15.5,144.5,0.0
16.5,144.5,0.0
17.5,144.5,0.0
18.5,144.5,0.0
19.5,144.5,0.0
20.5,144.5,0.0
21.5,144.5,0.0
22.5,144.5,0.0
23.5,144.5,0.0
24.5,144.5,0.0
25.5,144.5,0.0
26.5,144.5,0.0
27.5,144.5,0.0
28.5,144.5,0.0
29.5,144.5,0.0
30.5,144.5,0.0
31.5,144.5,0.0
32.5,144.5,0.0
33.5,144.5,0.0
34.5,144.5,0.0
35.5,144.5,0.0
36.5,144.5,0.0
37.5,144.5,0.0
38.5,144.5,0.0
39.5,144.5,0.0
40.5,144.5,0.0
41.5,144.5,0.0
42.5,144.5,0.0
43.5,144.5,0.0
44.5,144.5,0.0
45.5,144.5,0.0
46.5,144.5,0.0
47.5,144.5,0.0
48.5,144.5,0.0
49.5,144.5,0.0
50.5,144.5,0.0
51.5,144.5,0.0
52.5,144.5,0.0
53.5,144.5,0.0
54.5,144.5,0.0
55.5,144.5,0.0
56.5,144.5,0.0
57.5,144.5,0.0
58.5,144.5,0.0
59.5,144.5,0.0
60.5,144.5,0.0
61.5,144.5,0.0
62.5,144.5,0.0
63.5,144.5,0.0
64.5,144.5,0.0
65.5,144.5,0.0
66.5,144.5,0.0
67.5,144.5,0.0
68.5,144.5,0.0
69.5,144.5,0.0
70.5,144.5,0.0
71.5,144.5,0.0
72.5,144.5,0.0
73.5,144.5,0.0
74.5,144.5,0.0
75.5,144.5,0.0
76.5,144.5,0.0
77.5,144.5,0.0
78.5,144.5,0.0
79.5,144.5,0.0
80.5,144.5,0.0
81.5,144.5,0.0
82.5,144.5,0.0
83.5,144.5,0.0
84.5,144.5,0.0
85.5,144.5,0.0
86.5,144.5,0.0
87.5,144.5,0.0
88.5,144.5,0.0
89.5,144.5,0.0
90.5,144.5,0.0
91.5,144.5,0.0
92.5,144.5,0.0
93.5,144.5,0.0
94.5,144.5,0.0
95.5,144.5,0.0
96.5,144.5,0.0
97.5,144.5,0.0
98.5,144.5,0.0
99.5,144.5,0.0
100.5,144.5,0.0
101.5,144.5,0.0
102.5,144.5,0.0
103.5,144.5,0.0
104.5,144.5,0.0
105.5,144.5,0.0
106.5,144.5,0.0
107.5,144.5,0.0
108.5,144.5,0.0
109.5,144.5,0.0
110.5,144.5,0.0
111.5,144.5,0.0
112.5,144.5,0.0
113.5,144.5,0.0
114.5,144.5,0.0
115.5,144.5,0.0
116.5,144.5,0.0
117.5,144.5,0.0
118.5,144.5,0.0
119.5,144.5,0.0
120.5,144.5,0.0
121.5,144.5,0.0
122.5,144.5,0.0
123.5,144.5,0.0
124.5,144.5,0.0
125.5,144.5,0.0
126.5,144.5,0.0
127.5,144.5,0.0
128.5,144.5,0.0
129.5,144.5,0.0
130.5,144.5,0.0
131.5,144.5,0.0
132.5,144.5,0.0
133.5,144.5,0.0
134.5,144.5,0.0
135.5,144.5,0.0
136.5,144.5,0.0
137.5,144.5,0.0
138.5,144.5,0.0
139.5,144.5,0.0
140.5,144.5,0.0
141.5,144.5,0.0
142.5,144.5,0.0
143.5,144.5,0.0
144.5,144.5,0.0
145.5,144.5,0.0
146.5,144.5,0.0
147.5,144.5,0.0
148.5,144.5,0.0
149.5,144.5,0.0
150.5,144.5,0.0
151.5,144.5,0.0
152.5,144.5,0.0
153.5,144.5,0.0
154.5,144.5,0.0
155.5,144.5,0.0
156.5,144.5,0.0
157.5,144.5,0.0
158.5,144.5,0.0
159.5,144.5,0.0
160.5,144.5,0.0
161.5,144.5,0.0
162.5,144.5,0.0
163.5,144.5,0.0
164.5,144.5,0.0
165.5,144.5,0.0
166.5,144.5,0.0
167.5,144.5,0.0
168.5,144.5,0.0
169.5,144.5,0.0
170.5,144.5,0.0
171.5,144.5,0.0
172.5,144.5,0.0
173.5,144.5,0.0
174.5,144.5,0.0
175.5,144.5,0.0
176.5,144.5,0.0
177.5,144.5,0.0
178.5,144.5,0.0
179.5,144.5,0.0
180.5,144.5,0.0
181.5,144.5,0.0
182.5,144.5,0.0
183.5,144.5,0.0
184.5,144.5,0.0
185.5,144.5,0.0
186.5,144.5,0.0
187.5,144.5,0.0
188.5,144.5,0.0
189.5,144.5,0.0
190.5,144.5,0.0
191.5,144.5,0.0
192.5,144.5,0.0
193.5,144.5,0.0
194.5,144.5,0.0
195.5,144.5,0.0
196.5,144.5,0.0
197.5,144.5,0.0
198.5,144.5,0.0
199.5,144.5,0.0
0.5,145.5,0.0
1.5,145.5,0.0
2.5,145.5,0.0
3.5,145.5,0.0
4.5,145.5,0.0
5.5,145.5,0.0
6.5,145.5,0.0
7.5,145.5,0.0
8.5,145.5,0.0
9.5,145.5,0.0
10.5,145.5,0.0
11.5,145.5,0.0
12.5,145.5,0.0
13.5,145.5,0.0
14.5,145.5,0.0
15.5,145.5,0.0
16.5,145.5,0.0
17.5,145.5,0.0
18.5,145.5,0.0
19.5,145.5,0.0
20.5,145.5,0.0
21.5,145.5,0.0
22.5,145.5,0.0
23.5,145.5,0.0
24.5,145.5,0.0
25.5,145.5,0.0
26.5,145.5,0.0
27.5,145.5,0.0
28.5,145.5,0.0
29.5,145.5,0.0
30.5,145.5,0.0
31.5,145.5,0.0
32.5,145.5,0.0
33.5,145.5,0.0
34.5,145.5,0.0
35.5,145.5,0.0
36.5,145.5,0.0
37.5,145.5,0.0
38.5,145.5,0.0
39.5,145.5,0.0
40.5,145.5,0.0
41.5,145.5,0.0
42.5,145.5,0.0
43.5,145.5,0.0
44.5,145.5,0.0
45.5,145.5,0.0
46.5,145.5,0.0
47.5,145.5,0.0
48.5,145.5,0.0
49.5,145.5,0.0
50.5,145.5,0.0
51.5,145.5,0.0
52.5,145.5,0.0
53.5,145.5,0.0
54.5,145.5,0.0
55.5,145.5,0.0
56.5,145.5,0.0
57.5,145.5,0.0
58.5,145.5,0.0
59.5,145.5,0.0
60.5,145.5,0.0
61.5,145.5,0.0
62.5,145.5,0.0
63.5,145.5,0.0
64.5,145.5,0.0
65.5,145.5,0.0
66.5,145.5,0.0
67.5,145.5,0.0
68.5,145.5,0.0
69.5,145.5,0.0
70.5,145.5,0.0
71.5,145.5,0.0
72.5,145.5,0.0
73.5,145.5,0.0
74.5,145.5,0.0
75.5,145.5,0.0
76.5,145.5,0.0
77.5,145.5,0.0
78.5,145.5,0.0
79.5,145.5,0.0
80.5,145.5,0.0
81.5,145.5,0.0
82.5,145.5,0.0
83.5,145.5,0.0
84.5,145.5,0.0
85.5,145.5,0.0
86.5,145.5,0.0
87.5,145.5,0.0
88.5,145.5,0.0
89.5,145.5,0.0
90.5,145.5,0.0
91.5,145.5,0.0
92.5,145.5,0.0
93.5,145.5,0.0
94.5,145.5,0.0
95.5,145.5,0.0
96.5,145.5,0.0
97.5,145.5,0.0
98.5,145.5,0.0
99.5,145.5,0.0
100.5,145.5,0.0
101.5,145.5,0.0
102.5,145.5,0.0
103.5,145.5,0.0
104.5,145.5,0.0
105.5,145.5,0.0
106.5,145.5,0.0
107.5,145.5,0.0
108.5,145.5,0.0
109.5,145.5,0.0
110.5,145.5,0.0
111.5,145.5,0.0
112.5,145.5,0.0
113.5,145.5,0.0
114.5,145.5,0.0
115.5,145.5,0.0
116.5,145.5,0.0
117.5,145.5,0.0
118.5,145.5,0.0
119.5,145.5,0.0
120.5,145.5,0.0
121.5,145.5,0.0
122.5,145.5,0.0
123.5,145.5,0.0
124.5,145.5,0.0
125.5,145.5,0.0
126.5,145.5,0.0
127.5,145.5,0.0
128.5,145.5,0.0
129.5,145.5,0.0
130.5,145.5,0.0
131.5,145.5,0.0
132.5,145.5,0.0
133.5,145.5,0.0
134.5,145.5,0.0
135.5,145.5,0.0
136.5,145.5,0.0
137.5,145.5,0.0
138.5,145.5,0.0
139.5,145.5,0.0
140.5,145.5,0.0
141.5,145.5,0.0
142.5,145.5,0.0
143.5,145.5,0.0
144.5,145.5,0.0
145.5,145.5,0.0
146.5,145.5,0.0
147.5,145.5,0.0
148.5,145.5,0.0
149.5,145.5,0.0
150.5,145.5,0.0
151.5,145.5,0.0
152.5,145.5,0.0
153.5,145.5,0.0
154.5,145.5,0.0
155.5,145.5,0.0
156.5,145.5,0.0
157.5,145.5,0.0
158.5,145.5,0.0
159.5,145.5,0.0
160.5,145.5,0.0
161.5,145.5,0.0
162.5,145.5,0.0
163.5,145.5,0.0
164.5,145.5,0.0
165.5,145.5,0.0
166.5,145.5,0.0
167.5,145.5,0.0
168.5,145.5,0.0
169.5,145.5,0.0
170.5,145.5,0.0
171.5,145.5,0.0
172.5,145.5,0.0
173.5,145.5,0.0
174.5,145.5,0.0
175.5,145.5,0.0
176.5,145.5,0.0
177.5,145.5,0.0
178.5,145.5,0.0
179.5,145.5,0.0
180.5,145.5,0.0
181.5,145.5,0.0
182.5,145.5,0.0
183.5,145.5,0.0
184.5,145.5,0.0
185.5,145.5,0.0
186.5,145.5,0.0
187.5,145.5,0.0
188.5,145.5,0.0
189.5,145.5,0.0
190.5,145.5,0.0
191.5,145.5,0.0
192.5,145.5,0.0
193.5,145.5,0.0
194.5,145.5,0.0
195.5,145.5,0.0
196.5,145.5,0.0
197.5,145.5,0.0
198.5,145.5,0.0
199.5,145.5,0.0
0.5,146.5,0.0
1.5,146.5,0.0
2.5,146.5,0.0
3.5,146.5,0.0
4.5,146.5,0.0
5.5,146.5,0.0
6.5,146.5,0.0
7.5,146.5,0.0
8.5,146.5,0.0
9.5,146.5,0.0
10.5,146.5,0.0
11.5,146.5,0.0
12.5,146.5,0.0
13.5,146.5,0.0
14.5,146.5,0.0
15.5,146.5,0.0
16.5,146.5,0.0
17.5,146.5,0.0
18.5,146.5,0.0
19.5,146.5,0.0
20.5,146.5,0.0
21.5,146.5,0.0
22.5,146.5,0.0
23.5,146.5,0.0
24.5,146.5,0.0
25.5,146.5,0.0
26.5,146.5,0.0
27.5,146.5,0.0
28.5,146.5,0.0
29.5,146.5,0.0
30.5,146.5,0.0
31.5,146.5,0.0
32.5,146.5,0.0
33.5,146.5,0.0
34.5,146.5,0.0
35.5,146.5,0.0
36.5,146.5,0.0
37.5,146.5,0.0
38.5,146.5,0.0
39.5,146.5,0.0
40.5,146.5,0.0
41.5,146.5,0.0
42.5,146.5,0.0
43.5,146.5,0.0
44.5,146.5,0.0
45.5,146.5,0.0
46.5,146.5,0.0
47.5,146.5,0.0
48.5,146.5,0.0
49.5,146.5,0.0
50.5,146.5,0.0
51.5,146.5,0.0
52.5,146.5,0.0
53.5,146.5,0.0
54.5,146.5,0.0
55.5,146.5,0.0
56.5,146.5,0.0
57.5,146.5,0.0
58.5,146.5,0.0
59.5,146.5,0.0
60.5,146.5,0.0
61.5,146.5,0.0
62.5,146.5,0.0
63.5,146.5,0.0
64.5,146.5,0.0
65.5,146.5,0.0
66.5,146.5,0.0
67.5,146.5,0.0
68.5,146.5,0.0
69.5,146.5,0.0
70.5,146.5,0.0
71.5,146.5,0.0
72.5,146.5,0.0
73.5,146.5,0.0
74.5,146.5,0.0
75.5,146.5,0.0
76.5,146.5,0.0
77.5,146.5,0.0
78.5,146.5,0.0
79.5,146.5,0.0
80.5,146.5,0.0
81.5,146.5,0.0
82.5,146.5,0.0
83.5,146.5,0.0
84.5,146.5,0.0
85.5,146.5,0.0
86.5,146.5,0.0
87.5,146.5,0.0
88.5,146.5,0.0
89.5,146.5,0.0
90.5,146.5,0.0
91.5,146.5,0.0
92.5,146.5,0.0
93.5,146.5,0.0
94.5,146.5,0.0
95.5,146.5,0.0
96.5,146.5,0.0
97.5,146.5,0.0
98.5,146.5,0.0
99.5,146.5,0.0
100.5,146.5,0.0
101.5,146.5,0.0
102.5,146.5,0.0
103.5,146.5,0.0
104.5,146.5,0.0
105.5,146.5,0.0
106.5,146.5,0.0
107.5,146.5,0.0
108.5,146.5,0.0
109.5,146.5,0.0
110.5,146.5,0.0
111.5,146.5,0.0
112.5,146.5,0.0
113.5,146.5,0.0
114.5,146.5,0.0
115.5,146.5,0.0
116.5,146.5,0.0
117.5,146.5,0.0
118.5,146.5,0.0
119.5,146.5,0.0
120.5,146.5,0.0
121.5,146.5,0.0
122.5,146.5,0.0
123.5,146.5,0.0
124.5,146.5,0.0
125.5,146.5,0.0
126.5,146.5,0.0
127.5,146.5,0.0
128.5,146.5,0.0
129.5,146.5,0.0
130.5,146.5,0.0
131.5,146.5,0.0
132.5,146.5,0.0
133.5,146.5,0.0
134.5,146.5,0.0
135.5,146.5,0.0
136.5,146.5,0.0
137.5,146.5,0.0
138.5,146.5,0.0
139.5,146.5,0.0
140.5,146.5,0.0
141.5,146.5,0.0
142.5,146.5,0.0
143.5,146.5,0.0
144.5,146.5,0.0
145.5,146.5,0.0
146.5,146.5,0.0
147.5,146.5,0.0
148.5,146.5,0.0
149.5,146.5,0.0
150.5,146.5,0.0
151.5,146.5,0.0
152.5,146.5,0.0
153.5,146.5,0.0
154.5,146.5,0.0
155.5,146.5,0.0
156.5,146.5,0.0
157.5,146.5,0.0
158.5,146.5,0.0
159.5,146.5,0.0
160.5,146.5,0.0
161.5,146.5,0.0
162.5,146.5,0.0
163.5,146.5,0.0
164.5,146.5,0.0
165.5,146.5,0.0
166.5,146.5,0.0
167.5,146.5,0.0
168.5,146.5,0.0
169.5,146.5,0.0
170.5,146.5,0.0
171.5,146.5,0.0
172.5,146.5,0.0
173.5,146.5,0.0
174.5,146.5,0.0
175.5,146.5,0.0
176.5,146.5,0.0
177.5,146.5,0.0
178.5,146.5,0.0
179.5,146.5,0.0
180.5,146.5,0.0
181.5,146.5,0.0
182.5,146.5,0.0
183.5,146.5,0.0
184.5,146.5,0.0
185.5,146.5,0.0
186.5,146.5,0.0
187.5,146.5,0.0
188.5,146.5,0.0
189.5,146.5,0.0
190.5,146.5,0.0
191.5,146.5,0.0
192.5,146.5,0.0
193.5,146.5,0.0
194.5,146.5,0.0
195.5,146.5,0.0
196.5,146.5,0.0
197.5,146.5,0.0
198.5,146.5,0.0
199.5,146.5,0.0
0.5,147.5,0.0
1.5,147.5,0.0
2.5,147.5,0.0
3.5,147.5,0.0
4.5,147.5,0.0
5.5,147.5,0.0
6.5,147.5,0.0
7.5,147.5,0.0
8.5,147.5,0.0
9.5,147.5,0.0
10.5,147.5,0.0
11.5,147.5,0.0
12.5,147.5,0.0
13.5,147.5,0.0
14.5,147.5,0.0
15.5,147.5,0.0
16.5,147.5,0.0
17.5,147.5,0.0
18.5,147.5,0.0
19.5,147.5,0.0
20.5,147.5,0.0
21.5,147.5,0.0
22.5,147.5,0.0
23.5,147.5,0.0
24.5,147.5,0.0
25.5,147.5,0.0
26.5,147.5,0.0
27.5,147.5,0.0
28.5,147.5,0.0
29.5,147.5,0.0
30.5,147.5,0.0
31.5,147.5,0.0
32.5,147.5,0.0
33.5,147.5,0.0
34.5,147.5,0.0
35.5,147.5,0.0
36.5,147.5,0.0
37.5,147.5,0.0
38.5,147.5,0.0
39.5,147.5,0.0
40.5,147.5,0.0
41.5,147.5,0.0
42.5,147.5,0.0
43.5,147.5,0.0
44.5,147.5,0.0
45.5,147.5,0.0
46.5,147.5,0.0
47.5,147.5,0.0
48.5,147.5,0.0
49.5,147.5,0.0
50.5,147.5,0.0
51.5,147.5,0.0
52.5,147.5,0.0
53.5,147.5,0.0
54.5,147.5,0.0
55.5,147.5,0.0
56.5,147.5,0.0
57.5,147.5,0.0
58.5,147.5,0.0
59.5,147.5,0.0
60.5,147.5,0.0
61.5,147.5,0.0
62.5,147.5,0.0
63.5,147.5,0.0
64.5,147.5,0.0
65.5,147.5,0.0
66.5,147.5,0.0
67.5,147.5,0.0
68.5,147.5,0.0
69.5,147.5,0.0
70.5,147.5,0.0
71.5,147.5,0.0
72.5,147.5,0.0
73.5,147.5,0.0
74.5,147.5,0.0
75.5,147.5,0.0
76.5,147.5,0.0
77.5,147.5,0.0
78.5,147.5,0.0
79.5,147.5,0.0
80.5,147.5,0.0
81.5,147.5,0.0
82.5,147.5,0.0
83.5,147.5,0.0
84.5,147.5,0.0
85.5,147.5,0.0
86.5,147.5,0.0
87.5,147.5,0.0
88.5,147.5,0.0
89.5,147.5,0.0
90.5,147.5,0.0
91.5,147.5,0.0
92.5,147.5,0.0
93.5,147.5,0.0
94.5,147.5,0.0
95.5,147.5,0.0
96.5,147.5,0.0
97.5,147.5,0.0
98.5,147.5,0.0
99.5,147.5,0.0
100.5,147.5,0.0
101.5,147.5,0.0
102.5,147.5,0.0
103.5,147.5,0.0
104.5,147.5,0.0
105.5,147.5,0.0
106.5,147.5,0.0
107.5,147.5,0.0
108.5,147.5,0.0
109.5,147.5,0.0
110.5,147.5,0.0
111.5,147.5,0.0
112.5,147.5,0.0
113.5,147.5,0.0
114.5,147.5,0.0
115.5,147.5,0.0
116.5,147.5,0.0
117.5,147.5,0.0
118.5,147.5,0.0
119.5,147.5,0.0
120.5,147.5,0.0
121.5,147.5,0.0
122.5,147.5,0.0
123.5,147.5,0.0
124.5,147.5,0.0
125.5,147.5,0.0
126.5,147.5,0.0
127.5,147.5,0.0
128.5,147.5,0.0
129.5,147.5,0.0
130.5,147.5,0.0
131.5,147.5,0.0
132.5,147.5,0.0
133.5,147.5,0.0
134.5,147.5,0.0
135.5,147.5,0.0
136.5,147.5,0.0
137.5,147.5,0.0
138.5,147.5,0.0
139.5,147.5,0.0
140.5,147.5,0.0
141.5,147.5,0.0
142.5,147.5,0.0
143.5,147.5,0.0
144.5,147.5,0.0
145.5,147.5,0.0
146.5,147.5,0.0
147.5,147.5,0.0
148.5,147.5,0.0
149.5,147.5,0.0
150.5,147.5,0.0
151.5,147.5,0.0
152.5,147.5,0.0
153.5,147.5,0.0
154.5,147.5,0.0
155.5,147.5,0.0
156.5,147.5,0.0
157.5,147.5,0.0
158.5,147.5,0.0
159.5,147.5,0.0
160.5,147.5,0.0
161.5,147.5,0.0
162.5,147.5,0.0
163.5,147.5,0.0
164.5,147.5,0.0
165.5,147.5,0.0
166.5,147.5,0.0
167.5,147.5,0.0
168.5,147.5,0.0
169.5,147.5,0.0
170.5,147.5,0.0
171.5,147.5,0.0
172.5,147.5,0.0
173.5,147.5,0.0
174.5,147.5,0.0
175.5,147.5,0.0
176.5,147.5,0.0
177.5,147.5,0.0
178.5,147.5,0.0
179.5,147.5,0.0
180.5,147.5,0.0
181.5,147.5,0.0
182.5,147.5,0.0
183.5,147.5,0.0
184.5,147.5,0.0
185.5,147.5,0.0
186.5,147.5,0.0
187.5,147.5,0.0
188.5,147.5,0.0
189.5,147.5,0.0
190.5,147.5,0.0
191.5,147.5,0.0
192.5,147.5,0.0
193.5,147.5,0.0
194.5,147.5,0.0
195.5,147.5,0.0
196.5,147.5,0.0
197.5,147.5,0.0
198.5,147.5,0.0
199.5,147.5,0.0
0.5,148.5,0.0
1.5,148.5,0.0
2.5,148.5,0.0
3.5,148.5,0.0
4.5,148.5,0.0
5.5,148.5,0.0
6.5,148.5,0.0
7.5,148.5,0.0
8.5,148.5,0.0
9.5,148.5,0.0
10.5,148.5,0.0
11.5,148.5,0.0
12.5,148.5,0.0
13.5,148.5,0.0
14.5,148.5,0.0
15.5,148.5,0.0
16.5,148.5,0.0
17.5,148.5,0.0
18.5,148.5,0.0
19.5,148.5,0.0
20.5,148.5,0.0
21.5,148.5,0.0
22.5,148.5,0.0
23.5,148.5,0.0
24.5,148.5,0.0
25.5,148.5,0.0
26.5,148.5,0.0
27.5,148.5,0.0
28.5,148.5,0.0
29.5,148.5,0.0
30.5,148.5,0.0
31.5,148.5,0.0
32.5,148.5,0.0
33.5,148.5,0.0
34.5,148.5,0.0
35.5,148.5,0.0
36.5,148.5,0.0
37.5,148.5,0.0
38.5,148.5,0.0
39.5,148.5,0.0
40.5,148.5,0.0
41.5,148.5,0.0
42.5,148.5,0.0
43.5,148.5,0.0
44.5,148.5,0.0
45.5,148.5,0.0
46.5,148.5,0.0
47.5,148.5,0.0
48.5,148.5,0.0
49.5,148.5,0.0
50.5,148.5,0.0
51.5,148.5,0.0
52.5,148.5,0.0
53.5,148.5,0.0
54.5,148.5,0.0
55.5,148.5,0.0
56.5,148.5,0.0
57.5,148.5,0.0
58.5,148.5,0.0
59.5,148.5,0.0
60.5,148.5,0.0
61.5,148.5,0.0
62.5,148.5,0.0
63.5,148.5,0.0
64.5,148.5,0.0
65.5,148.5,0.0
66.5,148.5,0.0
67.5,148.5,0.0
68.5,148.5,0.0
69.5,148.5,0.0
70.5,148.5,0.0
71.5,148.5,0.0
72.5,148.5,0.0
73.5,148.5,0.0
74.5,148.5,0.0
75.5,148.5,0.0
76.5,148.5,0.0
77.5,148.5,0.0
78.5,148.5,0.0
79.5,148.5,0.0
80.5,148.5,0.0
81.5,148.5,0.0
82.5,148.5,0.0
83.5,148.5,0.0
84.5,148.5,0.0
85.5,148.5,0.0
86.5,148.5,0.0
87.5,148.5,0.0
88.5,148.5,0.0
89.5,148.5,0.0
90.5,148.5,0.0
91.5,148.5,0.0
92.5,148.5,0.0
93.5,148.5,0.0
94.5,148.5,0.0
95.5,148.5,0.0
96.5,148.5,0.0
97.5,148.5,0.0
98.5,148.5,0.0
99.5,148.5,0.0
100.5,148.5,0.0
101.5,148.5,0.0
102.5,148.5,0.0
103.5,148.5,0.0
104.5,148.5,0.0
105.5,148.5,0.0
106.5,148.5,0.0
107.5,148.5,0.0
108.5,148.5,0.0
109.5,148.5,0.0
110.5,148.5,0.0
111.5,148.5,0.0
112.5,148.5,0.0
113.5,148.5,0.0
114.5,148.5,0.0
115.5,148.5,0.0
116.5,148.5,0.0
117.5,148.5,0.0
118.5,148.5,0.0
119.5,148.5,0.0
120.5,148.5,0.0
121.5,148.5,0.0
122.5,148.5,0.0
123.5,148.5,0.0
124.5,148.5,0.0
125.5,148.5,0.0
126.5,148.5,0.0
127.5,148.5,0.0
128.5,148.5,0.0
129.5,148.5,0.0
130.5,148.5,0.0
131.5,148.5,0.0
132.5,148.5,0.0
133.5,148.5,0.0
134.5,148.5,0.0
135.5,148.5,0.0
136.5,148.5,0.0
137.5,148.5,0.0
138.5,148.5,0.0
139.5,148.5,0.0
140.5,148.5,0.0
141.5,148.5,0.0
142.5,148.5,0.0
143.5,148.5,0.0
144.5,148.5,0.0
145.5,148.5,0.0
146.5,148.5,0.0
147.5,148.5,0.0
148.5,148.5,0.0
149.5,148.5,0.0
150.5,148.5,0.0
151.5,148.5,0.0
152.5,148.5,0.0
153.5,148.5,0.0
154.5,148.5,0.0
155.5,148.5,0.0
156.5,148.5,0.0
157.5,148.5,0.0
158.5,148.5,0.0
159.5,148.5,0.0
160.5,148.5,0.0
161.5,148.5,0.0
162.5,148.5,0.0
163.5,148.5,0.0
164.5,148.5,0.0
165.5,148.5,0.0
166.5,148.5,0.0
167.5,148.5,0.0
168.5,148.5,0.0
169.5,148.5,0.0
170.5,148.5,0.0
171.5,148.5,0.0
172.5,148.5,0.0
173.5,148.5,0.0
174.5,148.5,0.0
175.5,148.5,0.0
176.5,148.5,0.0
177.5,148.5,0.0
178.5,148.5,0.0
179.5,148.5,0.0
180.5,148.5,0.0
181.5,148.5,0.0
182.5,148.5,0.0
183.5,148.5,0.0
184.5,148.5,0.0
185.5,148.5,0.0
186.5,148.5,0.0
187.5,148.5,0.0
188.5,148.5,0.0
189.5,148.5,0.0
190.5,148.5,0.0
191.5,148.5,0.0
192.5,148.5,0.0
193.5,148.5,0.0
194.5,148.5,0.0
195.5,148.5,0.0
196.5,148.5,0.0
197.5,148.5,0.0
198.5,148.5,0.0
199.5,148.5,0.0
0.5,149.5,0.0
1.5,149.5,0.0
2.5,149.5,0.0
3.5,149.5,0.0
4.5,149.5,0.0
5.5,149.5,0.0
6.5,149.5,0.0
7.5,149.5,0.0
8.5,149.5,0.0
9.5,149.5,0.0
10.5,149.5,0.0
11.5,149.5,0.0
12.5,149.5,0.0
13.5,149.5,0.0
14.5,149.5,0.0
15.5,149.5,0.0
16.5,149.5,0.0
17.5,149.5,0.0
18.5,149.5,0.0
19.5,149.5,0.0
20.5,149.5,0.0
21.5,149.5,0.0
22.5,149.5,0.0
23.5,149.5,0.0
24.5,149.5,0.0
25.5,149.5,0.0
26.5,149.5,0.0
27.5,149.5,0.0
28.5,149.5,0.0
29.5,149.5,0.0
30.5,149.5,0.0
31.5,149.5,0.0
32.5,149.5,0.0
33.5,149.5,0.0
34.5,149.5,0.0
35.5,149.5,0.0
36.5,149.5,0.0
37.5,149.5,0.0
38.5,149.5,0.0
39.5,149.5,0.0
40.5,149.5,0.0
41.5,149.5,0.0
42.5,149.5,0.0
43.5,149.5,0.0
44.5,149.5,0.0
45.5,149.5,0.0
46.5,149.5,0.0
47.5,149.5,0.0
48.5,149.5,0.0
49.5,149.5,0.0
50.5,149.5,0.0
51.5,149.5,0.0
52.5,149.5,0.0
53.5,149.5,0.0
54.5,149.5,0.0
55.5,149.5,0.0
56.5,149.5,0.0
57.5,149.5,0.0
58.5,149.5,0.0
59.5,149.5,0.0
60.5,149.5,0.0
61.5,149.5,0.0
62.5,149.5,0.0
63.5,149.5,0.0
64.5,149.5,0.0
65.5,149.5,0.0
66.5,149.5,0.0
67.5,149.5,0.0
68.5,149.5,0.0
69.5,149.5,0.0
70.5,149.5,0.0
71.5,149.5,0.0
72.5,149.5,0.0
73.5,149.5,0.0
74.5,149.5,0.0
75.5,149.5,0.0
76.5,149.5,0.0
77.5,149.5,0.0
78.5,149.5,0.0
79.5,149.5,0.0
80.5,149.5,0.0
81.5,149.5,0.0
82.5,149.5,0.0
83.5,149.5,0.0
84.5,149.5,0.0
85.5,149.5,0.0
86.5,149.5,0.0
87.5,149.5,0.0
88.5,149.5,0.0
89.5,149.5,0.0
90.5,149.5,0.0
91.5,149.5,0.0
92.5,149.5,0.0
93.5,149.5,0.0
94.5,149.5,0.0
95.5,149.5,0.0
96.5,149.5,0.0
97.5,149.5,0.0
98.5,149.5,0.0
99.5,149.5,0.0
100.5,149.5,0.0
101.5,149.5,0.0
102.5,149.5,0.0
103.5,149.5,0.0
104.5,149.5,0.0
105.5,149.5,0.0
106.5,149.5,0.0
107.5,149.5,0.0
108.5,149.5,0.0
109.5,149.5,0.0
110.5,149.5,0.0
111.5,149.5,0.0
112.5,149.5,0.0
113.5,149.5,0.0
114.5,149.5,0.0
115.5,149.5,0.0
116.5,149.5,0.0
117.5,149.5,0.0
118.5,149.5,0.0
119.5,149.5,0.0
120.5,149.5,0.0
121.5,149.5,0.0
122.5,149.5,0.0
123.5,149.5,0.0
124.5,149.5,0.0
125.5,149.5,0.0
126.5,149.5,0.0
127.5,149.5,0.0
128.5,149.5,0.0
129.5,149.5,0.0
130.5,149.5,0.0
131.5,149.5,0.0
132.5,149.5,0.0
133.5,149.5,0.0
134.5,149.5,0.0
135.5,149.5,0.0
136.5,149.5,0.0
137.5,149.5,0.0
138.5,149.5,0.0
139.5,149.5,0.0
140.5,149.5,0.0
141.5,149.5,0.0
142.5,149.5,0.0
143.5,149.5,0.0
144.5,149.5,0.0
145.5,149.5,0.0
146.5,149.5,0.0
147.5,149.5,0.0
148.5,149.5,0.0
149.5,149.5,0.0
150.5,149.5,0.0
151.5,149.5,0.0
152.5,149.5,0.0
153.5,149.5,0.0
154.5,149.5,0.0
155.5,149.5,0.0
156.5,149.5,0.0
157.5,149.5,0.0
158.5,149.5,0.0
159.5,149.5,0.0
160.5,149.5,0.0
161.5,149.5,0.0
162.5,149.5,0.0
163.5,149.5,0.0
164.5,149.5,0.0
165.5,149.5,0.0
166.5,149.5,0.0
167.5,149.5,0.0
168.5,149.5,0.0
169.5,149.5,0.0
170.5,149.5,0.0
171.5,149.5,0.0
172.5,149.5,0.0
173.5,149.5,0.0
174.5,149.5,0.0
175.5,149.5,0.0
176.5,149.5,0.0
177.5,149.5,0.0
178.5,149.5,0.0
179.5,149.5,0.0
180.5,149.5,0.0
181.5,149.5,0.0
182.5,149.5,0.0
183.5,149.5,0.0
184.5,149.5,0.0
185.5,149.5,0.0
186.5,149.5,0.0
187.5,149.5,0.0
188.5,149.5,0.0
189.5,149.5,0.0
190.5,149.5,0.0
191.5,149.5,0.0
192.5,149.5,0.0
193.5,149.5,0.0
194.5,149.5,0.0
195.5,149.5,0.0
196.5,149.5,0.0
197.5,149.5,0.0
198.5,149.5,0.0
199.5,149.5,0.0
0.5,150.5,0.0
1.5,150.5,0.0
2.5,150.5,0.0
3.5,150.5,0.0
4.5,150.5,0.0
5.5,150.5,0.0
6.5,150.5,0.0
7.5,150.5,0.0
8.5,150.5,0.0
9.5,150.5,0.0
10.5,150.5,0.0
11.5,150.5,0.0
12.5,150.5,0.0
13.5,150.5,0.0
14.5,150.5,0.0
15.5,150.5,0.0
16.5,150.5,0.0
17.5,150.5,0.0
18.5,150.5,0.0
19.5,150.5,0.0
20.5,150.5,0.0
21.5,150.5,0.0
22.5,150.5,0.0
23.5,150.5,0.0
24.5,150.5,0.0
25.5,150.5,0.0
26.5,150.5,0.0
27.5,150.5,0.0
28.5,150.5,0.0
29.5,150.5,0.0
30.5,150.5,0.0
31.5,150.5,0.0
32.5,150.5,0.0
33.5,150.5,0.0
34.5,150.5,0.0
35.5,150.5,0.0
36.5,150.5,0.0
37.5,150.5,0.0
38.5,150.5,0.0
39.5,150.5,0.0
40.5,150.5,0.0
41.5,150.5,0.0
42.5,150.5,0.0
43.5,150.5,0.0
44.5,150.5,0.0
45.5,150.5,0.0
46.5,150.5,0.0
47.5,150.5,0.0
48.5,150.5,0.0
49.5,150.5,0.0
50.5,150.5,0.0
51.5,150.5,0.0
52.5,150.5,0.0
53.5,150.5,0.0
54.5,150.5,0.0
55.5,150.5,0.0
56.5,150.5,0.0
57.5,150.5,0.0
58.5,150.5,0.0
59.5,150.5,0.0
60.5,150.5,0.0
61.5,150.5,0.0
62.5,150.5,0.0
63.5,150.5,0.0
64.5,150.5,0.0
65.5,150.5,0.0
66.5,150.5,0.0
67.5,150.5,0.0
68.5,150.5,0.0
69.5,150.5,0.0
70.5,150.5,0.0
71.5,150.5,0.0
72.5,150.5,0.0
73.5,150.5,0.0
74.5,150.5,0.0
75.5,150.5,0.0
76.5,150.5,0.0
77.5,150.5,0.0
78.5,150.5,0.0
79.5,150.5,0.0
80.5,150.5,0.0
81.5,150.5,0.0
82.5,150.5,0.0
83.5,150.5,0.0
84.5,150.5,0.0
85.5,150.5,0.0
86.5,150.5,0.0
87.5,150.5,0.0
88.5,150.5,0.0
89.5,150.5,0.0
90.5,150.5,0.0
91.5,150.5,0.0
92.5,150.5,0.0
93.5,150.5,0.0
94.5,150.5,0.0
95.5,150.5,0.0
96.5,150.5,0.0
97.5,150.5,0.0
98.5,150.5,0.0
99.5,150.5,0.0
100.5,150.5,0.0
101.5,150.5,0.0
102.5,150.5,0.0
103.5,150.5,0.0
104.5,150.5,0.0
105.5,150.5,0.0
106.5,150.5,0.0
107.5,150.5,0.0
108.5,150.5,0.0
109.5,150.5,0.0
110.5,150.5,0.0
111.5,150.5,0.0
112.5,150.5,0.0
113.5,150.5,0.0
114.5,150.5,0.0
115.5,150.5,0.0
116.5,150.5,0.0
117.5,150.5,0.0
118.5,150.5,0.0
119.5,150.5,0.0
120.5,150.5,0.0
121.5,150.5,0.0
122.5,150.5,0.0
123.5,150.5,0.0
124.5,150.5,0.0
125.5,150.5,0.0
126.5,150.5,0.0
127.5,150.5,0.0
128.5,150.5,0.0
129.5,150.5,0.0
130.5,150.5,0.0
131.5,150.5,0.0
132.5,150.5,0.0
133.5,150.5,0.0
134.5,150.5,0.0
135.5,150.5,0.0
136.5,150.5,0.0
137.5,150.5,0.0
138.5,150.5,0.0
139.5,150.5,0.0
140.5,150.5,0.0
141.5,150.5,0.0
142.5,150.5,0.0
143.5,150.5,0.0
144.5,150.5,0.0
145.5,150.5,0.0
146.5,150.5,0.0
147.5,150.5,0.0
148.5,150.5,0.0
149.5,150.5,0.0
150.5,150.5,0.0
151.5,150.5,0.0
152.5,150.5,0.0
153.5,150.5,0.0
154.5,150.5,0.0
155.5,150.5,0.0
156.5,150.5,0.0
157.5,150.5,0.0
158.5,150.5,0.0
159.5,150.5,0.0
160.5,150.5,0.0
161.5,150.5,0.0
162.5,150.5,0.0
163.5,150.5,0.0
164.5,150.5,0.0
165.5,150.5,0.0
166.5,150.5,0.0
167.5,150.5,0.0
168.5,150.5,0.0
169.5,150.5,0.0
170.5,150.5,0.0
171.5,150.5,0.0
172.5,150.5,0.0
173.5,150.5,0.0
174.5,150.5,0.0
175.5,150.5,0.0
176.5,150.5,0.0
177.5,150.5,0.0
178.5,150.5,0.0
179.5,150.5,0.0
180.5,150.5,0.0
181.5,150.5,0.0
182.5,150.5,0.0
183.5,150.5,0.0
184.5,150.5,0.0
185.5,150.5,0.0
186.5,150.5,0.0
187.5,150.5,0.0
188.5,150.5,0.0
189.5,150.5,0.0
190.5,150.5,0.0
191.5,150.5,0.0
192.5,150.5,0.0
193.5,150.5,0.0
194.5,150.5,0.0
195.5,150.5,0.0
196.5,150.5,0.0
197.5,150.5,0.0
198.5,150.5,0.0
199.5,150.5,0.0
0.5,151.5,0.0
1.5,151.5,0.0
2.5,151.5,0.0
3.5,151.5,0.0
4.5,151.5,0.0
5.5,151.5,0.0
6.5,151.5,0.0
7.5,151.5,0.0
8.5,151.5,0.0
9.5,151.5,0.0
10.5,151.5,0.0
11.5,151.5,0.0
12.5,151.5,0.0
13.5,151.5,0.0
14.5,151.5,0.0
15.5,151.5,0.0
16.5,151.5,0.0
17.5,151.5,0.0
18.5,151.5,0.0
19.5,151.5,0.0
20.5,151.5,0.0
21.5,151.5,0.0
22.5,151.5,0.0
23.5,151.5,0.0
24.5,151.5,0.0
25.5,151.5,0.0
26.5,151.5,0.0
27.5,151.5,0.0
28.5,151.5,0.0
29.5,151.5,0.0
30.5,151.5,0.0
31.5,151.5,0.0
32.5,151.5,0.0
33.5,151.5,0.0
34.5,151.5,0.0
35.5,151.5,0.0
36.5,151.5,0.0
37.5,151.5,0.0
38.5,151.5,0.0
39.5,151.5,0.0
40.5,151.5,0.0
41.5,151.5,0.0
42.5,151.5,0.0
43.5,151.5,0.0
44.5,151.5,0.0
45.5,151.5,0.0
46.5,151.5,0.0
47.5,151.5,0.0
48.5,151.5,0.0
49.5,151.5,0.0
50.5,151.5,0.0
51.5,151.5,0.0
52.5,151.5,0.0
53.5,151.5,0.0
54.5,151.5,0.0
55.5,151.5,0.0
56.5,151.5,0.0
57.5,151.5,0.0
58.5,151.5,0.0
59.5,151.5,0.0
60.5,151.5,0.0
61.5,151.5,0.0
62.5,151.5,0.0
63.5,151.5,0.0
64.5,151.5,0.0
65.5,151.5,0.0
66.5,151.5,0.0
67.5,151.5,0.0
68.5,151.5,0.0
69.5,151.5,0.0
70.5,151.5,0.0
71.5,151.5,0.0
72.5,151.5,0.0
73.5,151.5,0.0
74.5,151.5,0.0
75.5,151.5,0.0
76.5,151.5,0.0
77.5,151.5,0.0
78.5,151.5,0.0
79.5,151.5,0.0
80.5,151.5,0.0
81.5,151.5,0.0
82.5,151.5,0.0
83.5,151.5,0.0
84.5,151.5,0.0
85.5,151.5,0.0
86.5,151.5,0.0
87.5,151.5,0.0
88.5,151.5,0.0
89.5,151.5,0.0
90.5,151.5,0.0
91.5,151.5,0.0
92.5,151.5,0.0
93.5,151.5,0.0
94.5,151.5,0.0
95.5,151.5,0.0
96.5,151.5,0.0
97.5,151.5,0.0
98.5,151.5,0.0
99.5,151.5,0.0
100.5,151.5,0.0
101.5,151.5,0.0
102.5,151.5,0.0
103.5,151.5,0.0
104.5,151.5,0.0
105.5,151.5,0.0
106.5,151.5,0.0
107.5,151.5,0.0
108.5,151.5,0.0
109.5,151.5,0.0
110.5,151.5,0.0
111.5,151.5,0.0
112.5,151.5,0.0
113.5,151.5,0.0
114.5,151.5,0.0
115.5,151.5,0.0
116.5,151.5,0.0
117.5,151.5,0.0
118.5,151.5,0.0
119.5,151.5,0.0
120.5,151.5,0.0
121.5,151.5,0.0
122.5,151.5,0.0
123.5,151.5,0.0
124.5,151.5,0.0
125.5,151.5,0.0
126.5,151.5,0.0
127.5,151.5,0.0
128.5,151.5,0.0
129.5,151.5,0.0
130.5,151.5,0.0
131.5,151.5,0.0
132.5,151.5,0.0
133.5,151.5,0.0
134.5,151.5,0.0
135.5,151.5,0.0
136.5,151.5,0.0
137.5,151.5,0.0
138.5,151.5,0.0
139.5,151.5,0.0
140.5,151.5,0.0
141.5,151.5,0.0
142.5,151.5,0.0
143.5,151.5,0.0
144.5,151.5,0.0
145.5,151.5,0.0
146.5,151.5,0.0
147.5,151.5,0.0
148.5,151.5,0.0
149.5,151.5,0.0
150.5,151.5,0.0
151.5,151.5,0.0
152.5,151.5,0.0
153.5,151.5,0.0
154.5,151.5,0.0
155.5,151.5,0.0
156.5,151.5,0.0
157.5,151.5,0.0
158.5,151.5,0.0
159.5,151.5,0.0
160.5,151.5,0.0
161.5,151.5,0.0
162.5,151.5,0.0
163.5,151.5,0.0
164.5,151.5,0.0
165.5,151.5,0.0
166.5,151.5,0.0
167.5,151.5,0.0
168.5,151.5,0.0
169.5,151.5,0.0
170.5,151.5,0.0
171.5,151.5,0.0
172.5,151.5,0.0
173.5,151.5,0.0
174.5,151.5,0.0
175.5,151.5,0.0
176.5,151.5,0.0
177.5,151.5,0.0
178.5,151.5,0.0
179.5,151.5,0.0
180.5,151.5,0.0
181.5,151.5,0.0
182.5,151.5,0.0
183.5,151.5,0.0
184.5,151.5,0.0
185.5,151.5,0.0
186.5,151.5,0.0
187.5,151.5,0.0
188.5,151.5,0.0
189.5,151.5,0.0
190.5,151.5,0.0
191.5,151.5,0.0
192.5,151.5,0.0
193.5,151.5,0.0
194.5,151.5,0.0
195.5,151.5,0.0
196.5,151.5,0.0
197.5,151.5,0.0
198.5,151.5,0.0
199.5,151.5,0.0
0.5,152.5,0.0
1.5,152.5,0.0
2.5,152.5,0.0
3.5,152.5,0.0
4.5,152.5,0.0
5.5,152.5,0.0
6.5,152.5,0.0
7.5,152.5,0.0
8.5,152.5,0.0
9.5,152.5,0.0
10.5,152.5,0.0
11.5,152.5,0.0
12.5,152.5,0.0
13.5,152.5,0.0
14.5,152.5,0.0
15.5,152.5,0.0
16.5,152.5,0.0
17.5,152.5,0.0
18.5,152.5,0.0
19.5,152.5,0.0
20.5,152.5,0.0
21.5,152.5,0.0
22.5,152.5,0.0
23.5,152.5,0.0
24.5,152.5,0.0
25.5,152.5,0.0
26.5,152.5,0.0
27.5,152.5,0.0
28.5,152.5,0.0
29.5,152.5,0.0
30.5,152.5,0.0
31.5,152.5,0.0
32.5,152.5,0.0
33.5,152.5,0.0
34.5,152.5,0.0
35.5,152.5,0.0
36.5,152.5,0.0
37.5,152.5,0.0
38.5,152.5,0.0
39.5,152.5,0.0
40.5,152.5,0.0
41.5,152.5,0.0
42.5,152.5,0.0
43.5,152.5,0.0
44.5,152.5,0.0
45.5,152.5,0.0
46.5,152.5,0.0
47.5,152.5,0.0
48.5,152.5,0.0
49.5,152.5,0.0
50.5,152.5,0.0
51.5,152.5,0.0
52.5,152.5,0.0
53.5,152.5,0.0
54.5,152.5,0.0
55.5,152.5,0.0
56.5,152.5,0.0
57.5,152.5,0.0
58.5,152.5,0.0
59.5,152.5,0.0
60.5,152.5,0.0
61.5,152.5,0.0
62.5,152.5,0.0
63.5,152.5,0.0
64.5,152.5,0.0
65.5,152.5,0.0
66.5,152.5,0.0
67.5,152.5,0.0
68.5,152.5,0.0
69.5,152.5,0.0
70.5,152.5,0.0
71.5,152.5,0.0
72.5,152.5,0.0
73.5,152.5,0.0
74.5,152.5,0.0
75.5,152.5,0.0
76.5,152.5,0.0
77.5,152.5,0.0
78.5,152.5,0.0
79.5,152.5,0.0
80.5,152.5,0.0
81.5,152.5,0.0
82.5,152.5,0.0
83.5,152.5,0.0
84.5,152.5,0.0
85.5,152.5,0.0
86.5,152.5,0.0
87.5,152.5,0.0
88.5,152.5,0.0
89.5,152.5,0.0
90.5,152.5,0.0
91.5,152.5,0.0
92.5,152.5,0.0
93.5,152.5,0.0
94.5,152.5,0.0
95.5,152.5,0.0
96.5,152.5,0.0
97.5,152.5,0.0
98.5,152.5,0.0
99.5,152.5,0.0
100.5,152.5,0.0
101.5,152.5,0.0
102.5,152.5,0.0
103.5,152.5,0.0
104.5,152.5,0.0
105.5,152.5,0.0
106.5,152.5,0.0
107.5,152.5,0.0
108.5,152.5,0.0
109.5,152.5,0.0
110.5,152.5,0.0
111.5,152.5,0.0
112.5,152.5,0.0
113.5,152.5,0.0
114.5,152.5,0.0
115.5,152.5,0.0
116.5,152.5,0.0
117.5,152.5,0.0
118.5,152.5,0.0
119.5,152.5,0.0
120.5,152.5,0.0
121.5,152.5,0.0
122.5,152.5,0.0
123.5,152.5,0.0
124.5,152.5,0.0
125.5,152.5,0.0
126.5,152.5,0.0
127.5,152.5,0.0
128.5,152.5,0.0
129.5,152.5,0.0
130.5,152.5,0.0
131.5,152.5,0.0
132.5,152.5,0.0
133.5,152.5,0.0
134.5,152.5,0.0
135.5,152.5,0.0
136.5,152.5,0.0
137.5,152.5,0.0
138.5,152.5,0.0
139.5,152.5,0.0
140.5,152.5,0.0
141.5,152.5,0.0
142.5,152.5,0.0
143.5,152.5,0.0
144.5,152.5,0.0
145.5,152.5,0.0
146.5,152.5,0.0
147.5,152.5,0.0
148.5,152.5,0.0
149.5,152.5,0.0
150.5,152.5,0.0
151.5,152.5,0.0
152.5,152.5,0.0
153.5,152.5,0.0
154.5,152.5,0.0
155.5,152.5,0.0
156.5,152.5,0.0
157.5,152.5,0.0
158.5,152.5,0.0
159.5,152.5,0.0
160.5,152.5,0.0
161.5,152.5,0.0
162.5,152.5,0.0
163.5,152.5,0.0
164.5,152.5,0.0
165.5,152.5,0.0
166.5,152.5,0.0
167.5,152.5,0.0
168.5,152.5,0.0
169.5,152.5,0.0
170.5,152.5,0.0
171.5,152.5,0.0
172.5,152.5,0.0
173.5,152.5,0.0
174.5,152.5,0.0
175.5,152.5,0.0
176.5,152.5,0.0
177.5,152.5,0.0
178.5,152.5,0.0
179.5,152.5,0.0
180.5,152.5,0.0
181.5,152.5,0.0
182.5,152.5,0.0
183.5,152.5,0.0
184.5,152.5,0.0
185.5,152.5,0.0
186.5,152.5,0.0
187.5,152.5,0.0
188.5,152.5,0.0
189.5,152.5,0.0
190.5,152.5,0.0
191.5,152.5,0.0
192.5,152.5,0.0
193.5,152.5,0.0
194.5,152.5,0.0
195.5,152.5,0.0
196.5,152.5,0.0
197.5,152.5,0.0
198.5,152.5,0.0
199.5,152.5,0.0
0.5,153.5,0.0
1.5,153.5,0.0
2.5,153.5,0.0
3.5,153.5,0.0
4.5,153.5,0.0
5.5,153.5,0.0
6.5,153.5,0.0
7.5,153.5,0.0
8.5,153.5,0.0
9.5,153.5,0.0
10.5,153.5,0.0
11.5,153.5,0.0
12.5,153.5,0.0
13.5,153.5,0.0
14.5,153.5,0.0
15.5,153.5,0.0
16.5,153.5,0.0
17.5,153.5,0.0
18.5,153.5,0.0
19.5,153.5,0.0
20.5,153.5,0.0
21.5,153.5,0.0
22.5,153.5,0.0
23.5,153.5,0.0
24.5,153.5,0.0
25.5,153.5,0.0
26.5,153.5,0.0
27.5,153.5,0.0
28.5,153.5,0.0
29.5,153.5,0.0
30.5,153.5,0.0
31.5,153.5,0.0
32.5,153.5,0.0
33.5,153.5,0.0
34.5,153.5,0.0
35.5,153.5,0.0
36.5,153.5,0.0
37.5,153.5,0.0
38.5,153.5,0.0
39.5,153.5,0.0
40.5,153.5,0.0
41.5,153.5,0.0
42.5,153.5,0.0
43.5,153.5,0.0
44.5,153.5,0.0
45.5,153.5,0.0
46.5,153.5,0.0
47.5,153.5,0.0
48.5,153.5,0.0
49.5,153.5,0.0
50.5,153.5,0.0
51.5,153.5,0.0
52.5,153.5,0.0
53.5,153.5,0.0
54.5,153.5,0.0
55.5,153.5,0.0
56.5,153.5,0.0
57.5,153.5,0.0
58.5,153.5,0.0
59.5,153.5,0.0
60.5,153.5,0.0
61.5,153.5,0.0
62.5,153.5,0.0
63.5,153.5,0.0
64.5,153.5,0.0
65.5,153.5,0.0
66.5,153.5,0.0
67.5,153.5,0.0
68.5,153.5,0.0
69.5,153.5,0.0
70.5,153.5,0.0
71.5,153.5,0.0
72.5,153.5,0.0
73.5,153.5,0.0
74.5,153.5,0.0
75.5,153.5,0.0
76.5,153.5,0.0
77.5,153.5,0.0
78.5,153.5,0.0
79.5,153.5,0.0
80.5,153.5,0.0
81.5,153.5,0.0
82.5,153.5,0.0
83.5,153.5,0.0
84.5,153.5,0.0
85.5,153.5,0.0
86.5,153.5,0.0
87.5,153.5,0.0
88.5,153.5,0.0
89.5,153.5,0.0
90.5,153.5,0.0
91.5,153.5,0.0
92.5,153.5,0.0
93.5,153.5,0.0
94.5,153.5,0.0
95.5,153.5,0.0
96.5,153.5,0.0
97.5,153.5,0.0
98.5,153.5,0.0
99.5,153.5,0.0
100.5,153.5,0.0
101.5,153.5,0.0
102.5,153.5,0.0
103.5,153.5,0.0
104.5,153.5,0.0
105.5,153.5,0.0
106.5,153.5,0.0
107.5,153.5,0.0
108.5,153.5,0.0
109.5,153.5,0.0
110.5,153.5,0.0
111.5,153.5,0.0
112.5,153.5,0.0
113.5,153.5,0.0
114.5,153.5,0.0
115.5,153.5,0.0
116.5,153.5,0.0
117.5,153.5,0.0
118.5,153.5,0.0
119.5,153.5,0.0
120.5,153.5,0.0
121.5,153.5,0.0
122.5,153.5,0.0
123.5,153.5,0.0
124.5,153.5,0.0
125.5,153.5,0.0
126.5,153.5,0.0
127.5,153.5,0.0
128.5,153.5,0.0
129.5,153.5,0.0
130.5,153.5,0.0
131.5,153.5,0.0
132.5,153.5,0.0
133.5,153.5,0.0
134.5,153.5,0.0
135.5,153.5,0.0
136.5,153.5,0.0
137.5,153.5,0.0
138.5,153.5,0.0
139.5,153.5,0.0
140.5,153.5,0.0
141.5,153.5,0.0
142.5,153.5,0.0
143.5,153.5,0.0
144.5,153.5,0.0
145.5,153.5,0.0
146.5,153.5,0.0
147.5,153.5,0.0
148.5,153.5,0.0
149.5,153.5,0.0
150.5,153.5,0.0
151.5,153.5,0.0
152.5,153.5,0.0
153.5,153.5,0.0
154.5,153.5,0.0
155.5,153.5,0.0
156.5,153.5,0.0
157.5,153.5,0.0
158.5,153.5,0.0
159.5,153.5,0.0
160.5,153.5,0.0
161.5,153.5,0.0
162.5,153.5,0.0
163.5,153.5,0.0
164.5,153.5,0.0
165.5,153.5,0.0
166.5,153.5,0.0
167.5,153.5,0.0
168.5,153.5,0.0
169.5,153.5,0.0
170.5,153.5,0.0
171.5,153.5,0.0
172.5,153.5,0.0
173.5,153.5,0.0
174.5,153.5,0.0
175.5,153.5,0.0
176.5,153.5,0.0
177.5,153.5,0.0
178.5,153.5,0.0
179.5,153.5,0.0
180.5,153.5,0.0
181.5,153.5,0.0
182.5,153.5,0.0
183.5,153.5,0.0
184.5,153.5,0.0
185.5,153.5,0.0
186.5,153.5,0.0
187.5,153.5,0.0
188.5,153.5,0.0
189.5,153.5,0.0
190.5,153.5,0.0
191.5,153.5,0.0
192.5,153.5,0.0
193.5,153.5,0.0
194.5,153.5,0.0
195.5,153.5,0.0
196.5,153.5,0.0
197.5,153.5,0.0
198.5,153.5,0.0
199.5,153.5,0.0
0.5,154.5,0.0
1.5,154.5,0.0
2.5,154.5,0.0
3.5,154.5,0.0
4.5,154.5,0.0
5.5,154.5,0.0
6.5,154.5,0.0
7.5,154.5,0.0
8.5,154.5,0.0
9.5,154.5,0.0
10.5,154.5,0.0
11.5,154.5,0.0
12.5,154.5,0.0
13.5,154.5,0.0
14.5,154.5,0.0
15.5,154.5,0.0
16.5,154.5,0.0
17.5,154.5,0.0
18.5,154.5,0.0
19.5,154.5,0.0
20.5,154.5,0.0
21.5,154.5,0.0
22.5,154.5,0.0
23.5,154.5,0.0
24.5,154.5,0.0
25.5,154.5,0.0
26.5,154.5,0.0
27.5,154.5,0.0
28.5,154.5,0.0
29.5,154.5,0.0
30.5,154.5,0.0
31.5,154.5,0.0
32.5,154.5,0.0
33.5,154.5,0.0
34.5,154.5,0.0
35.5,154.5,0.0
36.5,154.5,0.0
37.5,154.5,0.0
38.5,154.5,0.0
39.5,154.5,0.0
40.5,154.5,0.0
41.5,154.5,0.0
42.5,154.5,0.0
43.5,154.5,0.0
44.5,154.5,0.0
45.5,154.5,0.0
46.5,154.5,0.0
47.5,154.5,0.0
48.5,154.5,0.0
49.5,154.5,0.0
50.5,154.5,0.0
51.5,154.5,0.0
52.5,154.5,0.0
53.5,154.5,0.0
54.5,154.5,0.0
55.5,154.5,0.0
56.5,154.5,0.0
57.5,154.5,0.0
58.5,154.5,0.0
59.5,154.5,0.0
60.5,154.5,0.0
61.5,154.5,0.0
62.5,154.5,0.0
63.5,154.5,0.0
64.5,154.5,0.0
65.5,154.5,0.0
66.5,154.5,0.0
67.5,154.5,0.0
68.5,154.5,0.0
69.5,154.5,0.0
70.5,154.5,0.0
71.5,154.5,0.0
72.5,154.5,0.0
73.5,154.5,0.0
74.5,154.5,0.0
75.5,154.5,0.0
76.5,154.5,0.0
77.5,154.5,0.0
78.5,154.5,0.0
79.5,154.5,0.0
80.5,154.5,0.0
81.5,154.5,0.0
82.5,154.5,0.0
83.5,154.5,0.0
84.5,154.5,0.0
85.5,154.5,0.0
86.5,154.5,0.0
87.5,154.5,0.0
88.5,154.5,0.0
89.5,154.5,0.0
90.5,154.5,0.0
91.5,154.5,0.0
92.5,154.5,0.0
93.5,154.5,0.0
94.5,154.5,0.0
95.5,154.5,0.0
96.5,154.5,0.0
97.5,154.5,0.0
98.5,154.5,0.0
99.5,154.5,0.0
100.5,154.5,0.0
101.5,154.5,0.0
102.5,154.5,0.0
103.5,154.5,0.0
104.5,154.5,0.0
105.5,154.5,0.0
106.5,154.5,0.0
107.5,154.5,0.0
108.5,154.5,0.0
109.5,154.5,0.0
110.5,154.5,0.0
111.5,154.5,0.0
112.5,154.5,0.0
113.5,154.5,0.0
114.5,154.5,0.0
115.5,154.5,0.0
116.5,154.5,0.0
117.5,154.5,0.0
118.5,154.5,0.0
119.5,154.5,0.0
120.5,154.5,0.0
121.5,154.5,0.0
122.5,154.5,0.0
123.5,154.5,0.0
124.5,154.5,0.0
125.5,154.5,0.0
126.5,154.5,0.0
127.5,154.5,0.0
128.5,154.5,0.0
129.5,154.5,0.0
130.5,154.5,0.0
131.5,154.5,0.0
132.5,154.5,0.0
133.5,154.5,0.0
134.5,154.5,0.0
135.5,154.5,0.0
136.5,154.5,0.0
137.5,154.5,0.0
138.5,154.5,0.0
139.5,154.5,0.0
140.5,154.5,0.0
141.5,154.5,0.0
142.5,154.5,0.0
143.5,154.5,0.0
144.5,154.5,0.0
145.5,154.5,0.0
146.5,154.5,0.0
147.5,154.5,0.0
148.5,154.5,0.0
149.5,154.5,0.0
150.5,154.5,0.0
151.5,154.5,0.0
152.5,154.5,0.0
153.5,154.5,0.0
154.5,154.5,0.0
155.5,154.5,0.0
156.5,154.5,0.0
157.5,154.5,0.0
158.5,154.5,0.0
159.5,154.5,0.0
160.5,154.5,0.0
161.5,154.5,0.0
162.5,154.5,0.0
163.5,154.5,0.0
164.5,154.5,0.0
165.5,154.5,0.0
166.5,154.5,0.0
167.5,154.5,0.0
168.5,154.5,0.0
169.5,154.5,0.0
170.5,154.5,0.0
171.5,154.5,0.0
172.5,154.5,0.0
173.5,154.5,0.0
174.5,154.5,0.0
175.5,154.5,0.0
176.5,154.5,0.0
177.5,154.5,0.0
178.5,154.5,0.0
179.5,154.5,0.0
180.5,154.5,0.0
181.5,154.5,0.0
182.5,154.5,0.0
183.5,154.5,0.0
184.5,154.5,0.0
185.5,154.5,0.0
186.5,154.5,0.0
187.5,154.5,0.0
188.5,154.5,0.0
189.5,154.5,0.0
190.5,154.5,0.0
191.5,154.5,0.0
192.5,154.5,0.0
193.5,154.5,0.0
194.5,154.5,0.0
195.5,154.5,0.0
196.5,154.5,0.0
197.5,154.5,0.0
198.5,154.5,0.0
199.5,154.5,0.0
0.5,155.5,0.0
1.5,155.5,0.0
2.5,155.5,0.0
3.5,155.5,0.0
4.5,155.5,0.0
5.5,155.5,0.0
6.5,155.5,0.0
7.5,155.5,0.0
8.5,155.5,0.0
9.5,155.5,0.0
10.5,155.5,0.0
11.5,155.5,0.0
12.5,155.5,0.0
13.5,155.5,0.0
14.5,155.5,0.0
15.5,155.5,0.0
16.5,155.5,0.0
17.5,155.5,0.0
18.5,155.5,0.0
19.5,155.5,0.0
20.5,155.5,0.0
21.5,155.5,0.0
22.5,155.5,0.0
23.5,155.5,0.0
24.5,155.5,0.0
25.5,155.5,0.0
26.5,155.5,0.0
27.5,155.5,0.0
28.5,155.5,0.0
29.5,155.5,0.0
30.5,155.5,0.0
31.5,155.5,0.0
32.5,155.5,0.0
33.5,155.5,0.0
34.5,155.5,0.0
35.5,155.5,0.0
36.5,155.5,0.0
37.5,155.5,0.0
38.5,155.5,0.0
39.5,155.5,0.0
40.5,155.5,0.0
41.5,155.5,0.0
42.5,155.5,0.0
43.5,155.5,0.0
44.5,155.5,0.0
45.5,155.5,0.0
46.5,155.5,0.0
47.5,155.5,0.0
48.5,155.5,0.0
49.5,155.5,0.0
50.5,155.5,0.0
51.5,155.5,0.0
52.5,155.5,0.0
53.5,155.5,0.0
54.5,155.5,0.0
55.5,155.5,0.0
56.5,155.5,0.0
57.5,155.5,0.0
58.5,155.5,0.0
59.5,155.5,0.0
60.5,155.5,0.0
61.5,155.5,0.0
62.5,155.5,0.0
63.5,155.5,0.0
64.5,155.5,0.0
65.5,155.5,0.0
66.5,155.5,0.0
67.5,155.5,0.0
68.5,155.5,0.0
69.5,155.5,0.0
70.5,155.5,0.0
71.5,155.5,0.0
72.5,155.5,0.0
73.5,155.5,0.0
74.5,155.5,0.0
75.5,155.5,0.0
76.5,155.5,0.0
77.5,155.5,0.0
78.5,155.5,0.0
79.5,155.5,0.0
80.5,155.5,0.0
81.5,155.5,0.0
82.5,155.5,0.0
83.5,155.5,0.0
84.5,155.5,0.0
85.5,155.5,0.0
86.5,155.5,0.0
87.5,155.5,0.0
88.5,155.5,0.0
89.5,155.5,0.0
90.5,155.5,0.0
91.5,155.5,0.0
92.5,155.5,0.0
93.5,155.5,0.0
94.5,155.5,0.0
95.5,155.5,0.0
96.5,155.5,0.0
97.5,155.5,0.0
98.5,155.5,0.0
99.5,155.5,0.0
100.5,155.5,0.0
101.5,155.5,0.0
102.5,155.5,0.0
103.5,155.5,0.0
104.5,155.5,0.0
105.5,155.5,0.0
106.5,155.5,0.0
107.5,155.5,0.0
108.5,155.5,0.0
109.5,155.5,0.0
110.5,155.5,0.0
111.5,155.5,0.0
112.5,155.5,0.0
113.5,155.5,0.0
114.5,155.5,0.0
115.5,155.5,0.0
116.5,155.5,0.0
117.5,155.5,0.0
118.5,155.5,0.0
119.5,155.5,0.0
120.5,155.5,0.0
121.5,155.5,0.0
122.5,155.5,0.0
123.5,155.5,0.0
124.5,155.5,0.0
125.5,155.5,0.0
126.5,155.5,0.0
127.5,155.5,0.0
128.5,155.5,0.0
129.5,155.5,0.0
130.5,155.5,0.0
131.5,155.5,0.0
132.5,155.5,0.0
133.5,155.5,0.0
134.5,155.5,0.0
135.5,155.5,0.0
136.5,155.5,0.0
137.5,155.5,0.0
138.5,155.5,0.0
139.5,155.5,0.0
140.5,155.5,0.0
141.5,155.5,0.0
142.5,155.5,0.0
143.5,155.5,0.0
144.5,155.5,0.0
145.5,155.5,0.0
146.5,155.5,0.0
147.5,155.5,0.0
148.5,155.5,0.0
149.5,155.5,0.0
150.5,155.5,0.0
151.5,155.5,0.0
152.5,155.5,0.0
153.5,155.5,0.0
154.5,155.5,0.0
155.5,155.5,0.0
156.5,155.5,0.0
157.5,155.5,0.0
158.5,155.5,0.0
159.5,155.5,0.0
160.5,155.5,0.0
161.5,155.5,0.0
162.5,155.5,0.0
163.5,155.5,0.0
164.5,155.5,0.0
165.5,155.5,0.0
166.5,155.5,0.0
167.5,155.5,0.0
168.5,155.5,0.0
169.5,155.5,0.0
170.5,155.5,0.0
171.5,155.5,0.0
172.5,155.5,0.0
173.5,155.5,0.0
174.5,155.5,0.0
175.5,155.5,0.0
176.5,155.5,0.0
177.5,155.5,0.0
178.5,155.5,0.0
179.5,155.5,0.0
180.5,155.5,0.0
181.5,155.5,0.0
182.5,155.5,0.0
183.5,155.5,0.0
184.5,155.5,0.0
185.5,155.5,0.0
186.5,155.5,0.0
187.5,155.5,0.0
188.5,155.5,0.0
189.5,155.5,0.0
190.5,155.5,0.0
191.5,155.5,0.0
192.5,155.5,0.0
193.5,155.5,0.0
194.5,155.5,0.0
195.5,155.5,0.0
196.5,155.5,0.0
197.5,155.5,0.0
198.5,155.5,0.0
199.5,155.5,0.0
0.5,156.5,0.0
1.5,156.5,0.0
2.5,156.5,0.0
3.5,156.5,0.0
4.5,156.5,0.0
5.5,156.5,0.0
6.5,156.5,0.0
7.5,156.5,0.0
8.5,156.5,0.0
9.5,156.5,0.0
10.5,156.5,0.0
11.5,156.5,0.0
12.5,156.5,0.0
13.5,156.5,0.0
14.5,156.5,0.0
15.5,156.5,0.0
16.5,156.5,0.0
17.5,156.5,0.0
18.5,156.5,0.0
19.5,156.5,0.0
20.5,156.5,0.0
21.5,156.5,0.0
22.5,156.5,0.0
23.5,156.5,0.0
24.5,156.5,0.0
25.5,156.5,0.0
26.5,156.5,0.0
27.5,156.5,0.0
28.5,156.5,0.0
29.5,156.5,0.0
30.5,156.5,0.0
31.5,156.5,0.0
32.5,156.5,0.0
33.5,156.5,0.0
34.5,156.5,0.0
35.5,156.5,0.0
36.5,156.5,0.0
37.5,156.5,0.0
38.5,156.5,0.0
39.5,156.5,0.0
40.5,156.5,0.0
41.5,156.5,0.0
42.5,156.5,0.0
43.5,156.5,0.0
44.5,156.5,0.0
45.5,156.5,0.0
46.5,156.5,0.0
47.5,156.5,0.0
48.5,156.5,0.0
49.5,156.5,0.0
50.5,156.5,0.0
51.5,156.5,0.0
52.5,156.5,0.0
53.5,156.5,0.0
54.5,156.5,0.0
55.5,156.5,0.0
56.5,156.5,0.0
57.5,156.5,0.0
58.5,156.5,0.0
59.5,156.5,0.0
60.5,156.5,0.0
61.5,156.5,0.0
62.5,156.5,0.0
63.5,156.5,0.0
64.5,156.5,0.0
65.5,156.5,0.0
66.5,156.5,0.0
67.5,156.5,0.0
68.5,156.5,0.0
69.5,156.5,0.0
70.5,156.5,0.0
71.5,156.5,0.0
72.5,156.5,0.0
73.5,156.5,0.0
74.5,156.5,0.0
75.5,156.5,0.0
76.5,156.5,0.0
77.5,156.5,0.0
78.5,156.5,0.0
79.5,156.5,0.0
80.5,156.5,0.0
81.5,156.5,0.0
82.5,156.5,0.0
83.5,156.5,0.0
84.5,156.5,0.0
85.5,156.5,0.0
86.5,156.5,0.0
87.5,156.5,0.0
88.5,156.5,0.0
89.5,156.5,0.0
90.5,156.5,0.0
91.5,156.5,0.0
92.5,156.5,0.0
93.5,156.5,0.0
94.5,156.5,0.0
95.5,156.5,0.0
96.5,156.5,0.0
97.5,156.5,0.0
98.5,156.5,0.0
99.5,156.5,0.0
100.5,156.5,0.0
101.5,156.5,0.0
102.5,156.5,0.0
103.5,156.5,0.0
104.5,156.5,0.0
105.5,156.5,0.0
106.5,156.5,0.0
107.5,156.5,0.0
108.5,156.5,0.0
109.5,156.5,0.0
110.5,156.5,0.0
111.5,156.5,0.0
112.5,156.5,0.0
113.5,156.5,0.0
114.5,156.5,0.0
115.5,156.5,0.0
116.5,156.5,0.0
117.5,156.5,0.0
118.5,156.5,0.0
119.5,156.5,0.0
120.5,156.5,0.0
121.5,156.5,0.0
122.5,156.5,0.0
123.5,156.5,0.0
124.5,156.5,0.0
125.5,156.5,0.0
126.5,156.5,0.0
127.5,156.5,0.0
128.5,156.5,0.0
129.5,156.5,0.0
130.5,156.5,0.0
131.5,156.5,0.0
132.5,156.5,0.0
133.5,156.5,0.0
134.5,156.5,0.0
135.5,156.5,0.0
136.5,156.5,0.0
137.5,156.5,0.0
138.5,156.5,0.0
139.5,156.5,0.0
140.5,156.5,0.0
141.5,156.5,0.0
142.5,156.5,0.0
143.5,156.5,0.0
144.5,156.5,0.0
145.5,156.5,0.0
146.5,156.5,0.0
147.5,156.5,0.0
148.5,156.5,0.0
149.5,156.5,0.0
150.5,156.5,0.0
151.5,156.5,0.0
152.5,156.5,0.0
153.5,156.5,0.0
154.5,156.5,0.0
155.5,156.5,0.0
156.5,156.5,0.0
157.5,156.5,0.0
158.5,156.5,0.0
159.5,156.5,0.0
160.5,156.5,0.0
161.5,156.5,0.0
162.5,156.5,0.0
163.5,156.5,0.0
164.5,156.5,0.0
165.5,156.5,0.0
166.5,156.5,0.0
167.5,156.5,0.0
168.5,156.5,0.0
169.5,156.5,0.0
170.5,156.5,0.0
171.5,156.5,0.0
172.5,156.5,0.0
173.5,156.5,0.0
174.5,156.5,0.0
175.5,156.5,0.0
176.5,156.5,0.0
177.5,156.5,0.0
178.5,156.5,0.0
179.5,156.5,0.0
180.5,156.5,0.0
181.5,156.5,0.0
182.5,156.5,0.0
183.5,156.5,0.0
184.5,156.5,0.0
185.5,156.5,0.0
186.5,156.5,0.0
187.5,156.5,0.0
188.5,156.5,0.0
189.5,156.5,0.0
190.5,156.5,0.0
191.5,156.5,0.0
192.5,156.5,0.0
193.5,156.5,0.0
194.5,156.5,0.0
195.5,156.5,0.0
196.5,156.5,0.0
197.5,156.5,0.0
198.5,156.5,0.0
199.5,156.5,0.0
0.5,157.5,0.0
1.5,157.5,0.0
2.5,157.5,0.0
3.5,157.5,0.0
4.5,157.5,0.0
5.5,157.5,0.0
6.5,157.5,0.0
7.5,157.5,0.0
8.5,157.5,0.0
9.5,157.5,0.0
10.5,157.5,0.0
11.5,157.5,0.0
12.5,157.5,0.0
13.5,157.5,0.0
14.5,157.5,0.0
15.5,157.5,0.0
16.5,157.5,0.0
17.5,157.5,0.0
18.5,157.5,0.0
19.5,157.5,0.0
20.5,157.5,0.0
21.5,157.5,0.0
22.5,157.5,0.0
23.5,157.5,0.0
24.5,157.5,0.0
25.5,157.5,0.0
26.5,157.5,0.0
27.5,157.5,0.0
28.5,157.5,0.0
29.5,157.5,0.0
30.5,157.5,0.0
31.5,157.5,0.0
32.5,157.5,0.0
33.5,157.5,0.0
34.5,157.5,0.0
35.5,157.5,0.0
36.5,157.5,0.0
37.5,157.5,0.0
38.5,157.5,0.0
39.5,157.5,0.0
40.5,157.5,0.0
41.5,157.5,0.0
42.5,157.5,0.0
43.5,157.5,0.0
44.5,157.5,0.0
45.5,157.5,0.0
46.5,157.5,0.0
47.5,157.5,0.0
48.5,157.5,0.0
49.5,157.5,0.0
50.5,157.5,0.0
51.5,157.5,0.0
52.5,157.5,0.0
53.5,157.5,0.0
54.5,157.5,0.0
55.5,157.5,0.0
56.5,157.5,0.0
57.5,157.5,0.0
58.5,157.5,0.0
59.5,157.5,0.0
60.5,157.5,0.0
61.5,157.5,0.0
62.5,157.5,0.0
63.5,157.5,0.0
64.5,157.5,0.0
65.5,157.5,0.0
66.5,157.5,0.0
67.5,157.5,0.0
68.5,157.5,0.0
69.5,157.5,0.0
70.5,157.5,0.0
71.5,157.5,0.0
72.5,157.5,0.0
73.5,157.5,0.0
74.5,157.5,0.0
75.5,157.5,0.0
76.5,157.5,0.0
77.5,157.5,0.0
78.5,157.5,0.0
79.5,157.5,0.0
80.5,157.5,0.0
81.5,157.5,0.0
82.5,157.5,0.0
83.5,157.5,0.0
84.5,157.5,0.0
85.5,157.5,0.0
86.5,157.5,0.0
87.5,157.5,0.0
88.5,157.5,0.0
89.5,157.5,0.0
90.5,157.5,0.0
91.5,157.5,0.0
92.5,157.5,0.0
93.5,157.5,0.0
94.5,157.5,0.0
95.5,157.5,0.0
96.5,157.5,0.0
97.5,157.5,0.0
98.5,157.5,0.0
99.5,157.5,0.0
100.5,157.5,0.0
101.5,157.5,0.0
102.5,157.5,0.0
103.5,157.5,0.0
104.5,157.5,0.0
105.5,157.5,0.0
106.5,157.5,0.0
107.5,157.5,0.0
108.5,157.5,0.0
109.5,157.5,0.0
110.5,157.5,0.0
111.5,157.5,0.0
112.5,157.5,0.0
113.5,157.5,0.0
114.5,157.5,0.0
115.5,157.5,0.0
116.5,157.5,0.0
117.5,157.5,0.0
118.5,157.5,0.0
119.5,157.5,0.0
120.5,157.5,0.0
121.5,157.5,0.0
122.5,157.5,0.0
123.5,157.5,0.0
124.5,157.5,0.0
125.5,157.5,0.0
126.5,157.5,0.0
127.5,157.5,0.0
128.5,157.5,0.0
129.5,157.5,0.0
130.5,157.5,0.0
131.5,157.5,0.0
132.5,157.5,0.0
133.5,157.5,0.0
134.5,157.5,0.0
135.5,157.5,0.0
136.5,157.5,0.0
137.5,157.5,0.0
138.5,157.5,0.0
139.5,157.5,0.0
140.5,157.5,0.0
141.5,157.5,0.0
142.5,157.5,0.0
143.5,157.5,0.0
144.5,157.5,0.0
145.5,157.5,0.0
146.5,157.5,0.0
147.5,157.5,0.0
148.5,157.5,0.0
149.5,157.5,0.0
150.5,157.5,0.0
151.5,157.5,0.0
152.5,157.5,0.0
153.5,157.5,0.0
154.5,157.5,0.0
155.5,157.5,0.0
156.5,157.5,0.0
157.5,157.5,0.0
158.5,157.5,0.0
159.5,157.5,0.0
160.5,157.5,0.0
161.5,157.5,0.0
162.5,157.5,0.0
163.5,157.5,0.0
164.5,157.5,0.0
165.5,157.5,0.0
166.5,157.5,0.0
167.5,157.5,0.0
168.5,157.5,0.0
169.5,157.5,0.0
170.5,157.5,0.0
171.5,157.5,0.0
172.5,157.5,0.0
173.5,157.5,0.0
174.5,157.5,0.0
175.5,157.5,0.0
176.5,157.5,0.0
177.5,157.5,0.0
178.5,157.5,0.0
179.5,157.5,0.0
180.5,157.5,0.0
181.5,157.5,0.0
182.5,157.5,0.0
183.5,157.5,0.0
184.5,157.5,0.0
185.5,157.5,0.0
186.5,157.5,0.0
187.5,157.5,0.0
188.5,157.5,0.0
189.5,157.5,0.0
190.5,157.5,0.0
191.5,157.5,0.0
192.5,157.5,0.0
193.5,157.5,0.0
194.5,157.5,0.0
195.5,157.5,0.0
196.5,157.5,0.0
197.5,157.5,0.0
198.5,157.5,0.0
199.5,157.5,0.0
0.5,158.5,0.0
1.5,158.5,0.0
2.5,158.5,0.0
3.5,158.5,0.0
4.5,158.5,0.0
5.5,158.5,0.0
6.5,158.5,0.0
7.5,158.5,0.0
8.5,158.5,0.0
9.5,158.5,0.0
10.5,158.5,0.0
11.5,158.5,0.0
12.5,158.5,0.0
13.5,158.5,0.0
14.5,158.5,0.0
15.5,158.5,0.0
16.5,158.5,0.0
17.5,158.5,0.0
18.5,158.5,0.0
19.5,158.5,0.0
20.5,158.5,0.0
21.5,158.5,0.0
22.5,158.5,0.0
23.5,158.5,0.0
24.5,158.5,0.0
25.5,158.5,0.0
26.5,158.5,0.0
27.5,158.5,0.0
28.5,158.5,0.0
29.5,158.5,0.0
30.5,158.5,0.0
31.5,158.5,0.0
32.5,158.5,0.0
33.5,158.5,0.0
34.5,158.5,0.0
35.5,158.5,0.0
36.5,158.5,0.0
37.5,158.5,0.0
38.5,158.5,0.0
39.5,158.5,0.0
40.5,158.5,0.0
41.5,158.5,0.0
42.5,158.5,0.0
43.5,158.5,0.0
44.5,158.5,0.0
45.5,158.5,0.0
46.5,158.5,0.0
47.5,158.5,0.0
48.5,158.5,0.0
49.5,158.5,0.0
50.5,158.5,0.0
51.5,158.5,0.0
52.5,158.5,0.0
53.5,158.5,0.0
54.5,158.5,0.0
55.5,158.5,0.0
56.5,158.5,0.0
57.5,158.5,0.0
58.5,158.5,0.0
59.5,158.5,0.0
60.5,158.5,0.0
61.5,158.5,0.0
62.5,158.5,0.0
63.5,158.5,0.0
64.5,158.5,0.0
65.5,158.5,0.0
66.5,158.5,0.0
67.5,158.5,0.0
68.5,158.5,0.0
69.5,158.5,0.0
70.5,158.5,0.0
71.5,158.5,0.0
72.5,158.5,0.0
73.5,158.5,0.0
74.5,158.5,0.0
75.5,158.5,0.0
76.5,158.5,0.0
77.5,158.5,0.0
78.5,158.5,0.0
79.5,158.5,0.0
80.5,158.5,0.0
81.5,158.5,0.0
82.5,158.5,0.0
83.5,158.5,0.0
84.5,158.5,0.0
85.5,158.5,0.0
86.5,158.5,0.0
87.5,158.5,0.0
88.5,158.5,0.0
89.5,158.5,0.0
90.5,158.5,0.0
91.5,158.5,0.0
92.5,158.5,0.0
93.5,158.5,0.0
94.5,158.5,0.0
95.5,158.5,0.0
96.5,158.5,0.0
97.5,158.5,0.0
98.5,158.5,0.0
99.5,158.5,0.0
100.5,158.5,0.0
101.5,158.5,0.0
102.5,158.5,0.0
103.5,158.5,0.0
104.5,158.5,0.0
105.5,158.5,0.0
106.5,158.5,0.0
107.5,158.5,0.0
108.5,158.5,0.0
109.5,158.5,0.0
110.5,158.5,0.0
111.5,158.5,0.0
112.5,158.5,0.0
113.5,158.5,0.0
114.5,158.5,0.0
115.5,158.5,0.0
116.5,158.5,0.0
117.5,158.5,0.0
118.5,158.5,0.0
119.5,158.5,0.0
120.5,158.5,0.0
121.5,158.5,0.0
122.5,158.5,0.0
123.5,158.5,0.0
124.5,158.5,0.0
125.5,158.5,0.0
126.5,158.5,0.0
127.5,158.5,0.0
128.5,158.5,0.0
129.5,158.5,0.0
130.5,158.5,0.0
131.5,158.5,0.0
132.5,158.5,0.0
133.5,158.5,0.0
134.5,158.5,0.0
135.5,158.5,0.0
136.5,158.5,0.0
137.5,158.5,0.0
138.5,158.5,0.0
139.5,158.5,0.0
140.5,158.5,0.0
141.5,158.5,0.0
142.5,158.5,0.0
143.5,158.5,0.0
144.5,158.5,0.0
145.5,158.5,0.0
146.5,158.5,0.0
147.5,158.5,0.0
148.5,158.5,0.0
149.5,158.5,0.0
150.5,158.5,0.0
151.5,158.5,0.0
152.5,158.5,0.0
153.5,158.5,0.0
154.5,158.5,0.0
155.5,158.5,0.0
156.5,158.5,0.0
157.5,158.5,0.0
158.5,158.5,0.0
159.5,158.5,0.0
160.5,158.5,0.0
161.5,158.5,0.0
162.5,158.5,0.0
163.5,158.5,0.0
164.5,158.5,0.0
165.5,158.5,0.0
166.5,158.5,0.0
167.5,158.5,0.0
168.5,158.5,0.0
169.5,158.5,0.0
170.5,158.5,0.0
171.5,158.5,0.0
172.5,158.5,0.0
173.5,158.5,0.0
174.5,158.5,0.0
175.5,158.5,0.0
176.5,158.5,0.0
177.5,158.5,0.0
178.5,158.5,0.0
179.5,158.5,0.0
180.5,158.5,0.0
181.5,158.5,0.0
182.5,158.5,0.0
183.5,158.5,0.0
184.5,158.5,0.0
185.5,158.5,0.0
186.5,158.5,0.0
187.5,158.5,0.0
188.5,158.5,0.0
189.5,158.5,0.0
190.5,158.5,0.0
191.5,158.5,0.0
192.5,158.5,0.0
193.5,158.5,0.0
194.5,158.5,0.0
195.5,158.5,0.0
196.5,158.5,0.0
197.5,158.5,0.0
198.5,158.5,0.0
199.5,158.5,0.0
0.5,159.5,0.0
1.5,159.5,0.0
2.5,159.5,0.0
3.5,159.5,0.0
4.5,159.5,0.0
5.5,159.5,0.0
6.5,159.5,0.0
7.5,159.5,0.0
8.5,159.5,0.0
9.5,159.5,0.0
10.5,159.5,0.0
11.5,159.5,0.0
12.5,159.5,0.0
13.5,159.5,0.0
14.5,159.5,0.0
15.5,159.5,0.0
16.5,159.5,0.0
17.5,159.5,0.0
18.5,159.5,0.0
19.5,159.5,0.0
20.5,159.5,0.0
21.5,159.5,0.0
22.5,159.5,0.0
23.5,159.5,0.0
24.5,159.5,0.0
25.5,159.5,0.0
26.5,159.5,0.0
27.5,159.5,0.0
28.5,159.5,0.0
29.5,159.5,0.0
30.5,159.5,0.0
31.5,159.5,0.0
32.5,159.5,0.0
33.5,159.5,0.0
34.5,159.5,0.0
35.5,159.5,0.0
36.5,159.5,0.0
37.5,159.5,0.0
38.5,159.5,0.0
39.5,159.5,0.0
40.5,159.5,0.0
41.5,159.5,0.0
42.5,159.5,0.0
43.5,159.5,0.0
44.5,159.5,0.0
45.5,159.5,0.0
46.5,159.5,0.0
47.5,159.5,0.0
48.5,159.5,0.0
49.5,159.5,0.0
50.5,159.5,0.0
51.5,159.5,0.0
52.5,159.5,0.0
53.5,159.5,0.0
54.5,159.5,0.0
55.5,159.5,0.0
56.5,159.5,0.0
57.5,159.5,0.0
58.5,159.5,0.0
59.5,159.5,0.0
60.5,159.5,0.0
61.5,159.5,0.0
62.5,159.5,0.0
63.5,159.5,0.0
64.5,159.5,0.0
65.5,159.5,0.0
66.5,159.5,0.0
67.5,159.5,0.0
68.5,159.5,0.0
69.5,159.5,0.0
70.5,159.5,0.0
71.5,159.5,0.0
72.5,159.5,0.0
73.5,159.5,0.0
74.5,159.5,0.0
75.5,159.5,0.0
76.5,159.5,0.0
77.5,159.5,0.0
78.5,159.5,0.0
79.5,159.5,0.0
80.5,159.5,0.0
81.5,159.5,0.0
82.5,159.5,0.0
83.5,159.5,0.0
84.5,159.5,0.0
85.5,159.5,0.0
86.5,159.5,0.0
87.5,159.5,0.0
88.5,159.5,0.0
89.5,159.5,0.0
90.5,159.5,0.0
91.5,159.5,0.0
92.5,159.5,0.0
93.5,159.5,0.0
94.5,159.5,0.0
95.5,159.5,0.0
96.5,159.5,0.0
97.5,159.5,0.0
98.5,159.5,0.0
99.5,159.5,0.0
100.5,159.5,0.0
101.5,159.5,0.0
102.5,159.5,0.0
103.5,159.5,0.0
104.5,159.5,0.0
105.5,159.5,0.0
106.5,159.5,0.0
107.5,159.5,0.0
108.5,159.5,0.0
109.5,159.5,0.0
110.5,159.5,0.0
111.5,159.5,0.0
112.5,159.5,0.0
113.5,159.5,0.0
114.5,159.5,0.0
115.5,159.5,0.0
116.5,159.5,0.0
117.5,159.5,0.0
118.5,159.5,0.0
119.5,159.5,0.0
120.5,159.5,0.0
121.5,159.5,0.0
122.5,159.5,0.0
123.5,159.5,0.0
124.5,159.5,0.0
125.5,159.5,0.0
126.5,159.5,0.0
127.5,159.5,0.0
128.5,159.5,0.0
129.5,159.5,0.0
130.5,159.5,0.0
131.5,159.5,0.0
132.5,159.5,0.0
133.5,159.5,0.0
134.5,159.5,0.0
135.5,159.5,0.0
136.5,159.5,0.0
137.5,159.5,0.0
138.5,159.5,0.0
139.5,159.5,0.0
140.5,159.5,0.0
141.5,159.5,0.0
142.5,159.5,0.0
143.5,159.5,0.0
144.5,159.5,0.0
145.5,159.5,0.0
146.5,159.5,0.0
147.5,159.5,0.0
148.5,159.5,0.0
149.5,159.5,0.0
150.5,159.5,0.0
151.5,159.5,0.0
152.5,159.5,0.0
153.5,159.5,0.0
154.5,159.5,0.0
155.5,159.5,0.0
156.5,159.5,0.0
157.5,159.5,0.0
158.5,159.5,0.0
159.5,159.5,0.0
160.5,159.5,0.0
161.5,159.5,0.0
162.5,159.5,0.0
163.5,159.5,0.0
164.5,159.5,0.0
165.5,159.5,0.0
166.5,159.5,0.0
167.5,159.5,0.0
168.5,159.5,0.0
169.5,159.5,0.0
170.5,159.5,0.0
171.5,159.5,0.0
172.5,159.5,0.0
173.5,159.5,0.0
174.5,159.5,0.0
175.5,159.5,0.0
176.5,159.5,0.0
177.5,159.5,0.0
178.5,159.5,0.0
179.5,159.5,0.0
180.5,159.5,0.0
181.5,159.5,0.0
182.5,159.5,0.0
183.5,159.5,0.0
184.5,159.5,0.0
185.5,159.5,0.0
186.5,159.5,0.0
187.5,159.5,0.0
188.5,159.5,0.0
189.5,159.5,0.0
190.5,159.5,0.0
191.5,159.5,0.0
192.5,159.5,0.0
193.5,159.5,0.0
194.5,159.5,0.0
195.5,159.5,0.0
196.5,159.5,0.0
197.5,159.5,0.0
198.5,159.5,0.0
199.5,159.5,0.0
0.5,160.5,0.0
1.5,160.5,0.0
2.5,160.5,0.0
3.5,160.5,0.0
4.5,160.5,0.0
5.5,160.5,0.0
6.5,160.5,0.0
7.5,160.5,0.0
8.5,160.5,0.0
9.5,160.5,0.0
10.5,160.5,0.0
11.5,160.5,0.0
12.5,160.5,0.0
13.5,160.5,0.0
14.5,160.5,0.0
15.5,160.5,0.0
16.5,160.5,0.0
17.5,160.5,0.0
18.5,160.5,0.0
19.5,160.5,0.0
20.5,160.5,0.0
21.5,160.5,0.0
22.5,160.5,0.0
23.5,160.5,0.0
24.5,160.5,0.0
25.5,160.5,0.0
26.5,160.5,0.0
27.5,160.5,0.0
28.5,160.5,0.0
29.5,160.5,0.0
30.5,160.5,0.0
31.5,160.5,0.0
32.5,160.5,0.0
33.5,160.5,0.0
34.5,160.5,0.0
35.5,160.5,0.0
36.5,160.5,0.0
37.5,160.5,0.0
38.5,160.5,0.0
39.5,160.5,0.0
40.5,160.5,0.0
41.5,160.5,0.0
42.5,160.5,0.0
43.5,160.5,0.0
44.5,160.5,0.0
45.5,160.5,0.0
46.5,160.5,0.0
47.5,160.5,0.0
48.5,160.5,0.0
49.5,160.5,0.0
50.5,160.5,0.0
51.5,160.5,0.0
52.5,160.5,0.0
53.5,160.5,0.0
54.5,160.5,0.0
55.5,160.5,0.0
56.5,160.5,0.0
57.5,160.5,0.0
58.5,160.5,0.0
59.5,160.5,0.0
60.5,160.5,0.0
61.5,160.5,0.0
62.5,160.5,0.0
63.5,160.5,0.0
64.5,160.5,0.0
65.5,160.5,0.0
66.5,160.5,0.0
67.5,160.5,0.0
68.5,160.5,0.0
69.5,160.5,0.0
70.5,160.5,0.0
71.5,160.5,0.0
72.5,160.5,0.0
73.5,160.5,0.0
74.5,160.5,0.0
75.5,160.5,0.0
76.5,160.5,0.0
77.5,160.5,0.0
78.5,160.5,0.0
79.5,160.5,0.0
80.5,160.5,0.0
81.5,160.5,0.0
82.5,160.5,0.0
83.5,160.5,0.0
84.5,160.5,0.0
85.5,160.5,0.0
86.5,160.5,0.0
87.5,160.5,0.0
88.5,160.5,0.0
89.5,160.5,0.0
90.5,160.5,0.0
91.5,160.5,0.0
92.5,160.5,0.0
93.5,160.5,0.0
94.5,160.5,0.0
95.5,160.5,0.0
96.5,160.5,0.0
97.5,160.5,0.0
98.5,160.5,0.0
99.5,160.5,0.0
100.5,160.5,0.0
101.5,160.5,0.0
102.5,160.5,0.0
103.5,160.5,0.0
104.5,160.5,0.0
105.5,160.5,0.0
106.5,160.5,0.0
107.5,160.5,0.0
108.5,160.5,0.0
109.5,160.5,0.0
110.5,160.5,0.0
111.5,160.5,0.0
112.5,160.5,0.0
113.5,160.5,0.0
114.5,160.5,0.0
115.5,160.5,0.0
116.5,160.5,0.0
117.5,160.5,0.0
118.5,160.5,0.0
119.5,160.5,0.0
120.5,160.5,0.0
121.5,160.5,0.0
122.5,160.5,0.0
123.5,160.5,0.0
124.5,160.5,0.0
125.5,160.5,0.0
126.5,160.5,0.0
127.5,160.5,0.0
128.5,160.5,0.0
129.5,160.5,0.0
130.5,160.5,0.0
131.5,160.5,0.0
132.5,160.5,0.0
133.5,160.5,0.0
134.5,160.5,0.0
135.5,160.5,0.0
136.5,160.5,0.0
137.5,160.5,0.0
138.5,160.5,0.0
139.5,160.5,0.0
140.5,160.5,0.0
141.5,160.5,0.0
142.5,160.5,0.0
143.5,160.5,0.0
144.5,160.5,0.0
145.5,160.5,0.0
146.5,160.5,0.0
147.5,160.5,0.0
148.5,160.5,0.0
149.5,160.5,0.0
150.5,160.5,0.0
151.5,160.5,0.0
152.5,160.5,0.0
153.5,160.5,0.0
154.5,160.5,0.0
155.5,160.5,0.0
156.5,160.5,0.0
157.5,160.5,0.0
158.5,160.5,0.0
159.5,160.5,0.0
160.5,160.5,0.0
161.5,160.5,0.0
162.5,160.5,0.0
163.5,160.5,0.0
164.5,160.5,0.0
165.5,160.5,0.0
166.5,160.5,0.0
167.5,160.5,0.0
168.5,160.5,0.0
169.5,160.5,0.0
170.5,160.5,0.0
171.5,160.5,0.0
172.5,160.5,0.0
173.5,160.5,0.0
174.5,160.5,0.0
175.5,160.5,0.0
176.5,160.5,0.0
177.5,160.5,0.0
178.5,160.5,0.0
179.5,160.5,0.0
180.5,160.5,0.0
181.5,160.5,0.0
182.5,160.5,0.0
183.5,160.5,0.0
184.5,160.5,0.0
185.5,160.5,0.0
186.5,160.5,0.0
187.5,160.5,0.0
188.5,160.5,0.0
189.5,160.5,0.0
190.5,160.5,0.0
191.5,160.5,0.0
192.5,160.5,0.0
193.5,160.5,0.0
194.5,160.5,0.0
195.5,160.5,0.0
196.5,160.5,0.0
197.5,160.5,0.0
198.5,160.5,0.0
199.5,160.5,0.0
0.5,161.5,0.0
1.5,161.5,0.0
2.5,161.5,0.0
3.5,161.5,0.0
4.5,161.5,0.0
5.5,161.5,0.0
6.5,161.5,0.0
7.5,161.5,0.0
8.5,161.5,0.0
9.5,161.5,0.0
10.5,161.5,0.0
11.5,161.5,0.0
12.5,161.5,0.0
13.5,161.5,0.0
14.5,161.5,0.0
15.5,161.5,0.0
16.5,161.5,0.0
17.5,161.5,0.0
18.5,161.5,0.0
19.5,161.5,0.0
20.5,161.5,0.0
21.5,161.5,0.0
22.5,161.5,0.0
23.5,161.5,0.0
24.5,161.5,0.0
25.5,161.5,0.0
26.5,161.5,0.0
27.5,161.5,0.0
28.5,161.5,0.0
29.5,161.5,0.0
30.5,161.5,0.0
31.5,161.5,0.0
32.5,161.5,0.0
33.5,161.5,0.0
34.5,161.5,0.0
35.5,161.5,0.0
36.5,161.5,0.0
37.5,161.5,0.0
38.5,161.5,0.0
39.5,161.5,0.0
40.5,161.5,0.0
41.5,161.5,0.0
42.5,161.5,0.0
43.5,161.5,0.0
44.5,161.5,0.0
45.5,161.5,0.0
46.5,161.5,0.0
47.5,161.5,0.0
48.5,161.5,0.0
49.5,161.5,0.0
50.5,161.5,0.0
51.5,161.5,0.0
52.5,161.5,0.0
53.5,161.5,0.0
54.5,161.5,0.0
55.5,161.5,0.0
56.5,161.5,0.0
57.5,161.5,0.0
58.5,161.5,0.0
59.5,161.5,0.0
60.5,161.5,0.0
61.5,161.5,0.0
62.5,161.5,0.0
63.5,161.5,0.0
64.5,161.5,0.0
65.5,161.5,0.0
66.5,161.5,0.0
67.5,161.5,0.0
68.5,161.5,0.0
69.5,161.5,0.0
70.5,161.5,0.0
71.5,161.5,0.0
72.5,161.5,0.0
73.5,161.5,0.0
74.5,161.5,0.0
75.5,161.5,0.0
76.5,161.5,0.0
77.5,161.5,0.0
78.5,161.5,0.0
79.5,161.5,0.0
80.5,161.5,0.0
81.5,161.5,0.0
82.5,161.5,0.0
83.5,161.5,0.0
84.5,161.5,0.0
85.5,161.5,0.0
86.5,161.5,0.0
87.5,161.5,0.0
88.5,161.5,0.0
89.5,161.5,0.0
90.5,161.5,0.0
91.5,161.5,0.0
92.5,161.5,0.0
93.5,161.5,0.0
94.5,161.5,0.0
95.5,161.5,0.0
96.5,161.5,0.0
97.5,161.5,0.0
98.5,161.5,0.0
99.5,161.5,0.0
100.5,161.5,0.0
101.5,161.5,0.0
102.5,161.5,0.0
103.5,161.5,0.0
104.5,161.5,0.0
105.5,161.5,0.0
106.5,161.5,0.0
107.5,161.5,0.0
108.5,161.5,0.0
109.5,161.5,0.0
110.5,161.5,0.0
111.5,161.5,0.0
112.5,161.5,0.0
113.5,161.5,0.0
114.5,161.5,0.0
115.5,161.5,0.0
116.5,161.5,0.0
117.5,161.5,0.0
118.5,161.5,0.0
119.5,161.5,0.0
120.5,161.5,0.0
121.5,161.5,0.0
122.5,161.5,0.0
123.5,161.5,0.0
124.5,161.5,0.0
125.5,161.5,0.0
126.5,161.5,0.0
127.5,161.5,0.0
128.5,161.5,0.0
129.5,161.5,0.0
130.5,161.5,0.0
131.5,161.5,0.0
132.5,161.5,0.0
133.5,161.5,0.0
134.5,161.5,0.0
135.5,161.5,0.0
136.5,161.5,0.0
137.5,161.5,0.0
138.5,161.5,0.0
139.5,161.5,0.0
140.5,161.5,0.0
141.5,161.5,0.0
142.5,161.5,0.0
143.5,161.5,0.0
144.5,161.5,0.0
145.5,161.5,0.0
146.5,161.5,0.0
147.5,161.5,0.0
148.5,161.5,0.0
149.5,161.5,0.0
150.5,161.5,0.0
151.5,161.5,0.0
152.5,161.5,0.0
153.5,161.5,0.0
154.5,161.5,0.0
155.5,161.5,0.0
156.5,161.5,0.0
157.5,161.5,0.0
158.5,161.5,0.0
159.5,161.5,0.0
160.5,161.5,0.0
161.5,161.5,0.0
162.5,161.5,0.0
163.5,161.5,0.0
164.5,161.5,0.0
165.5,161.5,0.0
166.5,161.5,0.0
167.5,161.5,0.0
168.5,161.5,0.0
169.5,161.5,0.0
170.5,161.5,0.0
171.5,161.5,0.0
172.5,161.5,0.0
173.5,161.5,0.0
174.5,161.5,0.0
175.5,161.5,0.0
176.5,161.5,0.0
177.5,161.5,0.0
178.5,161.5,0.0
179.5,161.5,0.0
180.5,161.5,0.0
181.5,161.5,0.0
182.5,161.5,0.0
183.5,161.5,0.0
184.5,161.5,0.0
185.5,161.5,0.0
186.5,161.5,0.0
187.5,161.5,0.0
188.5,161.5,0.0
189.5,161.5,0.0
190.5,161.5,0.0
191.5,161.5,0.0
192.5,161.5,0.0
193.5,161.5,0.0
194.5,161.5,0.0
195.5,161.5,0.0
196.5,161.5,0.0
197.5,161.5,0.0
198.5,161.5,0.0
199.5,161.5,0.0
0.5,162.5,0.0
1.5,162.5,0.0
2.5,162.5,0.0
3.5,162.5,0.0
4.5,162.5,0.0
5.5,162.5,0.0
6.5,162.5,0.0
7.5,162.5,0.0
8.5,162.5,0.0
9.5,162.5,0.0
10.5,162.5,0.0
11.5,162.5,0.0
12.5,162.5,0.0
13.5,162.5,0.0
14.5,162.5,0.0
15.5,162.5,0.0
16.5,162.5,0.0
17.5,162.5,0.0
18.5,162.5,0.0
19.5,162.5,0.0
20.5,162.5,0.0
21.5,162.5,0.0
22.5,162.5,0.0
23.5,162.5,0.0
24.5,162.5,0.0
25.5,162.5,0.0
26.5,162.5,0.0
27.5,162.5,0.0
28.5,162.5,0.0
29.5,162.5,0.0
30.5,162.5,0.0
31.5,162.5,0.0
32.5,162.5,0.0
33.5,162.5,0.0
34.5,162.5,0.0
35.5,162.5,0.0
36.5,162.5,0.0
37.5,162.5,0.0
38.5,162.5,0.0
39.5,162.5,0.0
40.5,162.5,0.0
41.5,162.5,0.0
42.5,162.5,0.0
43.5,162.5,0.0
44.5,162.5,0.0
45.5,162.5,0.0
46.5,162.5,0.0
47.5,162.5,0.0
48.5,162.5,0.0
49.5,162.5,0.0
50.5,162.5,0.0
51.5,162.5,0.0
52.5,162.5,0.0
53.5,162.5,0.0
54.5,162.5,0.0
55.5,162.5,0.0
56.5,162.5,0.0
57.5,162.5,0.0
58.5,162.5,0.0
59.5,162.5,0.0
60.5,162.5,0.0
61.5,162.5,0.0
62.5,162.5,0.0
63.5,162.5,0.0
64.5,162.5,0.0
65.5,162.5,0.0
66.5,162.5,0.0
67.5,162.5,0.0
68.5,162.5,0.0
69.5,162.5,0.0
70.5,162.5,0.0
71.5,162.5,0.0
72.5,162.5,0.0
73.5,162.5,0.0
74.5,162.5,0.0
75.5,162.5,0.0
76.5,162.5,0.0
77.5,162.5,0.0
78.5,162.5,0.0
79.5,162.5,0.0
80.5,162.5,0.0
81.5,162.5,0.0
82.5,162.5,0.0
83.5,162.5,0.0
84.5,162.5,0.0
85.5,162.5,0.0
86.5,162.5,0.0
87.5,162.5,0.0
88.5,162.5,0.0
89.5,162.5,0.0
90.5,162.5,0.0
91.5,162.5,0.0
92.5,162.5,0.0
93.5,162.5,0.0
94.5,162.5,0.0
95.5,162.5,0.0
96.5,162.5,0.0
97.5,162.5,0.0
98.5,162.5,0.0
99.5,162.5,0.0
100.5,162.5,0.0
101.5,162.5,0.0
102.5,162.5,0.0
103.5,162.5,0.0
104.5,162.5,0.0
105.5,162.5,0.0
106.5,162.5,0.0
107.5,162.5,0.0
108.5,162.5,0.0
109.5,162.5,0.0
110.5,162.5,0.0
111.5,162.5,0.0
112.5,162.5,0.0
113.5,162.5,0.0
114.5,162.5,0.0
115.5,162.5,0.0
116.5,162.5,0.0
117.5,162.5,0.0
118.5,162.5,0.0
119.5,162.5,0.0
120.5,162.5,0.0
121.5,162.5,0.0
122.5,162.5,0.0
123.5,162.5,0.0
124.5,162.5,0.0
125.5,162.5,0.0
126.5,162.5,0.0
127.5,162.5,0.0
128.5,162.5,0.0
129.5,162.5,0.0
130.5,162.5,0.0
131.5,162.5,0.0
132.5,162.5,0.0
133.5,162.5,0.0
134.5,162.5,0.0
135.5,162.5,0.0
136.5,162.5,0.0
137.5,162.5,0.0
138.5,162.5,0.0
139.5,162.5,0.0
140.5,162.5,0.0
141.5,162.5,0.0
142.5,162.5,0.0
143.5,162.5,0.0
144.5,162.5,0.0
145.5,162.5,0.0
146.5,162.5,0.0
147.5,162.5,0.0
148.5,162.5,0.0
149.5,162.5,0.0
150.5,162.5,0.0
151.5,162.5,0.0
152.5,162.5,0.0
153.5,162.5,0.0
154.5,162.5,0.0
155.5,162.5,0.0
156.5,162.5,0.0
157.5,162.5,0.0
158.5,162.5,0.0
159.5,162.5,0.0
160.5,162.5,0.0
161.5,162.5,0.0
162.5,162.5,0.0
163.5,162.5,0.0
164.5,162.5,0.0
165.5,162.5,0.0
166.5,162.5,0.0
167.5,162.5,0.0
168.5,162.5,0.0
169.5,162.5,0.0
170.5,162.5,0.0
171.5,162.5,0.0
172.5,162.5,0.0
173.5,162.5,0.0
174.5,162.5,0.0
175.5,162.5,0.0
176.5,162.5,0.0
177.5,162.5,0.0
178.5,162.5,0.0
179.5,162.5,0.0
180.5,162.5,0.0
181.5,162.5,0.0
182.5,162.5,0.0
183.5,162.5,0.0
184.5,162.5,0.0
185.5,162.5,0.0
186.5,162.5,0.0
187.5,162.5,0.0
188.5,162.5,0.0
189.5,162.5,0.0
190.5,162.5,0.0
191.5,162.5,0.0
192.5,162.5,0.0
193.5,162.5,0.0
194.5,162.5,0.0
195.5,162.5,0.0
196.5,162.5,0.0
197.5,162.5,0.0
198.5,162.5,0.0
199.5,162.5,0.0
0.5,163.5,0.0
1.5,163.5,0.0
2.5,163.5,0.0
3.5,163.5,0.0
4.5,163.5,0.0
5.5,163.5,0.0
6.5,163.5,0.0
7.5,163.5,0.0
8.5,163.5,0.0
9.5,163.5,0.0
10.5,163.5,0.0
11.5,163.5,0.0
12.5,163.5,0.0
13.5,163.5,0.0
14.5,163.5,0.0
15.5,163.5,0.0
16.5,163.5,0.0
17.5,163.5,0.0
18.5,163.5,0.0
19.5,163.5,0.0
20.5,163.5,0.0
21.5,163.5,0.0
22.5,163.5,0.0
23.5,163.5,0.0
24.5,163.5,0.0
25.5,163.5,0.0
26.5,163.5,0.0
27.5,163.5,0.0
28.5,163.5,0.0
29.5,163.5,0.0
30.5,163.5,0.0
31.5,163.5,0.0
32.5,163.5,0.0
33.5,163.5,0.0
34.5,163.5,0.0
35.5,163.5,0.0
36.5,163.5,0.0
37.5,163.5,0.0
38.5,163.5,0.0
39.5,163.5,0.0
40.5,163.5,0.0
41.5,163.5,0.0
42.5,163.5,0.0
43.5,163.5,0.0
44.5,163.5,0.0
45.5,163.5,0.0
46.5,163.5,0.0
47.5,163.5,0.0
48.5,163.5,0.0
49.5,163.5,0.0
50.5,163.5,0.0
51.5,163.5,0.0
52.5,163.5,0.0
53.5,163.5,0.0
54.5,163.5,0.0
55.5,163.5,0.0
56.5,163.5,0.0
57.5,163.5,0.0
58.5,163.5,0.0
59.5,163.5,0.0
60.5,163.5,0.0
61.5,163.5,0.0
62.5,163.5,0.0
63.5,163.5,0.0
64.5,163.5,0.0
65.5,163.5,0.0
66.5,163.5,0.0
67.5,163.5,0.0
68.5,163.5,0.0
69.5,163.5,0.0
70.5,163.5,0.0
71.5,163.5,0.0
72.5,163.5,0.0
73.5,163.5,0.0
74.5,163.5,0.0
75.5,163.5,0.0
76.5,163.5,0.0
77.5,163.5,0.0
78.5,163.5,0.0
79.5,163.5,0.0
80.5,163.5,0.0
81.5,163.5,0.0
82.5,163.5,0.0
83.5,163.5,0.0
84.5,163.5,0.0
85.5,163.5,0.0
86.5,163.5,0.0
87.5,163.5,0.0
88.5,163.5,0.0
89.5,163.5,0.0
90.5,163.5,0.0
91.5,163.5,0.0
92.5,163.5,0.0
93.5,163.5,0.0
94.5,163.5,0.0
95.5,163.5,0.0
96.5,163.5,0.0
97.5,163.5,0.0
98.5,163.5,0.0
99.5,163.5,0.0
100.5,163.5,0.0
101.5,163.5,0.0
102.5,163.5,0.0
103.5,163.5,0.0
104.5,163.5,0.0
105.5,163.5,0.0
106.5,163.5,0.0
107.5,163.5,0.0
108.5,163.5,0.0
109.5,163.5,0.0
110.5,163.5,0.0
111.5,163.5,0.0
112.5,163.5,0.0
113.5,163.5,0.0
114.5,163.5,0.0
115.5,163.5,0.0
116.5,163.5,0.0
117.5,163.5,0.0
118.5,163.5,0.0
119.5,163.5,0.0
120.5,163.5,0.0
121.5,163.5,0.0
122.5,163.5,0.0
123.5,163.5,0.0
124.5,163.5,0.0
125.5,163.5,0.0
126.5,163.5,0.0
127.5,163.5,0.0
128.5,163.5,0.0
129.5,163.5,0.0
130.5,163.5,0.0
131.5,163.5,0.0
132.5,163.5,0.0
133.5,163.5,0.0
134.5,163.5,0.0
135.5,163.5,0.0
136.5,163.5,0.0
137.5,163.5,0.0
138.5,163.5,0.0
139.5,163.5,0.0
140.5,163.5,0.0
141.5,163.5,0.0
142.5,163.5,0.0
143.5,163.5,0.0
144.5,163.5,0.0
145.5,163.5,0.0
146.5,163.5,0.0
147.5,163.5,0.0
148.5,163.5,0.0
149.5,163.5,0.0
150.5,163.5,0.0
151.5,163.5,0.0
152.5,163.5,0.0
153.5,163.5,0.0
154.5,163.5,0.0
155.5,163.5,0.0
156.5,163.5,0.0
157.5,163.5,0.0
158.5,163.5,0.0
159.5,163.5,0.0
160.5,163.5,0.0
161.5,163.5,0.0
162.5,163.5,0.0
163.5,163.5,0.0
164.5,163.5,0.0
165.5,163.5,0.0
166.5,163.5,0.0
167.5,163.5,0.0
168.5,163.5,0.0
169.5,163.5,0.0
170.5,163.5,0.0
171.5,163.5,0.0
172.5,163.5,0.0
173.5,163.5,0.0
174.5,163.5,0.0
175.5,163.5,0.0
176.5,163.5,0.0
177.5,163.5,0.0
178.5,163.5,0.0
179.5,163.5,0.0
180.5,163.5,0.0
181.5,163.5,0.0
182.5,163.5,0.0
183.5,163.5,0.0
184.5,163.5,0.0
185.5,163.5,0.0
186.5,163.5,0.0
187.5,163.5,0.0
188.5,163.5,0.0
189.5,163.5,0.0
190.5,163.5,0.0
191.5,163.5,0.0
192.5,163.5,0.0
193.5,163.5,0.0
194.5,163.5,0.0
195.5,163.5,0.0
196.5,163.5,0.0
197.5,163.5,0.0
198.5,163.5,0.0
199.5,163.5,0.0
0.5,164.5,0.0
1.5,164.5,0.0
2.5,164.5,0.0
3.5,164.5,0.0
4.5,164.5,0.0
5.5,164.5,0.0
6.5,164.5,0.0
7.5,164.5,0.0
8.5,164.5,0.0
9.5,164.5,0.0
10.5,164.5,0.0
11.5,164.5,0.0
12.5,164.5,0.0
13.5,164.5,0.0
14.5,164.5,0.0
15.5,164.5,0.0
16.5,164.5,0.0
17.5,164.5,0.0
18.5,164.5,0.0
19.5,164.5,0.0
20.5,164.5,0.0
21.5,164.5,0.0
22.5,164.5,0.0
23.5,164.5,0.0
24.5,164.5,0.0
25.5,164.5,0.0
26.5,164.5,0.0
27.5,164.5,0.0
28.5,164.5,0.0
29.5,164.5,0.0
30.5,164.5,0.0
31.5,164.5,0.0
32.5,164.5,0.0
33.5,164.5,0.0
34.5,164.5,0.0
35.5,164.5,0.0
36.5,164.5,0.0
37.5,164.5,0.0
38.5,164.5,0.0
39.5,164.5,0.0
40.5,164.5,0.0
41.5,164.5,0.0
42.5,164.5,0.0
43.5,164.5,0.0
44.5,164.5,0.0
45.5,164.5,0.0
46.5,164.5,0.0
47.5,164.5,0.0
48.5,164.5,0.0
49.5,164.5,0.0
50.5,164.5,0.0
51.5,164.5,0.0
52.5,164.5,0.0
53.5,164.5,0.0
54.5,164.5,0.0
55.5,164.5,0.0
56.5,164.5,0.0
57.5,164.5,0.0
58.5,164.5,0.0
59.5,164.5,0.0
60.5,164.5,0.0
61.5,164.5,0.0
62.5,164.5,0.0
63.5,164.5,0.0
64.5,164.5,0.0
65.5,164.5,0.0
66.5,164.5,0.0
67.5,164.5,0.0
68.5,164.5,0.0
69.5,164.5,0.0
70.5,164.5,0.0
71.5,164.5,0.0
72.5,164.5,0.0
73.5,164.5,0.0
74.5,164.5,0.0
75.5,164.5,0.0
76.5,164.5,0.0
77.5,164.5,0.0
78.5,164.5,0.0
79.5,164.5,0.0
80.5,164.5,0.0
81.5,164.5,0.0
82.5,164.5,0.0
83.5,164.5,0.0
84.5,164.5,0.0
85.5,164.5,0.0
86.5,164.5,0.0
87.5,164.5,0.0
88.5,164.5,0.0
89.5,164.5,0.0
90.5,164.5,0.0
91.5,164.5,0.0
92.5,164.5,0.0
93.5,164.5,0.0
94.5,164.5,0.0
95.5,164.5,0.0
96.5,164.5,0.0
97.5,164.5,0.0
98.5,164.5,0.0
99.5,164.5,0.0
100.5,164.5,0.0
101.5,164.5,0.0
102.5,164.5,0.0
103.5,164.5,0.0
104.5,164.5,0.0
105.5,164.5,0.0
106.5,164.5,0.0
107.5,164.5,0.0
108.5,164.5,0.0
109.5,164.5,0.0
110.5,164.5,0.0
111.5,164.5,0.0
112.5,164.5,0.0
113.5,164.5,0.0
114.5,164.5,0.0
115.5,164.5,0.0
116.5,164.5,0.0
117.5,164.5,0.0
118.5,164.5,0.0
119.5,164.5,0.0
120.5,164.5,0.0
121.5,164.5,0.0
122.5,164.5,0.0
123.5,164.5,0.0
124.5,164.5,0.0
125.5,164.5,0.0
126.5,164.5,0.0
127.5,164.5,0.0
128.5,164.5,0.0
129.5,164.5,0.0
130.5,164.5,0.0
131.5,164.5,0.0
132.5,164.5,0.0
133.5,164.5,0.0
134.5,164.5,0.0
135.5,164.5,0.0
136.5,164.5,0.0
137.5,164.5,0.0
138.5,164.5,0.0
139.5,164.5,0.0
140.5,164.5,0.0
141.5,164.5,0.0
142.5,164.5,0.0
143.5,164.5,0.0
144.5,164.5,0.0
145.5,164.5,0.0
146.5,164.5,0.0
147.5,164.5,0.0
148.5,164.5,0.0
149.5,164.5,0.0
150.5,164.5,0.0
151.5,164.5,0.0
152.5,164.5,0.0
153.5,164.5,0.0
154.5,164.5,0.0
155.5,164.5,0.0
156.5,164.5,0.0
157.5,164.5,0.0
158.5,164.5,0.0
159.5,164.5,0.0
160.5,164.5,0.0
161.5,164.5,0.0
162.5,164.5,0.0
163.5,164.5,0.0
164.5,164.5,0.0
165.5,164.5,0.0
166.5,164.5,0.0
167.5,164.5,0.0
168.5,164.5,0.0
169.5,164.5,0.0
170.5,164.5,0.0
171.5,164.5,0.0
172.5,164.5,0.0
173.5,164.5,0.0
174.5,164.5,0.0
175.5,164.5,0.0
176.5,164.5,0.0
177.5,164.5,0.0
178.5,164.5,0.0
179.5,164.5,0.0
180.5,164.5,0.0
181.5,164.5,0.0
182.5,164.5,0.0
183.5,164.5,0.0
184.5,164.5,0.0
185.5,164.5,0.0
186.5,164.5,0.0
187.5,164.5,0.0
188.5,164.5,0.0
189.5,164.5,0.0
190.5,164.5,0.0
191.5,164.5,0.0
192.5,164.5,0.0
193.5,164.5,0.0
194.5,164.5,0.0
195.5,164.5,0.0
196.5,164.5,0.0
197.5,164.5,0.0
198.5,164.5,0.0
199.5,164.5,0.0
0.5,165.5,0.0
1.5,165.5,0.0
2.5,165.5,0.0
3.5,165.5,0.0
4.5,165.5,0.0
5.5,165.5,0.0
6.5,165.5,0.0
7.5,165.5,0.0
8.5,165.5,0.0
9.5,165.5,0.0
10.5,165.5,0.0
11.5,165.5,0.0
12.5,165.5,0.0
13.5,165.5,0.0
14.5,165.5,0.0
15.5,165.5,0.0
16.5,165.5,0.0
17.5,165.5,0.0
18.5,165.5,0.0
19.5,165.5,0.0
20.5,165.5,0.0
21.5,165.5,0.0
22.5,165.5,0.0
23.5,165.5,0.0
24.5,165.5,0.0
25.5,165.5,0.0
26.5,165.5,0.0
27.5,165.5,0.0
28.5,165.5,0.0
29.5,165.5,0.0
30.5,165.5,0.0
31.5,165.5,0.0
32.5,165.5,0.0
33.5,165.5,0.0
34.5,165.5,0.0
35.5,165.5,0.0
36.5,165.5,0.0
37.5,165.5,0.0
38.5,165.5,0.0
39.5,165.5,0.0
40.5,165.5,0.0
41.5,165.5,0.0
42.5,165.5,0.0
43.5,165.5,0.0
44.5,165.5,0.0
45.5,165.5,0.0
46.5,165.5,0.0
47.5,165.5,0.0
48.5,165.5,0.0
49.5,165.5,0.0
50.5,165.5,0.0
51.5,165.5,0.0
52.5,165.5,0.0
53.5,165.5,0.0
54.5,165.5,0.0
55.5,165.5,0.0
56.5,165.5,0.0
57.5,165.5,0.0
58.5,165.5,0.0
59.5,165.5,0.0
60.5,165.5,0.0
61.5,165.5,0.0
62.5,165.5,0.0
63.5,165.5,0.0
64.5,165.5,0.0
65.5,165.5,0.0
66.5,165.5,0.0
67.5,165.5,0.0
68.5,165.5,0.0
69.5,165.5,0.0
70.5,165.5,0.0
71.5,165.5,0.0
72.5,165.5,0.0
73.5,165.5,0.0
74.5,165.5,0.0
75.5,165.5,0.0
76.5,165.5,0.0
77.5,165.5,0.0
78.5,165.5,0.0
79.5,165.5,0.0
80.5,165.5,0.0
81.5,165.5,0.0
82.5,165.5,0.0
83.5,165.5,0.0
84.5,165.5,0.0
85.5,165.5,0.0
86.5,165.5,0.0
87.5,165.5,0.0
88.5,165.5,0.0
89.5,165.5,0.0
90.5,165.5,0.0
91.5,165.5,0.0
92.5,165.5,0.0
93.5,165.5,0.0
94.5,165.5,0.0
95.5,165.5,0.0
96.5,165.5,0.0
97.5,165.5,0.0
98.5,165.5,0.0
99.5,165.5,0.0
100.5,165.5,0.0
101.5,165.5,0.0
102.5,165.5,0.0
103.5,165.5,0.0
104.5,165.5,0.0
105.5,165.5,0.0
106.5,165.5,0.0
107.5,165.5,0.0
108.5,165.5,0.0
109.5,165.5,0.0
110.5,165.5,0.0
111.5,165.5,0.0
112.5,165.5,0.0
113.5,165.5,0.0
114.5,165.5,0.0
115.5,165.5,0.0
116.5,165.5,0.0
117.5,165.5,0.0
118.5,165.5,0.0
119.5,165.5,0.0
120.5,165.5,0.0
121.5,165.5,0.0
122.5,165.5,0.0
123.5,165.5,0.0
124.5,165.5,0.0
125.5,165.5,0.0
126.5,165.5,0.0
127.5,165.5,0.0
128.5,165.5,0.0
129.5,165.5,0.0
130.5,165.5,0.0
131.5,165.5,0.0
132.5,165.5,0.0
133.5,165.5,0.0
134.5,165.5,0.0
135.5,165.5,0.0
136.5,165.5,0.0
137.5,165.5,0.0
138.5,165.5,0.0
139.5,165.5,0.0
140.5,165.5,0.0
141.5,165.5,0.0
142.5,165.5,0.0
143.5,165.5,0.0
144.5,165.5,0.0
145.5,165.5,0.0
146.5,165.5,0.0
147.5,165.5,0.0
148.5,165.5,0.0
149.5,165.5,0.0
150.5,165.5,0.0
151.5,165.5,0.0
152.5,165.5,0.0
153.5,165.5,0.0
154.5,165.5,0.0
155.5,165.5,0.0
156.5,165.5,0.0
157.5,165.5,0.0
158.5,165.5,0.0
159.5,165.5,0.0
160.5,165.5,0.0
161.5,165.5,0.0
162.5,165.5,0.0
163.5,165.5,0.0
164.5,165.5,0.0
165.5,165.5,0.0
166.5,165.5,0.0
167.5,165.5,0.0
168.5,165.5,0.0
169.5,165.5,0.0
170.5,165.5,0.0
171.5,165.5,0.0
172.5,165.5,0.0
173.5,165.5,0.0
174.5,165.5,0.0
175.5,165.5,0.0
176.5,165.5,0.0
177.5,165.5,0.0
178.5,165.5,0.0
179.5,165.5,0.0
180.5,165.5,0.0
181.5,165.5,0.0
182.5,165.5,0.0
183.5,165.5,0.0
184.5,165.5,0.0
185.5,165.5,0.0
186.5,165.5,0.0
187.5,165.5,0.0
188.5,165.5,0.0
189.5,165.5,0.0
190.5,165.5,0.0
191.5,165.5,0.0
192.5,165.5,0.0
193.5,165.5,0.0
194.5,165.5,0.0
195.5,165.5,0.0
196.5,165.5,0.0
197.5,165.5,0.0
198.5,165.5,0.0
199.5,165.5,0.0
0.5,166.5,0.0
1.5,166.5,0.0
2.5,166.5,0.0
3.5,166.5,0.0
4.5,166.5,0.0
5.5,166.5,0.0
6.5,166.5,0.0
7.5,166.5,0.0
8.5,166.5,0.0
9.5,166.5,0.0
10.5,166.5,0.0
11.5,166.5,0.0
12.5,166.5,0.0
13.5,166.5,0.0
14.5,166.5,0.0
15.5,166.5,0.0
16.5,166.5,0.0
17.5,166.5,0.0
18.5,166.5,0.0
19.5,166.5,0.0
20.5,166.5,0.0
21.5,166.5,0.0
22.5,166.5,0.0
23.5,166.5,0.0
24.5,166.5,0.0
25.5,166.5,0.0
26.5,166.5,0.0
27.5,166.5,0.0
28.5,166.5,0.0
29.5,166.5,0.0
30.5,166.5,0.0
31.5,166.5,0.0
32.5,166.5,0.0
33.5,166.5,0.0
34.5,166.5,0.0
35.5,166.5,0.0
36.5,166.5,0.0
37.5,166.5,0.0
38.5,166.5,0.0
39.5,166.5,0.0
40.5,166.5,0.0
41.5,166.5,0.0
42.5,166.5,0.0
43.5,166.5,0.0
44.5,166.5,0.0
45.5,166.5,0.0
46.5,166.5,0.0
47.5,166.5,0.0
48.5,166.5,0.0
49.5,166.5,0.0
50.5,166.5,0.0
51.5,166.5,0.0
52.5,166.5,0.0
53.5,166.5,0.0
54.5,166.5,0.0
55.5,166.5,0.0
56.5,166.5,0.0
57.5,166.5,0.0
58.5,166.5,0.0
59.5,166.5,0.0
60.5,166.5,0.0
61.5,166.5,0.0
62.5,166.5,0.0
63.5,166.5,0.0
64.5,166.5,0.0
65.5,166.5,0.0
66.5,166.5,0.0
67.5,166.5,0.0
68.5,166.5,0.0
69.5,166.5,0.0
70.5,166.5,0.0
71.5,166.5,0.0
72.5,166.5,0.0
73.5,166.5,0.0
74.5,166.5,0.0
75.5,166.5,0.0
76.5,166.5,0.0
77.5,166.5,0.0
78.5,166.5,0.0
79.5,166.5,0.0
80.5,166.5,0.0
81.5,166.5,0.0
82.5,166.5,0.0
83.5,166.5,0.0
84.5,166.5,0.0
85.5,166.5,0.0
86.5,166.5,0.0
87.5,166.5,0.0
88.5,166.5,0.0
89.5,166.5,0.0
90.5,166.5,0.0
91.5,166.5,0.0
92.5,166.5,0.0
93.5,166.5,0.0
94.5,166.5,0.0
95.5,166.5,0.0
96.5,166.5,0.0
97.5,166.5,0.0
98.5,166.5,0.0
99.5,166.5,0.0
100.5,166.5,0.0
101.5,166.5,0.0
102.5,166.5,0.0
103.5,166.5,0.0
104.5,166.5,0.0
105.5,166.5,0.0
106.5,166.5,0.0
107.5,166.5,0.0
108.5,166.5,0.0
109.5,166.5,0.0
110.5,166.5,0.0
111.5,166.5,0.0
112.5,166.5,0.0
113.5,166.5,0.0
114.5,166.5,0.0
115.5,166.5,0.0
116.5,166.5,0.0
117.5,166.5,0.0
118.5,166.5,0.0
119.5,166.5,0.0
120.5,166.5,0.0
121.5,166.5,0.0
122.5,166.5,0.0
123.5,166.5,0.0
124.5,166.5,0.0
125.5,166.5,0.0
126.5,166.5,0.0
127.5,166.5,0.0
128.5,166.5,0.0
129.5,166.5,0.0
130.5,166.5,0.0
131.5,166.5,0.0
132.5,166.5,0.0
133.5,166.5,0.0
134.5,166.5,0.0
135.5,166.5,0.0
136.5,166.5,0.0
137.5,166.5,0.0
138.5,166.5,0.0
139.5,166.5,0.0
140.5,166.5,0.0
141.5,166.5,0.0
142.5,166.5,0.0
143.5,166.5,0.0
144.5,166.5,0.0
145.5,166.5,0.0
146.5,166.5,0.0
147.5,166.5,0.0
148.5,166.5,0.0
149.5,166.5,0.0
150.5,166.5,0.0
151.5,166.5,0.0
152.5,166.5,0.0
153.5,166.5,0.0
154.5,166.5,0.0
155.5,166.5,0.0
156.5,166.5,0.0
157.5,166.5,0.0
158.5,166.5,0.0
159.5,166.5,0.0
160.5,166.5,0.0
161.5,166.5,0.0
162.5,166.5,0.0
163.5,166.5,0.0
164.5,166.5,0.0
165.5,166.5,0.0
166.5,166.5,0.0
167.5,166.5,0.0
168.5,166.5,0.0
169.5,166.5,0.0
170.5,166.5,0.0
171.5,166.5,0.0
172.5,166.5,0.0
173.5,166.5,0.0
174.5,166.5,0.0
175.5,166.5,0.0
176.5,166.5,0.0
177.5,166.5,0.0
178.5,166.5,0.0
179.5,166.5,0.0
180.5,166.5,0.0
181.5,166.5,0.0
182.5,166.5,0.0
183.5,166.5,0.0
184.5,166.5,0.0
185.5,166.5,0.0
186.5,166.5,0.0
187.5,166.5,0.0
188.5,166.5,0.0
189.5,166.5,0.0
190.5,166.5,0.0
191.5,166.5,0.0
192.5,166.5,0.0
193.5,166.5,0.0
194.5,166.5,0.0
195.5,166.5,0.0
196.5,166.5,0.0
197.5,166.5,0.0
198.5,166.5,0.0
199.5,166.5,0.0
0.5,167.5,0.0
1.5,167.5,0.0
2.5,167.5,0.0
3.5,167.5,0.0
4.5,167.5,0.0
5.5,167.5,0.0
6.5,167.5,0.0
7.5,167.5,0.0
8.5,167.5,0.0
9.5,167.5,0.0
10.5,167.5,0.0
11.5,167.5,0.0
12.5,167.5,0.0
13.5,167.5,0.0
14.5,167.5,0.0
15.5,167.5,0.0
16.5,167.5,0.0
17.5,167.5,0.0
18.5,167.5,0.0
19.5,167.5,0.0
20.5,167.5,0.0
21.5,167.5,0.0
22.5,167.5,0.0
23.5,167.5,0.0
24.5,167.5,0.0
25.5,167.5,0.0
26.5,167.5,0.0
27.5,167.5,0.0
28.5,167.5,0.0
29.5,167.5,0.0
30.5,167.5,0.0
31.5,167.5,0.0
32.5,167.5,0.0
33.5,167.5,0.0
34.5,167.5,0.0
35.5,167.5,0.0
36.5,167.5,0.0
37.5,167.5,0.0
38.5,167.5,0.0
39.5,167.5,0.0
40.5,167.5,0.0
41.5,167.5,0.0
42.5,167.5,0.0
43.5,167.5,0.0
44.5,167.5,0.0
45.5,167.5,0.0
46.5,167.5,0.0
47.5,167.5,0.0
48.5,167.5,0.0
49.5,167.5,0.0
50.5,167.5,0.0
51.5,167.5,0.0
52.5,167.5,0.0
53.5,167.5,0.0
54.5,167.5,0.0
55.5,167.5,0.0
56.5,167.5,0.0
57.5,167.5,0.0
58.5,167.5,0.0
59.5,167.5,0.0
60.5,167.5,0.0
61.5,167.5,0.0
62.5,167.5,0.0
63.5,167.5,0.0
64.5,167.5,0.0
65.5,167.5,0.0
66.5,167.5,0.0
67.5,167.5,0.0
68.5,167.5,0.0
69.5,167.5,0.0
70.5,167.5,0.0
71.5,167.5,0.0
72.5,167.5,0.0
73.5,167.5,0.0
74.5,167.5,0.0
75.5,167.5,0.0
76.5,167.5,0.0
77.5,167.5,0.0
78.5,167.5,0.0
79.5,167.5,0.0
80.5,167.5,0.0
81.5,167.5,0.0
82.5,167.5,0.0
83.5,167.5,0.0
84.5,167.5,0.0
85.5,167.5,0.0
86.5,167.5,0.0
87.5,167.5,0.0
88.5,167.5,0.0
89.5,167.5,0.0
90.5,167.5,0.0
91.5,167.5,0.0
92.5,167.5,0.0
93.5,167.5,0.0
94.5,167.5,0.0
95.5,167.5,0.0
96.5,167.5,0.0
97.5,167.5,0.0
98.5,167.5,0.0
99.5,167.5,0.0
100.5,167.5,0.0
101.5,167.5,0.0
102.5,167.5,0.0
103.5,167.5,0.0
104.5,167.5,0.0
105.5,167.5,0.0
106.5,167.5,0.0
107.5,167.5,0.0
108.5,167.5,0.0
109.5,167.5,0.0
110.5,167.5,0.0
111.5,167.5,0.0
112.5,167.5,0.0
113.5,167.5,0.0
114.5,167.5,0.0
115.5,167.5,0.0
116.5,167.5,0.0
117.5,167.5,0.0
118.5,167.5,0.0
119.5,167.5,0.0
120.5,167.5,0.0
121.5,167.5,0.0
122.5,167.5,0.0
123.5,167.5,0.0
124.5,167.5,0.0
125.5,167.5,0.0
126.5,167.5,0.0
127.5,167.5,0.0
128.5,167.5,0.0
129.5,167.5,0.0
130.5,167.5,0.0
131.5,167.5,0.0
132.5,167.5,0.0
133.5,167.5,0.0
134.5,167.5,0.0
135.5,167.5,0.0
136.5,167.5,0.0
137.5,167.5,0.0
138.5,167.5,0.0
139.5,167.5,0.0
140.5,167.5,0.0
141.5,167.5,0.0
142.5,167.5,0.0
143.5,167.5,0.0
144.5,167.5,0.0
145.5,167.5,0.0
146.5,167.5,0.0
147.5,167.5,0.0
148.5,167.5,0.0
149.5,167.5,0.0
150.5,167.5,0.0
151.5,167.5,0.0
152.5,167.5,0.0
153.5,167.5,0.0
154.5,167.5,0.0
155.5,167.5,0.0
156.5,167.5,0.0
157.5,167.5,0.0
158.5,167.5,0.0
159.5,167.5,0.0
160.5,167.5,0.0
161.5,167.5,0.0
162.5,167.5,0.0
163.5,167.5,0.0
164.5,167.5,0.0
165.5,167.5,0.0
166.5,167.5,0.0
167.5,167.5,0.0
168.5,167.5,0.0
169.5,167.5,0.0
170.5,167.5,0.0
171.5,167.5,0.0
172.5,167.5,0.0
173.5,167.5,0.0
174.5,167.5,0.0
175.5,167.5,0.0
176.5,167.5,0.0
177.5,167.5,0.0
178.5,167.5,0.0
179.5,167.5,0.0
180.5,167.5,0.0
181.5,167.5,0.0
182.5,167.5,0.0
183.5,167.5,0.0
184.5,167.5,0.0
185.5,167.5,0.0
186.5,167.5,0.0
187.5,167.5,0.0
188.5,167.5,0.0
189.5,167.5,0.0
190.5,167.5,0.0
191.5,167.5,0.0
192.5,167.5,0.0
193.5,167.5,0.0
194.5,167.5,0.0
195.5,167.5,0.0
196.5,167.5,0.0
197.5,167.5,0.0
198.5,167.5,0.0
199.5,167.5,0.0
0.5,168.5,0.0
1.5,168.5,0.0
2.5,168.5,0.0
3.5,168.5,0.0
4.5,168.5,0.0
5.5,168.5,0.0
6.5,168.5,0.0
7.5,168.5,0.0
8.5,168.5,0.0
9.5,168.5,0.0
10.5,168.5,0.0
11.5,168.5,0.0
12.5,168.5,0.0
13.5,168.5,0.0
14.5,168.5,0.0
15.5,168.5,0.0
16.5,168.5,0.0
17.5,168.5,0.0
18.5,168.5,0.0
19.5,168.5,0.0
20.5,168.5,0.0
21.5,168.5,0.0
22.5,168.5,0.0
23.5,168.5,0.0
24.5,168.5,0.0
25.5,168.5,0.0
26.5,168.5,0.0
27.5,168.5,0.0
28.5,168.5,0.0
29.5,168.5,0.0
30.5,168.5,0.0
31.5,168.5,0.0
32.5,168.5,0.0
33.5,168.5,0.0
34.5,168.5,0.0
35.5,168.5,0.0
36.5,168.5,0.0
37.5,168.5,0.0
38.5,168.5,0.0
39.5,168.5,0.0
40.5,168.5,0.0
41.5,168.5,0.0
42.5,168.5,0.0
43.5,168.5,0.0
44.5,168.5,0.0
45.5,168.5,0.0
46.5,168.5,0.0
47.5,168.5,0.0
48.5,168.5,0.0
49.5,168.5,0.0
50.5,168.5,0.0
51.5,168.5,0.0
52.5,168.5,0.0
53.5,168.5,0.0
54.5,168.5,0.0
55.5,168.5,0.0
56.5,168.5,0.0
57.5,168.5,0.0
58.5,168.5,0.0
59.5,168.5,0.0
60.5,168.5,0.0
61.5,168.5,0.0
62.5,168.5,0.0
63.5,168.5,0.0
64.5,168.5,0.0
65.5,168.5,0.0
66.5,168.5,0.0
67.5,168.5,0.0
68.5,168.5,0.0
69.5,168.5,0.0
70.5,168.5,0.0
71.5,168.5,0.0
72.5,168.5,0.0
73.5,168.5,0.0
74.5,168.5,0.0
75.5,168.5,0.0
76.5,168.5,0.0
77.5,168.5,0.0
78.5,168.5,0.0
79.5,168.5,0.0
80.5,168.5,0.0
81.5,168.5,0.0
82.5,168.5,0.0
83.5,168.5,0.0
84.5,168.5,0.0
85.5,168.5,0.0
86.5,168.5,0.0
87.5,168.5,0.0
88.5,168.5,0.0
89.5,168.5,0.0
90.5,168.5,0.0
91.5,168.5,0.0
92.5,168.5,0.0
93.5,168.5,0.0
94.5,168.5,0.0
95.5,168.5,0.0
96.5,168.5,0.0
97.5,168.5,0.0
98.5,168.5,0.0
99.5,168.5,0.0
100.5,168.5,0.0
101.5,168.5,0.0
102.5,168.5,0.0
103.5,168.5,0.0
104.5,168.5,0.0
105.5,168.5,0.0
106.5,168.5,0.0
107.5,168.5,0.0
108.5,168.5,0.0
109.5,168.5,0.0
110.5,168.5,0.0
111.5,168.5,0.0
112.5,168.5,0.0
113.5,168.5,0.0
114.5,168.5,0.0
115.5,168.5,0.0
116.5,168.5,0.0
117.5,168.5,0.0
118.5,168.5,0.0
119.5,168.5,0.0
120.5,168.5,0.0
121.5,168.5,0.0
122.5,168.5,0.0
123.5,168.5,0.0
124.5,168.5,0.0
125.5,168.5,0.0
126.5,168.5,0.0
127.5,168.5,0.0
128.5,168.5,0.0
129.5,168.5,0.0
130.5,168.5,0.0
131.5,168.5,0.0
132.5,168.5,0.0
133.5,168.5,0.0
134.5,168.5,0.0
135.5,168.5,0.0
136.5,168.5,0.0
137.5,168.5,0.0
138.5,168.5,0.0
139.5,168.5,0.0
140.5,168.5,0.0
141.5,168.5,0.0
142.5,168.5,0.0
143.5,168.5,0.0
144.5,168.5,0.0
145.5,168.5,0.0
146.5,168.5,0.0
147.5,168.5,0.0
148.5,168.5,0.0
149.5,168.5,0.0
150.5,168.5,0.0
151.5,168.5,0.0
152.5,168.5,0.0
153.5,168.5,0.0
154.5,168.5,0.0
155.5,168.5,0.0
156.5,168.5,0.0
157.5,168.5,0.0
158.5,168.5,0.0
159.5,168.5,0.0
160.5,168.5,0.0
161.5,168.5,0.0
162.5,168.5,0.0
163.5,168.5,0.0
164.5,168.5,0.0
165.5,168.5,0.0
166.5,168.5,0.0
167.5,168.5,0.0
168.5,168.5,0.0
169.5,168.5,0.0
170.5,168.5,0.0
171.5,168.5,0.0
172.5,168.5,0.0
173.5,168.5,0.0
174.5,168.5,0.0
175.5,168.5,0.0
176.5,168.5,0.0
177.5,168.5,0.0
178.5,168.5,0.0
179.5,168.5,0.0
180.5,168.5,0.0
181.5,168.5,0.0
182.5,168.5,0.0
183.5,168.5,0.0
184.5,168.5,0.0
185.5,168.5,0.0
186.5,168.5,0.0
187.5,168.5,0.0
188.5,168.5,0.0
189.5,168.5,0.0
190.5,168.5,0.0
191.5,168.5,0.0
192.5,168.5,0.0
193.5,168.5,0.0
194.5,168.5,0.0
195.5,168.5,0.0
196.5,168.5,0.0
197.5,168.5,0.0
198.5,168.5,0.0
199.5,168.5,0.0
0.5,169.5,0.0
1.5,169.5,0.0
2.5,169.5,0.0
3.5,169.5,0.0
4.5,169.5,0.0
5.5,169.5,0.0
6.5,169.5,0.0
7.5,169.5,0.0
8.5,169.5,0.0
9.5,169.5,0.0
10.5,169.5,0.0
11.5,169.5,0.0
12.5,169.5,0.0
13.5,169.5,0.0
14.5,169.5,0.0
15.5,169.5,0.0
16.5,169.5,0.0
17.5,169.5,0.0
18.5,169.5,0.0
19.5,169.5,0.0
20.5,169.5,0.0
21.5,169.5,0.0
22.5,169.5,0.0
23.5,169.5,0.0
24.5,169.5,0.0
25.5,169.5,0.0
26.5,169.5,0.0
27.5,169.5,0.0
28.5,169.5,0.0
29.5,169.5,0.0
30.5,169.5,0.0
31.5,169.5,0.0
32.5,169.5,0.0
33.5,169.5,0.0
34.5,169.5,0.0
35.5,169.5,0.0
36.5,169.5,0.0
37.5,169.5,0.0
38.5,169.5,0.0
39.5,169.5,0.0
40.5,169.5,0.0
41.5,169.5,0.0
42.5,169.5,0.0
43.5,169.5,0.0
44.5,169.5,0.0
45.5,169.5,0.0
46.5,169.5,0.0
47.5,169.5,0.0
48.5,169.5,0.0
49.5,169.5,0.0
50.5,169.5,0.0
51.5,169.5,0.0
52.5,169.5,0.0
53.5,169.5,0.0
54.5,169.5,0.0
55.5,169.5,0.0
56.5,169.5,0.0
57.5,169.5,0.0
58.5,169.5,0.0
59.5,169.5,0.0
60.5,169.5,0.0
61.5,169.5,0.0
62.5,169.5,0.0
63.5,169.5,0.0
64.5,169.5,0.0
65.5,169.5,0.0
66.5,169.5,0.0
67.5,169.5,0.0
68.5,169.5,0.0
69.5,169.5,0.0
70.5,169.5,0.0
71.5,169.5,0.0
72.5,169.5,0.0
73.5,169.5,0.0
74.5,169.5,0.0
75.5,169.5,0.0
76.5,169.5,0.0
77.5,169.5,0.0
78.5,169.5,0.0
79.5,169.5,0.0
80.5,169.5,0.0
81.5,169.5,0.0
82.5,169.5,0.0
83.5,169.5,0.0
84.5,169.5,0.0
85.5,169.5,0.0
86.5,169.5,0.0
87.5,169.5,0.0
88.5,169.5,0.0
89.5,169.5,0.0
90.5,169.5,0.0
91.5,169.5,0.0
92.5,169.5,0.0
93.5,169.5,0.0
94.5,169.5,0.0
95.5,169.5,0.0
96.5,169.5,0.0
97.5,169.5,0.0
98.5,169.5,0.0
99.5,169.5,0.0
100.5,169.5,0.0
101.5,169.5,0.0
102.5,169.5,0.0
103.5,169.5,0.0
104.5,169.5,0.0
105.5,169.5,0.0
106.5,169.5,0.0
107.5,169.5,0.0
108.5,169.5,0.0
109.5,169.5,0.0
110.5,169.5,0.0
111.5,169.5,0.0
112.5,169.5,0.0
113.5,169.5,0.0
114.5,169.5,0.0
115.5,169.5,0.0
116.5,169.5,0.0
117.5,169.5,0.0
118.5,169.5,0.0
119.5,169.5,0.0
120.5,169.5,0.0
121.5,169.5,0.0
122.5,169.5,0.0
123.5,169.5,0.0
124.5,169.5,0.0
125.5,169.5,0.0
126.5,169.5,0.0
127.5,169.5,0.0
128.5,169.5,0.0
129.5,169.5,0.0
130.5,169.5,0.0
131.5,169.5,0.0
132.5,169.5,0.0
133.5,169.5,0.0
134.5,169.5,0.0
135.5,169.5,0.0
136.5,169.5,0.0
137.5,169.5,0.0
138.5,169.5,0.0
139.5,169.5,0.0
140.5,169.5,0.0
141.5,169.5,0.0
142.5,169.5,0.0
143.5,169.5,0.0
144.5,169.5,0.0
145.5,169.5,0.0
146.5,169.5,0.0
147.5,169.5,0.0
148.5,169.5,0.0
149.5,169.5,0.0
150.5,169.5,0.0
151.5,169.5,0.0
152.5,169.5,0.0
153.5,169.5,0.0
154.5,169.5,0.0
155.5,169.5,0.0
156.5,169.5,0.0
157.5,169.5,0.0
158.5,169.5,0.0
159.5,169.5,0.0
160.5,169.5,0.0
161.5,169.5,0.0
162.5,169.5,0.0
163.5,169.5,0.0
164.5,169.5,0.0
165.5,169.5,0.0
166.5,169.5,0.0
167.5,169.5,0.0
168.5,169.5,0.0
169.5,169.5,0.0
170.5,169.5,0.0
171.5,169.5,0.0
172.5,169.5,0.0
173.5,169.5,0.0
174.5,169.5,0.0
175.5,169.5,0.0
176.5,169.5,0.0
177.5,169.5,0.0
178.5,169.5,0.0
179.5,169.5,0.0
180.5,169.5,0.0
181.5,169.5,0.0
182.5,169.5,0.0
183.5,169.5,0.0
184.5,169.5,0.0
185.5,169.5,0.0
186.5,169.5,0.0
187.5,169.5,0.0
188.5,169.5,0.0
189.5,169.5,0.0
190.5,169.5,0.0
191.5,169.5,0.0
192.5,169.5,0.0
193.5,169.5,0.0
194.5,169.5,0.0
195.5,169.5,0.0
196.5,169.5,0.0
197.5,169.5,0.0
198.5,169.5,0.0
199.5,169.5,0.0
0.5,170.5,0.0
1.5,170.5,0.0
2.5,170.5,0.0
3.5,170.5,0.0
4.5,170.5,0.0
5.5,170.5,0.0
6.5,170.5,0.0
7.5,170.5,0.0
8.5,170.5,0.0
9.5,170.5,0.0
10.5,170.5,0.0
11.5,170.5,0.0
12.5,170.5,0.0
13.5,170.5,0.0
14.5,170.5,0.0
15.5,170.5,0.0
16.5,170.5,0.0
17.5,170.5,0.0
18.5,170.5,0.0
19.5,170.5,0.0
20.5,170.5,0.0
21.5,170.5,0.0
22.5,170.5,0.0
23.5,170.5,0.0
24.5,170.5,0.0
25.5,170.5,0.0
26.5,170.5,0.0
27.5,170.5,0.0
28.5,170.5,0.0
29.5,170.5,0.0
30.5,170.5,0.0
31.5,170.5,0.0
32.5,170.5,0.0
33.5,170.5,0.0
34.5,170.5,0.0
35.5,170.5,0.0
36.5,170.5,0.0
37.5,170.5,0.0
38.5,170.5,0.0
39.5,170.5,0.0
40.5,170.5,0.0
41.5,170.5,0.0
42.5,170.5,0.0
43.5,170.5,0.0
44.5,170.5,0.0
45.5,170.5,0.0
46.5,170.5,0.0
47.5,170.5,0.0
48.5,170.5,0.0
49.5,170.5,0.0
50.5,170.5,0.0
51.5,170.5,0.0
52.5,170.5,0.0
53.5,170.5,0.0
54.5,170.5,0.0
55.5,170.5,0.0
56.5,170.5,0.0
57.5,170.5,0.0
58.5,170.5,0.0
59.5,170.5,0.0
60.5,170.5,0.0
61.5,170.5,0.0
62.5,170.5,0.0
63.5,170.5,0.0
64.5,170.5,0.0
65.5,170.5,0.0
66.5,170.5,0.0
67.5,170.5,0.0
68.5,170.5,0.0
69.5,170.5,0.0
70.5,170.5,0.0
71.5,170.5,0.0
72.5,170.5,0.0
73.5,170.5,0.0
74.5,170.5,0.0
75.5,170.5,0.0
76.5,170.5,0.0
77.5,170.5,0.0
78.5,170.5,0.0
79.5,170.5,0.0
80.5,170.5,0.0
81.5,170.5,0.0
82.5,170.5,0.0
83.5,170.5,0.0
84.5,170.5,0.0
85.5,170.5,0.0
86.5,170.5,0.0
87.5,170.5,0.0
88.5,170.5,0.0
89.5,170.5,0.0
90.5,170.5,0.0
91.5,170.5,0.0
92.5,170.5,0.0
93.5,170.5,0.0
94.5,170.5,0.0
95.5,170.5,0.0
96.5,170.5,0.0
97.5,170.5,0.0
98.5,170.5,0.0
99.5,170.5,0.0
100.5,170.5,0.0
101.5,170.5,0.0
102.5,170.5,0.0
103.5,170.5,0.0
104.5,170.5,0.0
105.5,170.5,0.0
106.5,170.5,0.0
107.5,170.5,0.0
108.5,170.5,0.0
109.5,170.5,0.0
110.5,170.5,0.0
111.5,170.5,0.0
112.5,170.5,0.0
113.5,170.5,0.0
114.5,170.5,0.0
115.5,170.5,0.0
116.5,170.5,0.0
117.5,170.5,0.0
118.5,170.5,0.0
119.5,170.5,0.0
120.5,170.5,0.0
121.5,170.5,0.0
122.5,170.5,0.0
123.5,170.5,0.0
124.5,170.5,0.0
125.5,170.5,0.0
126.5,170.5,0.0
127.5,170.5,0.0
128.5,170.5,0.0
129.5,170.5,0.0
130.5,170.5,0.0
131.5,170.5,0.0
132.5,170.5,0.0
133.5,170.5,0.0
134.5,170.5,0.0
135.5,170.5,0.0
136.5,170.5,0.0
137.5,170.5,0.0
138.5,170.5,0.0
139.5,170.5,0.0
140.5,170.5,0.0
141.5,170.5,0.0
142.5,170.5,0.0
143.5,170.5,0.0
144.5,170.5,0.0
145.5,170.5,0.0
146.5,170.5,0.0
147.5,170.5,0.0
148.5,170.5,0.0
149.5,170.5,0.0
150.5,170.5,0.0
151.5,170.5,0.0
152.5,170.5,0.0
153.5,170.5,0.0
154.5,170.5,0.0
155.5,170.5,0.0
156.5,170.5,0.0
157.5,170.5,0.0
158.5,170.5,0.0
159.5,170.5,0.0
160.5,170.5,0.0
161.5,170.5,0.0
162.5,170.5,0.0
163.5,170.5,0.0
164.5,170.5,0.0
165.5,170.5,0.0
166.5,170.5,0.0
167.5,170.5,0.0
168.5,170.5,0.0
169.5,170.5,0.0
170.5,170.5,0.0
171.5,170.5,0.0
172.5,170.5,0.0
173.5,170.5,0.0
174.5,170.5,0.0
175.5,170.5,0.0
176.5,170.5,0.0
177.5,170.5,0.0
178.5,170.5,0.0
179.5,170.5,0.0
180.5,170.5,0.0
181.5,170.5,0.0
182.5,170.5,0.0
183.5,170.5,0.0
184.5,170.5,0.0
185.5,170.5,0.0
186.5,170.5,0.0
187.5,170.5,0.0
188.5,170.5,0.0
189.5,170.5,0.0
190.5,170.5,0.0
191.5,170.5,0.0
192.5,170.5,0.0
193.5,170.5,0.0
194.5,170.5,0.0
195.5,170.5,0.0
196.5,170.5,0.0
197.5,170.5,0.0
198.5,170.5,0.0
199.5,170.5,0.0
0.5,171.5,0.0
1.5,171.5,0.0
2.5,171.5,0.0
3.5,171.5,0.0
4.5,171.5,0.0
5.5,171.5,0.0
6.5,171.5,0.0
7.5,171.5,0.0
8.5,171.5,0.0
9.5,171.5,0.0
10.5,171.5,0.0
11.5,171.5,0.0
12.5,171.5,0.0
13.5,171.5,0.0
14.5,171.5,0.0
15.5,171.5,0.0
16.5,171.5,0.0
17.5,171.5,0.0
18.5,171.5,0.0
19.5,171.5,0.0
20.5,171.5,0.0
21.5,171.5,0.0
22.5,171.5,0.0
23.5,171.5,0.0
24.5,171.5,0.0
25.5,171.5,0.0
26.5,171.5,0.0
27.5,171.5,0.0
28.5,171.5,0.0
29.5,171.5,0.0
30.5,171.5,0.0
31.5,171.5,0.0
32.5,171.5,0.0
33.5,171.5,0.0
34.5,171.5,0.0
35.5,171.5,0.0
36.5,171.5,0.0
37.5,171.5,0.0
38.5,171.5,0.0
39.5,171.5,0.0
40.5,171.5,0.0
41.5,171.5,0.0
42.5,171.5,0.0
43.5,171.5,0.0
44.5,171.5,0.0
45.5,171.5,0.0
46.5,171.5,0.0
47.5,171.5,0.0
48.5,171.5,0.0
49.5,171.5,0.0
50.5,171.5,0.0
51.5,171.5,0.0
52.5,171.5,0.0
53.5,171.5,0.0
54.5,171.5,0.0
55.5,171.5,0.0
56.5,171.5,0.0
57.5,171.5,0.0
58.5,171.5,0.0
59.5,171.5,0.0
60.5,171.5,0.0
61.5,171.5,0.0
62.5,171.5,0.0
63.5,171.5,0.0
64.5,171.5,0.0
65.5,171.5,0.0
66.5,171.5,0.0
67.5,171.5,0.0
68.5,171.5,0.0
69.5,171.5,0.0
70.5,171.5,0.0
71.5,171.5,0.0
72.5,171.5,0.0
73.5,171.5,0.0
74.5,171.5,0.0
75.5,171.5,0.0
76.5,171.5,0.0
77.5,171.5,0.0
78.5,171.5,0.0
79.5,171.5,0.0
80.5,171.5,0.0
81.5,171.5,0.0
82.5,171.5,0.0
83.5,171.5,0.0
84.5,171.5,0.0
85.5,171.5,0.0
86.5,171.5,0.0
87.5,171.5,0.0
88.5,171.5,0.0
89.5,171.5,0.0
90.5,171.5,0.0
91.5,171.5,0.0
92.5,171.5,0.0
93.5,171.5,0.0
94.5,171.5,0.0
95.5,171.5,0.0
96.5,171.5,0.0
97.5,171.5,0.0
98.5,171.5,0.0
99.5,171.5,0.0
100.5,171.5,0.0
101.5,171.5,0.0
102.5,171.5,0.0
103.5,171.5,0.0
104.5,171.5,0.0
105.5,171.5,0.0
106.5,171.5,0.0
107.5,171.5,0.0
108.5,171.5,0.0
109.5,171.5,0.0
110.5,171.5,0.0
111.5,171.5,0.0
112.5,171.5,0.0
113.5,171.5,0.0
114.5,171.5,0.0
115.5,171.5,0.0
116.5,171.5,0.0
117.5,171.5,0.0
118.5,171.5,0.0
119.5,171.5,0.0
120.5,171.5,0.0
121.5,171.5,0.0
122.5,171.5,0.0
123.5,171.5,0.0
124.5,171.5,0.0
125.5,171.5,0.0
126.5,171.5,0.0
127.5,171.5,0.0
128.5,171.5,0.0
129.5,171.5,0.0
130.5,171.5,0.0
131.5,171.5,0.0
132.5,171.5,0.0
133.5,171.5,0.0
134.5,171.5,0.0
135.5,171.5,0.0
136.5,171.5,0.0
137.5,171.5,0.0
138.5,171.5,0.0
139.5,171.5,0.0
140.5,171.5,0.0
141.5,171.5,0.0
142.5,171.5,0.0
143.5,171.5,0.0
144.5,171.5,0.0
145.5,171.5,0.0
146.5,171.5,0.0
147.5,171.5,0.0
148.5,171.5,0.0
149.5,171.5,0.0
150.5,171.5,0.0
151.5,171.5,0.0
152.5,171.5,0.0
153.5,171.5,0.0
154.5,171.5,0.0
155.5,171.5,0.0
156.5,171.5,0.0
157.5,171.5,0.0
158.5,171.5,0.0
159.5,171.5,0.0
160.5,171.5,0.0
161.5,171.5,0.0
162.5,171.5,0.0
163.5,171.5,0.0
164.5,171.5,0.0
165.5,171.5,0.0
166.5,171.5,0.0
167.5,171.5,0.0
168.5,171.5,0.0
169.5,171.5,0.0
170.5,171.5,0.0
171.5,171.5,0.0
172.5,171.5,0.0
173.5,171.5,0.0
174.5,171.5,0.0
175.5,171.5,0.0
176.5,171.5,0.0
177.5,171.5,0.0
178.5,171.5,0.0
179.5,171.5,0.0
180.5,171.5,0.0
181.5,171.5,0.0
182.5,171.5,0.0
183.5,171.5,0.0
184.5,171.5,0.0
185.5,171.5,0.0
186.5,171.5,0.0
187.5,171.5,0.0
188.5,171.5,0.0
189.5,171.5,0.0
190.5,171.5,0.0
191.5,171.5,0.0
192.5,171.5,0.0
193.5,171.5,0.0
194.5,171.5,0.0
195.5,171.5,0.0
196.5,171.5,0.0
197.5,171.5,0.0
198.5,171.5,0.0
199.5,171.5,0.0
0.5,172.5,0.0
1.5,172.5,0.0
2.5,172.5,0.0
3.5,172.5,0.0
4.5,172.5,0.0
5.5,172.5,0.0
6.5,172.5,0.0
7.5,172.5,0.0
8.5,172.5,0.0
9.5,172.5,0.0
10.5,172.5,0.0
11.5,172.5,0.0
12.5,172.5,0.0
13.5,172.5,0.0
14.5,172.5,0.0
15.5,172.5,0.0
16.5,172.5,0.0
17.5,172.5,0.0
18.5,172.5,0.0
19.5,172.5,0.0
20.5,172.5,0.0
21.5,172.5,0.0
22.5,172.5,0.0
23.5,172.5,0.0
24.5,172.5,0.0
25.5,172.5,0.0
26.5,172.5,0.0
27.5,172.5,0.0
28.5,172.5,0.0
29.5,172.5,0.0
30.5,172.5,0.0
31.5,172.5,0.0
32.5,172.5,0.0
33.5,172.5,0.0
34.5,172.5,0.0
35.5,172.5,0.0
36.5,172.5,0.0
37.5,172.5,0.0
38.5,172.5,0.0
39.5,172.5,0.0
40.5,172.5,0.0
41.5,172.5,0.0
42.5,172.5,0.0
43.5,172.5,0.0
44.5,172.5,0.0
45.5,172.5,0.0
46.5,172.5,0.0
47.5,172.5,0.0
48.5,172.5,0.0
49.5,172.5,0.0
50.5,172.5,0.0
51.5,172.5,0.0
52.5,172.5,0.0
53.5,172.5,0.0
54.5,172.5,0.0
55.5,172.5,0.0
56.5,172.5,0.0
57.5,172.5,0.0
58.5,172.5,0.0
59.5,172.5,0.0
60.5,172.5,0.0
61.5,172.5,0.0
62.5,172.5,0.0
63.5,172.5,0.0
64.5,172.5,0.0
65.5,172.5,0.0
66.5,172.5,0.0
67.5,172.5,0.0
68.5,172.5,0.0
69.5,172.5,0.0
70.5,172.5,0.0
71.5,172.5,0.0
72.5,172.5,0.0
73.5,172.5,0.0
74.5,172.5,0.0
75.5,172.5,0.0
76.5,172.5,0.0
77.5,172.5,0.0
78.5,172.5,0.0
79.5,172.5,0.0
80.5,172.5,0.0
81.5,172.5,0.0
82.5,172.5,0.0
83.5,172.5,0.0
84.5,172.5,0.0
85.5,172.5,0.0
86.5,172.5,0.0
87.5,172.5,0.0
88.5,172.5,0.0
89.5,172.5,0.0
90.5,172.5,0.0
91.5,172.5,0.0
92.5,172.5,0.0
93.5,172.5,0.0
94.5,172.5,0.0
95.5,172.5,0.0
96.5,172.5,0.0
97.5,172.5,0.0
98.5,172.5,0.0
99.5,172.5,0.0
100.5,172.5,0.0
101.5,172.5,0.0
102.5,172.5,0.0
103.5,172.5,0.0
104.5,172.5,0.0
105.5,172.5,0.0
106.5,172.5,0.0
107.5,172.5,0.0
108.5,172.5,0.0
109.5,172.5,0.0
110.5,172.5,0.0
111.5,172.5,0.0
112.5,172.5,0.0
113.5,172.5,0.0
114.5,172.5,0.0
115.5,172.5,0.0
116.5,172.5,0.0
117.5,172.5,0.0
118.5,172.5,0.0
119.5,172.5,0.0
120.5,172.5,0.0
121.5,172.5,0.0
122.5,172.5,0.0
123.5,172.5,0.0
124.5,172.5,0.0
125.5,172.5,0.0
126.5,172.5,0.0
127.5,172.5,0.0
128.5,172.5,0.0
129.5,172.5,0.0
130.5,172.5,0.0
131.5,172.5,0.0
132.5,172.5,0.0
133.5,172.5,0.0
134.5,172.5,0.0
135.5,172.5,0.0
136.5,172.5,0.0
137.5,172.5,0.0
138.5,172.5,0.0
139.5,172.5,0.0
140.5,172.5,0.0
141.5,172.5,0.0
142.5,172.5,0.0
143.5,172.5,0.0
144.5,172.5,0.0
145.5,172.5,0.0
146.5,172.5,0.0
147.5,172.5,0.0
148.5,172.5,0.0
149.5,172.5,0.0
150.5,172.5,0.0
151.5,172.5,0.0
152.5,172.5,0.0
153.5,172.5,0.0
154.5,172.5,0.0
155.5,172.5,0.0
156.5,172.5,0.0
157.5,172.5,0.0
158.5,172.5,0.0
159.5,172.5,0.0
160.5,172.5,0.0
161.5,172.5,0.0
162.5,172.5,0.0
163.5,172.5,0.0
164.5,172.5,0.0
165.5,172.5,0.0
166.5,172.5,0.0
167.5,172.5,0.0
168.5,172.5,0.0
169.5,172.5,0.0
170.5,172.5,0.0
171.5,172.5,0.0
172.5,172.5,0.0
173.5,172.5,0.0
174.5,172.5,0.0
175.5,172.5,0.0
176.5,172.5,0.0
177.5,172.5,0.0
178.5,172.5,0.0
179.5,172.5,0.0
180.5,172.5,0.0
181.5,172.5,0.0
182.5,172.5,0.0
183.5,172.5,0.0
184.5,172.5,0.0
185.5,172.5,0.0
186.5,172.5,0.0
187.5,172.5,0.0
188.5,172.5,0.0
189.5,172.5,0.0
190.5,172.5,0.0
191.5,172.5,0.0
192.5,172.5,0.0
193.5,172.5,0.0
194.5,172.5,0.0
195.5,172.5,0.0
196.5,172.5,0.0
197.5,172.5,0.0
198.5,172.5,0.0
199.5,172.5,0.0
0.5,173.5,0.0
1.5,173.5,0.0
2.5,173.5,0.0
3.5,173.5,0.0
4.5,173.5,0.0
5.5,173.5,0.0
6.5,173.5,0.0
7.5,173.5,0.0
8.5,173.5,0.0
9.5,173.5,0.0
10.5,173.5,0.0
11.5,173.5,0.0
12.5,173.5,0.0
13.5,173.5,0.0
14.5,173.5,0.0
15.5,173.5,0.0
16.5,173.5,0.0
17.5,173.5,0.0
18.5,173.5,0.0
19.5,173.5,0.0
20.5,173.5,0.0
21.5,173.5,0.0
22.5,173.5,0.0
23.5,173.5,0.0
24.5,173.5,0.0
25.5,173.5,0.0
26.5,173.5,0.0
27.5,173.5,0.0
28.5,173.5,0.0
29.5,173.5,0.0
30.5,173.5,0.0
31.5,173.5,0.0
32.5,173.5,0.0
33.5,173.5,0.0
34.5,173.5,0.0
35.5,173.5,0.0
36.5,173.5,0.0
37.5,173.5,0.0
38.5,173.5,0.0
39.5,173.5,0.0
40.5,173.5,0.0
41.5,173.5,0.0
42.5,173.5,0.0
43.5,173.5,0.0
44.5,173.5,0.0
45.5,173.5,0.0
46.5,173.5,0.0
47.5,173.5,0.0
48.5,173.5,0.0
49.5,173.5,0.0
50.5,173.5,0.0
51.5,173.5,0.0
52.5,173.5,0.0
53.5,173.5,0.0
54.5,173.5,0.0
55.5,173.5,0.0
56.5,173.5,0.0
57.5,173.5,0.0
58.5,173.5,0.0
59.5,173.5,0.0
60.5,173.5,0.0
61.5,173.5,0.0
62.5,173.5,0.0
63.5,173.5,0.0
64.5,173.5,0.0
65.5,173.5,0.0
66.5,173.5,0.0
67.5,173.5,0.0
68.5,173.5,0.0
69.5,173.5,0.0
70.5,173.5,0.0
71.5,173.5,0.0
72.5,173.5,0.0
73.5,173.5,0.0
74.5,173.5,0.0
75.5,173.5,0.0
76.5,173.5,0.0
77.5,173.5,0.0
78.5,173.5,0.0
79.5,173.5,0.0
80.5,173.5,0.0
81.5,173.5,0.0
82.5,173.5,0.0
83.5,173.5,0.0
84.5,173.5,0.0
85.5,173.5,0.0
86.5,173.5,0.0
87.5,173.5,0.0
88.5,173.5,0.0
89.5,173.5,0.0
90.5,173.5,0.0
91.5,173.5,0.0
92.5,173.5,0.0
93.5,173.5,0.0
94.5,173.5,0.0
95.5,173.5,0.0
96.5,173.5,0.0
97.5,173.5,0.0
98.5,173.5,0.0
99.5,173.5,0.0
100.5,173.5,0.0
101.5,173.5,0.0
102.5,173.5,0.0
103.5,173.5,0.0
104.5,173.5,0.0
105.5,173.5,0.0
106.5,173.5,0.0
107.5,173.5,0.0
108.5,173.5,0.0
109.5,173.5,0.0
110.5,173.5,0.0
111.5,173.5,0.0
112.5,173.5,0.0
113.5,173.5,0.0
114.5,173.5,0.0
115.5,173.5,0.0
116.5,173.5,0.0
117.5,173.5,0.0
118.5,173.5,0.0
119.5,173.5,0.0
120.5,173.5,0.0
121.5,173.5,0.0
122.5,173.5,0.0
123.5,173.5,0.0
124.5,173.5,0.0
125.5,173.5,0.0
126.5,173.5,0.0
127.5,173.5,0.0
128.5,173.5,0.0
129.5,173.5,0.0
130.5,173.5,0.0
131.5,173.5,0.0
132.5,173.5,0.0
133.5,173.5,0.0
134.5,173.5,0.0
135.5,173.5,0.0
136.5,173.5,0.0
137.5,173.5,0.0
138.5,173.5,0.0
139.5,173.5,0.0
140.5,173.5,0.0
141.5,173.5,0.0
142.5,173.5,0.0
143.5,173.5,0.0
144.5,173.5,0.0
145.5,173.5,0.0
146.5,173.5,0.0
147.5,173.5,0.0
148.5,173.5,0.0
149.5,173.5,0.0
150.5,173.5,0.0
151.5,173.5,0.0
152.5,173.5,0.0
153.5,173.5,0.0
154.5,173.5,0.0
155.5,173.5,0.0
156.5,173.5,0.0
157.5,173.5,0.0
158.5,173.5,0.0
159.5,173.5,0.0
160.5,173.5,0.0
161.5,173.5,0.0
162.5,173.5,0.0
163.5,173.5,0.0
164.5,173.5,0.0
165.5,173.5,0.0
166.5,173.5,0.0
167.5,173.5,0.0
168.5,173.5,0.0
169.5,173.5,0.0
170.5,173.5,0.0
171.5,173.5,0.0
172.5,173.5,0.0
173.5,173.5,0.0
174.5,173.5,0.0
175.5,173.5,0.0
176.5,173.5,0.0
177.5,173.5,0.0
178.5,173.5,0.0
179.5,173.5,0.0
180.5,173.5,0.0
181.5,173.5,0.0
182.5,173.5,0.0
183.5,173.5,0.0
184.5,173.5,0.0
185.5,173.5,0.0
186.5,173.5,0.0
187.5,173.5,0.0
188.5,173.5,0.0
189.5,173.5,0.0
190.5,173.5,0.0
191.5,173.5,0.0
192.5,173.5,0.0
193.5,173.5,0.0
194.5,173.5,0.0
195.5,173.5,0.0
196.5,173.5,0.0
197.5,173.5,0.0
198.5,173.5,0.0
199.5,173.5,0.0
0.5,174.5,0.0
1.5,174.5,0.0
2.5,174.5,0.0
3.5,174.5,0.0
4.5,174.5,0.0
5.5,174.5,0.0
6.5,174.5,0.0
7.5,174.5,0.0
8.5,174.5,0.0
9.5,174.5,0.0
10.5,174.5,0.0
11.5,174.5,0.0
12.5,174.5,0.0
13.5,174.5,0.0
14.5,174.5,0.0
15.5,174.5,0.0
16.5,174.5,0.0
17.5,174.5,0.0
18.5,174.5,0.0
19.5,174.5,0.0
20.5,174.5,0.0
21.5,174.5,0.0
22.5,174.5,0.0
23.5,174.5,0.0
24.5,174.5,0.0
25.5,174.5,0.0
26.5,174.5,0.0
27.5,174.5,0.0
28.5,174.5,0.0
29.5,174.5,0.0
30.5,174.5,0.0
31.5,174.5,0.0
32.5,174.5,0.0
33.5,174.5,0.0
34.5,174.5,0.0
35.5,174.5,0.0
36.5,174.5,0.0
37.5,174.5,0.0
38.5,174.5,0.0
39.5,174.5,0.0
40.5,174.5,0.0
41.5,174.5,0.0
42.5,174.5,0.0
43.5,174.5,0.0
44.5,174.5,0.0
45.5,174.5,0.0
46.5,174.5,0.0
47.5,174.5,0.0
48.5,174.5,0.0
49.5,174.5,0.0
50.5,174.5,0.0
51.5,174.5,0.0
52.5,174.5,0.0
53.5,174.5,0.0
54.5,174.5,0.0
55.5,174.5,0.0
56.5,174.5,0.0
57.5,174.5,0.0
58.5,174.5,0.0
59.5,174.5,0.0
60.5,174.5,0.0
61.5,174.5,0.0
62.5,174.5,0.0
63.5,174.5,0.0
64.5,174.5,0.0
65.5,174.5,0.0
66.5,174.5,0.0
67.5,174.5,0.0
68.5,174.5,0.0
69.5,174.5,0.0
70.5,174.5,0.0
71.5,174.5,0.0
72.5,174.5,0.0
73.5,174.5,0.0
74.5,174.5,0.0
75.5,174.5,0.0
76.5,174.5,0.0
77.5,174.5,0.0
78.5,174.5,0.0
79.5,174.5,0.0
80.5,174.5,0.0
81.5,174.5,0.0
82.5,174.5,0.0
83.5,174.5,0.0
84.5,174.5,0.0
85.5,174.5,0.0
86.5,174.5,0.0
87.5,174.5,0.0
88.5,174.5,0.0
89.5,174.5,0.0
90.5,174.5,0.0
91.5,174.5,0.0
92.5,174.5,0.0
93.5,174.5,0.0
94.5,174.5,0.0
95.5,174.5,0.0
96.5,174.5,0.0
97.5,174.5,0.0
98.5,174.5,0.0
99.5,174.5,0.0
100.5,174.5,0.0
101.5,174.5,0.0
102.5,174.5,0.0
103.5,174.5,0.0
104.5,174.5,0.0
105.5,174.5,0.0
106.5,174.5,0.0
107.5,174.5,0.0
108.5,174.5,0.0
109.5,174.5,0.0
110.5,174.5,0.0
111.5,174.5,0.0
112.5,174.5,0.0
113.5,174.5,0.0
114.5,174.5,0.0
115.5,174.5,0.0
116.5,174.5,0.0
117.5,174.5,0.0
118.5,174.5,0.0
119.5,174.5,0.0
120.5,174.5,0.0
121.5,174.5,0.0
122.5,174.5,0.0
123.5,174.5,0.0
124.5,174.5,0.0
125.5,174.5,0.0
126.5,174.5,0.0
127.5,174.5,0.0
128.5,174.5,0.0
129.5,174.5,0.0
130.5,174.5,0.0
131.5,174.5,0.0
132.5,174.5,0.0
133.5,174.5,0.0
134.5,174.5,0.0
135.5,174.5,0.0
136.5,174.5,0.0
137.5,174.5,0.0
138.5,174.5,0.0
139.5,174.5,0.0
140.5,174.5,0.0
141.5,174.5,0.0
142.5,174.5,0.0
143.5,174.5,0.0
144.5,174.5,0.0
145.5,174.5,0.0
146.5,174.5,0.0
147.5,174.5,0.0
148.5,174.5,0.0
149.5,174.5,0.0
150.5,174.5,0.0
151.5,174.5,0.0
152.5,174.5,0.0
153.5,174.5,0.0
154.5,174.5,0.0
155.5,174.5,0.0
156.5,174.5,0.0
157.5,174.5,0.0
158.5,174.5,0.0
159.5,174.5,0.0
160.5,174.5,0.0
161.5,174.5,0.0
162.5,174.5,0.0
163.5,174.5,0.0
164.5,174.5,0.0
165.5,174.5,0.0
166.5,174.5,0.0
167.5,174.5,0.0
168.5,174.5,0.0
169.5,174.5,0.0
170.5,174.5,0.0
171.5,174.5,0.0
172.5,174.5,0.0
173.5,174.5,0.0
174.5,174.5,0.0
175.5,174.5,0.0
176.5,174.5,0.0
177.5,174.5,0.0
178.5,174.5,0.0
179.5,174.5,0.0
180.5,174.5,0.0
181.5,174.5,0.0
182.5,174.5,0.0
183.5,174.5,0.0
184.5,174.5,0.0
185.5,174.5,0.0
186.5,174.5,0.0
187.5,174.5,0.0
188.5,174.5,0.0
189.5,174.5,0.0
190.5,174.5,0.0
191.5,174.5,0.0
192.5,174.5,0.0
193.5,174.5,0.0
194.5,174.5,0.0
195.5,174.5,0.0
196.5,174.5,0.0
197.5,174.5,0.0
198.5,174.5,0.0
199.5,174.5,0.0
0.5,175.5,0.0
1.5,175.5,0.0
2.5,175.5,0.0
3.5,175.5,0.0
4.5,175.5,0.0
5.5,175.5,0.0
6.5,175.5,0.0
7.5,175.5,0.0
8.5,175.5,0.0
9.5,175.5,0.0
10.5,175.5,0.0
11.5,175.5,0.0
12.5,175.5,0.0
13.5,175.5,0.0
14.5,175.5,0.0
15.5,175.5,0.0
16.5,175.5,0.0
17.5,175.5,0.0
18.5,175.5,0.0
19.5,175.5,0.0
20.5,175.5,0.0
21.5,175.5,0.0
22.5,175.5,0.0
23.5,175.5,0.0
24.5,175.5,0.0
25.5,175.5,0.0
26.5,175.5,0.0
27.5,175.5,0.0
28.5,175.5,0.0
29.5,175.5,0.0
30.5,175.5,0.0
31.5,175.5,0.0
32.5,175.5,0.0
33.5,175.5,0.0
34.5,175.5,0.0
35.5,175.5,0.0
36.5,175.5,0.0
37.5,175.5,0.0
38.5,175.5,0.0
39.5,175.5,0.0
40.5,175.5,0.0
41.5,175.5,0.0
42.5,175.5,0.0
43.5,175.5,0.0
44.5,175.5,0.0
45.5,175.5,0.0
46.5,175.5,0.0
47.5,175.5,0.0
48.5,175.5,0.0
49.5,175.5,0.0
50.5,175.5,0.0
51.5,175.5,0.0
52.5,175.5,0.0
53.5,175.5,0.0
54.5,175.5,0.0
55.5,175.5,0.0
56.5,175.5,0.0
57.5,175.5,0.0
58.5,175.5,0.0
59.5,175.5,0.0
60.5,175.5,0.0
61.5,175.5,0.0
62.5,175.5,0.0
63.5,175.5,0.0
64.5,175.5,0.0
65.5,175.5,0.0
66.5,175.5,0.0
67.5,175.5,0.0
68.5,175.5,0.0
69.5,175.5,0.0
70.5,175.5,0.0
71.5,175.5,0.0
72.5,175.5,0.0
73.5,175.5,0.0
74.5,175.5,0.0
75.5,175.5,0.0
76.5,175.5,0.0
77.5,175.5,0.0
78.5,175.5,0.0
79.5,175.5,0.0
80.5,175.5,0.0
81.5,175.5,0.0
82.5,175.5,0.0
83.5,175.5,0.0
84.5,175.5,0.0
85.5,175.5,0.0
86.5,175.5,0.0
87.5,175.5,0.0
88.5,175.5,0.0
89.5,175.5,0.0
90.5,175.5,0.0
91.5,175.5,0.0
92.5,175.5,0.0
93.5,175.5,0.0
94.5,175.5,0.0
95.5,175.5,0.0
96.5,175.5,0.0
97.5,175.5,0.0
98.5,175.5,0.0
99.5,175.5,0.0
100.5,175.5,0.0
101.5,175.5,0.0
102.5,175.5,0.0
103.5,175.5,0.0
104.5,175.5,0.0
105.5,175.5,0.0
106.5,175.5,0.0
107.5,175.5,0.0
108.5,175.5,0.0
109.5,175.5,0.0
110.5,175.5,0.0
111.5,175.5,0.0
112.5,175.5,0.0
113.5,175.5,0.0
114.5,175.5,0.0
115.5,175.5,0.0
116.5,175.5,0.0
117.5,175.5,0.0
118.5,175.5,0.0
119.5,175.5,0.0
120.5,175.5,0.0
121.5,175.5,0.0
122.5,175.5,0.0
123.5,175.5,0.0
124.5,175.5,0.0
125.5,175.5,0.0
126.5,175.5,0.0
127.5,175.5,0.0
128.5,175.5,0.0
129.5,175.5,0.0
130.5,175.5,0.0
131.5,175.5,0.0
132.5,175.5,0.0
133.5,175.5,0.0
134.5,175.5,0.0
135.5,175.5,0.0
136.5,175.5,0.0
137.5,175.5,0.0
138.5,175.5,0.0
139.5,175.5,0.0
140.5,175.5,0.0
141.5,175.5,0.0
142.5,175.5,0.0
143.5,175.5,0.0
144.5,175.5,0.0
145.5,175.5,0.0
146.5,175.5,0.0
147.5,175.5,0.0
148.5,175.5,0.0
149.5,175.5,0.0
150.5,175.5,0.0
151.5,175.5,0.0
152.5,175.5,0.0
153.5,175.5,0.0
154.5,175.5,0.0
155.5,175.5,0.0
156.5,175.5,0.0
157.5,175.5,0.0
158.5,175.5,0.0
159.5,175.5,0.0
160.5,175.5,0.0
161.5,175.5,0.0
162.5,175.5,0.0
163.5,175.5,0.0
164.5,175.5,0.0
165.5,175.5,0.0
166.5,175.5,0.0
167.5,175.5,0.0
168.5,175.5,0.0
169.5,175.5,0.0
170.5,175.5,0.0
171.5,175.5,0.0
172.5,175.5,0.0
173.5,175.5,0.0
174.5,175.5,0.0
175.5,175.5,0.0
176.5,175.5,0.0
177.5,175.5,0.0
178.5,175.5,0.0
179.5,175.5,0.0
180.5,175.5,0.0
181.5,175.5,0.0
182.5,175.5,0.0
183.5,175.5,0.0
184.5,175.5,0.0
185.5,175.5,0.0
186.5,175.5,0.0
187.5,175.5,0.0
188.5,175.5,0.0
189.5,175.5,0.0
190.5,175.5,0.0
191.5,175.5,0.0
192.5,175.5,0.0
193.5,175.5,0.0
194.5,175.5,0.0
195.5,175.5,0.0
196.5,175.5,0.0
197.5,175.5,0.0
198.5,175.5,0.0
199.5,175.5,0.0
0.5,176.5,0.0
1.5,176.5,0.0
2.5,176.5,0.0
3.5,176.5,0.0
4.5,176.5,0.0
5.5,176.5,0.0
6.5,176.5,0.0
7.5,176.5,0.0
8.5,176.5,0.0
9.5,176.5,0.0
10.5,176.5,0.0
11.5,176.5,0.0
12.5,176.5,0.0
13.5,176.5,0.0
14.5,176.5,0.0
15.5,176.5,0.0
16.5,176.5,0.0
17.5,176.5,0.0
18.5,176.5,0.0
19.5,176.5,0.0
20.5,176.5,0.0
21.5,176.5,0.0
22.5,176.5,0.0
23.5,176.5,0.0
24.5,176.5,0.0
25.5,176.5,0.0
26.5,176.5,0.0
27.5,176.5,0.0
28.5,176.5,0.0
29.5,176.5,0.0
30.5,176.5,0.0
31.5,176.5,0.0
32.5,176.5,0.0
33.5,176.5,0.0
34.5,176.5,0.0
35.5,176.5,0.0
36.5,176.5,0.0
37.5,176.5,0.0
38.5,176.5,0.0
39.5,176.5,0.0
40.5,176.5,0.0
41.5,176.5,0.0
42.5,176.5,0.0
43.5,176.5,0.0
44.5,176.5,0.0
45.5,176.5,0.0
46.5,176.5,0.0
47.5,176.5,0.0
48.5,176.5,0.0
49.5,176.5,0.0
50.5,176.5,0.0
51.5,176.5,0.0
52.5,176.5,0.0
53.5,176.5,0.0
54.5,176.5,0.0
55.5,176.5,0.0
56.5,176.5,0.0
57.5,176.5,0.0
58.5,176.5,0.0
59.5,176.5,0.0
60.5,176.5,0.0
61.5,176.5,0.0
62.5,176.5,0.0
63.5,176.5,0.0
64.5,176.5,0.0
65.5,176.5,0.0
66.5,176.5,0.0
67.5,176.5,0.0
68.5,176.5,0.0
69.5,176.5,0.0
70.5,176.5,0.0
71.5,176.5,0.0
72.5,176.5,0.0
73.5,176.5,0.0
74.5,176.5,0.0
75.5,176.5,0.0
76.5,176.5,0.0
77.5,176.5,0.0
78.5,176.5,0.0
79.5,176.5,0.0
80.5,176.5,0.0
81.5,176.5,0.0
82.5,176.5,0.0
83.5,176.5,0.0
84.5,176.5,0.0
85.5,176.5,0.0
86.5,176.5,0.0
87.5,176.5,0.0
88.5,176.5,0.0
89.5,176.5,0.0
90.5,176.5,0.0
91.5,176.5,0.0
92.5,176.5,0.0
93.5,176.5,0.0
94.5,176.5,0.0
95.5,176.5,0.0
96.5,176.5,0.0
97.5,176.5,0.0
98.5,176.5,0.0
99.5,176.5,0.0
100.5,176.5,0.0
101.5,176.5,0.0
102.5,176.5,0.0
103.5,176.5,0.0
104.5,176.5,0.0
105.5,176.5,0.0
106.5,176.5,0.0
107.5,176.5,0.0
108.5,176.5,0.0
109.5,176.5,0.0
110.5,176.5,0.0
111.5,176.5,0.0
112.5,176.5,0.0
113.5,176.5,0.0
114.5,176.5,0.0
115.5,176.5,0.0
116.5,176.5,0.0
117.5,176.5,0.0
118.5,176.5,0.0
119.5,176.5,0.0
120.5,176.5,0.0
121.5,176.5,0.0
122.5,176.5,0.0
123.5,176.5,0.0
124.5,176.5,0.0
125.5,176.5,0.0
126.5,176.5,0.0
127.5,176.5,0.0
128.5,176.5,0.0
129.5,176.5,0.0
130.5,176.5,0.0
131.5,176.5,0.0
132.5,176.5,0.0
133.5,176.5,0.0
134.5,176.5,0.0
135.5,176.5,0.0
136.5,176.5,0.0
137.5,176.5,0.0
138.5,176.5,0.0
139.5,176.5,0.0
140.5,176.5,0.0
141.5,176.5,0.0
142.5,176.5,0.0
143.5,176.5,0.0
144.5,176.5,0.0
145.5,176.5,0.0
146.5,176.5,0.0
147.5,176.5,0.0
148.5,176.5,0.0
149.5,176.5,0.0
150.5,176.5,0.0
151.5,176.5,0.0
152.5,176.5,0.0
153.5,176.5,0.0
154.5,176.5,0.0
155.5,176.5,0.0
156.5,176.5,0.0
157.5,176.5,0.0
158.5,176.5,0.0
159.5,176.5,0.0
160.5,176.5,0.0
161.5,176.5,0.0
162.5,176.5,0.0
163.5,176.5,0.0
164.5,176.5,0.0
165.5,176.5,0.0
166.5,176.5,0.0
167.5,176.5,0.0
168.5,176.5,0.0
169.5,176.5,0.0
170.5,176.5,0.0
171.5,176.5,0.0
172.5,176.5,0.0
173.5,176.5,0.0
174.5,176.5,0.0
175.5,176.5,0.0
176.5,176.5,0.0
177.5,176.5,0.0
178.5,176.5,0.0
179.5,176.5,0.0
180.5,176.5,0.0
181.5,176.5,0.0
182.5,176.5,0.0
183.5,176.5,0.0
184.5,176.5,0.0
185.5,176.5,0.0
186.5,176.5,0.0
187.5,176.5,0.0
188.5,176.5,0.0
189.5,176.5,0.0
190.5,176.5,0.0
191.5,176.5,0.0
192.5,176.5,0.0
193.5,176.5,0.0
194.5,176.5,0.0
195.5,176.5,0.0
196.5,176.5,0.0
197.5,176.5,0.0
198.5,176.5,0.0
199.5,176.5,0.0
0.5,177.5,0.0
1.5,177.5,0.0
2.5,177.5,0.0
3.5,177.5,0.0
4.5,177.5,0.0
5.5,177.5,0.0
6.5,177.5,0.0
7.5,177.5,0.0
8.5,177.5,0.0
9.5,177.5,0.0
10.5,177.5,0.0
11.5,177.5,0.0
12.5,177.5,0.0
13.5,177.5,0.0
14.5,177.5,0.0
15.5,177.5,0.0
16.5,177.5,0.0
17.5,177.5,0.0
18.5,177.5,0.0
19.5,177.5,0.0
20.5,177.5,0.0
21.5,177.5,0.0
22.5,177.5,0.0
23.5,177.5,0.0
24.5,177.5,0.0
25.5,177.5,0.0
26.5,177.5,0.0
27.5,177.5,0.0
28.5,177.5,0.0
29.5,177.5,0.0
30.5,177.5,0.0
31.5,177.5,0.0
32.5,177.5,0.0
33.5,177.5,0.0
34.5,177.5,0.0
35.5,177.5,0.0
36.5,177.5,0.0
37.5,177.5,0.0
38.5,177.5,0.0
39.5,177.5,0.0
40.5,177.5,0.0
41.5,177.5,0.0
42.5,177.5,0.0
43.5,177.5,0.0
44.5,177.5,0.0
45.5,177.5,0.0
46.5,177.5,0.0
47.5,177.5,0.0
48.5,177.5,0.0
49.5,177.5,0.0
50.5,177.5,0.0
51.5,177.5,0.0
52.5,177.5,0.0
53.5,177.5,0.0
54.5,177.5,0.0
55.5,177.5,0.0
56.5,177.5,0.0
57.5,177.5,0.0
58.5,177.5,0.0
59.5,177.5,0.0
60.5,177.5,0.0
61.5,177.5,0.0
62.5,177.5,0.0
63.5,177.5,0.0
64.5,177.5,0.0
65.5,177.5,0.0
66.5,177.5,0.0
67.5,177.5,0.0
68.5,177.5,0.0
69.5,177.5,0.0
70.5,177.5,0.0
71.5,177.5,0.0
72.5,177.5,0.0
73.5,177.5,0.0
74.5,177.5,0.0
75.5,177.5,0.0
76.5,177.5,0.0
77.5,177.5,0.0
78.5,177.5,0.0
79.5,177.5,0.0
80.5,177.5,0.0
81.5,177.5,0.0
82.5,177.5,0.0
83.5,177.5,0.0
84.5,177.5,0.0
85.5,177.5,0.0
86.5,177.5,0.0
87.5,177.5,0.0
88.5,177.5,0.0
89.5,177.5,0.0
90.5,177.5,0.0
91.5,177.5,0.0
92.5,177.5,0.0
93.5,177.5,0.0
94.5,177.5,0.0
95.5,177.5,0.0
96.5,177.5,0.0
97.5,177.5,0.0
98.5,177.5,0.0
99.5,177.5,0.0
100.5,177.5,0.0
101.5,177.5,0.0
102.5,177.5,0.0
103.5,177.5,0.0
104.5,177.5,0.0
105.5,177.5,0.0
106.5,177.5,0.0
107.5,177.5,0.0
108.5,177.5,0.0
109.5,177.5,0.0
110.5,177.5,0.0
111.5,177.5,0.0
112.5,177.5,0.0
113.5,177.5,0.0
114.5,177.5,0.0
115.5,177.5,0.0
116.5,177.5,0.0
117.5,177.5,0.0
118.5,177.5,0.0
119.5,177.5,0.0
120.5,177.5,0.0
121.5,177.5,0.0
122.5,177.5,0.0
123.5,177.5,0.0
124.5,177.5,0.0
125.5,177.5,0.0
126.5,177.5,0.0
127.5,177.5,0.0
128.5,177.5,0.0
129.5,177.5,0.0
130.5,177.5,0.0
131.5,177.5,0.0
132.5,177.5,0.0
133.5,177.5,0.0
134.5,177.5,0.0
135.5,177.5,0.0
136.5,177.5,0.0
137.5,177.5,0.0
138.5,177.5,0.0
139.5,177.5,0.0
140.5,177.5,0.0
141.5,177.5,0.0
142.5,177.5,0.0
143.5,177.5,0.0
144.5,177.5,0.0
145.5,177.5,0.0
146.5,177.5,0.0
147.5,177.5,0.0
148.5,177.5,0.0
149.5,177.5,0.0
150.5,177.5,0.0
151.5,177.5,0.0
152.5,177.5,0.0
153.5,177.5,0.0
154.5,177.5,0.0
155.5,177.5,0.0
156.5,177.5,0.0
157.5,177.5,0.0
158.5,177.5,0.0
159.5,177.5,0.0
160.5,177.5,0.0
161.5,177.5,0.0
162.5,177.5,0.0
163.5,177.5,0.0
164.5,177.5,0.0
165.5,177.5,0.0
166.5,177.5,0.0
167.5,177.5,0.0
168.5,177.5,0.0
169.5,177.5,0.0
170.5,177.5,0.0
171.5,177.5,0.0
172.5,177.5,0.0
173.5,177.5,0.0
174.5,177.5,0.0
175.5,177.5,0.0
176.5,177.5,0.0
177.5,177.5,0.0
178.5,177.5,0.0
179.5,177.5,0.0
180.5,177.5,0.0
181.5,177.5,0.0
182.5,177.5,0.0
183.5,177.5,0.0
184.5,177.5,0.0
185.5,177.5,0.0
186.5,177.5,0.0
187.5,177.5,0.0
188.5,177.5,0.0
189.5,177.5,0.0
190.5,177.5,0.0
191.5,177.5,0.0
192.5,177.5,0.0
193.5,177.5,0.0
194.5,177.5,0.0
195.5,177.5,0.0
196.5,177.5,0.0
197.5,177.5,0.0
198.5,177.5,0.0
199.5,177.5,0.0
0.5,178.5,0.0
1.5,178.5,0.0
2.5,178.5,0.0
3.5,178.5,0.0
4.5,178.5,0.0
5.5,178.5,0.0
6.5,178.5,0.0
7.5,178.5,0.0
8.5,178.5,0.0
9.5,178.5,0.0
10.5,178.5,0.0
11.5,178.5,0.0
12.5,178.5,0.0
13.5,178.5,0.0
14.5,178.5,0.0
15.5,178.5,0.0
16.5,178.5,0.0
17.5,178.5,0.0
18.5,178.5,0.0
19.5,178.5,0.0
20.5,178.5,0.0
21.5,178.5,0.0
22.5,178.5,0.0
23.5,178.5,0.0
24.5,178.5,0.0
25.5,178.5,0.0
26.5,178.5,0.0
27.5,178.5,0.0
28.5,178.5,0.0
29.5,178.5,0.0
30.5,178.5,0.0
31.5,178.5,0.0
32.5,178.5,0.0
33.5,178.5,0.0
34.5,178.5,0.0
35.5,178.5,0.0
36.5,178.5,0.0
37.5,178.5,0.0
38.5,178.5,0.0
39.5,178.5,0.0
40.5,178.5,0.0
41.5,178.5,0.0
42.5,178.5,0.0
43.5,178.5,0.0
44.5,178.5,0.0
45.5,178.5,0.0
46.5,178.5,0.0
47.5,178.5,0.0
48.5,178.5,0.0
49.5,178.5,0.0
50.5,178.5,0.0
51.5,178.5,0.0
52.5,178.5,0.0
53.5,178.5,0.0
54.5,178.5,0.0
55.5,178.5,0.0
56.5,178.5,0.0
57.5,178.5,0.0
58.5,178.5,0.0
59.5,178.5,0.0
60.5,178.5,0.0
61.5,178.5,0.0
62.5,178.5,0.0
63.5,178.5,0.0
64.5,178.5,0.0
65.5,178.5,0.0
66.5,178.5,0.0
67.5,178.5,0.0
68.5,178.5,0.0
69.5,178.5,0.0
70.5,178.5,0.0
71.5,178.5,0.0
72.5,178.5,0.0
73.5,178.5,0.0
74.5,178.5,0.0
75.5,178.5,0.0
76.5,178.5,0.0
77.5,178.5,0.0
78.5,178.5,0.0
79.5,178.5,0.0
80.5,178.5,0.0
81.5,178.5,0.0
82.5,178.5,0.0
83.5,178.5,0.0
84.5,178.5,0.0
85.5,178.5,0.0
86.5,178.5,0.0
87.5,178.5,0.0
88.5,178.5,0.0
89.5,178.5,0.0
90.5,178.5,0.0
91.5,178.5,0.0
92.5,178.5,0.0
93.5,178.5,0.0
94.5,178.5,0.0
95.5,178.5,0.0
96.5,178.5,0.0
97.5,178.5,0.0
98.5,178.5,0.0
99.5,178.5,0.0
100.5,178.5,0.0
101.5,178.5,0.0
102.5,178.5,0.0
103.5,178.5,0.0
104.5,178.5,0.0
105.5,178.5,0.0
106.5,178.5,0.0
107.5,178.5,0.0
108.5,178.5,0.0
109.5,178.5,0.0
110.5,178.5,0.0
111.5,178.5,0.0
112.5,178.5,0.0
113.5,178.5,0.0
114.5,178.5,0.0
115.5,178.5,0.0
116.5,178.5,0.0
117.5,178.5,0.0
118.5,178.5,0.0
119.5,178.5,0.0
120.5,178.5,0.0
121.5,178.5,0.0
122.5,178.5,0.0
123.5,178.5,0.0
124.5,178.5,0.0
125.5,178.5,0.0
126.5,178.5,0.0
127.5,178.5,0.0
128.5,178.5,0.0
129.5,178.5,0.0
130.5,178.5,0.0
131.5,178.5,0.0
132.5,178.5,0.0
133.5,178.5,0.0
134.5,178.5,0.0
135.5,178.5,0.0
136.5,178.5,0.0
137.5,178.5,0.0
138.5,178.5,0.0
139.5,178.5,0.0
140.5,178.5,0.0
141.5,178.5,0.0
142.5,178.5,0.0
143.5,178.5,0.0
144.5,178.5,0.0
145.5,178.5,0.0
146.5,178.5,0.0
147.5,178.5,0.0
148.5,178.5,0.0
149.5,178.5,0.0
150.5,178.5,0.0
151.5,178.5,0.0
152.5,178.5,0.0
153.5,178.5,0.0
154.5,178.5,0.0
155.5,178.5,0.0
156.5,178.5,0.0
157.5,178.5,0.0
158.5,178.5,0.0
159.5,178.5,0.0
160.5,178.5,0.0
161.5,178.5,0.0
162.5,178.5,0.0
163.5,178.5,0.0
164.5,178.5,0.0
165.5,178.5,0.0
166.5,178.5,0.0
167.5,178.5,0.0
168.5,178.5,0.0
169.5,178.5,0.0
170.5,178.5,0.0
171.5,178.5,0.0
172.5,178.5,0.0
173.5,178.5,0.0
174.5,178.5,0.0
175.5,178.5,0.0
176.5,178.5,0.0
177.5,178.5,0.0
178.5,178.5,0.0
179.5,178.5,0.0
180.5,178.5,0.0
181.5,178.5,0.0
182.5,178.5,0.0
183.5,178.5,0.0
184.5,178.5,0.0
185.5,178.5,0.0
186.5,178.5,0.0
187.5,178.5,0.0
188.5,178.5,0.0
189.5,178.5,0.0
190.5,178.5,0.0
191.5,178.5,0.0
192.5,178.5,0.0
193.5,178.5,0.0
194.5,178.5,0.0
195.5,178.5,0.0
196.5,178.5,0.0
197.5,178.5,0.0
198.5,178.5,0.0
199.5,178.5,0.0
0.5,179.5,0.0
1.5,179.5,0.0
2.5,179.5,0.0
3.5,179.5,0.0
4.5,179.5,0.0
5.5,179.5,0.0
6.5,179.5,0.0
7.5,179.5,0.0
8.5,179.5,0.0
9.5,179.5,0.0
10.5,179.5,0.0
11.5,179.5,0.0
12.5,179.5,0.0
13.5,179.5,0.0
14.5,179.5,0.0
15.5,179.5,0.0
16.5,179.5,0.0
17.5,179.5,0.0
18.5,179.5,0.0
19.5,179.5,0.0
20.5,179.5,0.0
21.5,179.5,0.0
22.5,179.5,0.0
23.5,179.5,0.0
24.5,179.5,0.0
25.5,179.5,0.0
26.5,179.5,0.0
27.5,179.5,0.0
28.5,179.5,0.0
29.5,179.5,0.0
30.5,179.5,0.0
31.5,179.5,0.0
32.5,179.5,0.0
33.5,179.5,0.0
34.5,179.5,0.0
35.5,179.5,0.0
36.5,179.5,0.0
37.5,179.5,0.0
38.5,179.5,0.0
39.5,179.5,0.0
40.5,179.5,0.0
41.5,179.5,0.0
42.5,179.5,0.0
43.5,179.5,0.0
44.5,179.5,0.0
45.5,179.5,0.0
46.5,179.5,0.0
47.5,179.5,0.0
48.5,179.5,0.0
49.5,179.5,0.0
50.5,179.5,0.0
51.5,179.5,0.0
52.5,179.5,0.0
53.5,179.5,0.0
54.5,179.5,0.0
55.5,179.5,0.0
56.5,179.5,0.0
57.5,179.5,0.0
58.5,179.5,0.0
59.5,179.5,0.0
60.5,179.5,0.0
61.5,179.5,0.0
62.5,179.5,0.0
63.5,179.5,0.0
64.5,179.5,0.0
65.5,179.5,0.0
66.5,179.5,0.0
67.5,179.5,0.0
68.5,179.5,0.0
69.5,179.5,0.0
70.5,179.5,0.0
71.5,179.5,0.0
72.5,179.5,0.0
73.5,179.5,0.0
74.5,179.5,0.0
75.5,179.5,0.0
76.5,179.5,0.0
77.5,179.5,0.0
78.5,179.5,0.0
79.5,179.5,0.0
80.5,179.5,0.0
81.5,179.5,0.0
82.5,179.5,0.0
83.5,179.5,0.0
84.5,179.5,0.0
85.5,179.5,0.0
86.5,179.5,0.0
87.5,179.5,0.0
88.5,179.5,0.0
89.5,179.5,0.0
90.5,179.5,0.0
91.5,179.5,0.0
92.5,179.5,0.0
93.5,179.5,0.0
94.5,179.5,0.0
95.5,179.5,0.0
96.5,179.5,0.0
97.5,179.5,0.0
98.5,179.5,0.0
99.5,179.5,0.0
100.5,179.5,0.0
101.5,179.5,0.0
102.5,179.5,0.0
103.5,179.5,0.0
104.5,179.5,0.0
105.5,179.5,0.0
106.5,179.5,0.0
107.5,179.5,0.0
108.5,179.5,0.0
109.5,179.5,0.0
110.5,179.5,0.0
111.5,179.5,0.0
112.5,179.5,0.0
113.5,179.5,0.0
114.5,179.5,0.0
115.5,179.5,0.0
116.5,179.5,0.0
117.5,179.5,0.0
118.5,179.5,0.0
119.5,179.5,0.0
120.5,179.5,0.0
121.5,179.5,0.0
122.5,179.5,0.0
123.5,179.5,0.0
124.5,179.5,0.0
125.5,179.5,0.0
126.5,179.5,0.0
127.5,179.5,0.0
128.5,179.5,0.0
129.5,179.5,0.0
130.5,179.5,0.0
131.5,179.5,0.0
132.5,179.5,0.0
133.5,179.5,0.0
134.5,179.5,0.0
135.5,179.5,0.0
136.5,179.5,0.0
137.5,179.5,0.0
138.5,179.5,0.0
139.5,179.5,0.0
140.5,179.5,0.0
141.5,179.5,0.0
142.5,179.5,0.0
143.5,179.5,0.0
144.5,179.5,0.0
145.5,179.5,0.0
146.5,179.5,0.0
147.5,179.5,0.0
148.5,179.5,0.0
149.5,179.5,0.0
150.5,179.5,0.0
151.5,179.5,0.0
152.5,179.5,0.0
153.5,179.5,0.0
154.5,179.5,0.0
155.5,179.5,0.0
156.5,179.5,0.0
157.5,179.5,0.0
158.5,179.5,0.0
159.5,179.5,0.0
160.5,179.5,0.0
161.5,179.5,0.0
162.5,179.5,0.0
163.5,179.5,0.0
164.5,179.5,0.0
165.5,179.5,0.0
166.5,179.5,0.0
167.5,179.5,0.0
168.5,179.5,0.0
169.5,179.5,0.0
170.5,179.5,0.0
171.5,179.5,0.0
172.5,179.5,0.0
173.5,179.5,0.0
174.5,179.5,0.0
175.5,179.5,0.0
176.5,179.5,0.0
177.5,179.5,0.0
178.5,179.5,0.0
179.5,179.5,0.0
180.5,179.5,0.0
181.5,179.5,0.0
182.5,179.5,0.0
183.5,179.5,0.0
184.5,179.5,0.0
185.5,179.5,0.0
186.5,179.5,0.0
187.5,179.5,0.0
188.5,179.5,0.0
189.5,179.5,0.0
190.5,179.5,0.0
191.5,179.5,0.0
192.5,179.5,0.0
193.5,179.5,0.0
194.5,179.5,0.0
195.5,179.5,0.0
196.5,179.5,0.0
197.5,179.5,0.0
198.5,179.5,0.0
199.5,179.5,0.0
0.5,180.5,0.0
1.5,180.5,0.0
2.5,180.5,0.0
3.5,180.5,0.0
4.5,180.5,0.0
5.5,180.5,0.0
6.5,180.5,0.0
7.5,180.5,0.0
8.5,180.5,0.0
9.5,180.5,0.0
10.5,180.5,0.0
11.5,180.5,0.0
12.5,180.5,0.0
13.5,180.5,0.0
14.5,180.5,0.0
15.5,180.5,0.0
16.5,180.5,0.0
17.5,180.5,0.0
18.5,180.5,0.0
19.5,180.5,0.0
20.5,180.5,0.0
21.5,180.5,0.0
22.5,180.5,0.0
23.5,180.5,0.0
24.5,180.5,0.0
25.5,180.5,0.0
26.5,180.5,0.0
27.5,180.5,0.0
28.5,180.5,0.0
29.5,180.5,0.0
30.5,180.5,0.0
31.5,180.5,0.0
32.5,180.5,0.0
33.5,180.5,0.0
34.5,180.5,0.0
35.5,180.5,0.0
36.5,180.5,0.0
37.5,180.5,0.0
38.5,180.5,0.0
39.5,180.5,0.0
40.5,180.5,0.0
41.5,180.5,0.0
42.5,180.5,0.0
43.5,180.5,0.0
44.5,180.5,0.0
45.5,180.5,0.0
46.5,180.5,0.0
47.5,180.5,0.0
48.5,180.5,0.0
49.5,180.5,0.0
50.5,180.5,0.0
51.5,180.5,0.0
52.5,180.5,0.0
53.5,180.5,0.0
54.5,180.5,0.0
55.5,180.5,0.0
56.5,180.5,0.0
57.5,180.5,0.0
58.5,180.5,0.0
59.5,180.5,0.0
60.5,180.5,0.0
61.5,180.5,0.0
62.5,180.5,0.0
63.5,180.5,0.0
64.5,180.5,0.0
65.5,180.5,0.0
66.5,180.5,0.0
67.5,180.5,0.0
68.5,180.5,0.0
69.5,180.5,0.0
70.5,180.5,0.0
71.5,180.5,0.0
72.5,180.5,0.0
73.5,180.5,0.0
74.5,180.5,0.0
75.5,180.5,0.0
76.5,180.5,0.0
77.5,180.5,0.0
78.5,180.5,0.0
79.5,180.5,0.0
80.5,180.5,0.0
81.5,180.5,0.0
82.5,180.5,0.0
83.5,180.5,0.0
84.5,180.5,0.0
85.5,180.5,0.0
86.5,180.5,0.0
87.5,180.5,0.0
88.5,180.5,0.0
89.5,180.5,0.0
90.5,180.5,0.0
91.5,180.5,0.0
92.5,180.5,0.0
93.5,180.5,0.0
94.5,180.5,0.0
95.5,180.5,0.0
96.5,180.5,0.0
97.5,180.5,0.0
98.5,180.5,0.0
99.5,180.5,0.0
100.5,180.5,0.0
101.5,180.5,0.0
102.5,180.5,0.0
103.5,180.5,0.0
104.5,180.5,0.0
105.5,180.5,0.0
106.5,180.5,0.0
107.5,180.5,0.0
108.5,180.5,0.0
109.5,180.5,0.0
110.5,180.5,0.0
111.5,180.5,0.0
112.5,180.5,0.0
113.5,180.5,0.0
114.5,180.5,0.0
115.5,180.5,0.0
116.5,180.5,0.0
117.5,180.5,0.0
118.5,180.5,0.0
119.5,180.5,0.0
120.5,180.5,0.0
121.5,180.5,0.0
122.5,180.5,0.0
123.5,180.5,0.0
124.5,180.5,0.0
125.5,180.5,0.0
126.5,180.5,0.0
127.5,180.5,0.0
128.5,180.5,0.0
129.5,180.5,0.0
130.5,180.5,0.0
131.5,180.5,0.0
132.5,180.5,0.0
133.5,180.5,0.0
134.5,180.5,0.0
135.5,180.5,0.0
136.5,180.5,0.0
137.5,180.5,0.0
138.5,180.5,0.0
139.5,180.5,0.0
140.5,180.5,0.0
141.5,180.5,0.0
142.5,180.5,0.0
143.5,180.5,0.0
144.5,180.5,0.0
145.5,180.5,0.0
146.5,180.5,0.0
147.5,180.5,0.0
148.5,180.5,0.0
149.5,180.5,0.0
150.5,180.5,0.0
151.5,180.5,0.0
152.5,180.5,0.0
153.5,180.5,0.0
154.5,180.5,0.0
155.5,180.5,0.0
156.5,180.5,0.0
157.5,180.5,0.0
158.5,180.5,0.0
159.5,180.5,0.0
160.5,180.5,0.0
161.5,180.5,0.0
162.5,180.5,0.0
163.5,180.5,0.0
164.5,180.5,0.0
165.5,180.5,0.0
166.5,180.5,0.0
167.5,180.5,0.0
168.5,180.5,0.0
169.5,180.5,0.0
170.5,180.5,0.0
171.5,180.5,0.0
172.5,180.5,0.0
173.5,180.5,0.0
174.5,180.5,0.0
175.5,180.5,0.0
176.5,180.5,0.0
177.5,180.5,0.0
178.5,180.5,0.0
179.5,180.5,0.0
180.5,180.5,0.0
181.5,180.5,0.0
182.5,180.5,0.0
183.5,180.5,0.0
184.5,180.5,0.0
185.5,180.5,0.0
186.5,180.5,0.0
187.5,180.5,0.0
188.5,180.5,0.0
189.5,180.5,0.0
190.5,180.5,0.0
191.5,180.5,0.0
192.5,180.5,0.0
193.5,180.5,0.0
194.5,180.5,0.0
195.5,180.5,0.0
196.5,180.5,0.0
197.5,180.5,0.0
198.5,180.5,0.0
199.5,180.5,0.0
0.5,181.5,0.0
1.5,181.5,0.0
2.5,181.5,0.0
3.5,181.5,0.0
4.5,181.5,0.0
5.5,181.5,0.0
6.5,181.5,0.0
7.5,181.5,0.0
8.5,181.5,0.0
9.5,181.5,0.0
10.5,181.5,0.0
11.5,181.5,0.0
12.5,181.5,0.0
13.5,181.5,0.0
14.5,181.5,0.0
15.5,181.5,0.0
16.5,181.5,0.0
17.5,181.5,0.0
18.5,181.5,0.0
19.5,181.5,0.0
20.5,181.5,0.0
21.5,181.5,0.0
22.5,181.5,0.0
23.5,181.5,0.0
24.5,181.5,0.0
25.5,181.5,0.0
26.5,181.5,0.0
27.5,181.5,0.0
28.5,181.5,0.0
29.5,181.5,0.0
30.5,181.5,0.0
31.5,181.5,0.0
32.5,181.5,0.0
33.5,181.5,0.0
34.5,181.5,0.0
35.5,181.5,0.0
36.5,181.5,0.0
37.5,181.5,0.0
38.5,181.5,0.0
39.5,181.5,0.0
40.5,181.5,0.0
41.5,181.5,0.0
42.5,181.5,0.0
43.5,181.5,0.0
44.5,181.5,0.0
45.5,181.5,0.0
46.5,181.5,0.0
47.5,181.5,0.0
48.5,181.5,0.0
49.5,181.5,0.0
50.5,181.5,0.0
51.5,181.5,0.0
52.5,181.5,0.0
53.5,181.5,0.0
54.5,181.5,0.0
55.5,181.5,0.0
56.5,181.5,0.0
57.5,181.5,0.0
58.5,181.5,0.0
59.5,181.5,0.0
60.5,181.5,0.0
61.5,181.5,0.0
62.5,181.5,0.0
63.5,181.5,0.0
64.5,181.5,0.0
65.5,181.5,0.0
66.5,181.5,0.0
67.5,181.5,0.0
68.5,181.5,0.0
69.5,181.5,0.0
70.5,181.5,0.0
71.5,181.5,0.0
72.5,181.5,0.0
73.5,181.5,0.0
74.5,181.5,0.0
75.5,181.5,0.0
76.5,181.5,0.0
77.5,181.5,0.0
78.5,181.5,0.0
79.5,181.5,0.0
80.5,181.5,0.0
81.5,181.5,0.0
82.5,181.5,0.0
83.5,181.5,0.0
84.5,181.5,0.0
85.5,181.5,0.0
86.5,181.5,0.0
87.5,181.5,0.0
88.5,181.5,0.0
89.5,181.5,0.0
90.5,181.5,0.0
91.5,181.5,0.0
92.5,181.5,0.0
93.5,181.5,0.0
94.5,181.5,0.0
95.5,181.5,0.0
96.5,181.5,0.0
97.5,181.5,0.0
98.5,181.5,0.0
99.5,181.5,0.0
100.5,181.5,0.0
101.5,181.5,0.0
102.5,181.5,0.0
103.5,181.5,0.0
104.5,181.5,0.0
105.5,181.5,0.0
106.5,181.5,0.0
107.5,181.5,0.0
108.5,181.5,0.0
109.5,181.5,0.0
110.5,181.5,0.0
111.5,181.5,0.0
112.5,181.5,0.0
113.5,181.5,0.0
114.5,181.5,0.0
115.5,181.5,0.0
116.5,181.5,0.0
117.5,181.5,0.0
118.5,181.5,0.0
119.5,181.5,0.0
120.5,181.5,0.0
121.5,181.5,0.0
122.5,181.5,0.0
123.5,181.5,0.0
124.5,181.5,0.0
125.5,181.5,0.0
126.5,181.5,0.0
127.5,181.5,0.0
128.5,181.5,0.0
129.5,181.5,0.0
130.5,181.5,0.0
131.5,181.5,0.0
132.5,181.5,0.0
133.5,181.5,0.0
134.5,181.5,0.0
135.5,181.5,0.0
136.5,181.5,0.0
137.5,181.5,0.0
138.5,181.5,0.0
139.5,181.5,0.0
140.5,181.5,0.0
141.5,181.5,0.0
142.5,181.5,0.0
143.5,181.5,0.0
144.5,181.5,0.0
145.5,181.5,0.0
146.5,181.5,0.0
147.5,181.5,0.0
148.5,181.5,0.0
149.5,181.5,0.0
150.5,181.5,0.0
151.5,181.5,0.0
152.5,181.5,0.0
153.5,181.5,0.0
154.5,181.5,0.0
155.5,181.5,0.0
156.5,181.5,0.0
157.5,181.5,0.0
158.5,181.5,0.0
159.5,181.5,0.0
160.5,181.5,0.0
161.5,181.5,0.0
162.5,181.5,0.0
163.5,181.5,0.0
164.5,181.5,0.0
165.5,181.5,0.0
166.5,181.5,0.0
167.5,181.5,0.0
168.5,181.5,0.0
169.5,181.5,0.0
170.5,181.5,0.0
171.5,181.5,0.0
172.5,181.5,0.0
173.5,181.5,0.0
174.5,181.5,0.0
175.5,181.5,0.0
176.5,181.5,0.0
177.5,181.5,0.0
178.5,181.5,0.0
179.5,181.5,0.0
180.5,181.5,0.0
181.5,181.5,0.0
182.5,181.5,0.0
183.5,181.5,0.0
184.5,181.5,0.0
185.5,181.5,0.0
186.5,181.5,0.0
187.5,181.5,0.0
188.5,181.5,0.0
189.5,181.5,0.0
190.5,181.5,0.0
191.5,181.5,0.0
192.5,181.5,0.0
193.5,181.5,0.0
194.5,181.5,0.0
195.5,181.5,0.0
196.5,181.5,0.0
197.5,181.5,0.0
198.5,181.5,0.0
199.5,181.5,0.0
0.5,182.5,0.0
1.5,182.5,0.0
2.5,182.5,0.0
3.5,182.5,0.0
4.5,182.5,0.0
5.5,182.5,0.0
6.5,182.5,0.0
7.5,182.5,0.0
8.5,182.5,0.0
9.5,182.5,0.0
10.5,182.5,0.0
11.5,182.5,0.0
12.5,182.5,0.0
13.5,182.5,0.0
14.5,182.5,0.0
15.5,182.5,0.0
16.5,182.5,0.0
17.5,182.5,0.0
18.5,182.5,0.0
19.5,182.5,0.0
20.5,182.5,0.0
21.5,182.5,0.0
22.5,182.5,0.0
23.5,182.5,0.0
24.5,182.5,0.0
25.5,182.5,0.0
26.5,182.5,0.0
27.5,182.5,0.0
28.5,182.5,0.0
29.5,182.5,0.0
30.5,182.5,0.0
31.5,182.5,0.0
32.5,182.5,0.0
33.5,182.5,0.0
34.5,182.5,0.0
35.5,182.5,0.0
36.5,182.5,0.0
37.5,182.5,0.0
38.5,182.5,0.0
39.5,182.5,0.0
40.5,182.5,0.0
41.5,182.5,0.0
42.5,182.5,0.0
43.5,182.5,0.0
44.5,182.5,0.0
45.5,182.5,0.0
46.5,182.5,0.0
47.5,182.5,0.0
48.5,182.5,0.0
49.5,182.5,0.0
50.5,182.5,0.0
51.5,182.5,0.0
52.5,182.5,0.0
53.5,182.5,0.0
54.5,182.5,0.0
55.5,182.5,0.0
56.5,182.5,0.0
57.5,182.5,0.0
58.5,182.5,0.0
59.5,182.5,0.0
60.5,182.5,0.0
61.5,182.5,0.0
62.5,182.5,0.0
63.5,182.5,0.0
64.5,182.5,0.0
65.5,182.5,0.0
66.5,182.5,0.0
67.5,182.5,0.0
68.5,182.5,0.0
69.5,182.5,0.0
70.5,182.5,0.0
71.5,182.5,0.0
72.5,182.5,0.0
73.5,182.5,0.0
74.5,182.5,0.0
75.5,182.5,0.0
76.5,182.5,0.0
77.5,182.5,0.0
78.5,182.5,0.0
79.5,182.5,0.0
80.5,182.5,0.0
81.5,182.5,0.0
82.5,182.5,0.0
83.5,182.5,0.0
84.5,182.5,0.0
85.5,182.5,0.0
86.5,182.5,0.0
87.5,182.5,0.0
88.5,182.5,0.0
89.5,182.5,0.0
90.5,182.5,0.0
91.5,182.5,0.0
92.5,182.5,0.0
93.5,182.5,0.0
94.5,182.5,0.0
95.5,182.5,0.0
96.5,182.5,0.0
97.5,182.5,0.0
98.5,182.5,0.0
99.5,182.5,0.0
100.5,182.5,0.0
101.5,182.5,0.0
102.5,182.5,0.0
103.5,182.5,0.0
104.5,182.5,0.0
105.5,182.5,0.0
106.5,182.5,0.0
107.5,182.5,0.0
108.5,182.5,0.0
109.5,182.5,0.0
110.5,182.5,0.0
111.5,182.5,0.0
112.5,182.5,0.0
113.5,182.5,0.0
114.5,182.5,0.0
115.5,182.5,0.0
116.5,182.5,0.0
117.5,182.5,0.0
118.5,182.5,0.0
119.5,182.5,0.0
120.5,182.5,0.0
121.5,182.5,0.0
122.5,182.5,0.0
123.5,182.5,0.0
124.5,182.5,0.0
125.5,182.5,0.0
126.5,182.5,0.0
127.5,182.5,0.0
128.5,182.5,0.0
129.5,182.5,0.0
130.5,182.5,0.0
131.5,182.5,0.0
132.5,182.5,0.0
133.5,182.5,0.0
134.5,182.5,0.0
135.5,182.5,0.0
136.5,182.5,0.0
137.5,182.5,0.0
138.5,182.5,0.0
139.5,182.5,0.0
140.5,182.5,0.0
141.5,182.5,0.0
142.5,182.5,0.0
143.5,182.5,0.0
144.5,182.5,0.0
145.5,182.5,0.0
146.5,182.5,0.0
147.5,182.5,0.0
148.5,182.5,0.0
149.5,182.5,0.0
150.5,182.5,0.0
151.5,182.5,0.0
152.5,182.5,0.0
153.5,182.5,0.0
154.5,182.5,0.0
155.5,182.5,0.0
156.5,182.5,0.0
157.5,182.5,0.0
158.5,182.5,0.0
159.5,182.5,0.0
160.5,182.5,0.0
161.5,182.5,0.0
162.5,182.5,0.0
163.5,182.5,0.0
164.5,182.5,0.0
165.5,182.5,0.0
166.5,182.5,0.0
167.5,182.5,0.0
168.5,182.5,0.0
169.5,182.5,0.0
170.5,182.5,0.0
171.5,182.5,0.0
172.5,182.5,0.0
173.5,182.5,0.0
174.5,182.5,0.0
175.5,182.5,0.0
176.5,182.5,0.0
177.5,182.5,0.0
178.5,182.5,0.0
179.5,182.5,0.0
180.5,182.5,0.0
181.5,182.5,0.0
182.5,182.5,0.0
183.5,182.5,0.0
184.5,182.5,0.0
185.5,182.5,0.0
186.5,182.5,0.0
187.5,182.5,0.0
188.5,182.5,0.0
189.5,182.5,0.0
190.5,182.5,0.0
191.5,182.5,0.0
192.5,182.5,0.0
193.5,182.5,0.0
194.5,182.5,0.0
195.5,182.5,0.0
196.5,182.5,0.0
197.5,182.5,0.0
198.5,182.5,0.0
199.5,182.5,0.0
0.5,183.5,0.0
1.5,183.5,0.0
2.5,183.5,0.0
3.5,183.5,0.0
4.5,183.5,0.0
5.5,183.5,0.0
6.5,183.5,0.0
7.5,183.5,0.0
8.5,183.5,0.0
9.5,183.5,0.0
10.5,183.5,0.0
11.5,183.5,0.0
12.5,183.5,0.0
13.5,183.5,0.0
14.5,183.5,0.0
15.5,183.5,0.0
16.5,183.5,0.0
17.5,183.5,0.0
18.5,183.5,0.0
19.5,183.5,0.0
20.5,183.5,0.0
21.5,183.5,0.0
22.5,183.5,0.0
23.5,183.5,0.0
24.5,183.5,0.0
25.5,183.5,0.0
26.5,183.5,0.0
27.5,183.5,0.0
28.5,183.5,0.0
29.5,183.5,0.0
30.5,183.5,0.0
31.5,183.5,0.0
32.5,183.5,0.0
33.5,183.5,0.0
34.5,183.5,0.0
35.5,183.5,0.0
36.5,183.5,0.0
37.5,183.5,0.0
38.5,183.5,0.0
39.5,183.5,0.0
40.5,183.5,0.0
41.5,183.5,0.0
42.5,183.5,0.0
43.5,183.5,0.0
44.5,183.5,0.0
45.5,183.5,0.0
46.5,183.5,0.0
47.5,183.5,0.0
48.5,183.5,0.0
49.5,183.5,0.0
50.5,183.5,0.0
51.5,183.5,0.0
52.5,183.5,0.0
53.5,183.5,0.0
54.5,183.5,0.0
55.5,183.5,0.0
56.5,183.5,0.0
57.5,183.5,0.0
58.5,183.5,0.0
59.5,183.5,0.0
60.5,183.5,0.0
61.5,183.5,0.0
62.5,183.5,0.0
63.5,183.5,0.0
64.5,183.5,0.0
65.5,183.5,0.0
66.5,183.5,0.0
67.5,183.5,0.0
68.5,183.5,0.0
69.5,183.5,0.0
70.5,183.5,0.0
71.5,183.5,0.0
72.5,183.5,0.0
73.5,183.5,0.0
74.5,183.5,0.0
75.5,183.5,0.0
76.5,183.5,0.0
77.5,183.5,0.0
78.5,183.5,0.0
79.5,183.5,0.0
80.5,183.5,0.0
81.5,183.5,0.0
82.5,183.5,0.0
83.5,183.5,0.0
84.5,183.5,0.0
85.5,183.5,0.0
86.5,183.5,0.0
87.5,183.5,0.0
88.5,183.5,0.0
89.5,183.5,0.0
90.5,183.5,0.0
91.5,183.5,0.0
92.5,183.5,0.0
93.5,183.5,0.0
94.5,183.5,0.0
95.5,183.5,0.0
96.5,183.5,0.0
97.5,183.5,0.0
98.5,183.5,0.0
99.5,183.5,0.0
100.5,183.5,0.0
101.5,183.5,0.0
102.5,183.5,0.0
103.5,183.5,0.0
104.5,183.5,0.0
105.5,183.5,0.0
106.5,183.5,0.0
107.5,183.5,0.0
108.5,183.5,0.0
109.5,183.5,0.0
110.5,183.5,0.0
111.5,183.5,0.0
112.5,183.5,0.0
113.5,183.5,0.0
114.5,183.5,0.0
115.5,183.5,0.0
116.5,183.5,0.0
117.5,183.5,0.0
118.5,183.5,0.0
119.5,183.5,0.0
120.5,183.5,0.0
121.5,183.5,0.0
122.5,183.5,0.0
123.5,183.5,0.0
124.5,183.5,0.0
125.5,183.5,0.0
126.5,183.5,0.0
127.5,183.5,0.0
128.5,183.5,0.0
129.5,183.5,0.0
130.5,183.5,0.0
131.5,183.5,0.0
132.5,183.5,0.0
133.5,183.5,0.0
134.5,183.5,0.0
135.5,183.5,0.0
136.5,183.5,0.0
137.5,183.5,0.0
138.5,183.5,0.0
139.5,183.5,0.0
140.5,183.5,0.0
141.5,183.5,0.0
142.5,183.5,0.0
143.5,183.5,0.0
144.5,183.5,0.0
145.5,183.5,0.0
146.5,183.5,0.0
147.5,183.5,0.0
148.5,183.5,0.0
149.5,183.5,0.0
150.5,183.5,0.0
151.5,183.5,0.0
152.5,183.5,0.0
153.5,183.5,0.0
154.5,183.5,0.0
155.5,183.5,0.0
156.5,183.5,0.0
157.5,183.5,0.0
158.5,183.5,0.0
159.5,183.5,0.0
160.5,183.5,0.0
161.5,183.5,0.0
162.5,183.5,0.0
163.5,183.5,0.0
164.5,183.5,0.0
165.5,183.5,0.0
166.5,183.5,0.0
167.5,183.5,0.0
168.5,183.5,0.0
169.5,183.5,0.0
170.5,183.5,0.0
171.5,183.5,0.0
172.5,183.5,0.0
173.5,183.5,0.0
174.5,183.5,0.0
175.5,183.5,0.0
176.5,183.5,0.0
177.5,183.5,0.0
178.5,183.5,0.0
179.5,183.5,0.0
180.5,183.5,0.0
181.5,183.5,0.0
182.5,183.5,0.0
183.5,183.5,0.0
184.5,183.5,0.0
185.5,183.5,0.0
186.5,183.5,0.0
187.5,183.5,0.0
188.5,183.5,0.0
189.5,183.5,0.0
190.5,183.5,0.0
191.5,183.5,0.0
192.5,183.5,0.0
193.5,183.5,0.0
194.5,183.5,0.0
195.5,183.5,0.0
196.5,183.5,0.0
197.5,183.5,0.0
198.5,183.5,0.0
199.5,183.5,0.0
0.5,184.5,0.0
1.5,184.5,0.0
2.5,184.5,0.0
3.5,184.5,0.0
4.5,184.5,0.0
5.5,184.5,0.0
6.5,184.5,0.0
7.5,184.5,0.0
8.5,184.5,0.0
9.5,184.5,0.0
10.5,184.5,0.0
11.5,184.5,0.0
12.5,184.5,0.0
13.5,184.5,0.0
14.5,184.5,0.0
15.5,184.5,0.0
16.5,184.5,0.0
17.5,184.5,0.0
18.5,184.5,0.0
19.5,184.5,0.0
20.5,184.5,0.0
21.5,184.5,0.0
22.5,184.5,0.0
23.5,184.5,0.0
24.5,184.5,0.0
25.5,184.5,0.0
26.5,184.5,0.0
27.5,184.5,0.0
28.5,184.5,0.0
29.5,184.5,0.0
30.5,184.5,0.0
31.5,184.5,0.0
32.5,184.5,0.0
33.5,184.5,0.0
34.5,184.5,0.0
35.5,184.5,0.0
36.5,184.5,0.0
37.5,184.5,0.0
38.5,184.5,0.0
39.5,184.5,0.0
40.5,184.5,0.0
41.5,184.5,0.0
42.5,184.5,0.0
43.5,184.5,0.0
44.5,184.5,0.0
45.5,184.5,0.0
46.5,184.5,0.0
47.5,184.5,0.0
48.5,184.5,0.0
49.5,184.5,0.0
50.5,184.5,0.0
51.5,184.5,0.0
52.5,184.5,0.0
53.5,184.5,0.0
54.5,184.5,0.0
55.5,184.5,0.0
56.5,184.5,0.0
57.5,184.5,0.0
58.5,184.5,0.0
59.5,184.5,0.0
60.5,184.5,0.0
61.5,184.5,0.0
62.5,184.5,0.0
63.5,184.5,0.0
64.5,184.5,0.0
65.5,184.5,0.0
66.5,184.5,0.0
67.5,184.5,0.0
68.5,184.5,0.0
69.5,184.5,0.0
70.5,184.5,0.0
71.5,184.5,0.0
72.5,184.5,0.0
73.5,184.5,0.0
74.5,184.5,0.0
75.5,184.5,0.0
76.5,184.5,0.0
77.5,184.5,0.0
78.5,184.5,0.0
79.5,184.5,0.0
80.5,184.5,0.0
81.5,184.5,0.0
82.5,184.5,0.0
83.5,184.5,0.0
84.5,184.5,0.0
85.5,184.5,0.0
86.5,184.5,0.0
87.5,184.5,0.0
88.5,184.5,0.0
89.5,184.5,0.0
90.5,184.5,0.0
91.5,184.5,0.0
92.5,184.5,0.0
93.5,184.5,0.0
94.5,184.5,0.0
95.5,184.5,0.0
96.5,184.5,0.0
97.5,184.5,0.0
98.5,184.5,0.0
99.5,184.5,0.0
100.5,184.5,0.0
101.5,184.5,0.0
102.5,184.5,0.0
103.5,184.5,0.0
104.5,184.5,0.0
105.5,184.5,0.0
106.5,184.5,0.0
107.5,184.5,0.0
108.5,184.5,0.0
109.5,184.5,0.0
110.5,184.5,0.0
111.5,184.5,0.0
112.5,184.5,0.0
113.5,184.5,0.0
114.5,184.5,0.0
115.5,184.5,0.0
116.5,184.5,0.0
117.5,184.5,0.0
118.5,184.5,0.0
119.5,184.5,0.0
120.5,184.5,0.0
121.5,184.5,0.0
122.5,184.5,0.0
123.5,184.5,0.0
124.5,184.5,0.0
125.5,184.5,0.0
126.5,184.5,0.0
127.5,184.5,0.0
128.5,184.5,0.0
129.5,184.5,0.0
130.5,184.5,0.0
131.5,184.5,0.0
132.5,184.5,0.0
133.5,184.5,0.0
134.5,184.5,0.0
135.5,184.5,0.0
136.5,184.5,0.0
137.5,184.5,0.0
138.5,184.5,0.0
139.5,184.5,0.0
140.5,184.5,0.0
141.5,184.5,0.0
142.5,184.5,0.0
143.5,184.5,0.0
144.5,184.5,0.0
145.5,184.5,0.0
146.5,184.5,0.0
147.5,184.5,0.0
148.5,184.5,0.0
149.5,184.5,0.0
150.5,184.5,0.0
151.5,184.5,0.0
152.5,184.5,0.0
153.5,184.5,0.0
154.5,184.5,0.0
155.5,184.5,0.0
156.5,184.5,0.0
157.5,184.5,0.0
158.5,184.5,0.0
159.5,184.5,0.0
160.5,184.5,0.0
161.5,184.5,0.0
162.5,184.5,0.0
163.5,184.5,0.0
164.5,184.5,0.0
165.5,184.5,0.0
166.5,184.5,0.0
167.5,184.5,0.0
168.5,184.5,0.0
169.5,184.5,0.0
170.5,184.5,0.0
171.5,184.5,0.0
172.5,184.5,0.0
173.5,184.5,0.0
174.5,184.5,0.0
175.5,184.5,0.0
176.5,184.5,0.0
177.5,184.5,0.0
178.5,184.5,0.0
179.5,184.5,0.0
180.5,184.5,0.0
181.5,184.5,0.0
182.5,184.5,0.0
183.5,184.5,0.0
184.5,184.5,0.0
185.5,184.5,0.0
186.5,184.5,0.0
187.5,184.5,0.0
188.5,184.5,0.0
189.5,184.5,0.0
190.5,184.5,0.0
191.5,184.5,0.0
192.5,184.5,0.0
193.5,184.5,0.0
194.5,184.5,0.0
195.5,184.5,0.0
196.5,184.5,0.0
197.5,184.5,0.0
198.5,184.5,0.0
199.5,184.5,0.0
0.5,185.5,0.0
1.5,185.5,0.0
2.5,185.5,0.0
3.5,185.5,0.0
4.5,185.5,0.0
5.5,185.5,0.0
6.5,185.5,0.0
7.5,185.5,0.0
8.5,185.5,0.0
9.5,185.5,0.0
10.5,185.5,0.0
11.5,185.5,0.0
12.5,185.5,0.0
13.5,185.5,0.0
14.5,185.5,0.0
15.5,185.5,0.0
16.5,185.5,0.0
17.5,185.5,0.0
18.5,185.5,0.0
19.5,185.5,0.0
20.5,185.5,0.0
21.5,185.5,0.0
22.5,185.5,0.0
23.5,185.5,0.0
24.5,185.5,0.0
25.5,185.5,0.0
26.5,185.5,0.0
27.5,185.5,0.0
28.5,185.5,0.0
29.5,185.5,0.0
30.5,185.5,0.0
31.5,185.5,0.0
32.5,185.5,0.0
33.5,185.5,0.0
34.5,185.5,0.0
35.5,185.5,0.0
36.5,185.5,0.0
37.5,185.5,0.0
38.5,185.5,0.0
39.5,185.5,0.0
40.5,185.5,0.0
41.5,185.5,0.0
42.5,185.5,0.0
43.5,185.5,0.0
44.5,185.5,0.0
45.5,185.5,0.0
46.5,185.5,0.0
47.5,185.5,0.0
48.5,185.5,0.0
49.5,185.5,0.0
50.5,185.5,0.0
51.5,185.5,0.0
52.5,185.5,0.0
53.5,185.5,0.0
54.5,185.5,0.0
55.5,185.5,0.0
56.5,185.5,0.0
57.5,185.5,0.0
58.5,185.5,0.0
59.5,185.5,0.0
60.5,185.5,0.0
61.5,185.5,0.0
62.5,185.5,0.0
63.5,185.5,0.0
64.5,185.5,0.0
65.5,185.5,0.0
66.5,185.5,0.0
67.5,185.5,0.0
68.5,185.5,0.0
69.5,185.5,0.0
70.5,185.5,0.0
71.5,185.5,0.0
72.5,185.5,0.0
73.5,185.5,0.0
74.5,185.5,0.0
75.5,185.5,0.0
76.5,185.5,0.0
77.5,185.5,0.0
78.5,185.5,0.0
79.5,185.5,0.0
80.5,185.5,0.0
81.5,185.5,0.0
82.5,185.5,0.0
83.5,185.5,0.0
84.5,185.5,0.0
85.5,185.5,0.0
86.5,185.5,0.0
87.5,185.5,0.0
88.5,185.5,0.0
89.5,185.5,0.0
90.5,185.5,0.0
91.5,185.5,0.0
92.5,185.5,0.0
93.5,185.5,0.0
94.5,185.5,0.0
95.5,185.5,0.0
96.5,185.5,0.0
97.5,185.5,0.0
98.5,185.5,0.0
99.5,185.5,0.0
100.5,185.5,0.0
101.5,185.5,0.0
102.5,185.5,0.0
103.5,185.5,0.0
104.5,185.5,0.0
105.5,185.5,0.0
106.5,185.5,0.0
107.5,185.5,0.0
108.5,185.5,0.0
109.5,185.5,0.0
110.5,185.5,0.0
111.5,185.5,0.0
112.5,185.5,0.0
113.5,185.5,0.0
114.5,185.5,0.0
115.5,185.5,0.0
116.5,185.5,0.0
117.5,185.5,0.0
118.5,185.5,0.0
119.5,185.5,0.0
120.5,185.5,0.0
121.5,185.5,0.0
122.5,185.5,0.0
123.5,185.5,0.0
124.5,185.5,0.0
125.5,185.5,0.0
126.5,185.5,0.0
127.5,185.5,0.0
128.5,185.5,0.0
129.5,185.5,0.0
130.5,185.5,0.0
131.5,185.5,0.0
132.5,185.5,0.0
133.5,185.5,0.0
134.5,185.5,0.0
135.5,185.5,0.0
136.5,185.5,0.0
137.5,185.5,0.0
138.5,185.5,0.0
139.5,185.5,0.0
140.5,185.5,0.0
141.5,185.5,0.0
142.5,185.5,0.0
143.5,185.5,0.0
144.5,185.5,0.0
145.5,185.5,0.0
146.5,185.5,0.0
147.5,185.5,0.0
148.5,185.5,0.0
149.5,185.5,0.0
150.5,185.5,0.0
151.5,185.5,0.0
152.5,185.5,0.0
153.5,185.5,0.0
154.5,185.5,0.0
155.5,185.5,0.0
156.5,185.5,0.0
157.5,185.5,0.0
158.5,185.5,0.0
159.5,185.5,0.0
160.5,185.5,0.0
161.5,185.5,0.0
162.5,185.5,0.0
163.5,185.5,0.0
164.5,185.5,0.0
165.5,185.5,0.0
166.5,185.5,0.0
167.5,185.5,0.0
168.5,185.5,0.0
169.5,185.5,0.0
170.5,185.5,0.0
171.5,185.5,0.0
172.5,185.5,0.0
173.5,185.5,0.0
174.5,185.5,0.0
175.5,185.5,0.0
176.5,185.5,0.0
177.5,185.5,0.0
178.5,185.5,0.0
179.5,185.5,0.0
180.5,185.5,0.0
181.5,185.5,0.0
182.5,185.5,0.0
183.5,185.5,0.0
184.5,185.5,0.0
185.5,185.5,0.0
186.5,185.5,0.0
187.5,185.5,0.0
188.5,185.5,0.0
189.5,185.5,0.0
190.5,185.5,0.0
191.5,185.5,0.0
192.5,185.5,0.0
193.5,185.5,0.0
194.5,185.5,0.0
195.5,185.5,0.0
196.5,185.5,0.0
197.5,185.5,0.0
198.5,185.5,0.0
199.5,185.5,0.0
0.5,186.5,0.0
1.5,186.5,0.0
2.5,186.5,0.0
3.5,186.5,0.0
4.5,186.5,0.0
5.5,186.5,0.0
6.5,186.5,0.0
7.5,186.5,0.0
8.5,186.5,0.0
9.5,186.5,0.0
10.5,186.5,0.0
11.5,186.5,0.0
12.5,186.5,0.0
13.5,186.5,0.0
14.5,186.5,0.0
15.5,186.5,0.0
16.5,186.5,0.0
17.5,186.5,0.0
18.5,186.5,0.0
19.5,186.5,0.0
20.5,186.5,0.0
21.5,186.5,0.0
22.5,186.5,0.0
23.5,186.5,0.0
24.5,186.5,0.0
25.5,186.5,0.0
26.5,186.5,0.0
27.5,186.5,0.0
28.5,186.5,0.0
29.5,186.5,0.0
30.5,186.5,0.0
31.5,186.5,0.0
32.5,186.5,0.0
33.5,186.5,0.0
34.5,186.5,0.0
35.5,186.5,0.0
36.5,186.5,0.0
37.5,186.5,0.0
38.5,186.5,0.0
39.5,186.5,0.0
40.5,186.5,0.0
41.5,186.5,0.0
42.5,186.5,0.0
43.5,186.5,0.0
44.5,186.5,0.0
45.5,186.5,0.0
46.5,186.5,0.0
47.5,186.5,0.0
48.5,186.5,0.0
49.5,186.5,0.0
50.5,186.5,0.0
51.5,186.5,0.0
52.5,186.5,0.0
53.5,186.5,0.0
54.5,186.5,0.0
55.5,186.5,0.0
56.5,186.5,0.0
57.5,186.5,0.0
58.5,186.5,0.0
59.5,186.5,0.0
60.5,186.5,0.0
61.5,186.5,0.0
62.5,186.5,0.0
63.5,186.5,0.0
64.5,186.5,0.0
65.5,186.5,0.0
66.5,186.5,0.0
67.5,186.5,0.0
68.5,186.5,0.0
69.5,186.5,0.0
70.5,186.5,0.0
71.5,186.5,0.0
72.5,186.5,0.0
73.5,186.5,0.0
74.5,186.5,0.0
75.5,186.5,0.0
76.5,186.5,0.0
77.5,186.5,0.0
78.5,186.5,0.0
79.5,186.5,0.0
80.5,186.5,0.0
81.5,186.5,0.0
82.5,186.5,0.0
83.5,186.5,0.0
84.5,186.5,0.0
85.5,186.5,0.0
86.5,186.5,0.0
87.5,186.5,0.0
88.5,186.5,0.0
89.5,186.5,0.0
90.5,186.5,0.0
91.5,186.5,0.0
92.5,186.5,0.0
93.5,186.5,0.0
94.5,186.5,0.0
95.5,186.5,0.0
96.5,186.5,0.0
97.5,186.5,0.0
98.5,186.5,0.0
99.5,186.5,0.0
100.5,186.5,0.0
101.5,186.5,0.0
102.5,186.5,0.0
103.5,186.5,0.0
104.5,186.5,0.0
105.5,186.5,0.0
106.5,186.5,0.0
107.5,186.5,0.0
108.5,186.5,0.0
109.5,186.5,0.0
110.5,186.5,0.0
111.5,186.5,0.0
112.5,186.5,0.0
113.5,186.5,0.0
114.5,186.5,0.0
115.5,186.5,0.0
116.5,186.5,0.0
117.5,186.5,0.0
118.5,186.5,0.0
119.5,186.5,0.0
120.5,186.5,0.0
121.5,186.5,0.0
122.5,186.5,0.0
123.5,186.5,0.0
124.5,186.5,0.0
125.5,186.5,0.0
126.5,186.5,0.0
127.5,186.5,0.0
128.5,186.5,0.0
129.5,186.5,0.0
130.5,186.5,0.0
131.5,186.5,0.0
132.5,186.5,0.0
133.5,186.5,0.0
134.5,186.5,0.0
135.5,186.5,0.0
136.5,186.5,0.0
137.5,186.5,0.0
138.5,186.5,0.0
139.5,186.5,0.0
140.5,186.5,0.0
141.5,186.5,0.0
142.5,186.5,0.0
143.5,186.5,0.0
144.5,186.5,0.0
145.5,186.5,0.0
146.5,186.5,0.0
147.5,186.5,0.0
148.5,186.5,0.0
149.5,186.5,0.0
150.5,186.5,0.0
151.5,186.5,0.0
152.5,186.5,0.0
153.5,186.5,0.0
154.5,186.5,0.0
155.5,186.5,0.0
156.5,186.5,0.0
157.5,186.5,0.0
158.5,186.5,0.0
159.5,186.5,0.0
160.5,186.5,0.0
161.5,186.5,0.0
162.5,186.5,0.0
163.5,186.5,0.0
164.5,186.5,0.0
165.5,186.5,0.0
166.5,186.5,0.0
167.5,186.5,0.0
168.5,186.5,0.0
169.5,186.5,0.0
170.5,186.5,0.0
171.5,186.5,0.0
172.5,186.5,0.0
173.5,186.5,0.0
174.5,186.5,0.0
175.5,186.5,0.0
176.5,186.5,0.0
177.5,186.5,0.0
178.5,186.5,0.0
179.5,186.5,0.0
180.5,186.5,0.0
181.5,186.5,0.0
182.5,186.5,0.0
183.5,186.5,0.0
184.5,186.5,0.0
185.5,186.5,0.0
186.5,186.5,0.0
187.5,186.5,0.0
188.5,186.5,0.0
189.5,186.5,0.0
190.5,186.5,0.0
191.5,186.5,0.0
192.5,186.5,0.0
193.5,186.5,0.0
194.5,186.5,0.0
195.5,186.5,0.0
196.5,186.5,0.0
197.5,186.5,0.0
198.5,186.5,0.0
199.5,186.5,0.0
0.5,187.5,0.0
1.5,187.5,0.0
2.5,187.5,0.0
3.5,187.5,0.0
4.5,187.5,0.0
5.5,187.5,0.0
6.5,187.5,0.0
7.5,187.5,0.0
8.5,187.5,0.0
9.5,187.5,0.0
10.5,187.5,0.0
11.5,187.5,0.0
12.5,187.5,0.0
13.5,187.5,0.0
14.5,187.5,0.0
15.5,187.5,0.0
16.5,187.5,0.0
17.5,187.5,0.0
18.5,187.5,0.0
19.5,187.5,0.0
20.5,187.5,0.0
21.5,187.5,0.0
22.5,187.5,0.0
23.5,187.5,0.0
24.5,187.5,0.0
25.5,187.5,0.0
26.5,187.5,0.0
27.5,187.5,0.0
28.5,187.5,0.0
29.5,187.5,0.0
30.5,187.5,0.0
31.5,187.5,0.0
32.5,187.5,0.0
33.5,187.5,0.0
34.5,187.5,0.0
35.5,187.5,0.0
36.5,187.5,0.0
37.5,187.5,0.0
38.5,187.5,0.0
39.5,187.5,0.0
40.5,187.5,0.0
41.5,187.5,0.0
42.5,187.5,0.0
43.5,187.5,0.0
44.5,187.5,0.0
45.5,187.5,0.0
46.5,187.5,0.0
47.5,187.5,0.0
48.5,187.5,0.0
49.5,187.5,0.0
50.5,187.5,0.0
51.5,187.5,0.0
52.5,187.5,0.0
53.5,187.5,0.0
54.5,187.5,0.0
55.5,187.5,0.0
56.5,187.5,0.0
57.5,187.5,0.0
58.5,187.5,0.0
59.5,187.5,0.0
60.5,187.5,0.0
61.5,187.5,0.0
62.5,187.5,0.0
63.5,187.5,0.0
64.5,187.5,0.0
65.5,187.5,0.0
66.5,187.5,0.0
67.5,187.5,0.0
68.5,187.5,0.0
69.5,187.5,0.0
70.5,187.5,0.0
71.5,187.5,0.0
72.5,187.5,0.0
73.5,187.5,0.0
74.5,187.5,0.0
75.5,187.5,0.0
76.5,187.5,0.0
77.5,187.5,0.0
78.5,187.5,0.0
79.5,187.5,0.0
80.5,187.5,0.0
81.5,187.5,0.0
82.5,187.5,0.0
83.5,187.5,0.0
84.5,187.5,0.0
85.5,187.5,0.0
86.5,187.5,0.0
87.5,187.5,0.0
88.5,187.5,0.0
89.5,187.5,0.0
90.5,187.5,0.0
91.5,187.5,0.0
92.5,187.5,0.0
93.5,187.5,0.0
94.5,187.5,0.0
95.5,187.5,0.0
96.5,187.5,0.0
97.5,187.5,0.0
98.5,187.5,0.0
99.5,187.5,0.0
100.5,187.5,0.0
101.5,187.5,0.0
102.5,187.5,0.0
103.5,187.5,0.0
104.5,187.5,0.0
105.5,187.5,0.0
106.5,187.5,0.0
107.5,187.5,0.0
108.5,187.5,0.0
109.5,187.5,0.0
110.5,187.5,0.0
111.5,187.5,0.0
112.5,187.5,0.0
113.5,187.5,0.0
114.5,187.5,0.0
115.5,187.5,0.0
116.5,187.5,0.0
117.5,187.5,0.0
118.5,187.5,0.0
119.5,187.5,0.0
120.5,187.5,0.0
121.5,187.5,0.0
122.5,187.5,0.0
123.5,187.5,0.0
124.5,187.5,0.0
125.5,187.5,0.0
126.5,187.5,0.0
127.5,187.5,0.0
128.5,187.5,0.0
129.5,187.5,0.0
130.5,187.5,0.0
131.5,187.5,0.0
132.5,187.5,0.0
133.5,187.5,0.0
134.5,187.5,0.0
135.5,187.5,0.0
136.5,187.5,0.0
137.5,187.5,0.0
138.5,187.5,0.0
139.5,187.5,0.0
140.5,187.5,0.0
141.5,187.5,0.0
142.5,187.5,0.0
143.5,187.5,0.0
144.5,187.5,0.0
145.5,187.5,0.0
146.5,187.5,0.0
147.5,187.5,0.0
148.5,187.5,0.0
149.5,187.5,0.0
150.5,187.5,0.0
151.5,187.5,0.0
152.5,187.5,0.0
153.5,187.5,0.0
154.5,187.5,0.0
155.5,187.5,0.0
156.5,187.5,0.0
157.5,187.5,0.0
158.5,187.5,0.0
159.5,187.5,0.0
160.5,187.5,0.0
161.5,187.5,0.0
162.5,187.5,0.0
163.5,187.5,0.0
164.5,187.5,0.0
165.5,187.5,0.0
166.5,187.5,0.0
167.5,187.5,0.0
168.5,187.5,0.0
169.5,187.5,0.0
170.5,187.5,0.0
171.5,187.5,0.0
172.5,187.5,0.0
173.5,187.5,0.0
174.5,187.5,0.0
175.5,187.5,0.0
176.5,187.5,0.0
177.5,187.5,0.0
178.5,187.5,0.0
179.5,187.5,0.0
180.5,187.5,0.0
181.5,187.5,0.0
182.5,187.5,0.0
183.5,187.5,0.0
184.5,187.5,0.0
185.5,187.5,0.0
186.5,187.5,0.0
187.5,187.5,0.0
188.5,187.5,0.0
189.5,187.5,0.0
190.5,187.5,0.0
191.5,187.5,0.0
192.5,187.5,0.0
193.5,187.5,0.0
194.5,187.5,0.0
195.5,187.5,0.0
196.5,187.5,0.0
197.5,187.5,0.0
198.5,187.5,0.0
199.5,187.5,0.0
0.5,188.5,0.0
1.5,188.5,0.0
2.5,188.5,0.0
3.5,188.5,0.0
4.5,188.5,0.0
5.5,188.5,0.0
6.5,188.5,0.0
7.5,188.5,0.0
8.5,188.5,0.0
9.5,188.5,0.0
10.5,188.5,0.0
11.5,188.5,0.0
12.5,188.5,0.0
13.5,188.5,0.0
14.5,188.5,0.0
15.5,188.5,0.0
16.5,188.5,0.0
17.5,188.5,0.0
18.5,188.5,0.0
19.5,188.5,0.0
20.5,188.5,0.0
21.5,188.5,0.0
22.5,188.5,0.0
23.5,188.5,0.0
24.5,188.5,0.0
25.5,188.5,0.0
26.5,188.5,0.0
27.5,188.5,0.0
28.5,188.5,0.0
29.5,188.5,0.0
30.5,188.5,0.0
31.5,188.5,0.0
32.5,188.5,0.0
33.5,188.5,0.0
34.5,188.5,0.0
35.5,188.5,0.0
36.5,188.5,0.0
37.5,188.5,0.0
38.5,188.5,0.0
39.5,188.5,0.0
40.5,188.5,0.0
41.5,188.5,0.0
42.5,188.5,0.0
43.5,188.5,0.0
44.5,188.5,0.0
45.5,188.5,0.0
46.5,188.5,0.0
47.5,188.5,0.0
48.5,188.5,0.0
49.5,188.5,0.0
50.5,188.5,0.0
51.5,188.5,0.0
52.5,188.5,0.0
53.5,188.5,0.0
54.5,188.5,0.0
55.5,188.5,0.0
56.5,188.5,0.0
57.5,188.5,0.0
58.5,188.5,0.0
59.5,188.5,0.0
60.5,188.5,0.0
61.5,188.5,0.0
62.5,188.5,0.0
63.5,188.5,0.0
64.5,188.5,0.0
65.5,188.5,0.0
66.5,188.5,0.0
67.5,188.5,0.0
68.5,188.5,0.0
69.5,188.5,0.0
70.5,188.5,0.0
71.5,188.5,0.0
72.5,188.5,0.0
73.5,188.5,0.0
74.5,188.5,0.0
75.5,188.5,0.0
76.5,188.5,0.0
77.5,188.5,0.0
78.5,188.5,0.0
79.5,188.5,0.0
80.5,188.5,0.0
81.5,188.5,0.0
82.5,188.5,0.0
83.5,188.5,0.0
84.5,188.5,0.0
85.5,188.5,0.0
86.5,188.5,0.0
87.5,188.5,0.0
88.5,188.5,0.0
89.5,188.5,0.0
90.5,188.5,0.0
91.5,188.5,0.0
92.5,188.5,0.0
93.5,188.5,0.0
94.5,188.5,0.0
95.5,188.5,0.0
96.5,188.5,0.0
97.5,188.5,0.0
98.5,188.5,0.0
99.5,188.5,0.0
100.5,188.5,0.0
101.5,188.5,0.0
102.5,188.5,0.0
103.5,188.5,0.0
104.5,188.5,0.0
105.5,188.5,0.0
106.5,188.5,0.0
107.5,188.5,0.0
108.5,188.5,0.0
109.5,188.5,0.0
110.5,188.5,0.0
111.5,188.5,0.0
112.5,188.5,0.0
113.5,188.5,0.0
114.5,188.5,0.0
115.5,188.5,0.0
116.5,188.5,0.0
117.5,188.5,0.0
118.5,188.5,0.0
119.5,188.5,0.0
120.5,188.5,0.0
121.5,188.5,0.0
122.5,188.5,0.0
123.5,188.5,0.0
124.5,188.5,0.0
125.5,188.5,0.0
126.5,188.5,0.0
127.5,188.5,0.0
128.5,188.5,0.0
129.5,188.5,0.0
130.5,188.5,0.0
131.5,188.5,0.0
132.5,188.5,0.0
133.5,188.5,0.0
134.5,188.5,0.0
135.5,188.5,0.0
136.5,188.5,0.0
137.5,188.5,0.0
138.5,188.5,0.0
139.5,188.5,0.0
140.5,188.5,0.0
141.5,188.5,0.0
142.5,188.5,0.0
143.5,188.5,0.0
144.5,188.5,0.0
145.5,188.5,0.0
146.5,188.5,0.0
147.5,188.5,0.0
148.5,188.5,0.0
149.5,188.5,0.0
150.5,188.5,0.0
151.5,188.5,0.0
152.5,188.5,0.0
153.5,188.5,0.0
154.5,188.5,0.0
155.5,188.5,0.0
156.5,188.5,0.0
157.5,188.5,0.0
158.5,188.5,0.0
159.5,188.5,0.0
160.5,188.5,0.0
161.5,188.5,0.0
162.5,188.5,0.0
163.5,188.5,0.0
164.5,188.5,0.0
165.5,188.5,0.0
166.5,188.5,0.0
167.5,188.5,0.0
168.5,188.5,0.0
169.5,188.5,0.0
170.5,188.5,0.0
171.5,188.5,0.0
172.5,188.5,0.0
173.5,188.5,0.0
174.5,188.5,0.0
175.5,188.5,0.0
176.5,188.5,0.0
177.5,188.5,0.0
178.5,188.5,0.0
179.5,188.5,0.0
180.5,188.5,0.0
181.5,188.5,0.0
182.5,188.5,0.0
183.5,188.5,0.0
184.5,188.5,0.0
185.5,188.5,0.0
186.5,188.5,0.0
187.5,188.5,0.0
188.5,188.5,0.0
189.5,188.5,0.0
190.5,188.5,0.0
191.5,188.5,0.0
192.5,188.5,0.0
193.5,188.5,0.0
194.5,188.5,0.0
195.5,188.5,0.0
196.5,188.5,0.0
197.5,188.5,0.0
198.5,188.5,0.0
199.5,188.5,0.0
0.5,189.5,0.0
1.5,189.5,0.0
2.5,189.5,0.0
3.5,189.5,0.0
4.5,189.5,0.0
5.5,189.5,0.0
6.5,189.5,0.0
7.5,189.5,0.0
8.5,189.5,0.0
9.5,189.5,0.0
10.5,189.5,0.0
11.5,189.5,0.0
12.5,189.5,0.0
13.5,189.5,0.0
14.5,189.5,0.0
15.5,189.5,0.0
16.5,189.5,0.0
17.5,189.5,0.0
18.5,189.5,0.0
19.5,189.5,0.0
20.5,189.5,0.0
21.5,189.5,0.0
22.5,189.5,0.0
23.5,189.5,0.0
24.5,189.5,0.0
25.5,189.5,0.0
26.5,189.5,0.0
27.5,189.5,0.0
28.5,189.5,0.0
29.5,189.5,0.0
30.5,189.5,0.0
31.5,189.5,0.0
32.5,189.5,0.0
33.5,189.5,0.0
34.5,189.5,0.0
35.5,189.5,0.0
36.5,189.5,0.0
37.5,189.5,0.0
38.5,189.5,0.0
39.5,189.5,0.0
40.5,189.5,0.0
41.5,189.5,0.0
42.5,189.5,0.0
43.5,189.5,0.0
44.5,189.5,0.0
45.5,189.5,0.0
46.5,189.5,0.0
47.5,189.5,0.0
48.5,189.5,0.0
49.5,189.5,0.0
50.5,189.5,0.0
51.5,189.5,0.0
52.5,189.5,0.0
53.5,189.5,0.0
54.5,189.5,0.0
55.5,189.5,0.0
56.5,189.5,0.0
57.5,189.5,0.0
58.5,189.5,0.0
59.5,189.5,0.0
60.5,189.5,0.0
61.5,189.5,0.0
62.5,189.5,0.0
63.5,189.5,0.0
64.5,189.5,0.0
65.5,189.5,0.0
66.5,189.5,0.0
67.5,189.5,0.0
68.5,189.5,0.0
69.5,189.5,0.0
70.5,189.5,0.0
71.5,189.5,0.0
72.5,189.5,0.0
73.5,189.5,0.0
74.5,189.5,0.0
75.5,189.5,0.0
76.5,189.5,0.0
77.5,189.5,0.0
78.5,189.5,0.0
79.5,189.5,0.0
80.5,189.5,0.0
81.5,189.5,0.0
82.5,189.5,0.0
83.5,189.5,0.0
84.5,189.5,0.0
85.5,189.5,0.0
86.5,189.5,0.0
87.5,189.5,0.0
88.5,189.5,0.0
89.5,189.5,0.0
90.5,189.5,0.0
91.5,189.5,0.0
92.5,189.5,0.0
93.5,189.5,0.0
94.5,189.5,0.0
95.5,189.5,0.0
96.5,189.5,0.0
97.5,189.5,0.0
98.5,189.5,0.0
99.5,189.5,0.0
100.5,189.5,0.0
101.5,189.5,0.0
102.5,189.5,0.0
103.5,189.5,0.0
104.5,189.5,0.0
105.5,189.5,0.0
106.5,189.5,0.0
107.5,189.5,0.0
108.5,189.5,0.0
109.5,189.5,0.0
110.5,189.5,0.0
111.5,189.5,0.0
112.5,189.5,0.0
113.5,189.5,0.0
114.5,189.5,0.0
115.5,189.5,0.0
116.5,189.5,0.0
117.5,189.5,0.0
118.5,189.5,0.0
119.5,189.5,0.0
120.5,189.5,0.0
121.5,189.5,0.0
122.5,189.5,0.0
123.5,189.5,0.0
124.5,189.5,0.0
125.5,189.5,0.0
126.5,189.5,0.0
127.5,189.5,0.0
128.5,189.5,0.0
129.5,189.5,0.0
130.5,189.5,0.0
131.5,189.5,0.0
132.5,189.5,0.0
133.5,189.5,0.0
134.5,189.5,0.0
135.5,189.5,0.0
136.5,189.5,0.0
137.5,189.5,0.0
138.5,189.5,0.0
139.5,189.5,0.0
140.5,189.5,0.0
141.5,189.5,0.0
142.5,189.5,0.0
143.5,189.5,0.0
144.5,189.5,0.0
145.5,189.5,0.0
146.5,189.5,0.0
147.5,189.5,0.0
148.5,189.5,0.0
149.5,189.5,0.0
150.5,189.5,0.0
151.5,189.5,0.0
152.5,189.5,0.0
153.5,189.5,0.0
154.5,189.5,0.0
155.5,189.5,0.0
156.5,189.5,0.0
157.5,189.5,0.0
158.5,189.5,0.0
159.5,189.5,0.0
160.5,189.5,0.0
161.5,189.5,0.0
162.5,189.5,0.0
163.5,189.5,0.0
164.5,189.5,0.0
165.5,189.5,0.0
166.5,189.5,0.0
167.5,189.5,0.0
168.5,189.5,0.0
169.5,189.5,0.0
170.5,189.5,0.0
171.5,189.5,0.0
172.5,189.5,0.0
173.5,189.5,0.0
174.5,189.5,0.0
175.5,189.5,0.0
176.5,189.5,0.0
177.5,189.5,0.0
178.5,189.5,0.0
179.5,189.5,0.0
180.5,189.5,0.0
181.5,189.5,0.0
182.5,189.5,0.0
183.5,189.5,0.0
184.5,189.5,0.0
185.5,189.5,0.0
186.5,189.5,0.0
187.5,189.5,0.0
188.5,189.5,0.0
189.5,189.5,0.0
190.5,189.5,0.0
191.5,189.5,0.0
192.5,189.5,0.0
193.5,189.5,0.0
194.5,189.5,0.0
195.5,189.5,0.0
196.5,189.5,0.0
197.5,189.5,0.0
198.5,189.5,0.0
199.5,189.5,0.0
0.5,190.5,0.0
1.5,190.5,0.0
2.5,190.5,0.0
3.5,190.5,0.0
4.5,190.5,0.0
5.5,190.5,0.0
6.5,190.5,0.0
7.5,190.5,0.0
8.5,190.5,0.0
9.5,190.5,0.0
10.5,190.5,0.0
11.5,190.5,0.0
12.5,190.5,0.0
13.5,190.5,0.0
14.5,190.5,0.0
15.5,190.5,0.0
16.5,190.5,0.0
17.5,190.5,0.0
18.5,190.5,0.0
19.5,190.5,0.0
20.5,190.5,0.0
21.5,190.5,0.0
22.5,190.5,0.0
23.5,190.5,0.0
24.5,190.5,0.0
25.5,190.5,0.0
26.5,190.5,0.0
27.5,190.5,0.0
28.5,190.5,0.0
29.5,190.5,0.0
30.5,190.5,0.0
31.5,190.5,0.0
32.5,190.5,0.0
33.5,190.5,0.0
34.5,190.5,0.0
35.5,190.5,0.0
36.5,190.5,0.0
37.5,190.5,0.0
38.5,190.5,0.0
39.5,190.5,0.0
40.5,190.5,0.0
41.5,190.5,0.0
42.5,190.5,0.0
43.5,190.5,0.0
44.5,190.5,0.0
45.5,190.5,0.0
46.5,190.5,0.0
47.5,190.5,0.0
48.5,190.5,0.0
49.5,190.5,0.0
50.5,190.5,0.0
51.5,190.5,0.0
52.5,190.5,0.0
53.5,190.5,0.0
54.5,190.5,0.0
55.5,190.5,0.0
56.5,190.5,0.0
57.5,190.5,0.0
58.5,190.5,0.0
59.5,190.5,0.0
60.5,190.5,0.0
61.5,190.5,0.0
62.5,190.5,0.0
63.5,190.5,0.0
64.5,190.5,0.0
65.5,190.5,0.0
66.5,190.5,0.0
67.5,190.5,0.0
68.5,190.5,0.0
69.5,190.5,0.0
70.5,190.5,0.0
71.5,190.5,0.0
72.5,190.5,0.0
73.5,190.5,0.0
74.5,190.5,0.0
75.5,190.5,0.0
76.5,190.5,0.0
77.5,190.5,0.0
78.5,190.5,0.0
79.5,190.5,0.0
80.5,190.5,0.0
81.5,190.5,0.0
82.5,190.5,0.0
83.5,190.5,0.0
84.5,190.5,0.0
85.5,190.5,0.0
86.5,190.5,0.0
87.5,190.5,0.0
88.5,190.5,0.0
89.5,190.5,0.0
90.5,190.5,0.0
91.5,190.5,0.0
92.5,190.5,0.0
93.5,190.5,0.0
94.5,190.5,0.0
95.5,190.5,0.0
96.5,190.5,0.0
97.5,190.5,0.0
98.5,190.5,0.0
99.5,190.5,0.0
100.5,190.5,0.0
101.5,190.5,0.0
102.5,190.5,0.0
103.5,190.5,0.0
104.5,190.5,0.0
105.5,190.5,0.0
106.5,190.5,0.0
107.5,190.5,0.0
108.5,190.5,0.0
109.5,190.5,0.0
110.5,190.5,0.0
111.5,190.5,0.0
112.5,190.5,0.0
113.5,190.5,0.0
114.5,190.5,0.0
115.5,190.5,0.0
116.5,190.5,0.0
117.5,190.5,0.0
118.5,190.5,0.0
119.5,190.5,0.0
120.5,190.5,0.0
121.5,190.5,0.0
122.5,190.5,0.0
123.5,190.5,0.0
124.5,190.5,0.0
125.5,190.5,0.0
126.5,190.5,0.0
127.5,190.5,0.0
128.5,190.5,0.0
129.5,190.5,0.0
130.5,190.5,0.0
131.5,190.5,0.0
132.5,190.5,0.0
133.5,190.5,0.0
134.5,190.5,0.0
135.5,190.5,0.0
136.5,190.5,0.0
137.5,190.5,0.0
138.5,190.5,0.0
139.5,190.5,0.0
140.5,190.5,0.0
141.5,190.5,0.0
142.5,190.5,0.0
143.5,190.5,0.0
144.5,190.5,0.0
145.5,190.5,0.0
146.5,190.5,0.0
147.5,190.5,0.0
148.5,190.5,0.0
149.5,190.5,0.0
150.5,190.5,0.0
151.5,190.5,0.0
152.5,190.5,0.0
153.5,190.5,0.0
154.5,190.5,0.0
155.5,190.5,0.0
156.5,190.5,0.0
157.5,190.5,0.0
158.5,190.5,0.0
159.5,190.5,0.0
160.5,190.5,0.0
161.5,190.5,0.0
162.5,190.5,0.0
163.5,190.5,0.0
164.5,190.5,0.0
165.5,190.5,0.0
166.5,190.5,0.0
167.5,190.5,0.0
168.5,190.5,0.0
169.5,190.5,0.0
170.5,190.5,0.0
171.5,190.5,0.0
172.5,190.5,0.0
173.5,190.5,0.0
174.5,190.5,0.0
175.5,190.5,0.0
176.5,190.5,0.0
177.5,190.5,0.0
178.5,190.5,0.0
179.5,190.5,0.0
180.5,190.5,0.0
181.5,190.5,0.0
182.5,190.5,0.0
183.5,190.5,0.0
184.5,190.5,0.0
185.5,190.5,0.0
186.5,190.5,0.0
187.5,190.5,0.0
188.5,190.5,0.0
189.5,190.5,0.0
190.5,190.5,0.0
191.5,190.5,0.0
192.5,190.5,0.0
193.5,190.5,0.0
194.5,190.5,0.0
195.5,190.5,0.0
196.5,190.5,0.0
197.5,190.5,0.0
198.5,190.5,0.0
199.5,190.5,0.0
0.5,191.5,0.0
1.5,191.5,0.0
2.5,191.5,0.0
3.5,191.5,0.0
4.5,191.5,0.0
5.5,191.5,0.0
6.5,191.5,0.0
7.5,191.5,0.0
8.5,191.5,0.0
9.5,191.5,0.0
10.5,191.5,0.0
11.5,191.5,0.0
12.5,191.5,0.0
13.5,191.5,0.0
14.5,191.5,0.0
15.5,191.5,0.0
16.5,191.5,0.0
17.5,191.5,0.0
18.5,191.5,0.0
19.5,191.5,0.0
20.5,191.5,0.0
21.5,191.5,0.0
22.5,191.5,0.0
23.5,191.5,0.0
24.5,191.5,0.0
25.5,191.5,0.0
26.5,191.5,0.0
27.5,191.5,0.0
28.5,191.5,0.0
29.5,191.5,0.0
30.5,191.5,0.0
31.5,191.5,0.0
32.5,191.5,0.0
33.5,191.5,0.0
34.5,191.5,0.0
35.5,191.5,0.0
36.5,191.5,0.0
37.5,191.5,0.0
38.5,191.5,0.0
39.5,191.5,0.0
40.5,191.5,0.0
41.5,191.5,0.0
42.5,191.5,0.0
43.5,191.5,0.0
44.5,191.5,0.0
45.5,191.5,0.0
46.5,191.5,0.0
47.5,191.5,0.0
48.5,191.5,0.0
49.5,191.5,0.0
50.5,191.5,0.0
51.5,191.5,0.0
52.5,191.5,0.0
53.5,191.5,0.0
54.5,191.5,0.0
55.5,191.5,0.0
56.5,191.5,0.0
57.5,191.5,0.0
58.5,191.5,0.0
59.5,191.5,0.0
60.5,191.5,0.0
61.5,191.5,0.0
62.5,191.5,0.0
63.5,191.5,0.0
64.5,191.5,0.0
65.5,191.5,0.0
66.5,191.5,0.0
67.5,191.5,0.0
68.5,191.5,0.0
69.5,191.5,0.0
70.5,191.5,0.0
71.5,191.5,0.0
72.5,191.5,0.0
73.5,191.5,0.0
74.5,191.5,0.0
75.5,191.5,0.0
76.5,191.5,0.0
77.5,191.5,0.0
78.5,191.5,0.0
79.5,191.5,0.0
80.5,191.5,0.0
81.5,191.5,0.0
82.5,191.5,0.0
83.5,191.5,0.0
84.5,191.5,0.0
85.5,191.5,0.0
86.5,191.5,0.0
87.5,191.5,0.0
88.5,191.5,0.0
89.5,191.5,0.0
90.5,191.5,0.0
91.5,191.5,0.0
92.5,191.5,0.0
93.5,191.5,0.0
94.5,191.5,0.0
95.5,191.5,0.0
96.5,191.5,0.0
97.5,191.5,0.0
98.5,191.5,0.0
99.5,191.5,0.0
100.5,191.5,0.0
101.5,191.5,0.0
102.5,191.5,0.0
103.5,191.5,0.0
104.5,191.5,0.0
105.5,191.5,0.0
106.5,191.5,0.0
107.5,191.5,0.0
108.5,191.5,0.0
109.5,191.5,0.0
110.5,191.5,0.0
111.5,191.5,0.0
112.5,191.5,0.0
113.5,191.5,0.0
114.5,191.5,0.0
115.5,191.5,0.0
116.5,191.5,0.0
117.5,191.5,0.0
118.5,191.5,0.0
119.5,191.5,0.0
120.5,191.5,0.0
121.5,191.5,0.0
122.5,191.5,0.0
123.5,191.5,0.0
124.5,191.5,0.0
125.5,191.5,0.0
126.5,191.5,0.0
127.5,191.5,0.0
128.5,191.5,0.0
129.5,191.5,0.0
130.5,191.5,0.0
131.5,191.5,0.0
132.5,191.5,0.0
133.5,191.5,0.0
134.5,191.5,0.0
135.5,191.5,0.0
136.5,191.5,0.0
137.5,191.5,0.0
138.5,191.5,0.0
139.5,191.5,0.0
140.5,191.5,0.0
141.5,191.5,0.0
142.5,191.5,0.0
143.5,191.5,0.0
144.5,191.5,0.0
145.5,191.5,0.0
146.5,191.5,0.0
147.5,191.5,0.0
148.5,191.5,0.0
149.5,191.5,0.0
150.5,191.5,0.0
151.5,191.5,0.0
152.5,191.5,0.0
153.5,191.5,0.0
154.5,191.5,0.0
155.5,191.5,0.0
156.5,191.5,0.0
157.5,191.5,0.0
158.5,191.5,0.0
159.5,191.5,0.0
160.5,191.5,0.0
161.5,191.5,0.0
162.5,191.5,0.0
163.5,191.5,0.0
164.5,191.5,0.0
165.5,191.5,0.0
166.5,191.5,0.0
167.5,191.5,0.0
168.5,191.5,0.0
169.5,191.5,0.0
170.5,191.5,0.0
171.5,191.5,0.0
172.5,191.5,0.0
173.5,191.5,0.0
174.5,191.5,0.0
175.5,191.5,0.0
176.5,191.5,0.0
177.5,191.5,0.0
178.5,191.5,0.0
179.5,191.5,0.0
180.5,191.5,0.0
181.5,191.5,0.0
182.5,191.5,0.0
183.5,191.5,0.0
184.5,191.5,0.0
185.5,191.5,0.0
186.5,191.5,0.0
187.5,191.5,0.0
188.5,191.5,0.0
189.5,191.5,0.0
190.5,191.5,0.0
191.5,191.5,0.0
192.5,191.5,0.0
193.5,191.5,0.0
194.5,191.5,0.0
195.5,191.5,0.0
196.5,191.5,0.0
197.5,191.5,0.0
198.5,191.5,0.0
199.5,191.5,0.0
0.5,192.5,0.0
1.5,192.5,0.0
2.5,192.5,0.0
3.5,192.5,0.0
4.5,192.5,0.0
5.5,192.5,0.0
6.5,192.5,0.0
7.5,192.5,0.0
8.5,192.5,0.0
9.5,192.5,0.0
10.5,192.5,0.0
11.5,192.5,0.0
12.5,192.5,0.0
13.5,192.5,0.0
14.5,192.5,0.0
15.5,192.5,0.0
16.5,192.5,0.0
17.5,192.5,0.0
18.5,192.5,0.0
19.5,192.5,0.0
20.5,192.5,0.0
21.5,192.5,0.0
22.5,192.5,0.0
23.5,192.5,0.0
24.5,192.5,0.0
25.5,192.5,0.0
26.5,192.5,0.0
27.5,192.5,0.0
28.5,192.5,0.0
29.5,192.5,0.0
30.5,192.5,0.0
31.5,192.5,0.0
32.5,192.5,0.0
33.5,192.5,0.0
34.5,192.5,0.0
35.5,192.5,0.0
36.5,192.5,0.0
37.5,192.5,0.0
38.5,192.5,0.0
39.5,192.5,0.0
40.5,192.5,0.0
41.5,192.5,0.0
42.5,192.5,0.0
43.5,192.5,0.0
44.5,192.5,0.0
45.5,192.5,0.0
46.5,192.5,0.0
47.5,192.5,0.0
48.5,192.5,0.0
49.5,192.5,0.0
50.5,192.5,0.0
51.5,192.5,0.0
52.5,192.5,0.0
53.5,192.5,0.0
54.5,192.5,0.0
55.5,192.5,0.0
56.5,192.5,0.0
57.5,192.5,0.0
58.5,192.5,0.0
59.5,192.5,0.0
60.5,192.5,0.0
61.5,192.5,0.0
62.5,192.5,0.0
63.5,192.5,0.0
64.5,192.5,0.0
65.5,192.5,0.0
66.5,192.5,0.0
67.5,192.5,0.0
68.5,192.5,0.0
69.5,192.5,0.0
70.5,192.5,0.0
71.5,192.5,0.0
72.5,192.5,0.0
73.5,192.5,0.0
74.5,192.5,0.0
75.5,192.5,0.0
76.5,192.5,0.0
77.5,192.5,0.0
78.5,192.5,0.0
79.5,192.5,0.0
80.5,192.5,0.0
81.5,192.5,0.0
82.5,192.5,0.0
83.5,192.5,0.0
84.5,192.5,0.0
85.5,192.5,0.0
86.5,192.5,0.0
87.5,192.5,0.0
88.5,192.5,0.0
89.5,192.5,0.0
90.5,192.5,0.0
91.5,192.5,0.0
92.5,192.5,0.0
93.5,192.5,0.0
94.5,192.5,0.0
95.5,192.5,0.0
96.5,192.5,0.0
97.5,192.5,0.0
98.5,192.5,0.0
99.5,192.5,0.0
100.5,192.5,0.0
101.5,192.5,0.0
102.5,192.5,0.0
103.5,192.5,0.0
104.5,192.5,0.0
105.5,192.5,0.0
106.5,192.5,0.0
107.5,192.5,0.0
108.5,192.5,0.0
109.5,192.5,0.0
110.5,192.5,0.0
111.5,192.5,0.0
112.5,192.5,0.0
113.5,192.5,0.0
114.5,192.5,0.0
115.5,192.5,0.0
116.5,192.5,0.0
117.5,192.5,0.0
118.5,192.5,0.0
119.5,192.5,0.0
120.5,192.5,0.0
121.5,192.5,0.0
122.5,192.5,0.0
123.5,192.5,0.0
124.5,192.5,0.0
125.5,192.5,0.0
126.5,192.5,0.0
127.5,192.5,0.0
128.5,192.5,0.0
129.5,192.5,0.0
130.5,192.5,0.0
131.5,192.5,0.0
132.5,192.5,0.0
133.5,192.5,0.0
134.5,192.5,0.0
135.5,192.5,0.0
136.5,192.5,0.0
137.5,192.5,0.0
138.5,192.5,0.0
139.5,192.5,0.0
140.5,192.5,0.0
141.5,192.5,0.0
142.5,192.5,0.0
143.5,192.5,0.0
144.5,192.5,0.0
145.5,192.5,0.0
146.5,192.5,0.0
147.5,192.5,0.0
148.5,192.5,0.0
149.5,192.5,0.0
150.5,192.5,0.0
151.5,192.5,0.0
152.5,192.5,0.0
153.5,192.5,0.0
154.5,192.5,0.0
155.5,192.5,0.0
156.5,192.5,0.0
157.5,192.5,0.0
158.5,192.5,0.0
159.5,192.5,0.0
160.5,192.5,0.0
161.5,192.5,0.0
162.5,192.5,0.0
163.5,192.5,0.0
164.5,192.5,0.0
165.5,192.5,0.0
166.5,192.5,0.0
167.5,192.5,0.0
168.5,192.5,0.0
169.5,192.5,0.0
170.5,192.5,0.0
171.5,192.5,0.0
172.5,192.5,0.0
173.5,192.5,0.0
174.5,192.5,0.0
175.5,192.5,0.0
176.5,192.5,0.0
177.5,192.5,0.0
178.5,192.5,0.0
179.5,192.5,0.0
180.5,192.5,0.0
181.5,192.5,0.0
182.5,192.5,0.0
183.5,192.5,0.0
184.5,192.5,0.0
185.5,192.5,0.0
186.5,192.5,0.0
187.5,192.5,0.0
188.5,192.5,0.0
189.5,192.5,0.0
190.5,192.5,0.0
191.5,192.5,0.0
192.5,192.5,0.0
193.5,192.5,0.0
194.5,192.5,0.0
195.5,192.5,0.0
196.5,192.5,0.0
197.5,192.5,0.0
198.5,192.5,0.0
199.5,192.5,0.0
0.5,193.5,0.0
1.5,193.5,0.0
2.5,193.5,0.0
3.5,193.5,0.0
4.5,193.5,0.0
5.5,193.5,0.0
6.5,193.5,0.0
7.5,193.5,0.0
8.5,193.5,0.0
9.5,193.5,0.0
10.5,193.5,0.0
11.5,193.5,0.0
12.5,193.5,0.0
13.5,193.5,0.0
14.5,193.5,0.0
15.5,193.5,0.0
16.5,193.5,0.0
17.5,193.5,0.0
18.5,193.5,0.0
19.5,193.5,0.0
20.5,193.5,0.0
21.5,193.5,0.0
22.5,193.5,0.0
23.5,193.5,0.0
24.5,193.5,0.0
25.5,193.5,0.0
26.5,193.5,0.0
27.5,193.5,0.0
28.5,193.5,0.0
29.5,193.5,0.0
30.5,193.5,0.0
31.5,193.5,0.0
32.5,193.5,0.0
33.5,193.5,0.0
34.5,193.5,0.0
35.5,193.5,0.0
36.5,193.5,0.0
37.5,193.5,0.0
38.5,193.5,0.0
39.5,193.5,0.0
40.5,193.5,0.0
41.5,193.5,0.0
42.5,193.5,0.0
43.5,193.5,0.0
44.5,193.5,0.0
45.5,193.5,0.0
46.5,193.5,0.0
47.5,193.5,0.0
48.5,193.5,0.0
49.5,193.5,0.0
50.5,193.5,0.0
51.5,193.5,0.0
52.5,193.5,0.0
53.5,193.5,0.0
54.5,193.5,0.0
55.5,193.5,0.0
56.5,193.5,0.0
57.5,193.5,0.0
58.5,193.5,0.0
59.5,193.5,0.0
60.5,193.5,0.0
61.5,193.5,0.0
62.5,193.5,0.0
63.5,193.5,0.0
64.5,193.5,0.0
65.5,193.5,0.0
66.5,193.5,0.0
67.5,193.5,0.0
68.5,193.5,0.0
69.5,193.5,0.0
70.5,193.5,0.0
71.5,193.5,0.0
72.5,193.5,0.0
73.5,193.5,0.0
74.5,193.5,0.0
75.5,193.5,0.0
76.5,193.5,0.0
77.5,193.5,0.0
78.5,193.5,0.0
79.5,193.5,0.0
80.5,193.5,0.0
81.5,193.5,0.0
82.5,193.5,0.0
83.5,193.5,0.0
84.5,193.5,0.0
85.5,193.5,0.0
86.5,193.5,0.0
87.5,193.5,0.0
88.5,193.5,0.0
89.5,193.5,0.0
90.5,193.5,0.0
91.5,193.5,0.0
92.5,193.5,0.0
93.5,193.5,0.0
94.5,193.5,0.0
95.5,193.5,0.0
96.5,193.5,0.0
97.5,193.5,0.0
98.5,193.5,0.0
99.5,193.5,0.0
100.5,193.5,0.0
101.5,193.5,0.0
102.5,193.5,0.0
103.5,193.5,0.0
104.5,193.5,0.0
105.5,193.5,0.0
106.5,193.5,0.0
107.5,193.5,0.0
108.5,193.5,0.0
109.5,193.5,0.0
110.5,193.5,0.0
111.5,193.5,0.0
112.5,193.5,0.0
113.5,193.5,0.0
114.5,193.5,0.0
115.5,193.5,0.0
116.5,193.5,0.0
117.5,193.5,0.0
118.5,193.5,0.0
119.5,193.5,0.0
120.5,193.5,0.0
121.5,193.5,0.0
122.5,193.5,0.0
123.5,193.5,0.0
124.5,193.5,0.0
125.5,193.5,0.0
126.5,193.5,0.0
127.5,193.5,0.0
128.5,193.5,0.0
129.5,193.5,0.0
130.5,193.5,0.0
131.5,193.5,0.0
132.5,193.5,0.0
133.5,193.5,0.0
134.5,193.5,0.0
135.5,193.5,0.0
136.5,193.5,0.0
137.5,193.5,0.0
138.5,193.5,0.0
139.5,193.5,0.0
140.5,193.5,0.0
141.5,193.5,0.0
142.5,193.5,0.0
143.5,193.5,0.0
144.5,193.5,0.0
145.5,193.5,0.0
146.5,193.5,0.0
147.5,193.5,0.0
148.5,193.5,0.0
149.5,193.5,0.0
150.5,193.5,0.0
151.5,193.5,0.0
152.5,193.5,0.0
153.5,193.5,0.0
154.5,193.5,0.0
155.5,193.5,0.0
156.5,193.5,0.0
157.5,193.5,0.0
158.5,193.5,0.0
159.5,193.5,0.0
160.5,193.5,0.0
161.5,193.5,0.0
162.5,193.5,0.0
163.5,193.5,0.0
164.5,193.5,0.0
165.5,193.5,0.0
166.5,193.5,0.0
167.5,193.5,0.0
168.5,193.5,0.0
169.5,193.5,0.0
170.5,193.5,0.0
171.5,193.5,0.0
172.5,193.5,0.0
173.5,193.5,0.0
174.5,193.5,0.0
175.5,193.5,0.0
176.5,193.5,0.0
177.5,193.5,0.0
178.5,193.5,0.0
179.5,193.5,0.0
180.5,193.5,0.0
181.5,193.5,0.0
182.5,193.5,0.0
183.5,193.5,0.0
184.5,193.5,0.0
185.5,193.5,0.0
186.5,193.5,0.0
187.5,193.5,0.0
188.5,193.5,0.0
189.5,193.5,0.0
190.5,193.5,0.0
191.5,193.5,0.0
192.5,193.5,0.0
193.5,193.5,0.0
194.5,193.5,0.0
195.5,193.5,0.0
196.5,193.5,0.0
197.5,193.5,0.0
198.5,193.5,0.0
199.5,193.5,0.0
0.5,194.5,0.0
1.5,194.5,0.0
2.5,194.5,0.0
3.5,194.5,0.0
4.5,194.5,0.0
5.5,194.5,0.0
6.5,194.5,0.0
7.5,194.5,0.0
8.5,194.5,0.0
9.5,194.5,0.0
10.5,194.5,0.0
11.5,194.5,0.0
12.5,194.5,0.0
13.5,194.5,0.0
14.5,194.5,0.0
15.5,194.5,0.0
16.5,194.5,0.0
17.5,194.5,0.0
18.5,194.5,0.0
19.5,194.5,0.0
20.5,194.5,0.0
21.5,194.5,0.0
22.5,194.5,0.0
23.5,194.5,0.0
24.5,194.5,0.0
25.5,194.5,0.0
26.5,194.5,0.0
27.5,194.5,0.0
28.5,194.5,0.0
29.5,194.5,0.0
30.5,194.5,0.0
31.5,194.5,0.0
32.5,194.5,0.0
33.5,194.5,0.0
34.5,194.5,0.0
35.5,194.5,0.0
36.5,194.5,0.0
37.5,194.5,0.0
38.5,194.5,0.0
39.5,194.5,0.0
40.5,194.5,0.0
41.5,194.5,0.0
42.5,194.5,0.0
43.5,194.5,0.0
44.5,194.5,0.0
45.5,194.5,0.0
46.5,194.5,0.0
47.5,194.5,0.0
48.5,194.5,0.0
49.5,194.5,0.0
50.5,194.5,0.0
51.5,194.5,0.0
52.5,194.5,0.0
53.5,194.5,0.0
54.5,194.5,0.0
55.5,194.5,0.0
56.5,194.5,0.0
57.5,194.5,0.0
58.5,194.5,0.0
59.5,194.5,0.0
60.5,194.5,0.0
61.5,194.5,0.0
62.5,194.5,0.0
63.5,194.5,0.0
64.5,194.5,0.0
65.5,194.5,0.0
66.5,194.5,0.0
67.5,194.5,0.0
68.5,194.5,0.0
69.5,194.5,0.0
70.5,194.5,0.0
71.5,194.5,0.0
72.5,194.5,0.0
73.5,194.5,0.0
74.5,194.5,0.0
75.5,194.5,0.0
76.5,194.5,0.0
77.5,194.5,0.0
78.5,194.5,0.0
79.5,194.5,0.0
80.5,194.5,0.0
81.5,194.5,0.0
82.5,194.5,0.0
83.5,194.5,0.0
84.5,194.5,0.0
85.5,194.5,0.0
86.5,194.5,0.0
87.5,194.5,0.0
88.5,194.5,0.0
89.5,194.5,0.0
90.5,194.5,0.0
91.5,194.5,0.0
92.5,194.5,0.0
93.5,194.5,0.0
94.5,194.5,0.0
95.5,194.5,0.0
96.5,194.5,0.0
97.5,194.5,0.0
98.5,194.5,0.0
99.5,194.5,0.0
100.5,194.5,0.0
101.5,194.5,0.0
102.5,194.5,0.0
103.5,194.5,0.0
104.5,194.5,0.0
105.5,194.5,0.0
106.5,194.5,0.0
107.5,194.5,0.0
108.5,194.5,0.0
109.5,194.5,0.0
110.5,194.5,0.0
111.5,194.5,0.0
112.5,194.5,0.0
113.5,194.5,0.0
114.5,194.5,0.0
115.5,194.5,0.0
116.5,194.5,0.0
117.5,194.5,0.0
118.5,194.5,0.0
119.5,194.5,0.0
120.5,194.5,0.0
121.5,194.5,0.0
122.5,194.5,0.0
123.5,194.5,0.0
124.5,194.5,0.0
125.5,194.5,0.0
126.5,194.5,0.0
127.5,194.5,0.0
128.5,194.5,0.0
129.5,194.5,0.0
130.5,194.5,0.0
131.5,194.5,0.0
132.5,194.5,0.0
133.5,194.5,0.0
134.5,194.5,0.0
135.5,194.5,0.0
136.5,194.5,0.0
137.5,194.5,0.0
138.5,194.5,0.0
139.5,194.5,0.0
140.5,194.5,0.0
141.5,194.5,0.0
142.5,194.5,0.0
143.5,194.5,0.0
144.5,194.5,0.0
145.5,194.5,0.0
146.5,194.5,0.0
147.5,194.5,0.0
148.5,194.5,0.0
149.5,194.5,0.0
150.5,194.5,0.0
151.5,194.5,0.0
152.5,194.5,0.0
153.5,194.5,0.0
154.5,194.5,0.0
155.5,194.5,0.0
156.5,194.5,0.0
157.5,194.5,0.0
158.5,194.5,0.0
159.5,194.5,0.0
160.5,194.5,0.0
161.5,194.5,0.0
162.5,194.5,0.0
163.5,194.5,0.0
164.5,194.5,0.0
165.5,194.5,0.0
166.5,194.5,0.0
167.5,194.5,0.0
168.5,194.5,0.0
169.5,194.5,0.0
170.5,194.5,0.0
171.5,194.5,0.0
172.5,194.5,0.0
173.5,194.5,0.0
174.5,194.5,0.0
175.5,194.5,0.0
176.5,194.5,0.0
177.5,194.5,0.0
178.5,194.5,0.0
179.5,194.5,0.0
180.5,194.5,0.0
181.5,194.5,0.0
182.5,194.5,0.0
183.5,194.5,0.0
184.5,194.5,0.0
185.5,194.5,0.0
186.5,194.5,0.0
187.5,194.5,0.0
188.5,194.5,0.0
189.5,194.5,0.0
190.5,194.5,0.0
191.5,194.5,0.0
192.5,194.5,0.0
193.5,194.5,0.0
194.5,194.5,0.0
195.5,194.5,0.0
196.5,194.5,0.0
197.5,194.5,0.0
198.5,194.5,0.0
199.5,194.5,0.0
0.5,195.5,0.0
1.5,195.5,0.0
2.5,195.5,0.0
3.5,195.5,0.0
4.5,195.5,0.0
5.5,195.5,0.0
6.5,195.5,0.0
7.5,195.5,0.0
8.5,195.5,0.0
9.5,195.5,0.0
10.5,195.5,0.0
11.5,195.5,0.0
12.5,195.5,0.0
13.5,195.5,0.0
14.5,195.5,0.0
15.5,195.5,0.0
16.5,195.5,0.0
17.5,195.5,0.0
18.5,195.5,0.0
19.5,195.5,0.0
20.5,195.5,0.0
21.5,195.5,0.0
22.5,195.5,0.0
23.5,195.5,0.0
24.5,195.5,0.0
25.5,195.5,0.0
26.5,195.5,0.0
27.5,195.5,0.0
28.5,195.5,0.0
29.5,195.5,0.0
30.5,195.5,0.0
31.5,195.5,0.0
32.5,195.5,0.0
33.5,195.5,0.0
34.5,195.5,0.0
35.5,195.5,0.0
36.5,195.5,0.0
37.5,195.5,0.0
38.5,195.5,0.0
39.5,195.5,0.0
40.5,195.5,0.0
41.5,195.5,0.0
42.5,195.5,0.0
43.5,195.5,0.0
44.5,195.5,0.0
45.5,195.5,0.0
46.5,195.5,0.0
47.5,195.5,0.0
48.5,195.5,0.0
49.5,195.5,0.0
50.5,195.5,0.0
51.5,195.5,0.0
52.5,195.5,0.0
53.5,195.5,0.0
54.5,195.5,0.0
55.5,195.5,0.0
56.5,195.5,0.0
57.5,195.5,0.0
58.5,195.5,0.0
59.5,195.5,0.0
60.5,195.5,0.0
61.5,195.5,0.0
62.5,195.5,0.0
63.5,195.5,0.0
64.5,195.5,0.0
65.5,195.5,0.0
66.5,195.5,0.0
67.5,195.5,0.0
68.5,195.5,0.0
69.5,195.5,0.0
70.5,195.5,0.0
71.5,195.5,0.0
72.5,195.5,0.0
73.5,195.5,0.0
74.5,195.5,0.0
75.5,195.5,0.0
76.5,195.5,0.0
77.5,195.5,0.0
78.5,195.5,0.0
79.5,195.5,0.0
80.5,195.5,0.0
81.5,195.5,0.0
82.5,195.5,0.0
83.5,195.5,0.0
84.5,195.5,0.0
85.5,195.5,0.0
86.5,195.5,0.0
87.5,195.5,0.0
88.5,195.5,0.0
89.5,195.5,0.0
90.5,195.5,0.0
91.5,195.5,0.0
92.5,195.5,0.0
93.5,195.5,0.0
94.5,195.5,0.0
95.5,195.5,0.0
96.5,195.5,0.0
97.5,195.5,0.0
98.5,195.5,0.0
99.5,195.5,0.0
100.5,195.5,0.0
101.5,195.5,0.0
102.5,195.5,0.0
103.5,195.5,0.0
104.5,195.5,0.0
105.5,195.5,0.0
106.5,195.5,0.0
107.5,195.5,0.0
108.5,195.5,0.0
109.5,195.5,0.0
110.5,195.5,0.0
111.5,195.5,0.0
112.5,195.5,0.0
113.5,195.5,0.0
114.5,195.5,0.0
115.5,195.5,0.0
116.5,195.5,0.0
117.5,195.5,0.0
118.5,195.5,0.0
119.5,195.5,0.0
120.5,195.5,0.0
121.5,195.5,0.0
122.5,195.5,0.0
123.5,195.5,0.0
124.5,195.5,0.0
125.5,195.5,0.0
126.5,195.5,0.0
127.5,195.5,0.0
128.5,195.5,0.0
129.5,195.5,0.0
130.5,195.5,0.0
131.5,195.5,0.0
132.5,195.5,0.0
133.5,195.5,0.0
134.5,195.5,0.0
135.5,195.5,0.0
136.5,195.5,0.0
137.5,195.5,0.0
138.5,195.5,0.0
139.5,195.5,0.0
140.5,195.5,0.0
141.5,195.5,0.0
142.5,195.5,0.0
143.5,195.5,0.0
144.5,195.5,0.0
145.5,195.5,0.0
146.5,195.5,0.0
147.5,195.5,0.0
148.5,195.5,0.0
149.5,195.5,0.0
150.5,195.5,0.0
151.5,195.5,0.0
152.5,195.5,0.0
153.5,195.5,0.0
154.5,195.5,0.0
155.5,195.5,0.0
156.5,195.5,0.0
157.5,195.5,0.0
158.5,195.5,0.0
159.5,195.5,0.0
160.5,195.5,0.0
161.5,195.5,0.0
162.5,195.5,0.0
163.5,195.5,0.0
164.5,195.5,0.0
165.5,195.5,0.0
166.5,195.5,0.0
167.5,195.5,0.0
168.5,195.5,0.0
169.5,195.5,0.0
170.5,195.5,0.0
171.5,195.5,0.0
172.5,195.5,0.0
173.5,195.5,0.0
174.5,195.5,0.0
175.5,195.5,0.0
176.5,195.5,0.0
177.5,195.5,0.0
178.5,195.5,0.0
179.5,195.5,0.0
180.5,195.5,0.0
181.5,195.5,0.0
182.5,195.5,0.0
183.5,195.5,0.0
184.5,195.5,0.0
185.5,195.5,0.0
186.5,195.5,0.0
187.5,195.5,0.0
188.5,195.5,0.0
189.5,195.5,0.0
190.5,195.5,0.0
191.5,195.5,0.0
192.5,195.5,0.0
193.5,195.5,0.0
194.5,195.5,0.0
195.5,195.5,0.0
196.5,195.5,0.0
197.5,195.5,0.0
198.5,195.5,0.0
199.5,195.5,0.0
0.5,196.5,0.0
1.5,196.5,0.0
2.5,196.5,0.0
3.5,196.5,0.0
4.5,196.5,0.0
5.5,196.5,0.0
6.5,196.5,0.0
7.5,196.5,0.0
8.5,196.5,0.0
9.5,196.5,0.0
10.5,196.5,0.0
11.5,196.5,0.0
12.5,196.5,0.0
13.5,196.5,0.0
14.5,196.5,0.0
15.5,196.5,0.0
16.5,196.5,0.0
17.5,196.5,0.0
18.5,196.5,0.0
19.5,196.5,0.0
20.5,196.5,0.0
21.5,196.5,0.0
22.5,196.5,0.0
23.5,196.5,0.0
24.5,196.5,0.0
25.5,196.5,0.0
26.5,196.5,0.0
27.5,196.5,0.0
28.5,196.5,0.0
29.5,196.5,0.0
30.5,196.5,0.0
31.5,196.5,0.0
32.5,196.5,0.0
33.5,196.5,0.0
34.5,196.5,0.0
35.5,196.5,0.0
36.5,196.5,0.0
37.5,196.5,0.0
38.5,196.5,0.0
39.5,196.5,0.0
40.5,196.5,0.0
41.5,196.5,0.0
42.5,196.5,0.0
43.5,196.5,0.0
44.5,196.5,0.0
45.5,196.5,0.0
46.5,196.5,0.0
47.5,196.5,0.0
48.5,196.5,0.0
49.5,196.5,0.0
50.5,196.5,0.0
51.5,196.5,0.0
52.5,196.5,0.0
53.5,196.5,0.0
54.5,196.5,0.0
55.5,196.5,0.0
56.5,196.5,0.0
57.5,196.5,0.0
58.5,196.5,0.0
59.5,196.5,0.0
60.5,196.5,0.0
61.5,196.5,0.0
62.5,196.5,0.0
63.5,196.5,0.0
64.5,196.5,0.0
65.5,196.5,0.0
66.5,196.5,0.0
67.5,196.5,0.0
68.5,196.5,0.0
69.5,196.5,0.0
70.5,196.5,0.0
71.5,196.5,0.0
72.5,196.5,0.0
73.5,196.5,0.0
74.5,196.5,0.0
75.5,196.5,0.0
76.5,196.5,0.0
77.5,196.5,0.0
78.5,196.5,0.0
79.5,196.5,0.0
80.5,196.5,0.0
81.5,196.5,0.0
82.5,196.5,0.0
83.5,196.5,0.0
84.5,196.5,0.0
85.5,196.5,0.0
86.5,196.5,0.0
87.5,196.5,0.0
88.5,196.5,0.0
89.5,196.5,0.0
90.5,196.5,0.0
91.5,196.5,0.0
92.5,196.5,0.0
93.5,196.5,0.0
94.5,196.5,0.0
95.5,196.5,0.0
96.5,196.5,0.0
97.5,196.5,0.0
98.5,196.5,0.0
99.5,196.5,0.0
100.5,196.5,0.0
101.5,196.5,0.0
102.5,196.5,0.0
103.5,196.5,0.0
104.5,196.5,0.0
105.5,196.5,0.0
106.5,196.5,0.0
107.5,196.5,0.0
108.5,196.5,0.0
109.5,196.5,0.0
110.5,196.5,0.0
111.5,196.5,0.0
112.5,196.5,0.0
113.5,196.5,0.0
114.5,196.5,0.0
115.5,196.5,0.0
116.5,196.5,0.0
117.5,196.5,0.0
118.5,196.5,0.0
119.5,196.5,0.0
120.5,196.5,0.0
121.5,196.5,0.0
122.5,196.5,0.0
123.5,196.5,0.0
124.5,196.5,0.0
125.5,196.5,0.0
126.5,196.5,0.0
127.5,196.5,0.0
128.5,196.5,0.0
129.5,196.5,0.0
130.5,196.5,0.0
131.5,196.5,0.0
132.5,196.5,0.0
133.5,196.5,0.0
134.5,196.5,0.0
135.5,196.5,0.0
136.5,196.5,0.0
137.5,196.5,0.0
138.5,196.5,0.0
139.5,196.5,0.0
140.5,196.5,0.0
141.5,196.5,0.0
142.5,196.5,0.0
143.5,196.5,0.0
144.5,196.5,0.0
145.5,196.5,0.0
146.5,196.5,0.0
147.5,196.5,0.0
148.5,196.5,0.0
149.5,196.5,0.0
150.5,196.5,0.0
151.5,196.5,0.0
152.5,196.5,0.0
153.5,196.5,0.0
154.5,196.5,0.0
155.5,196.5,0.0
156.5,196.5,0.0
157.5,196.5,0.0
158.5,196.5,0.0
159.5,196.5,0.0
160.5,196.5,0.0
161.5,196.5,0.0
162.5,196.5,0.0
163.5,196.5,0.0
164.5,196.5,0.0
165.5,196.5,0.0
166.5,196.5,0.0
167.5,196.5,0.0
168.5,196.5,0.0
169.5,196.5,0.0
170.5,196.5,0.0
171.5,196.5,0.0
172.5,196.5,0.0
173.5,196.5,0.0
174.5,196.5,0.0
175.5,196.5,0.0
176.5,196.5,0.0
177.5,196.5,0.0
178.5,196.5,0.0
179.5,196.5,0.0
180.5,196.5,0.0
181.5,196.5,0.0
182.5,196.5,0.0
183.5,196.5,0.0
184.5,196.5,0.0
185.5,196.5,0.0
186.5,196.5,0.0
187.5,196.5,0.0
188.5,196.5,0.0
189.5,196.5,0.0
190.5,196.5,0.0
191.5,196.5,0.0
192.5,196.5,0.0
193.5,196.5,0.0
194.5,196.5,0.0
195.5,196.5,0.0
196.5,196.5,0.0
197.5,196.5,0.0
198.5,196.5,0.0
199.5,196.5,0.0
0.5,197.5,0.0
1.5,197.5,0.0
2.5,197.5,0.0
3.5,197.5,0.0
4.5,197.5,0.0
5.5,197.5,0.0
6.5,197.5,0.0
7.5,197.5,0.0
8.5,197.5,0.0
9.5,197.5,0.0
10.5,197.5,0.0
11.5,197.5,0.0
12.5,197.5,0.0
13.5,197.5,0.0
14.5,197.5,0.0
15.5,197.5,0.0
16.5,197.5,0.0
17.5,197.5,0.0
18.5,197.5,0.0
19.5,197.5,0.0
20.5,197.5,0.0
21.5,197.5,0.0
22.5,197.5,0.0
23.5,197.5,0.0
24.5,197.5,0.0
25.5,197.5,0.0
26.5,197.5,0.0
27.5,197.5,0.0
28.5,197.5,0.0
29.5,197.5,0.0
30.5,197.5,0.0
31.5,197.5,0.0
32.5,197.5,0.0
33.5,197.5,0.0
34.5,197.5,0.0
35.5,197.5,0.0
36.5,197.5,0.0
37.5,197.5,0.0
38.5,197.5,0.0
39.5,197.5,0.0
40.5,197.5,0.0
41.5,197.5,0.0
42.5,197.5,0.0
43.5,197.5,0.0
44.5,197.5,0.0
45.5,197.5,0.0
46.5,197.5,0.0
47.5,197.5,0.0
48.5,197.5,0.0
49.5,197.5,0.0
50.5,197.5,0.0
51.5,197.5,0.0
52.5,197.5,0.0
53.5,197.5,0.0
54.5,197.5,0.0
55.5,197.5,0.0
56.5,197.5,0.0
57.5,197.5,0.0
58.5,197.5,0.0
59.5,197.5,0.0
60.5,197.5,0.0
61.5,197.5,0.0
62.5,197.5,0.0
63.5,197.5,0.0
64.5,197.5,0.0
65.5,197.5,0.0
66.5,197.5,0.0
67.5,197.5,0.0
68.5,197.5,0.0
69.5,197.5,0.0
70.5,197.5,0.0
71.5,197.5,0.0
72.5,197.5,0.0
73.5,197.5,0.0
74.5,197.5,0.0
75.5,197.5,0.0
76.5,197.5,0.0
77.5,197.5,0.0
78.5,197.5,0.0
79.5,197.5,0.0
80.5,197.5,0.0
81.5,197.5,0.0
82.5,197.5,0.0
83.5,197.5,0.0
84.5,197.5,0.0
85.5,197.5,0.0
86.5,197.5,0.0
87.5,197.5,0.0
88.5,197.5,0.0
89.5,197.5,0.0
90.5,197.5,0.0
91.5,197.5,0.0
92.5,197.5,0.0
93.5,197.5,0.0
94.5,197.5,0.0
95.5,197.5,0.0
96.5,197.5,0.0
97.5,197.5,0.0
98.5,197.5,0.0
99.5,197.5,0.0
100.5,197.5,0.0
101.5,197.5,0.0
102.5,197.5,0.0
103.5,197.5,0.0
104.5,197.5,0.0
105.5,197.5,0.0
106.5,197.5,0.0
107.5,197.5,0.0
108.5,197.5,0.0
109.5,197.5,0.0
110.5,197.5,0.0
111.5,197.5,0.0
112.5,197.5,0.0
113.5,197.5,0.0
114.5,197.5,0.0
115.5,197.5,0.0
116.5,197.5,0.0
117.5,197.5,0.0
118.5,197.5,0.0
119.5,197.5,0.0
120.5,197.5,0.0
121.5,197.5,0.0
122.5,197.5,0.0
123.5,197.5,0.0
124.5,197.5,0.0
125.5,197.5,0.0
126.5,197.5,0.0
127.5,197.5,0.0
128.5,197.5,0.0
129.5,197.5,0.0
130.5,197.5,0.0
131.5,197.5,0.0
132.5,197.5,0.0
133.5,197.5,0.0
134.5,197.5,0.0
135.5,197.5,0.0
136.5,197.5,0.0
137.5,197.5,0.0
138.5,197.5,0.0
139.5,197.5,0.0
140.5,197.5,0.0
141.5,197.5,0.0
142.5,197.5,0.0
143.5,197.5,0.0
144.5,197.5,0.0
145.5,197.5,0.0
146.5,197.5,0.0
147.5,197.5,0.0
148.5,197.5,0.0
149.5,197.5,0.0
150.5,197.5,0.0
151.5,197.5,0.0
152.5,197.5,0.0
153.5,197.5,0.0
154.5,197.5,0.0
155.5,197.5,0.0
156.5,197.5,0.0
157.5,197.5,0.0
158.5,197.5,0.0
159.5,197.5,0.0
160.5,197.5,0.0
161.5,197.5,0.0
162.5,197.5,0.0
163.5,197.5,0.0
164.5,197.5,0.0
165.5,197.5,0.0
166.5,197.5,0.0
167.5,197.5,0.0
168.5,197.5,0.0
169.5,197.5,0.0
170.5,197.5,0.0
171.5,197.5,0.0
172.5,197.5,0.0
173.5,197.5,0.0
174.5,197.5,0.0
175.5,197.5,0.0
176.5,197.5,0.0
177.5,197.5,0.0
178.5,197.5,0.0
179.5,197.5,0.0
180.5,197.5,0.0
181.5,197.5,0.0
182.5,197.5,0.0
183.5,197.5,0.0
184.5,197.5,0.0
185.5,197.5,0.0
186.5,197.5,0.0
187.5,197.5,0.0
188.5,197.5,0.0
189.5,197.5,0.0
190.5,197.5,0.0
191.5,197.5,0.0
192.5,197.5,0.0
193.5,197.5,0.0
194.5,197.5,0.0
195.5,197.5,0.0
196.5,197.5,0.0
197.5,197.5,0.0
198.5,197.5,0.0
199.5,197.5,0.0
0.5,198.5,0.0
1.5,198.5,0.0
2.5,198.5,0.0
3.5,198.5,0.0
4.5,198.5,0.0
5.5,198.5,0.0
6.5,198.5,0.0
7.5,198.5,0.0
8.5,198.5,0.0
9.5,198.5,0.0
10.5,198.5,0.0
11.5,198.5,0.0
12.5,198.5,0.0
13.5,198.5,0.0
14.5,198.5,0.0
15.5,198.5,0.0
16.5,198.5,0.0
17.5,198.5,0.0
18.5,198.5,0.0
19.5,198.5,0.0
20.5,198.5,0.0
21.5,198.5,0.0
22.5,198.5,0.0
23.5,198.5,0.0
24.5,198.5,0.0
25.5,198.5,0.0
26.5,198.5,0.0
27.5,198.5,0.0
28.5,198.5,0.0
29.5,198.5,0.0
30.5,198.5,0.0
31.5,198.5,0.0
32.5,198.5,0.0
33.5,198.5,0.0
34.5,198.5,0.0
35.5,198.5,0.0
36.5,198.5,0.0
37.5,198.5,0.0
38.5,198.5,0.0
39.5,198.5,0.0
40.5,198.5,0.0
41.5,198.5,0.0
42.5,198.5,0.0
43.5,198.5,0.0
44.5,198.5,0.0
45.5,198.5,0.0
46.5,198.5,0.0
47.5,198.5,0.0
48.5,198.5,0.0
49.5,198.5,0.0
50.5,198.5,0.0
51.5,198.5,0.0
52.5,198.5,0.0
53.5,198.5,0.0
54.5,198.5,0.0
55.5,198.5,0.0
56.5,198.5,0.0
57.5,198.5,0.0
58.5,198.5,0.0
59.5,198.5,0.0
60.5,198.5,0.0
61.5,198.5,0.0
62.5,198.5,0.0
63.5,198.5,0.0
64.5,198.5,0.0
65.5,198.5,0.0
66.5,198.5,0.0
67.5,198.5,0.0
68.5,198.5,0.0
69.5,198.5,0.0
70.5,198.5,0.0
71.5,198.5,0.0
72.5,198.5,0.0
73.5,198.5,0.0
74.5,198.5,0.0
75.5,198.5,0.0
76.5,198.5,0.0
77.5,198.5,0.0
78.5,198.5,0.0
79.5,198.5,0.0
80.5,198.5,0.0
81.5,198.5,0.0
82.5,198.5,0.0
83.5,198.5,0.0
84.5,198.5,0.0
85.5,198.5,0.0
86.5,198.5,0.0
87.5,198.5,0.0
88.5,198.5,0.0
89.5,198.5,0.0
90.5,198.5,0.0
91.5,198.5,0.0
92.5,198.5,0.0
93.5,198.5,0.0
94.5,198.5,0.0
95.5,198.5,0.0
96.5,198.5,0.0
97.5,198.5,0.0
98.5,198.5,0.0
99.5,198.5,0.0
100.5,198.5,0.0
101.5,198.5,0.0
102.5,198.5,0.0
103.5,198.5,0.0
104.5,198.5,0.0
105.5,198.5,0.0
106.5,198.5,0.0
107.5,198.5,0.0
108.5,198.5,0.0
109.5,198.5,0.0
110.5,198.5,0.0
111.5,198.5,0.0
112.5,198.5,0.0
113.5,198.5,0.0
114.5,198.5,0.0
115.5,198.5,0.0
116.5,198.5,0.0
117.5,198.5,0.0
118.5,198.5,0.0
119.5,198.5,0.0
120.5,198.5,0.0
121.5,198.5,0.0
122.5,198.5,0.0
123.5,198.5,0.0
124.5,198.5,0.0
125.5,198.5,0.0
126.5,198.5,0.0
127.5,198.5,0.0
128.5,198.5,0.0
129.5,198.5,0.0
130.5,198.5,0.0
131.5,198.5,0.0
132.5,198.5,0.0
133.5,198.5,0.0
134.5,198.5,0.0
135.5,198.5,0.0
136.5,198.5,0.0
137.5,198.5,0.0
138.5,198.5,0.0
139.5,198.5,0.0
140.5,198.5,0.0
141.5,198.5,0.0
142.5,198.5,0.0
143.5,198.5,0.0
144.5,198.5,0.0
145.5,198.5,0.0
146.5,198.5,0.0
147.5,198.5,0.0
148.5,198.5,0.0
149.5,198.5,0.0
150.5,198.5,0.0
151.5,198.5,0.0
152.5,198.5,0.0
153.5,198.5,0.0
154.5,198.5,0.0
155.5,198.5,0.0
156.5,198.5,0.0
157.5,198.5,0.0
158.5,198.5,0.0
159.5,198.5,0.0
160.5,198.5,0.0
161.5,198.5,0.0
162.5,198.5,0.0
163.5,198.5,0.0
164.5,198.5,0.0
165.5,198.5,0.0
166.5,198.5,0.0
167.5,198.5,0.0
168.5,198.5,0.0
169.5,198.5,0.0
170.5,198.5,0.0
171.5,198.5,0.0
172.5,198.5,0.0
173.5,198.5,0.0
174.5,198.5,0.0
175.5,198.5,0.0
176.5,198.5,0.0
177.5,198.5,0.0
178.5,198.5,0.0
179.5,198.5,0.0
180.5,198.5,0.0
181.5,198.5,0.0
182.5,198.5,0.0
183.5,198.5,0.0
184.5,198.5,0.0
185.5,198.5,0.0
186.5,198.5,0.0
187.5,198.5,0.0
188.5,198.5,0.0
189.5,198.5,0.0
190.5,198.5,0.0
191.5,198.5,0.0
192.5,198.5,0.0
193.5,198.5,0.0
194.5,198.5,0.0
195.5,198.5,0.0
196.5,198.5,0.0
197.5,198.5,0.0
198.5,198.5,0.0
199.5,198.5,0.0
0.5,199.5,0.0
1.5,199.5,0.0
2.5,199.5,0.0
3.5,199.5,0.0
4.5,199.5,0.0
5.5,199.5,0.0
6.5,199.5,0.0
7.5,199.5,0.0
8.5,199.5,0.0
9.5,199.5,0.0
10.5,199.5,0.0
11.5,199.5,0.0
12.5,199.5,0.0
13.5,199.5,0.0
14.5,199.5,0.0
15.5,199.5,0.0
16.5,199.5,0.0
17.5,199.5,0.0
18.5,199.5,0.0
19.5,199.5,0.0
20.5,199.5,0.0
21.5,199.5,0.0
22.5,199.5,0.0
23.5,199.5,0.0
24.5,199.5,0.0
25.5,199.5,0.0
26.5,199.5,0.0
27.5,199.5,0.0
28.5,199.5,0.0
29.5,199.5,0.0
30.5,199.5,0.0
31.5,199.5,0.0
32.5,199.5,0.0
33.5,199.5,0.0
34.5,199.5,0.0
35.5,199.5,0.0
36.5,199.5,0.0
37.5,199.5,0.0
38.5,199.5,0.0
39.5,199.5,0.0
40.5,199.5,0.0
41.5,199.5,0.0
42.5,199.5,0.0
43.5,199.5,0.0
44.5,199.5,0.0
45.5,199.5,0.0
46.5,199.5,0.0
47.5,199.5,0.0
48.5,199.5,0.0
49.5,199.5,0.0
50.5,199.5,0.0
51.5,199.5,0.0
52.5,199.5,0.0
53.5,199.5,0.0
54.5,199.5,0.0
55.5,199.5,0.0
56.5,199.5,0.0
57.5,199.5,0.0
58.5,199.5,0.0
59.5,199.5,0.0
60.5,199.5,0.0
61.5,199.5,0.0
62.5,199.5,0.0
63.5,199.5,0.0
64.5,199.5,0.0
65.5,199.5,0.0
66.5,199.5,0.0
67.5,199.5,0.0
68.5,199.5,0.0
69.5,199.5,0.0
70.5,199.5,0.0
71.5,199.5,0.0
72.5,199.5,0.0
73.5,199.5,0.0
74.5,199.5,0.0
75.5,199.5,0.0
76.5,199.5,0.0
77.5,199.5,0.0
78.5,199.5,0.0
79.5,199.5,0.0
80.5,199.5,0.0
81.5,199.5,0.0
82.5,199.5,0.0
83.5,199.5,0.0
84.5,199.5,0.0
85.5,199.5,0.0
86.5,199.5,0.0
87.5,199.5,0.0
88.5,199.5,0.0
89.5,199.5,0.0
90.5,199.5,0.0
91.5,199.5,0.0
92.5,199.5,0.0
93.5,199.5,0.0
94.5,199.5,0.0
95.5,199.5,0.0
96.5,199.5,0.0
97.5,199.5,0.0
98.5,199.5,0.0
99.5,199.5,0.0
100.5,199.5,0.0
101.5,199.5,0.0
102.5,199.5,0.0
103.5,199.5,0.0
104.5,199.5,0.0
105.5,199.5,0.0
106.5,199.5,0.0
107.5,199.5,0.0
108.5,199.5,0.0
109.5,199.5,0.0
110.5,199.5,0.0
111.5,199.5,0.0
112.5,199.5,0.0
113.5,199.5,0.0
114.5,199.5,0.0
115.5,199.5,0.0
116.5,199.5,0.0
117.5,199.5,0.0
118.5,199.5,0.0
119.5,199.5,0.0
120.5,199.5,0.0
121.5,199.5,0.0
122.5,199.5,0.0
123.5,199.5,0.0
124.5,199.5,0.0
125.5,199.5,0.0
126.5,199.5,0.0
127.5,199.5,0.0
128.5,199.5,0.0
129.5,199.5,0.0
130.5,199.5,0.0
131.5,199.5,0.0
132.5,199.5,0.0
133.5,199.5,0.0
134.5,199.5,0.0
135.5,199.5,0.0
136.5,199.5,0.0
137.5,199.5,0.0
138.5,199.5,0.0
139.5,199.5,0.0
140.5,199.5,0.0
141.5,199.5,0.0
142.5,199.5,0.0
143.5,199.5,0.0
144.5,199.5,0.0
145.5,199.5,0.0
146.5,199.5,0.0
147.5,199.5,0.0
148.5,199.5,0.0
149.5,199.5,0.0
150.5,199.5,0.0
151.5,199.5,0.0
152.5,199.5,0.0
153.5,199.5,0.0
154.5,199.5,0.0
155.5,199.5,0.0
156.5,199.5,0.0
157.5,199.5,0.0
158.5,199.5,0.0
159.5,199.5,0.0
160.5,199.5,0.0
161.5,199.5,0.0
162.5,199.5,0.0
163.5,199.5,0.0
164.5,199.5,0.0
165.5,199.5,0.0
166.5,199.5,0.0
167.5,199.5,0.0
168.5,199.5,0.0
169.5,199.5,0.0
170.5,199.5,0.0
171.5,199.5,0.0
172.5,199.5,0.0
173.5,199.5,0.0
174.5,199.5,0.0
175.5,199.5,0.0
176.5,199.5,0.0
177.5,199.5,0.0
178.5,199.5,0.0
179.5,199.5,0.0
180.5,199.5,0.0
181.5,199.5,0.0
182.5,199.5,0.0
183.5,199.5,0.0
184.5,199.5,0.0
185.5,199.5,0.0
186.5,199.5,0.0
187.5,199.5,0.0
188.5,199.5,0.0
189.5,199.5,0.0
190.5,199.5,0.0
191.5,199.5,0.0
192.5,199.5,0.0
193.5,199.5,0.0
194.5,199.5,0.0
195.5,199.5,0.0
196.5,199.5,0.0
197.5,199.5,0.0
198.5,199.5,0.0
199.5,199.5,0.0
