Days,Viral Load
0,1000.000000
1,995.999939
2,992.016113
3,988.048035
4,984.095581
5,980.159424
6,976.239136
7,972.333618
8,968.444458
9,964.570618
10,960.711914
11,956.869263
12,953.042297
13,949.229309
14,945.432678
15,941.651306
16,937.884766
17,934.132568
18,930.397156
19,926.675232
20,922.968994
21,919.277466
22,915.600769
23,911.938660
24,908.291504
25,904.658997
26,901.040771
27,897.438538
28,893.849548
29,890.276001
30,886.716003
31,883.171387
32,879.640686
33,876.124817
34,872.622253
35,869.134705
36,865.661011
37,862.203003
38,858.758606
39,855.329224
40,851.912170
41,848.510376
42,845.122559
43,841.748718
44,838.389038
45,835.042725
46,831.711609
47,828.393860
48,825.089783
49,821.801208
50,818.524475
51,815.262085
52,812.013611
53,808.779053
54,805.558228
55,802.351440
56,799.158142
57,795.977417
58,792.810974
59,789.658752
60,786.519653
61,783.392761
62,780.279968
63,777.181763
64,774.095642
65,771.022949
66,767.963501
67,764.918030
68,761.883911
69,758.864502
70,755.857239
71,752.862854
72,749.881592
73,746.913757
74,743.957825
75,741.015442
76,738.084900
77,735.168091
78,732.262634
79,729.369934
80,726.489990
81,723.622375
82,720.767273
83,717.924377
84,715.093445
85,712.275330
86,709.468628
87,706.673706
88,703.864807
89,701.094055
90,698.335388
91,695.588623
92,692.853394
93,690.130066
94,687.418396
95,684.717773
96,682.028381
97,679.350342
98,676.684814
99,674.029663
100,671.385742
101,668.753845
102,666.132263
103,663.521729
104,660.921570
105,658.333679
106,655.755554
107,653.188904
108,650.632507
109,648.087646
110,645.551880
111,643.028381
112,640.518799
113,638.019226
114,635.527039
115,633.046326
116,630.582336
117,628.123962
118,625.671448
119,623.233887
120,620.802246
121,618.384155
122,615.977356
123,613.578552
124,611.189880
125,608.811035
126,606.442078
127,604.078552
128,601.729614
129,599.388611
130,597.058533
131,594.737244
132,592.424866
133,590.121643
134,587.828369
135,585.546875
136,583.275146
137,581.011841
138,578.758179
139,576.512756
140,574.277100
141,572.050476
142,569.832458
143,567.623291
144,565.422668
145,563.230530
146,561.048035
147,558.853760
148,556.687683
149,554.523499
150,552.368042
151,550.202515
152,548.024841
153,545.856140
154,543.704529
155,541.553528
156,539.409851
157,537.275146
158,535.148804
159,533.031494
160,530.922791
161,528.822327
162,526.730896
163,524.647034
164,522.572571
165,520.506165
166,518.447937
167,516.435181
168,514.430115
169,512.423157
170,510.433990
171,508.452332
172,506.479126
173,504.503296
174,502.544373
175,500.593811
176,498.650970
177,496.705170
178,494.758209
179,492.837280
180,490.904114
181,488.987732
182,487.070770
183,485.163910
184,483.270660
185,481.375366
186,479.496002
187,477.615326
188,475.751373
189,473.894348
190,472.035736
191,470.193726
192,468.358734
193,466.529236
194,464.707214
195,462.894745
196,461.087708
197,459.287964
198,457.494904
199,455.708801
200,453.929871
201,452.157715
202,450.390533
203,448.632263
204,446.880554
205,445.135315
206,443.397064
207,441.672028
208,439.951111
209,438.233185
210,436.523224
211,434.818024
212,433.119720
213,431.428070
214,429.742554
215,428.056152
216,426.383911
217,424.712402
218,423.053040
219,421.400085
220,419.762146
221,418.122040
222,416.488281
223,414.860138
224,413.238708
225,411.623230
226,410.015900
227,408.422302
228,406.825714
229,405.235016
230,403.648865
231,402.070374
232,400.497070
233,398.930542
234,397.369324
235,395.817108
236,394.266907
237,392.724640
238,391.188049
239,389.657806
240,388.133209
241,386.614532
242,385.101685
243,383.594727
244,382.093689
245,380.595276
246,379.103088
247,377.619080
248,376.138458
249,374.665436
250,373.196533
251,371.735321
252,370.275421
253,368.825897
254,367.381470
255,365.942352
256,364.509277
257,363.083221
258,361.661133
259,360.246277
260,358.834656
261,357.428833
262,356.028503
263,354.633484
264,353.243622
265,351.859070
266,350.479858
267,349.108307
268,347.739868
269,346.370758
270,345.012665
271,343.660065
272,342.310242
273,340.970062
274,339.632874
275,338.298706
276,336.971649
277,335.649841
278,334.333160
279,333.021759
280,331.720337
281,330.413574
282,329.116882
283,327.825287
284,326.538849
285,325.257202
286,323.980621
287,322.708649
288,321.441772
289,320.179871
290,318.922607
291,317.675537
292,316.420654
293,315.175812
294,313.943146
295,312.710022
296,311.483673
297,310.259155
298,309.040436
299,307.826050
300,306.614563
301,305.402679
302,304.199951
303,303.004517
304,301.813507
305,300.633759
306,299.447540
307,298.270294
308,297.097748
309,295.929504
310,294.769531
311,293.610565
312,292.455444
313,291.305603
314,290.159821
315,289.016296
316,287.879486
317,286.746979
318,285.614288
319,284.490692
320,283.371002
321,282.255951
322,281.145203
323,280.036591
324,278.932190
325,277.831909
326,276.734192
327,275.644684
328,274.559265
329,273.478455
330,272.401489
331,271.328644
332,270.260254
333,269.192902
334,268.132568
335,267.076477
336,266.024170
337,264.975250
338,263.933044
339,262.893066
340,261.857361
341,260.825531
342,259.797363
343,258.773468
344,257.753326
345,256.737457
346,255.725464
347,254.717224
348,253.712997
349,252.712448
350,251.718018
351,250.728806
352,249.740082
353,248.754913
354,247.771866
355,246.794449
356,245.818954
357,244.850891
358,243.884842
359,242.922546
360,241.964050
361,241.009277
362,240.057999
363,239.112335
364,238.168564
365,237.228653
366,236.292053
367,235.359222
368,234.429977
369,233.504318
370,232.582397
371,231.661530
372,230.744858
373,229.833664
374,228.925781
375,228.021729
376,227.120850
377,226.223740
378,225.329773
379,224.436874
380,223.549942
381,222.665482
382,221.785568
383,220.909103
384,220.036041
385,219.163422
386,218.297119
387,217.434189
388,216.574585
389,215.718506
390,214.865402
391,214.015961
392,213.169800
393,212.326859
394,211.487076
395,210.648071
396,209.815018
397,208.984009
398,208.160172
399,207.335068
400,206.514969
401,205.695068
402,204.878586
403,204.067871
404,203.260361
405,202.455841
406,201.654541
407,200.856476
408,200.061447
409,199.269470
410,198.480637
411,197.694946
412,196.912094
413,196.132645
414,195.356033
415,194.582413
416,193.811874
417,193.044266
418,192.282196
419,191.520782
420,190.762131
421,190.003922
422,189.251373
423,188.503189
424,187.756302
425,187.012390
426,186.269913
427,185.531876
428,184.795944
429,184.063461
430,183.333435
431,182.606857
432,181.882874
433,181.161987
434,180.443878
435,179.728561
436,179.013611
437,178.303757
438,177.596970
439,176.894241
440,176.192703
441,175.491821
442,174.795807
443,174.102554
444,173.411957
445,172.721802
446,172.036743
447,171.354309
448,170.674484
449,169.997360
450,169.322983
451,168.649078
452,167.979996
453,167.313400
454,166.649429
455,165.988068
456,165.329239
457,164.671860
458,164.018356
459,163.367310
460,162.718719
461,162.070969
462,161.427521
463,160.787933
464,160.149521
465,159.513641
466,158.880295
467,158.249237
468,157.620850
469,156.994766
470,156.371399
471,155.750214
472,155.131638
473,154.515320
474,153.901398
475,153.290085
476,152.679153
477,152.072586
478,151.469635
479,150.867676
480,150.268143
481,150.766663
482,151.263138
483,151.757507
484,152.249939
485,152.741501
486,154.325562
487,155.902832
488,157.474228
489,159.039505
490,161.692856
491,164.336838
492,166.970276
493,169.593353
494,172.205032
495,174.807327
496,178.494888
497,183.266251
498,188.025284
499,193.858261
500,199.669235
501,205.459503
502,212.325455
503,220.256927
504,228.157745
505,236.027939
506,244.963181
507,253.863541
508,262.729340
509,271.560974
510,280.357361
511,289.120697
512,297.849915
513,306.545288
514,315.229462
515,324.952911
516,334.638550
517,344.285797
518,353.896362
519,364.563690
520,375.195831
521,385.752014
522,398.480164
523,412.249542
524,425.963501
525,439.622803
526,453.228729
527,467.877625
528,482.470856
529,497.008514
530,511.490997
531,528.109985
532,545.762085
533,563.309143
534,580.826965
535,598.278137
536,615.663086
537,632.981201
538,650.233704
539,667.420776
540,684.537476
541,702.687378
542,720.816956
543,738.777100
544,757.813721
545,776.729858
546,795.618408
547,814.433350
548,833.167786
549,851.836731
550,871.527405
551,892.239624
552,913.969299
553,937.810791
554,962.689026
555,988.591736
556,1014.415955
557,1040.157471
558,1065.875244
559,1091.461304
560,1116.937622
561,1142.322510
562,1167.614380
563,1193.878662
564,1220.074097
565,1246.169189
566,1272.175415
567,1299.170532
568,1326.024658
569,1353.871216
570,1382.744995
571,1411.507202
572,1440.158447
573,1468.697998
574,1497.126465
575,1526.535522
576,1555.823608
577,1584.993042
578,1613.945923
579,1642.867432
580,1671.686035
581,1700.443481
582,1729.034668
583,1758.572876
584,1789.129517
585,1820.721680
586,1853.237061
587,1887.811890
588,1922.247559
589,1957.645630
590,1992.899170
591,2028.012817
592,2062.989746
593,2097.828125
594,2133.621094
595,2169.272705
596,2204.815674
597,2240.186523
598,2275.413818
599,2311.603760
600,2347.686523
601,2384.690674
602,2422.652344
603,2460.464355
604,2499.223389
605,2537.870361
606,2576.333008
607,2616.858154
608,2657.199951
609,2698.473145
610,2739.588135
611,2781.644531
612,2823.533936
613,2865.295166
614,2906.864014
615,2948.269775
616,2989.513428
617,3030.595947
618,3071.516357
619,3112.320557
620,3152.924072
621,3193.351074
622,3233.702148
623,3273.875000
624,3314.936523
625,3355.874023
626,3397.529541
627,3441.388184
628,3485.064941
629,3529.654785
630,3574.066895
631,3619.369385
632,3665.558105
633,3711.532959
634,3758.408447
635,3805.072754
636,3852.634277
637,3899.993896
638,3948.310303
639,3996.364258
640,4044.220215
641,4091.881836
642,4139.272949
643,4186.545898
644,4233.627930
645,4280.517578
646,4328.318848
647,4375.925293
648,4423.302734
649,4470.527344
650,4517.568848
651,4565.512695
652,4614.418945
653,4663.083008
654,4711.462891
655,4759.747559
656,4807.848145
657,4855.747559
658,4903.470215
659,4951.000000
660,5000.560059
661,5049.951172
662,5100.264648
663,5150.352051
664,5200.274902
665,5250.041504
666,5299.619141
667,5349.019531
668,5399.313477
669,5449.423340
670,5499.424805
671,5549.152344
672,5598.589844
673,5647.929199
674,5698.162598
675,5749.286621
676,5800.330078
677,5851.040527
678,5901.546875
679,5952.962402
680,6004.078613
681,6056.174805
682,6108.065430
683,6160.852539
684,6214.525391
685,6267.986328
686,6321.239258
687,6374.230957
688,6427.062012
689,6480.742188
690,6534.250488
691,6589.744141
692,6645.166504
693,6700.372559
694,6756.307617
695,6812.023926
696,6867.522461
697,6922.807129
698,6977.875977
699,7032.720215
700,7087.351562
701,7142.873047
702,7198.176758
703,7253.269531
704,7308.151855
705,7362.809082
706,7417.259766
707,7471.499512
708,7525.528320
709,7579.285156
710,7634.008789
711,7688.502441
712,7742.773926
713,7797.918945
714,7854.012207
715,7909.913574
716,7965.602051
717,8021.106445
718,8076.388672
719,8131.467773
720,8188.584961
721,8245.536133
722,8302.301758
723,8358.885742
724,8415.281250
725,8471.461914
726,8527.464844
727,8583.251953
728,8639.002930
729,8694.550781
730,8750.801758
731,8806.795898
732,8862.628906
733,8919.338867
734,8975.821289
735,9032.088867
736,9088.131836
737,9143.958984
738,9199.565430
739,9254.846680
740,9311.084961
741,9367.071289
742,9422.816406
743,9478.315430
744,9533.580078
745,9588.607422
746,9643.402344
747,9697.961914
748,9752.302734
749,9807.497070
750,9862.472656
751,9917.160156
752,9971.517578
753,10025.809570
754,10079.874023
755,10133.711914
756,10188.413086
757,10244.234375
758,10300.675781
759,10356.861328
760,10412.799805
761,10468.473633
762,10526.087891
763,10583.471680
764,10640.643555
765,10697.409180
766,10754.056641
767,10810.497070
768,10866.718750
769,10922.715820
770,10978.470703
771,11033.982422
772,11089.279297
773,11144.362305
774,11199.235352
775,11253.898438
776,11308.326172
777,11362.478516
778,11416.731445
779,11472.731445
780,11528.530273
781,11584.138672
782,11639.528320
783,11694.719727
784,11749.688477
785,11804.431641
786,11858.999023
787,11915.522461
788,11971.810547
789,12028.986328
790,12087.075195
791,12144.917969
792,12202.557617
793,12261.054688
794,12320.439453
795,12379.529297
796,12438.442383
797,12497.142578
798,12555.577148
799,12613.838867
800,12671.831055
801,12729.604492
802,12787.198242
803,12844.531250
804,12901.673828
805,12958.597656
806,13015.294922
807,13071.754883
808,13129.133789
809,13187.384766
810,13245.434570
811,13303.291016
812,13360.917969
813,13418.334961
814,13475.536133
815,13532.751953
816,13589.503906
817,13647.112305
818,13704.465820
819,13762.683594
820,13820.654297
821,13879.465820
822,13938.041992
823,13998.541016
824,14058.813477
825,14119.899414
826,14180.747070
827,14241.368164
828,14301.635742
829,14362.848633
830,14423.794922
831,14484.520508
832,14545.010742
833,14605.263672
834,14665.285156
835,14724.848633
836,14784.390625
837,14843.681641
838,14902.750000
839,14961.567383
840,15021.274414
841,15080.741211
842,15139.977539
843,15198.980469
844,15257.754883
845,15316.306641
846,15374.625977
847,15432.690430
848,15490.544922
849,15548.185547
850,15605.525391
851,15662.514648
852,15719.469727
853,15776.223633
854,15833.844727
855,15891.244141
856,15948.418945
857,16005.336914
858,16061.855469
859,16118.103516
860,16174.372070
861,16230.421875
862,16286.270508
863,16341.918945
864,16397.257812
865,16452.464844
866,16507.447266
867,16562.222656
868,16616.775391
869,16671.134766
870,16725.261719
871,16779.189453
872,16832.900391
873,16886.406250
874,16939.708984
875,16992.792969
876,17045.533203
877,17098.193359
878,17150.667969
879,17202.931641
880,17254.986328
881,17306.818359
882,17358.511719
883,17409.964844
884,17461.218750
885,17512.269531
886,17563.097656
887,17613.742188
888,17664.179688
889,17714.337891
890,17765.484375
891,17816.416016
892,17867.169922
893,17917.679688
894,17968.031250
895,18018.171875
896,18068.130859
897,18117.886719
898,18167.207031
899,18216.572266
900,18266.796875
901,18316.826172
902,18366.617188
903,18417.291016
904,18467.753906
905,18518.009766
906,18567.808594
907,18618.748047
908,18669.458984
909,18719.957031
910,18770.271484
911,18820.388672
912,18870.308594
913,18920.007812
914,18969.500000
915,19018.769531
916,19067.871094
917,19116.781250
918,19165.812500
919,19214.343750
920,19263.697266
921,19312.847656
922,19361.800781
923,19410.488281
924,19459.380859
925,19507.677734
926,19555.562500
927,19603.480469
928,19651.177734
929,19698.681641
930,19745.964844
931,19793.097656
932,19840.039062
933,19887.683594
934,19935.322266
935,19982.763672
936,20031.107422
937,20079.257812
938,20127.179688
939,20174.693359
940,20222.261719
941,20270.751953
942,20319.048828
943,20366.910156
944,20414.808594
945,20462.541016
946,20510.083984
947,20557.810547
948,20604.976562
949,20651.931641
950,20698.708984
951,20745.701172
952,20791.978516
953,20838.208984
954,20884.265625
955,20930.105469
956,20975.773438
957,21021.078125
958,21066.404297
959,21112.320312
960,21158.386719
961,21204.259766
962,21249.941406
963,21295.472656
964,21340.808594
965,21385.957031
966,21431.009766
967,21475.794922
968,21520.423828
969,21564.867188
970,21609.115234
971,21653.228516
972,21697.197266
973,21742.103516
974,21786.767578
975,21831.248047
976,21875.568359
977,21919.689453
978,21963.628906
979,22007.408203
980,22051.005859
981,22094.439453
982,22137.666016
983,22180.771484
984,22223.681641
985,22266.423828
986,22308.685547
987,22351.082031
988,22393.314453
989,22435.382812
990,22477.619141
991,22519.341797
992,22561.941406
993,22604.148438
994,22646.468750
995,22688.646484
996,22730.636719
997,22772.429688
998,22814.070312
999,22855.585938
1000,22896.906250
1001,22938.080078
1002,22979.402344
1003,23020.236328
1004,23060.910156
1005,23101.449219
1006,23141.755859
1007,23181.947266
1008,23221.777344
1009,23261.611328
1010,23301.341797
1011,23340.890625
1012,23380.285156
1013,23419.509766
1014,23458.332031
1015,23497.232422
1016,23536.011719
1017,23574.613281
1018,23613.080078
1019,23651.396484
1020,23689.562500
1021,23727.468750
1022,23765.662109
1023,23803.332031
1024,23840.792969
1025,23878.171875
1026,23915.740234
1027,23952.814453
1028,23989.753906
1029,24026.626953
1030,24064.380859
1031,24101.984375
1032,24139.414062
1033,24176.623047
1034,24214.861328
1035,24254.070312
1036,24293.117188
1037,24332.812500
1038,24372.650391
1039,24413.408203
1040,24454.005859
1041,24494.457031
1042,24534.730469
1043,24574.865234
1044,24614.873047
1045,24654.685547
1046,24694.330078
1047,24733.812500
1048,24774.048828
1049,24814.050781
1050,24855.263672
1051,24896.304688
1052,24937.166016
1053,24977.869141
1054,25018.406250
1055,25058.791016
1056,25098.996094
1057,25139.052734
1058,25178.550781
1059,25220.191406
1060,25263.041016
1061,25305.716797
1062,25349.291016
1063,25392.710938
1064,25435.882812
1065,25478.849609
1066,25522.783203
1067,25567.609375
1068,25612.203125
1069,25656.619141
1070,25700.939453
1071,25744.994141
1072,25789.654297
1073,25834.449219
1074,25880.111328
1075,25925.642578
1076,25971.009766
1077,26016.142578
1078,26063.357422
1079,26112.462891
1080,26161.326172
1081,26209.990234
1082,26258.910156
1083,26307.097656
1084,26357.351562
1085,26407.339844
1086,26458.052734
1087,26508.730469
1088,26559.208984
1089,26609.482422
1090,26662.841797
1091,26718.214844
1092,26773.365234
1093,26828.242188
1094,26884.080078
1095,26940.828125
1096,26998.453125
1097,27056.931641
1098,27116.281250
1099,27175.220703
1100,27235.269531
1101,27296.193359
1102,27356.849609
1103,27418.388672
1104,27479.720703
1105,27543.013672
1106,27606.121094
1107,27668.933594
1108,27732.654297
1109,27797.279297
1110,27861.646484
1111,27925.761719
1112,27990.150391
1113,28055.964844
1114,28121.490234
1115,28190.119141
1116,28258.453125
1117,28327.625000
1118,28396.427734
1119,28467.208984
1120,28541.027344
1121,28614.541016
1122,28687.671875
1123,28762.328125
1124,28837.212891
1125,28911.769531
1126,28988.250000
1127,29065.488281
1128,29142.375000
1129,29218.962891
1130,29295.248047
1131,29372.304688
1132,29450.039062
1133,29528.523438
1134,29607.279297
1135,29687.417969
1136,29768.154297
1137,29849.462891
1138,29931.763672
1139,30015.867188
1140,30100.648438
1141,30186.931641
1142,30274.296875
1143,30360.488281
1144,30448.144531
1145,30537.697266
1146,30628.162109
1147,30718.585938
1148,30809.718750
1149,30902.183594
1150,30994.941406
1151,31089.935547
1152,31185.720703
1153,31282.083984
1154,31378.822266
1155,31476.691406
1156,31574.835938
1157,31671.689453
1158,31769.482422
1159,31867.148438
1160,31964.818359
1161,32062.968750
1162,32164.615234
1163,32265.945312
1164,32368.679688
1165,32473.621094
1166,32578.140625
1167,32683.402344
1168,32789.972656
1169,32895.531250
1170,33001.722656
1171,33108.546875
1172,33214.988281
1173,33325.351562
1174,33436.433594
1175,33547.117188
1176,33658.449219
1177,33769.363281
1178,33881.128906
1179,33993.371094
1180,34106.300781
1181,34219.851562
1182,34334.093750
1183,34447.898438
1184,34561.277344
1185,34675.304688
1186,34788.902344
1187,34902.046875
1188,35016.796875
1189,35131.242188
1190,35247.453125
1191,35365.367188
1192,35484.578125
1193,35604.855469
1194,35725.742188
1195,35847.339844
1196,35969.550781
1197,36091.265625
1198,36212.546875
1199,36335.511719
1200,36459.105469
1201,36585.582031
1202,36711.453125
1203,36836.828125
1204,36964.710938
1205,37093.492188
1206,37222.453125
1207,37350.691406
1208,37478.867188
1209,37607.859375
1210,37738.519531
1211,37871.875000
1212,38006.906250
1213,38141.371094
1214,38276.320312
1215,38412.968750
1216,38553.402344
1217,38696.554688
1218,38838.773438
1219,38981.792969
1220,39124.253906
1221,39267.152344
1222,39408.886719
1223,39550.621094
1224,39694.007812
1225,39837.906250
1226,39980.625000
1227,40126.089844
1228,40272.128906
1229,40420.250000
1230,40569.957031
1231,40720.207031
1232,40869.789062
1233,41018.808594
1234,41167.179688
1235,41314.976562
1236,41465.433594
1237,41616.359375
1238,41771.132812
1239,41926.023438
1240,42081.347656
1241,42237.500000
1242,42394.222656
1243,42553.601562
1244,42713.800781
1245,42875.210938
1246,43037.109375
1247,43201.683594
1248,43366.648438
1249,43531.406250
1250,43696.226562
1251,43860.398438
1252,44024.621094
1253,44187.531250
1254,44351.582031
1255,44515.394531
1256,44679.613281
1257,44845.390625
1258,45010.492188
1259,45174.906250
1260,45338.980469
1261,45502.070312
1262,45668.574219
1263,45835.902344
1264,46002.648438
1265,46168.613281
1266,46337.742188
1267,46505.835938
1268,46673.441406
1269,46843.621094
1270,47013.781250
1271,47186.921875
1272,47361.167969
1273,47535.281250
1274,47709.765625
1275,47885.421875
1276,48060.632812
1277,48234.738281
1278,48409.574219
1279,48584.878906
1280,48761.199219
1281,48938.375000
1282,49115.230469
1283,49291.664062
1284,49471.183594
1285,49650.046875
1286,49829.335938
1287,50007.125000
1288,50189.039062
1289,50371.695312
1290,50553.621094
1291,50735.875000
1292,50917.503906
1293,51097.800781
1294,51280.082031
1295,51463.914062
1296,51647.003906
1297,51830.464844
1298,52015.425781
1299,52199.628906
1300,52386.542969
1301,52573.312500
1302,52761.031250
1303,52949.097656
1304,53138.507812
1305,53326.714844
1306,53515.300781
1307,53703.917969
1308,53891.781250
1309,54082.195312
1310,54273.863281
1311,54467.035156
1312,54661.578125
1313,54856.417969
1314,55050.492188
1315,55245.886719
1316,55443.738281
1317,55641.468750
1318,55841.101562
1319,56042.125000
1320,56243.523438
1321,56444.035156
1322,56643.441406
1323,56842.027344
1324,57041.453125
1325,57241.703125
1326,57440.597656
1327,57639.632812
1328,57838.125000
1329,58035.988281
1330,58232.906250
1331,58431.296875
1332,58631.101562
1333,58831.718750
1334,59031.019531
1335,59230.660156
1336,59432.679688
1337,59635.105469
1338,59838.738281
1339,60042.632812
1340,60245.679688
1341,60449.031250
1342,60651.777344
1343,60855.382812
1344,61058.570312
1345,61263.058594
1346,61466.703125
1347,61670.609375
1348,61873.746094
1349,62077.117188
1350,62279.921875
1351,62483.886719
1352,62688.925781
1353,62892.351562
1354,63094.921875
1355,63296.539062
1356,63499.675781
1357,63702.210938
1358,63907.140625
1359,64110.488281
1360,64315.781250
1361,64520.195312
1362,64725.988281
1363,64932.218750
1364,65140.464844
1365,65348.078125
1366,65556.429688
1367,65763.429688
1368,65972.320312
1369,66182.054688
1370,66391.945312
1371,66601.093750
1372,66810.617188
1373,67020.945312
1374,67232.000000
1375,67445.257812
1376,67657.890625
1377,67871.828125
1378,68085.992188
1379,68301.453125
1380,68517.007812
1381,68735.203125
1382,68952.398438
1383,69169.953125
1384,69387.726562
1385,69605.773438
1386,69821.804688
1387,70037.945312
1388,70255.601562
1389,70473.429688
1390,70690.210938
1391,70905.195312
1392,71121.585938
1393,71336.984375
1394,71552.726562
1395,71769.781250
1396,71984.828125
1397,72198.023438
1398,72411.460938
1399,72623.421875
1400,72834.015625
1401,73046.015625
1402,73256.195312
1403,73465.476562
1404,73676.031250
1405,73890.281250
1406,74103.632812
1407,74317.242188
1408,74530.992188
1409,74744.718750
1410,74958.835938
1411,75172.570312
1412,75385.242188
1413,75600.476562
1414,75817.093750
1415,76033.906250
1416,76248.937500
1417,76463.148438
1418,76676.632812
1419,76888.054688
1420,77098.023438
1421,77307.937500
1422,77515.210938
1423,77721.164062
1424,77927.531250
1425,78133.789062
1426,78340.460938
1427,78545.414062
1428,78750.679688
1429,78954.421875
1430,79158.171875
1431,79359.820312
1432,79558.906250
1433,79758.890625
1434,79959.257812
1435,80158.789062
1436,80358.640625
1437,80558.906250
1438,80759.437500
1439,80959.250000
1440,81159.406250
1441,81357.750000
1442,81557.187500
1443,81756.101562
1444,81954.242188
1445,82152.648438
1446,82349.226562
1447,82545.843750
1448,82742.828125
1449,82939.171875
1450,83136.476562
1451,83331.187500
1452,83526.226562
1453,83719.429688
1454,83910.765625
1455,84102.328125
1456,84295.437500
1457,84487.632812
1458,84679.242188
1459,84869.968750
1460,85059.929688
1461,85249.179688
1462,85438.781250
1463,85628.601562
1464,85816.695312
1465,86005.210938
1466,86192.945312
1467,86379.984375
1468,86567.250000
1469,86752.734375
1470,86937.640625
1471,87123.843750
1472,87310.437500
1473,87496.273438
1474,87681.335938
1475,87864.445312
1476,88049.101562
1477,88233.101562
1478,88416.328125
1479,88599.976562
1480,88782.929688
1481,88967.296875
1482,89153.039062
1483,89337.007812
1484,89519.101562
1485,89700.382812
1486,89880.890625
1487,90058.554688
1488,90236.554688
1489,90413.781250
1490,90590.375000
1491,90767.281250
1492,90944.570312
1493,91121.265625
1494,91296.218750
1495,91470.351562
1496,91646.109375
1497,91823.468750
1498,92000.156250
1499,92175.039062
1500,92350.250000
1501,92523.851562
1502,92695.367188
1503,92866.367188
1504,93035.437500
1505,93202.781250
1506,93371.640625
1507,93537.687500
1508,93704.468750
1509,93872.367188
1510,94038.554688
1511,94205.140625
1512,94371.031250
1513,94536.554688
1514,94701.281250
1515,94866.375000
1516,95032.078125
1517,95196.968750
1518,95363.500000
1519,95530.445312
1520,95696.617188
1521,95863.234375
1522,96029.015625
1523,96194.101562
1524,96357.695312
1525,96521.351562
1526,96683.382812
1527,96842.406250
1528,97000.835938
1529,97157.476562
1530,97313.609375
1531,97468.093750
1532,97620.656250
1533,97773.570312
1534,97924.929688
1535,98074.867188
1536,98223.742188
1537,98374.281250
1538,98522.703125
1539,98671.437500
1540,98820.914062
1541,98969.875000
1542,99116.976562
1543,99264.601562
1544,99411.445312
1545,99558.820312
1546,99705.289062
1547,99852.265625
1548,99998.507812
1549,100145.148438
1550,100294.562500
1551,100443.257812
1552,100589.109375
1553,100733.273438
1554,100878.054688
1555,101022.031250
1556,101165.546875
1557,101309.351562
1558,101452.570312
1559,101594.085938
1560,101734.976562
1561,101876.304688
1562,102018.046875
1563,102160.265625
1564,102301.765625
1565,102442.492188
1566,102582.554688
1567,102722.070312
1568,102859.968750
1569,102997.195312
1570,103134.757812
1571,103273.007812
1572,103411.578125
1573,103550.023438
1574,103687.398438
1575,103823.164062
1576,103958.335938
1577,104092.960938
1578,104227.015625
1579,104362.828125
1580,104499.085938
1581,104632.593750
1582,104765.484375
1583,104897.921875
1584,105027.460938
1585,105156.453125
1586,105284.867188
1587,105413.992188
1588,105541.304688
1589,105667.125000
1590,105793.328125
1591,105916.921875
1592,106042.195312
1593,106168.937500
1594,106293.023438
1595,106418.523438
1596,106543.164062
1597,106668.828125
1598,106793.718750
1599,106917.898438
1600,107041.726562
1601,107163.851562
1602,107285.320312
1603,107406.265625
1604,107525.968750
1605,107643.625000
1606,107762.945312
1607,107882.718750
1608,108002.132812
1609,108121.085938
1610,108238.273438
1611,108354.945312
1612,108471.312500
1613,108586.976562
1614,108701.007812
1615,108814.625000
1616,108928.859375
1617,109043.460938
1618,109156.609375
1619,109269.109375
1620,109379.226562
1621,109489.539062
1622,109598.320312
1623,109706.507812
1624,109814.203125
1625,109922.656250
1626,110031.609375
1627,110139.093750
1628,110244.937500
1629,110351.070312
1630,110457.109375
1631,110562.554688
1632,110666.328125
1633,110769.625000
1634,110872.554688
1635,110975.109375
1636,111075.984375
1637,111176.289062
1638,111278.585938
1639,111380.406250
1640,111480.601562
1641,111580.507812
1642,111679.875000
1643,111779.031250
1644,111877.648438
1645,111975.781250
1646,112073.539062
1647,112171.078125
1648,112268.101562
1649,112364.812500
1650,112460.882812
1651,112556.679688
1652,112652.085938
1653,112747.132812
1654,112841.609375
1655,112935.882812
1656,113028.625000
1657,113119.906250
1658,113207.492188
1659,113295.781250
1660,113384.906250
1661,113474.585938
1662,113560.695312
1663,113647.484375
1664,113733.890625
1665,113818.796875
1666,113904.742188
1667,113989.015625
1668,114075.140625
1669,114159.437500
1670,114245.757812
1671,114329.695312
1672,114414.539062
1673,114498.945312
1674,114582.859375
1675,114667.695312
1676,114752.234375
1677,114836.218750
1678,114918.375000
1679,114997.226562
1680,115077.921875
1681,115157.375000
1682,115237.335938
1683,115315.843750
1684,115396.492188
1685,115475.507812
1686,115555.304688
1687,115632.585938
1688,115708.070312
1689,115785.140625
1690,115859.257812
1691,115934.117188
1692,116008.796875
1693,116081.843750
1694,116153.726562
1695,116226.492188
1696,116297.585938
1697,116368.398438
1698,116438.859375
1699,116509.101562
1700,116579.234375
1701,116648.765625
1702,116718.273438
1703,116787.257812
1704,116856.195312
1705,116924.648438
1706,116992.945312
1707,117060.867188
1708,117127.460938
1709,117192.546875
1710,117257.398438
1711,117321.921875
1712,117387.539062
1713,117451.507812
1714,117513.914062
1715,117577.414062
1716,117640.476562
1717,117703.781250
1718,117765.335938
1719,117825.773438
1720,117885.781250
1721,117944.632812
1722,118003.093750
1723,118059.117188
1724,118115.054688
1725,118169.507812
1726,118223.773438
1727,118279.101562
1728,118334.234375
1729,118387.851562
1730,118441.367188
1731,118494.781250
1732,118547.750000
1733,118600.601562
1734,118653.117188
1735,118705.476562
1736,118758.867188
1737,118811.875000
1738,118864.851562
1739,118918.507812
1740,118970.984375
1741,119023.125000
1742,119075.132812
1743,119126.835938
1744,119178.390625
1745,119229.875000
1746,119282.406250
1747,119335.882812
1748,119387.742188
1749,119439.570312
1750,119492.171875
1751,119544.296875
1752,119596.539062
1753,119648.351562
1754,119698.898438
1755,119749.289062
1756,119802.039062
1757,119852.164062
1758,119902.882812
1759,119953.531250
1760,120004.023438
1761,120052.875000
1762,120102.734375
1763,120151.335938
1764,120201.820312
1765,120251.070312
1766,120299.968750
1767,120349.828125
1768,120398.289062
1769,120446.757812
1770,120494.984375
1771,120542.898438
1772,120591.421875
1773,120639.929688
1774,120688.242188
1775,120737.234375
1776,120785.273438
1777,120832.726562
1778,120880.218750
1779,120927.476562
1780,120974.453125
1781,121022.882812
1782,121069.437500
1783,121117.250000
1784,121163.484375
1785,121210.835938
1786,121256.453125
1787,121302.007812
1788,121347.453125
1789,121391.171875
1790,121434.062500
1791,121477.796875
1792,121521.203125
1793,121564.257812
1794,121606.984375
1795,121649.851562
1796,121692.078125
1797,121734.578125
1798,121777.125000
1799,121819.046875
1800,121861.125000
1801,121901.812500
1802,121942.656250
1803,121982.062500
1804,122021.406250
1805,122060.484375
1806,122099.609375
1807,122137.335938
1808,122174.726562
1809,122212.085938
1810,122249.078125
1811,122286.078125
1812,122322.960938
1813,122359.570312
1814,122396.093750
1815,122432.476562
1816,122468.593750
1817,122504.429688
1818,122540.375000
1819,122577.585938
1820,122612.070312
1821,122646.453125
1822,122680.882812
1823,122714.898438
1824,122748.835938
1825,122782.835938
1826,122816.609375
1827,122851.195312
1828,122885.781250
1829,122920.414062
1830,122955.718750
1831,122990.007812
1832,123025.054688
1833,123057.796875
1834,123092.054688
1835,123124.828125
1836,123155.937500
1837,123187.000000
1838,123219.015625
1839,123251.015625
1840,123282.968750
1841,123312.617188
1842,123341.929688
1843,123371.234375
1844,123401.695312
1845,123430.445312
1846,123459.257812
1847,123489.437500
1848,123517.828125
1849,123546.265625
1850,123574.625000
1851,123602.687500
1852,123630.867188
1853,123658.773438
1854,123686.718750
1855,123714.398438
1856,123741.914062
1857,123769.437500
1858,123799.437500
1859,123825.671875
1860,123851.640625
1861,123877.054688
1862,123902.726562
1863,123928.375000
1864,123954.148438
1865,123979.703125
1866,124005.007812
1867,124030.164062
1868,124056.460938
1869,124081.398438
1870,124106.273438
1871,124131.125000
1872,124155.789062
1873,124179.335938
1874,124202.687500
1875,124225.945312
1876,124251.320312
1877,124275.523438
1878,124299.593750
1879,124323.539062
1880,124347.617188
1881,124371.523438
1882,124396.492188
1883,124420.117188
1884,124443.625000
1885,124466.890625
1886,124490.335938
1887,124513.539062
1888,124536.578125
1889,124559.992188
1890,124583.007812
1891,124605.984375
1892,124628.765625
1893,124650.445312
1894,124674.046875
1895,124695.257812
1896,124716.382812
1897,124737.468750
1898,124758.804688
1899,124779.632812
1900,124801.750000
1901,124822.726562
1902,124843.351562
1903,124865.117188
1904,124886.843750
1905,124906.851562
1906,124927.093750
1907,124947.375000
1908,124968.671875
1909,124988.992188
1910,125009.039062
1911,125030.250000
1912,125050.226562
1913,125070.140625
1914,125089.460938
1915,125109.117188
1916,125128.828125
1917,125148.148438
1918,125168.976562
1919,125188.250000
1920,125207.312500
1921,125226.687500
1922,125245.828125
1923,125264.625000
1924,125283.640625
1925,125302.429688
1926,125322.601562
1927,125341.234375
1928,125359.625000
1929,125378.257812
1930,125395.617188
1931,125414.031250
1932,125431.007812
1933,125447.984375
1934,125463.953125
1935,125478.835938
1936,125493.578125
1937,125505.703125
1938,125519.148438
1939,125531.492188
1940,125543.593750
1941,125555.804688
1942,125568.125000
1943,125575.726562
1944,125588.960938
1945,125601.070312
1946,125614.453125
1947,125624.562500
1948,125636.578125
1949,125647.281250
1950,125656.796875
1951,125666.242188
1952,125676.812500
1953,125686.476562
1954,125695.929688
1955,125705.320312
1956,125714.773438
1957,125724.015625
1958,125733.460938
1959,125740.273438
1960,125746.296875
1961,125752.359375
1962,125757.023438
1963,125761.695312
1964,125766.265625
1965,125771.070312
1966,125774.781250
1967,125777.179688
1968,125778.445312
1969,125781.023438
1970,125783.492188
1971,125786.054688
1972,125787.375000
1973,125790.382812
1974,125790.648438
1975,125790.992188
1976,125791.226562
1977,125791.484375
1978,125788.882812
1979,125786.125000
1980,125782.125000
1981,125778.117188
1982,125774.109375
1983,125770.328125
1984,125764.453125
1985,125758.578125
1986,125751.515625
1987,125744.578125
1988,125739.039062
1989,125731.906250
1990,125721.843750
1991,125710.585938
1992,125698.031250
1993,125685.531250
1994,125672.125000
1995,125657.453125
1996,125641.835938
1997,125626.640625
1998,125608.835938
1999,125591.242188
2000,125572.523438
2001,125554.109375
2002,125534.429688
2003,125516.515625
2004,125495.953125
2005,125473.078125
2006,125451.164062
2007,125428.312500
2008,125404.593750
2009,125378.171875
2010,125353.562500
2011,125328.914062
2012,125304.226562
2013,125279.117188
2014,125253.976562
2015,125224.046875
2016,125194.640625
2017,125163.921875
2018,125134.523438
2019,125103.000000
2020,125067.445312
2021,125030.367188
2022,124995.039062
2023,124958.492188
2024,124921.164062
2025,124883.968750
2026,124846.960938
2027,124806.710938
2028,124766.460938
2029,124726.468750
2030,124687.789062
2031,124648.039062
2032,124606.632812
2033,124564.289062
2034,124521.007812
2035,124476.906250
2036,124431.828125
2037,124387.421875
2038,124340.453125
2039,124291.476562
2040,124241.609375
2041,124191.921875
2042,124140.234375
2043,124088.789062
2044,124035.460938
2045,123981.406250
2046,123924.062500
2047,123867.171875
2048,123809.531250
2049,123749.312500
2050,123690.992188
2051,123629.382812
2052,123566.859375
2053,123505.054688
2054,123441.187500
2055,123377.046875
2056,123311.500000
2057,123246.054688
2058,123182.210938
2059,123116.203125
2060,123050.640625
2061,122984.132812
2062,122915.500000
2063,122845.992188
2064,122775.164062
2065,122701.890625
2066,122629.218750
2067,122555.468750
2068,122481.843750
2069,122407.515625
2070,122332.328125
2071,122256.343750
2072,122180.679688
2073,122100.781250
2074,122021.625000
2075,121941.453125
2076,121860.257812
2077,121779.570312
2078,121698.031250
2079,121616.617188
2080,121533.632812
2081,121449.875000
2082,121365.242188
2083,121280.843750
2084,121196.812500
2085,121112.101562
2086,121028.914062
2087,120944.851562
2088,120858.960938
2089,120773.039062
2090,120685.593750
2091,120596.429688
2092,120505.132812
2093,120412.742188
2094,120319.929688
2095,120226.328125
2096,120133.445312
2097,120039.507812
2098,119945.976562
2099,119851.515625
2100,119755.398438
2101,119656.507812
2102,119557.906250
2103,119458.640625
2104,119358.468750
2105,119256.617188
2106,119153.796875
2107,119051.601562
2108,118949.656250
2109,118847.281250
2110,118742.968750
2111,118635.796875
2112,118526.820312
2113,118418.531250
2114,118309.265625
2115,118198.539062
2116,118083.781250
2117,117966.281250
2118,117849.289062
2119,117732.890625
2120,117615.898438
2121,117499.351562
2122,117383.421875
2123,117266.718750
2124,117148.460938
2125,117029.335938
2126,116910.664062
2127,116790.406250
2128,116670.039062
2129,116545.218750
2130,116419.828125
2131,116293.882812
2132,116168.703125
2133,116043.757812
2134,115919.273438
2135,115796.601562
2136,115669.843750
2137,115543.406250
2138,115413.632812
2139,115281.914062
2140,115149.390625
2141,115016.906250
2142,114883.375000
2143,114748.304688
2144,114612.687500
2145,114474.882812
2146,114335.867188
2147,114195.257812
2148,114053.898438
2149,113912.023438
2150,113769.515625
2151,113627.500000
2152,113486.085938
2153,113344.390625
2154,113202.968750
2155,113061.000000
2156,112918.421875
2157,112774.625000
2158,112631.226562
2159,112488.359375
2160,112346.664062
2161,112204.867188
2162,112061.656250
2163,111916.359375
2164,111770.960938
2165,111627.140625
2166,111479.242188
2167,111331.914062
2168,111185.164062
2169,111035.812500
2170,110885.976562
2171,110732.351562
2172,110578.078125
2173,110425.140625
2174,110270.789062
2175,110116.320312
2176,109963.453125
2177,109809.015625
2178,109654.132812
2179,109498.578125
2180,109341.640625
2181,109184.789062
2182,109028.796875
2183,108871.203125
2184,108711.351562
2185,108551.734375
2186,108392.531250
2187,108233.093750
2188,108070.976562
2189,107907.398438
2190,107745.164062
2191,107581.906250
2192,107419.226562
2193,107257.710938
2194,107094.250000
2195,106929.125000
2196,106765.171875
2197,106599.914062
2198,106434.234375
2199,106268.335938
2200,106100.000000
2201,105930.867188
2202,105761.382812
2203,105591.398438
2204,105420.945312
2205,105251.000000
2206,105080.726562
2207,104909.914062
2208,104739.820312
2209,104567.039062
2210,104392.562500
2211,104218.132812
2212,104040.796875
2213,103862.039062
2214,103686.234375
2215,103508.554688
2216,103325.968750
2217,103143.812500
2218,102960.070312
2219,102775.843750
2220,102592.125000
2221,102407.757812
2222,102224.570312
2223,102042.320312
2224,101859.507812
2225,101674.320312
2226,101490.328125
2227,101308.945312
2228,101127.882812
2229,100944.953125
2230,100764.164062
2231,100582.625000
2232,100398.726562
2233,100215.625000
2234,100033.023438
2235,99848.257812
2236,99661.335938
2237,99475.210938
2238,99285.648438
2239,99096.507812
2240,98907.085938
2241,98718.117188
2242,98528.757812
2243,98340.515625
2244,98152.093750
2245,97961.250000
2246,97772.921875
2247,97585.382812
2248,97397.328125
2249,97208.726562
2250,97019.992188
2251,96830.828125
2252,96641.343750
2253,96452.953125
2254,96265.156250
2255,96078.335938
2256,95889.851562
2257,95700.828125
2258,95510.679688
2259,95320.992188
2260,95129.953125
2261,94939.726562
2262,94748.226562
2263,94555.289062
2264,94361.023438
2265,94167.265625
2266,93973.281250
2267,93780.257812
2268,93585.773438
2269,93389.898438
2270,93194.429688
2271,92999.031250
2272,92803.304688
2273,92607.156250
2274,92409.679688
2275,92210.906250
2276,92011.820312
2277,91811.429688
2278,91610.625000
2279,91408.242188
2280,91205.710938
2281,90999.843750
2282,90794.484375
2283,90589.007812
2284,90381.640625
2285,90175.304688
2286,89969.281250
2287,89764.898438
2288,89557.757812
2289,89350.578125
2290,89144.093750
2291,88938.617188
2292,88732.828125
2293,88527.515625
2294,88320.710938
2295,88112.898438
2296,87906.015625
2297,87700.460938
2298,87494.867188
2299,87289.000000
2300,87084.570312
2301,86878.867188
2302,86673.320312
2303,86467.468750
2304,86261.453125
2305,86050.914062
2306,85840.609375
2307,85629.242188
2308,85417.898438
2309,85207.171875
2310,84995.406250
2311,84784.390625
2312,84574.078125
2313,84360.164062
2314,84145.734375
2315,83931.023438
2316,83717.125000
2317,83503.937500
2318,83291.875000
2319,83080.515625
2320,82869.906250
2321,82660.156250
2322,82449.960938
2323,82240.726562
2324,82031.406250
2325,81821.492188
2326,81611.289062
2327,81401.992188
2328,81192.640625
2329,80983.882812
2330,80775.062500
2331,80567.062500
2332,80359.804688
2333,80152.843750
2334,79946.109375
2335,79739.203125
2336,79531.976562
2337,79324.429688
2338,79116.578125
2339,78909.507812
2340,78702.250000
2341,78495.242188
2342,78288.226562
2343,78082.179688
2344,77874.460938
2345,77666.703125
2346,77459.921875
2347,77253.890625
2348,77047.710938
2349,76842.296875
2350,76636.312500
2351,76430.390625
2352,76223.000000
2353,76015.289062
2354,75808.492188
2355,75600.179688
2356,75390.445312
2357,75181.648438
2358,74973.500000
2359,74766.414062
2360,74560.023438
2361,74354.351562
2362,74149.945312
2363,73943.710938
2364,73738.546875
2365,73532.859375
2366,73326.882812
2367,73121.757812
2368,72917.320312
2369,72713.203125
2370,72508.242188
2371,72302.046875
2372,72095.476562
2373,71889.804688
2374,71684.890625
2375,71481.484375
2376,71275.804688
2377,71071.109375
2378,70867.125000
2379,70664.062500
2380,70460.437500
2381,70255.578125
2382,70050.718750
2383,69847.179688
2384,69643.382812
2385,69438.664062
2386,69233.601562
2387,69029.437500
2388,68825.054688
2389,68620.359375
2390,68416.710938
2391,68212.664062
2392,68008.210938
2393,67804.421875
2394,67601.679688
2395,67399.539062
2396,67196.148438
2397,66991.226562
2398,66786.976562
2399,66584.546875
2400,66380.757812
2401,66178.000000
2402,65975.984375
2403,65775.507812
2404,65575.156250
2405,65375.625000
2406,65175.406250
2407,64976.449219
2408,64775.996094
2409,64574.300781
2410,64373.859375
2411,64173.632812
2412,63974.058594
2413,63774.062500
2414,63575.035156
2415,63375.609375
2416,63175.972656
2417,62976.906250
2418,62777.644531
2419,62577.261719
2420,62377.492188
2421,62178.058594
2422,61978.839844
2423,61780.550781
2424,61583.160156
2425,61385.457031
2426,61188.468750
2427,60992.390625
2428,60797.113281
2429,60602.929688
2430,60409.273438
2431,60217.328125
2432,60025.285156
2433,59832.835938
2434,59641.332031
2435,59450.718750
2436,59261.234375
2437,59071.093750
2438,58880.718750
2439,58690.046875
2440,58499.585938
2441,58309.585938
2442,58120.429688
2443,57932.046875
2444,57743.339844
2445,57556.214844
2446,57368.367188
2447,57180.078125
2448,56992.628906
2449,56804.886719
2450,56616.859375
2451,56429.257812
2452,56240.667969
2453,56053.316406
2454,55866.328125
2455,55680.195312
2456,55494.289062
2457,55308.480469
2458,55123.542969
2459,54939.378906
2460,54755.945312
2461,54571.140625
2462,54386.046875
2463,54199.570312
2464,54014.015625
2465,53829.316406
2466,53645.074219
2467,53461.960938
2468,53279.519531
2469,53097.968750
2470,52916.117188
2471,52734.082031
2472,52551.609375
2473,52368.683594
2474,52186.625000
2475,52005.828125
2476,51825.285156
2477,51645.628906
2478,51465.480469
2479,51285.039062
2480,51104.089844
2481,50923.957031
2482,50744.613281
2483,50566.000000
2484,50388.199219
2485,50211.062500
2486,50034.753906
2487,49859.800781
2488,49684.832031
2489,49510.660156
2490,49336.035156
2491,49162.164062
2492,48986.843750
2493,48811.359375
2494,48636.558594
2495,48460.394531
2496,48285.058594
2497,48109.941406
2498,47935.156250
2499,47761.191406
2500,47587.929688
2501,47416.054688
2502,47244.355469
2503,47073.382812
2504,46902.964844
2505,46733.210938
2506,46564.386719
2507,46395.125000
2508,46227.175781
2509,46059.460938
2510,45892.496094
2511,45726.132812
2512,45559.988281
2513,45394.296875
2514,45228.906250
2515,45064.656250
2516,44899.687500
2517,44735.796875
2518,44572.125000
2519,44409.453125
2520,44248.113281
2521,44086.949219
2522,43926.066406
2523,43765.960938
2524,43606.519531
2525,43446.519531
2526,43287.261719
2527,43128.988281
2528,42971.011719
2529,42813.585938
2530,42655.808594
2531,42498.707031
2532,42342.355469
2533,42186.652344
2534,42031.632812
2535,41877.816406
2536,41724.128906
2537,41571.441406
2538,41417.960938
2539,41265.144531
2540,41112.957031
2541,40961.402344
2542,40810.503906
2543,40660.429688
2544,40510.812500
2545,40361.835938
2546,40213.500000
2547,40065.722656
2548,39919.027344
2549,39771.484375
2550,39624.421875
2551,39478.070312
2552,39332.304688
2553,39187.011719
2554,39042.917969
2555,38898.625000
2556,38755.214844
2557,38612.304688
2558,38470.187500
2559,38328.937500
2560,38186.882812
2561,38045.339844
2562,37904.484375
2563,37764.292969
2564,37624.539062
2565,37485.441406
2566,37346.855469
2567,37209.824219
2568,37071.363281
2569,36933.441406
2570,36796.156250
2571,36659.359375
2572,36523.347656
2573,36387.710938
2574,36252.687500
2575,36117.058594
2576,35981.992188
2577,35846.992188
2578,35711.890625
2579,35577.425781
2580,35443.468750
2581,35310.078125
2582,35177.253906
2583,35044.750000
2584,34912.964844
2585,34781.750000
2586,34651.445312
2587,34521.359375
2588,34391.738281
2589,34262.652344
2590,34134.136719
2591,34005.050781
2592,33876.402344
2593,33748.230469
2594,33620.605469
2595,33493.503906
2596,33367.437500
2597,33241.394531
2598,33116.285156
2599,32991.320312
2600,32866.812500
2601,32742.791016
2602,32619.230469
2603,32496.253906
2604,32373.695312
2605,32251.687500
2606,32130.152344
2607,32009.173828
2608,31888.595703
2609,31768.451172
2610,31648.923828
2611,31529.837891
2612,31411.201172
2613,31293.044922
2614,31175.441406
2615,31058.228516
2616,30941.845703
2617,30825.640625
2618,30709.865234
2619,30594.507812
2620,30479.917969
2621,30365.529297
2622,30251.609375
2623,30138.132812
2624,30025.222656
2625,29912.650391
2626,29800.521484
2627,29687.740234
2628,29575.457031
2629,29463.988281
2630,29352.605469
2631,29241.425781
2632,29130.896484
2633,29020.775391
2634,28911.115234
2635,28801.933594
2636,28692.275391
2637,28582.847656
2638,28473.888672
2639,28364.232422
2640,28255.265625
2641,28146.542969
2642,28038.224609
2643,27930.443359
2644,27823.007812
2645,27716.066406
2646,27608.708984
2647,27501.435547
2648,27394.871094
2649,27288.404297
2650,27181.783203
2651,27075.277344
2652,26969.208984
2653,26863.304688
2654,26757.853516
2655,26652.800781
2656,26548.380859
2657,26443.138672
2658,26338.474609
2659,26234.095703
2660,26130.228516
2661,26026.716797
2662,25923.697266
2663,25821.091797
2664,25718.927734
2665,25617.230469
2666,25515.949219
2667,25415.050781
2668,25314.583984
2669,25214.564453
2670,25115.402344
2671,25016.201172
2672,24916.511719
2673,24817.076172
2674,24717.970703
2675,24619.281250
2676,24521.035156
2677,24423.185547
2678,24325.777344
2679,24228.976562
2680,24132.593750
2681,24036.423828
2682,23940.650391
2683,23845.445312
2684,23750.449219
2685,23655.865234
2686,23561.601562
2687,23467.783203
2688,23374.328125
2689,23281.298828
2690,23188.632812
2691,23096.376953
2692,23004.515625
2693,22912.957031
2694,22821.826172
2695,22731.078125
2696,22640.669922
2697,22550.701172
2698,22461.083984
2699,22372.015625
2700,22283.103516
2701,22194.625000
2702,22106.478516
2703,22018.669922
2704,21931.230469
2705,21843.919922
2706,21757.402344
2707,21671.072266
2708,21585.056641
2709,21499.453125
2710,21414.128906
2711,21329.408203
2712,21244.798828
2713,21160.595703
2714,21076.675781
2715,20993.115234
2716,20909.974609
2717,20826.972656
2718,20744.628906
2719,20662.619141
2720,20580.763672
2721,20499.246094
2722,20418.294922
2723,20337.423828
2724,20257.097656
2725,20176.876953
2726,20096.998047
2727,20016.345703
2728,19936.031250
2729,19856.121094
2730,19776.500000
2731,19697.177734
2732,19618.197266
2733,19539.507812
2734,19461.203125
2735,19383.248047
2736,19305.619141
2737,19228.304688
2738,19151.300781
2739,19074.593750
2740,18998.253906
2741,18922.201172
2742,18846.449219
2743,18770.984375
2744,18695.878906
2745,18621.027344
2746,18546.562500
2747,18472.386719
2748,18398.515625
2749,18324.931641
2750,18251.673828
2751,18178.693359
2752,18106.001953
2753,18033.656250
2754,17961.589844
2755,17889.982422
2756,17818.556641
2757,17747.386719
2758,17676.529297
2759,17606.082031
2760,17535.812500
2761,17465.810547
2762,17396.097656
2763,17326.669922
2764,17257.511719
2765,17188.617188
2766,17120.205078
2767,17051.886719
2768,16983.888672
2769,16916.123047
2770,16848.460938
2771,16781.283203
2772,16714.396484
2773,16647.757812
2774,16581.410156
2775,16515.478516
2776,16448.716797
2777,16382.011719
2778,16315.568359
2779,16249.416016
2780,16183.464844
2781,16117.819336
2782,16052.263672
2783,15987.097656
2784,15922.198242
2785,15857.587891
2786,15793.206055
2787,15729.075195
2788,15665.234375
2789,15601.658203
2790,15538.324219
2791,15475.272461
2792,15412.466797
2793,15349.926758
2794,15287.596680
2795,15225.526367
2796,15163.422852
2797,15101.694336
2798,15040.230469
2799,14979.202148
2800,14918.279297
2801,14857.591797
2802,14797.306641
2803,14737.074219
2804,14677.241211
2805,14617.654297
2806,14558.360352
2807,14499.134766
2808,14440.287109
2809,14381.404297
2810,14323.022461
2811,14264.899414
2812,14207.004883
2813,14149.365234
2814,14091.944336
2815,14034.888672
2816,13977.960938
2817,13921.228516
2818,13864.770508
2819,13808.500000
2820,13752.503906
2821,13696.707031
2822,13641.154297
2823,13585.790039
2824,13530.687500
2825,13475.813477
2826,13421.140625
2827,13366.708008
2828,13312.470703
2829,13258.439453
2830,13204.661133
2831,13151.083984
2832,13097.715820
2833,13044.599609
2834,12991.796875
2835,12938.964844
2836,12886.477539
2837,12834.073242
2838,12782.014648
2839,12730.178711
2840,12678.541992
2841,12627.128906
2842,12575.781250
2843,12524.790039
2844,12474.019531
2845,12423.411133
2846,12373.040039
2847,12322.878906
2848,12272.897461
2849,12223.136719
2850,12173.592773
2851,12124.242188
2852,12075.084961
2853,12026.133789
2854,11977.257812
2855,11928.690430
2856,11880.325195
2857,11832.194336
2858,11784.196289
2859,11736.415039
2860,11688.826172
2861,11641.455078
2862,11594.266602
2863,11547.271484
2864,11500.590820
2865,11453.985352
2866,11407.568359
2867,11361.450195
2868,11315.513672
2869,11269.644531
2870,11223.945312
2871,11178.436523
2872,11133.259766
2873,11088.137695
2874,11043.218750
2875,10998.469727
2876,10953.902344
2877,10909.498047
2878,10865.286133
2879,10821.251953
2880,10777.313477
2881,10733.642578
2882,10690.143555
2883,10646.819336
2884,10603.582031
2885,10560.613281
2886,10517.808594
2887,10475.214844
2888,10432.869141
2889,10390.583008
2890,10348.605469
2891,10306.685547
2892,10264.941406
2893,10223.337891
2894,10182.038086
2895,10140.792969
2896,10099.727539
2897,10058.802734
2898,10018.065430
2899,9977.474609
2900,9937.071289
2901,9896.818359
2902,9856.706055
2903,9816.769531
2904,9776.999023
2905,9737.398438
2906,9697.961914
2907,9658.675781
2908,9619.658203
2909,9580.701172
2910,9541.903320
2911,9503.246094
2912,9464.757812
2913,9426.339844
2914,9388.174805
2915,9350.175781
2916,9312.287109
2917,9274.690430
2918,9237.236328
2919,9199.836914
2920,9162.590820
2921,9125.490234
2922,9088.548828
2923,9051.756836
2924,9015.101562
2925,8978.599609
2926,8942.262695
2927,8906.036133
2928,8869.994141
2929,8834.155273
2930,8798.392578
2931,8762.775391
2932,8727.293945
2933,8691.968750
2934,8656.786133
2935,8621.723633
2936,8586.831055
2937,8552.241211
2938,8517.702148
2939,8483.307617
2940,8449.128906
2941,8414.835938
2942,8380.763672
2943,8346.849609
2944,8312.996094
2945,8279.269531
2946,8245.831055
2947,8212.558594
2948,8179.490723
2949,8146.459961
2950,8113.556152
2951,8080.884277
2952,8048.248047
2953,8015.842285
2954,7983.460938
2955,7951.310547
2956,7919.178223
2957,7887.191406
2958,7855.273926
2959,7823.560059
2960,7791.907715
2961,7760.455566
2962,7729.201660
2963,7698.068359
2964,7666.917969
2965,7635.979004
2966,7605.157715
2967,7574.532227
2968,7544.019043
2969,7513.640137
2970,7483.308105
2971,7453.173340
2972,7423.150879
2973,7393.175293
2974,7363.267578
2975,7333.454590
2976,7303.787598
2977,7274.283691
2978,7244.854004
2979,7215.538086
2980,7186.343262
2981,7157.260742
2982,7128.310059
2983,7099.476562
2984,7070.751465
2985,7042.180176
2986,7013.619141
2987,6985.253418
2988,6956.986328
2989,6928.628418
2990,6900.385742
2991,6872.332520
2992,6844.319336
2993,6816.628906
2994,6788.780762
2995,6761.114258
2996,6733.765625
2997,6706.489746
2998,6679.343262
2999,6652.323242
3000,6625.467773
3001,6598.661621
3002,6571.901367
3003,6545.256836
3004,6518.770996
3005,6492.406250
3006,6466.079590
3007,6439.823730
3008,6413.775391
3009,6387.816895
3010,6361.971191
3011,6336.173828
3012,6310.536133
3013,6285.013672
3014,6259.526367
3015,6234.210938
3016,6208.882324
3017,6183.684082
3018,6158.570312
3019,6133.665527
3020,6108.857910
3021,6084.159668
3022,6059.494629
3023,6034.994629
3024,6010.573730
3025,5986.268555
3026,5962.004883
3027,5937.895020
3028,5913.877441
3029,5889.902344
3030,5866.075195
3031,5842.351074
3032,5818.779297
3033,5795.243652
3034,5771.809570
3035,5748.457031
3036,5725.172852
3037,5701.922363
3038,5678.825684
3039,5655.721680
3040,5632.782227
3041,5609.913086
3042,5587.080566
3043,5564.448730
3044,5541.897949
3045,5519.392090
3046,5496.989746
3047,5474.731445
3048,5452.566895
3049,5430.467285
3050,5408.477539
3051,5386.531738
3052,5364.729980
3053,5342.976074
3054,5321.351074
3055,5299.744629
3056,5278.232422
3057,5256.810547
3058,5235.482422
3059,5214.237305
3060,5193.082520
3061,5171.965332
3062,5150.939941
3063,5129.890625
3064,5109.083496
3065,5088.303223
3066,5067.584473
3067,5046.922852
3068,5026.458496
3069,5005.922852
3070,4985.529785
3071,4965.247070
3072,4944.966309
3073,4924.812012
3074,4904.742188
3075,4884.845703
3076,4865.078613
3077,4845.292969
3078,4825.580078
3079,4805.958984
3080,4786.425293
3081,4766.960938
3082,4747.585938
3083,4728.333496
3084,4709.210938
3085,4690.214844
3086,4671.238281
3087,4652.305176
3088,4633.526367
3089,4614.789551
3090,4596.128906
3091,4577.544434
3092,4559.035156
3093,4540.613770
3094,4522.250977
3095,4504.011230
3096,4485.799805
3097,4467.659668
3098,4449.636230
3099,4431.648438
3100,4413.729980
3101,4395.875488
3102,4378.147949
3103,4360.497559
3104,4342.864746
3105,4325.301270
3106,4307.860352
3107,4290.490234
3108,4273.142578
3109,4255.865234
3110,4238.643066
3111,4221.507324
3112,4204.429199
3113,4187.385254
3114,4170.367188
3115,4153.460449
3116,4136.661621
3117,4119.979004
3118,4103.327148
3119,4086.740723
3120,4070.215576
3121,4053.761230
3122,4037.373779
3123,4021.052490
3124,4004.801270
3125,3988.615234
3126,3972.491211
3127,3956.436035
3128,3940.470703
3129,3924.580078
3130,3908.715576
3131,3892.916016
3132,3877.218262
3133,3861.549805
3134,3845.979492
3135,3830.427734
3136,3814.946289
3137,3799.564697
3138,3784.205811
3139,3768.947510
3140,3753.719727
3141,3738.583984
3142,3723.510986
3143,3708.462646
3144,3693.476074
3145,3678.505127
3146,3663.562744
3147,3648.678467
3148,3633.864014
3149,3619.096191
3150,3604.397949
3151,3589.750244
3152,3575.174805
3153,3560.650146
3154,3546.219482
3155,3531.846191
3156,3517.501709
3157,3503.214111
3158,3488.975098
3159,3474.797852
3160,3460.644287
3161,3446.587646
3162,3432.549072
3163,3418.598877
3164,3404.714111
3165,3390.877197
3166,3377.100342
3167,3363.343506
3168,3349.644531
3169,3336.036621
3170,3322.488037
3171,3309.001465
3172,3295.538086
3173,3282.160889
3174,3268.837158
3175,3255.561279
3176,3242.345947
3177,3229.183838
3178,3216.072021
3179,3202.982178
3180,3189.942383
3181,3176.990479
3182,3164.080811
3183,3151.218750
3184,3138.419678
3185,3125.673584
3186,3112.946045
3187,3100.298828
3188,3087.678955
3189,3075.139160
3190,3062.655518
3191,3050.218994
3192,3037.859375
3193,3025.584473
3194,3013.325684
3195,3001.108643
3196,2988.919678
3197,2976.782227
3198,2964.694580
3199,2952.685547
3200,2940.698242
3201,2928.812988
3202,2916.946533
3203,2905.153564
3204,2893.407959
3205,2881.691650
3206,2869.963379
3207,2858.330811
3208,2846.722900
3209,2835.184814
3210,2823.643066
3211,2812.176514
3212,2800.806152
3213,2789.456543
3214,2778.127441
3215,2766.874268
3216,2755.641113
3217,2744.503906
3218,2733.387939
3219,2722.312744
3220,2711.310547
3221,2700.301758
3222,2689.358643
3223,2678.435791
3224,2667.561523
3225,2656.770264
3226,2646.038818
3227,2635.351807
3228,2624.701904
3229,2614.102051
3230,2603.545410
3231,2593.026611
3232,2582.553955
3233,2572.119141
3234,2561.707031
3235,2551.365967
3236,2541.060791
3237,2530.796631
3238,2520.576172
3239,2510.395996
3240,2500.257080
3241,2490.160645
3242,2480.104736
3243,2470.089600
3244,2460.088623
3245,2450.153564
3246,2440.261963
3247,2430.406494
3248,2420.589844
3249,2410.787109
3250,2401.052002
3251,2391.306152
3252,2381.649414
3253,2372.032471
3254,2362.453125
3255,2352.931641
3256,2343.430664
3257,2333.964600
3258,2324.539307
3259,2315.151367
3260,2305.802246
3261,2296.472168
3262,2287.176270
3263,2277.938721
3264,2268.740234
3265,2259.580322
3266,2250.455566
3267,2241.366211
3268,2232.313477
3269,2223.300293
3270,2214.322510
3271,2205.355469
3272,2196.448730
3273,2187.578369
3274,2178.743164
3275,2169.964111
3276,2161.206055
3277,2152.453857
3278,2143.759033
3279,2135.102295
3280,2126.477783
3281,2117.888184
3282,2109.336670
3283,2100.818848
3284,2092.313477
3285,2083.864258
3286,2075.430664
3287,2067.045898
3288,2058.700928
3289,2050.386719
3290,2042.106934
3291,2033.857910
3292,2025.643311
3293,2017.438477
3294,2009.293335
3295,2001.177246
3296,1993.095703
3297,1985.044312
3298,1977.031738
3299,1969.067505
3300,1961.113525
3301,1953.174316
3302,1945.284058
3303,1937.429565
3304,1929.603638
3305,1921.814331
3306,1914.054443
3307,1906.325195
3308,1898.643433
3309,1890.975220
3310,1883.326172
3311,1875.706665
3312,1868.135620
3313,1860.588501
3314,1853.073242
3315,1845.591675
3316,1838.137817
3317,1830.714355
3318,1823.319946
3319,1815.956421
3320,1808.623901
3321,1801.323120
3322,1794.048706
3323,1786.802490
3324,1779.602295
3325,1772.416626
3326,1765.260010
3327,1758.115356
3328,1751.013184
3329,1743.943604
3330,1736.902954
3331,1729.885742
3332,1722.899536
3333,1715.922974
3334,1708.984741
3335,1702.085449
3336,1695.206665
3337,1688.360229
3338,1681.545044
3339,1674.752930
3340,1667.995483
3341,1661.261963
3342,1654.552490
3343,1647.867188
3344,1641.194702
3345,1634.551514
3346,1627.951782
3347,1621.379761
3348,1614.833740
3349,1608.313477
3350,1601.818604
3351,1595.333130
3352,1588.873413
3353,1582.473145
3354,1576.084351
3355,1569.729492
3356,1563.390869
3357,1557.063599
3358,1550.775513
3359,1544.498413
3360,1538.244507
3361,1532.033447
3362,1525.845947
3363,1519.681763
3364,1513.543823
3365,1507.432617
3366,1501.348633
3367,1495.285767
3368,1489.246216
3369,1483.233521
3370,1477.245728
3371,1471.267090
3372,1465.325928
3373,1459.407959
3374,1453.516724
3375,1447.645874
3376,1441.801514
3377,1435.981689
3378,1430.178589
3379,1424.405640
3380,1418.654175
3381,1412.926270
3382,1407.222900
3383,1401.542847
3384,1395.882690
3385,1390.246216
3386,1384.633667
3387,1379.042480
3388,1373.458252
3389,1367.914429
3390,1362.392212
3391,1356.904297
3392,1351.425293
3393,1345.960327
3394,1340.524414
3395,1335.138794
3396,1329.747681
3397,1324.378296
3398,1319.030640
3399,1313.705688
3400,1308.401611
3401,1303.119751
3402,1297.856323
3403,1292.616455
3404,1287.395630
3405,1282.201416
3406,1277.025635
3407,1271.869751
3408,1266.734497
3409,1261.619141
3410,1256.527222
3411,1251.452515
3412,1246.401978
3413,1241.370605
3414,1236.359253
3415,1231.366699
3416,1226.393921
3417,1221.443481
3418,1216.512939
3419,1211.602783
3420,1206.711060
3421,1201.838501
3422,1196.987427
3423,1192.155273
3424,1187.342529
3425,1182.549194
3426,1177.775757
3427,1173.019165
3428,1168.281982
3429,1163.564697
3430,1158.865845
3431,1154.188599
3432,1149.528442
3433,1144.887329
3434,1140.265259
3435,1135.661621
3436,1131.076050
3437,1126.512085
3438,1121.965698
3439,1117.435303
3440,1112.913208
3441,1108.421021
3442,1103.947266
3443,1099.489746
3444,1095.051636
3445,1090.630859
3446,1086.227905
3447,1081.831421
3448,1077.452515
3449,1073.114746
3450,1068.781494
3451,1064.466919
3452,1060.171875
3453,1055.880371
3454,1051.617554
3455,1047.372681
3456,1043.145142
3457,1038.934448
3458,1034.741577
3459,1030.565918
3460,1026.404785
3461,1022.263367
3462,1018.135193
3463,1014.026611
3464,1009.934509
3465,1005.856812
3466,1001.795837
3467,997.751160
3468,993.722839
3469,989.711975
3470,985.716858
3471,981.726135
3472,977.762939
3473,973.816345
3474,969.884583
3475,965.969360
3476,962.080627
3477,958.197266
3478,954.328979
3479,950.476501
3480,946.638489
3481,942.816895
3482,939.011169
3483,935.211731
3484,931.437622
3485,927.677490
3486,923.932495
3487,920.204102
3488,916.489136
3489,912.789001
3490,909.102844
3491,905.433960
3492,901.779114
3493,898.138733
3494,894.489807
3495,890.879639
3496,887.282837
3497,883.702454
3498,880.127014
3499,876.574524
3500,873.035645
3501,869.510681
3502,866.001038
3503,862.506104
3504,859.025818
3505,855.552979
3506,852.100525
3507,848.661072
3508,845.234558
3509,841.823303
3510,838.425903
3511,835.041748
3512,831.670593
3513,828.314087
3514,824.969360
3515,821.638062
3516,818.322266
3517,815.020874
3518,811.730591
3519,808.454224
3520,805.200378
3521,801.950439
3522,798.713745
3523,795.484558
3524,792.281311
3525,789.082031
3526,785.898499
3527,782.726746
3528,779.574585
3529,776.419739
3530,773.284851
3531,770.164978
3532,767.056213
3533,763.955750
3534,760.873169
3535,757.789368
3536,754.729614
3537,751.683716
3538,748.650269
3539,745.621826
3540,742.604370
3541,739.607849
3542,736.622864
3543,733.649170
3544,730.687927
3545,727.737732
3546,724.801147
3547,721.875366
3548,718.961304
3549,716.058350
3550,713.168823
3551,710.289551
3552,707.423157
3553,704.568359
3554,701.723938
3555,698.891724
3556,696.070862
3557,693.260498
3558,690.463440
3559,687.677246
3560,684.901733
3561,682.138245
3562,679.383789
3563,676.642334
3564,673.911072
3565,671.191040
3566,668.482483
3567,665.784485
3568,663.096313
3569,660.419678
3570,657.755432
3571,655.100281
3572,652.457397
3573,649.824524
3574,647.202515
3575,644.589783
3576,641.981873
3577,639.384583
3578,636.804321
3579,634.234314
3580,631.674622
3581,629.124207
3582,626.585205
3583,624.056030
3584,621.537170
3585,619.031982
3586,616.534485
3587,614.046448
3588,611.567810
3589,609.099609
3590,606.642029
3591,604.193115
3592,601.755249
3593,599.326294
3594,596.912842
3595,594.503601
3596,592.104004
3597,589.714905
3598,587.334656
3599,584.965088
3600,582.604126
3601,580.252563
3602,577.907837
3603,575.576111
3604,573.252808
3605,570.937988
3606,568.633850
3607,566.338745
3608,564.047424
3609,561.770752
3610,559.503723
3611,557.245605
3612,554.996277
3613,552.756958
3614,550.525696
3615,548.303955
3616,546.091125
3617,543.887207
3618,541.681458
3619,539.501099
3620,537.323853
3621,535.154785
3622,532.995178
3623,530.841675
3624,528.698975
3625,526.562500
3626,524.437317
3627,522.321899
3628,520.214539
3629,518.115356
3630,516.024658
3631,513.947388
3632,511.873413
3633,509.804840
3634,507.747040
3635,505.697662
3636,503.662231
3637,501.629944
3638,499.605988
3639,497.589417
3640,495.581360
3641,493.578552
3642,491.586395
3643,489.602844
3644,487.627014
3645,485.659698
3646,483.705566
3647,481.753235
3648,479.809601
3649,477.868134
3650,475.939911
3651,474.019623
3652,472.096893
3653,470.191803
3654,468.294037
3655,466.404602
3656,464.522064
3657,462.652435
3658,460.785614
3659,458.926605
3660,457.072357
3661,455.227417
3662,453.390656
3663,451.565857
3664,449.743561
3665,447.928711
3666,446.118042
3667,444.318359
3668,442.525055
3669,440.743744
3670,438.965027
3671,437.194611
3672,435.429596
3673,433.671844
3674,431.922943
3675,430.180206
3676,428.444153
3677,426.715271
3678,424.990845
3679,423.276764
3680,421.568329
3681,419.862549
3682,418.168427
3683,416.480927
3684,414.800934
3685,413.126740
3686,411.459991
3687,409.799866
3688,408.146210
3689,406.495178
3690,404.854584
3691,403.220062
3692,401.592560
3693,399.972015
3694,398.358429
3695,396.755066
3696,395.154022
3697,393.559509
3698,391.971344
3699,390.389343
3700,388.813873
3701,387.244568
3702,385.682617
3703,384.125763
3704,382.575806
3705,381.031891
3706,379.494202
3707,377.962830
3708,376.438110
3709,374.917603
3710,373.400818
3711,371.893860
3712,370.392487
3713,368.898376
3714,367.409729
3715,365.927887
3716,364.453552
3717,362.982483
3718,361.518280
3719,360.059418
3720,358.606110
3721,357.158783
3722,355.717438
3723,354.281555
3724,352.851898
3725,351.428070
3726,350.009674
3727,348.597351
3728,347.190765
3729,345.789795
3730,344.394531
3731,343.004669
3732,341.627533
3733,340.249146
3734,338.875824
3735,337.507965
3736,336.146210
3737,334.789612
3738,333.439026
3739,332.093384
3740,330.753479
3741,329.421173
3742,328.091858
3743,326.767761
3744,325.449371
3745,324.136322
3746,322.828705
3747,321.525726
3748,320.228363
3749,318.936615
3750,317.649323
3751,316.370605
3752,315.094635
3753,313.823395
3754,312.557220
3755,311.296356
3756,310.040436
3757,308.787445
3758,307.541382
3759,306.300568
3760,305.064606
3761,303.830505
3762,302.601044
3763,301.375427
3764,300.158966
3765,298.944336
3766,297.738556
3767,296.537079
3768,295.340515
3769,294.148804
3770,292.962036
3771,291.779968
3772,290.599487
3773,289.426605
3774,288.258972
3775,287.097504
3776,285.938812
3777,284.783356
3778,283.633087
3779,282.488892
3780,281.348969
3781,280.213776
3782,279.082886
3783,277.956940
3784,276.835327
3785,275.718109
3786,274.606354
3787,273.498505
3788,272.394867
3789,271.296021
3790,270.201508
3791,269.111389
3792,268.025391
3793,266.944000
3794,265.867004
3795,264.794525
3796,263.725922
3797,262.661804
3798,261.602417
3799,260.546967
3800,259.493225
3801,258.446167
3802,257.403473
3803,256.365234
3804,255.330658
3805,254.300690
3806,253.275070
3807,252.252960
3808,251.235168
3809,250.221512
3810,249.211945
3811,248.206665
3812,247.202667
3813,246.205063
3814,245.214554
3815,244.225342
3816,243.240036
3817,242.258530
3818,241.280777
3819,240.305649
3820,239.335861
3821,238.370316
3822,237.408524
3823,236.450394
3824,235.497238
3825,234.544724
3826,233.593735
3827,232.646332
3828,231.702637
3829,230.764999
3830,229.833954
3831,228.905060
3832,227.981293
3833,227.056793
3834,226.137238
3835,225.223511
3836,224.307602
3837,223.400620
3838,222.496597
3839,221.598999
3840,220.704941
3841,219.812180
3842,218.924881
3843,218.037247
3844,217.157181
3845,216.281143
3846,215.408508
3847,214.539581
3848,213.671661
3849,212.805176
3850,211.940735
3851,211.080902
3852,210.224655
3853,209.370422
3854,208.521469
3855,207.669556
3856,206.824875
3857,205.988586
3858,205.157532
3859,204.330109
3860,203.505890
3861,202.685013
3862,201.867249
3863,201.052505
3864,200.241592
3865,199.433792
3866,198.631241
3867,197.829819
3868,197.031845
3869,196.236801
3870,195.445328
3871,194.656708
3872,193.871384
3873,193.089310
3874,192.310410
3875,191.534500
3876,190.761658
3877,189.992279
3878,189.225586
3879,188.462158
3880,187.701797
3881,186.944427
3882,186.190308
3883,185.438187
3884,184.689728
3885,183.944702
3886,183.202621
3887,182.462540
3888,181.726379
3889,180.992920
3890,180.263000
3891,179.535889
3892,178.809509
3893,178.088089
3894,177.369507
3895,176.653931
3896,175.940994
3897,175.231125
3898,174.525864
3899,173.822052
3900,173.119095
3901,172.420624
3902,171.724976
3903,171.032257
3904,170.341888
3905,169.654938
3906,168.970642
3907,168.289001
3908,167.609940
3909,166.933472
3910,166.260178
3911,165.589264
3912,164.921143
3913,164.255676
3914,163.592957
3915,162.933136
3916,162.275558
3917,161.620834
3918,160.968567
3919,160.319244
3920,159.672379
3921,159.028168
3922,158.386612
3923,157.747467
3924,157.111160
3925,156.477310
3926,155.846100
3927,155.217331
3928,154.592834
3929,153.969360
3930,153.348068
3931,152.729523
3932,152.113205
3933,151.499527
3934,150.889633
3935,150.280884
3936,149.674652
3937,149.071014
3938,148.469452
3939,147.870255
3940,147.273758
3941,146.679688
3942,146.087738
3943,145.498306
3944,144.911316
3945,144.328033
3946,143.745651
3947,143.165909
3948,142.588211
3949,142.012939
3950,141.439865
3951,140.869339
3952,140.301086
3953,139.735046
3954,139.171326
3955,138.609863
3956,138.050629
3957,137.493774
3958,136.939117
3959,136.385178
3960,135.834930
3961,135.286926
3962,134.741074
3963,134.197327
3964,133.655701
3965,133.116608
3966,132.580734
3967,132.047134
3968,131.515060
3969,130.984604
3970,130.456039
3971,129.929977
3972,129.405731
3973,128.883850
3974,128.363983
3975,127.845764
3976,127.330269
3977,126.816452
3978,126.303505
3979,125.794121
3980,125.285469
3981,124.779953
3982,124.276611
3983,123.775375
3984,123.275909
3985,122.779831
3986,122.284271
3987,121.790810
3988,121.299599
3989,120.810303
3990,120.322914
3991,119.837265
3992,119.353767
3993,118.871552
3994,118.392052
3995,117.914391
3996,117.438805
3997,116.964996
3998,116.492455
3999,116.022476
4000,115.554390
4001,115.088318
4002,114.624039
4003,114.160431
4004,113.699852
4005,113.241158
4006,112.784195
4007,112.329140
4008,111.876015
4009,111.424721
4010,110.975189
4011,110.527634
4012,110.081726
4013,109.637581
4014,109.195168
4015,108.754753
4016,108.316025
4017,107.879089
4018,107.444962
4019,107.011398
4020,106.578667
4021,106.148575
4022,105.719429
4023,105.291885
4024,104.867134
4025,104.444023
4026,104.022720
4027,103.602890
4028,103.185066
4029,102.768913
4030,102.354240
4031,101.941231
4032,101.529930
4033,101.120453
4034,100.712524
4035,100.306381
4036,99.901794
4037,99.498451
4038,99.096962
4039,98.697319
4040,98.298248
4041,97.901802
4042,97.506706
4043,97.113266
4044,96.721512
4045,96.331223
4046,95.942627
4047,95.555458
4048,95.170052
4049,94.786003
4050,94.403610
4051,94.022743
4052,93.643433
4053,93.265549
4054,92.888176
4055,92.513321
4056,92.140137
4057,91.768372
4058,91.398087
4059,91.029373
4060,90.663116
4061,90.297295
4062,89.932396
4063,89.569542
4064,89.208176
4065,88.848289
4066,88.489838
4067,88.132698
4068,87.777252
4069,87.423096
4070,87.070404
4071,86.719131
4072,86.369293
4073,86.020866
4074,85.672882
4075,85.327225
4076,84.983253
4077,84.639595
4078,84.298172
4079,83.958176
4080,83.619431
4081,83.281219
4082,82.945602
4083,82.611015
4084,82.277649
4085,81.945816
4086,81.615273
4087,81.286865
4088,80.959061
4089,80.632401
4090,80.306313
4091,79.982422
4092,79.659828
4093,79.338158
4094,79.017769
4095,78.699051
4096,78.381592
4097,78.065407
4098,77.750443
4099,77.436699
4100,77.123856
4101,76.812630
4102,76.503593
4103,76.195053
4104,75.887611
4105,75.581482
4106,75.276001
4107,74.972267
4108,74.669754
4109,74.368599
4110,74.068466
4111,73.769768
4112,73.472191
4113,73.175781
4114,72.880440
4115,72.586510
4116,72.294518
4117,72.002777
4118,71.711937
4119,71.422623
4120,71.134430
4121,70.846985
4122,70.561172
4123,70.276573
4124,69.993179
4125,69.710716
4126,69.429581
4127,69.149048
4128,68.870171
4129,68.592323
4130,68.315651
4131,68.040100
4132,67.765442
4133,67.492126
4134,67.219109
4135,66.947884
4136,66.677826
4137,66.408134
4138,66.140717
4139,65.873955
4140,65.608139
4141,65.343460
4142,65.079819
4143,64.817253
4144,64.555832
4145,64.295929
4146,64.036583
4147,63.778259
4148,63.520985
4149,63.264725
4150,63.009399
4151,62.755203
4152,62.501431
4153,62.249233
4154,61.998219
4155,61.748070
4156,61.499683
4157,61.251617
4158,61.004417
4159,60.758274
4160,60.512577
4161,60.268433
4162,60.025314
4163,59.783173
4164,59.541962
4165,59.301800
4166,59.062519
4167,58.824326
4168,58.586994
4169,58.350609
4170,58.115261
4171,57.880840
4172,57.646809
4173,57.413857
4174,57.182232
4175,56.951576
4176,56.721893
4177,56.493015
4178,56.265160
4179,56.038235
4180,55.811691
4181,55.586487
4182,55.362244
4183,55.138958
4184,54.915993
4185,54.694435
4186,54.473793
4187,54.254047
4188,54.035069
4189,53.817120
4190,53.600037
4191,53.383854
4192,53.168491
4193,52.953934
4194,52.740395
4195,52.527664
4196,52.315697
4197,52.104725
4198,51.894012
4199,51.684734
4200,51.476143
4201,51.268444
4202,51.061649
4203,50.855625
4204,50.650528
4205,50.446182
4206,50.242580
4207,50.039848
4208,49.837994
4209,49.636898
4210,49.436649
4211,49.237206
4212,49.038616
4213,48.840843
4214,48.643856
4215,48.447651
4216,48.252216
4217,48.057568
4218,47.863380
4219,47.670238
4220,47.477932
4221,47.286888
4222,47.095863
4223,46.905891
4224,46.716614
4225,46.528168
4226,46.340527
4227,46.153595
4228,45.967377
4229,45.782402
4230,45.597729
4231,45.413765
4232,45.230576
4233,45.048187
4234,44.866451
4235,44.685486
4236,44.505199
4237,44.326138
4238,44.147327
4239,43.969330
4240,43.792076
4241,43.615395
4242,43.439465
4243,43.264137
4244,43.089680
4245,42.915840
4246,42.742664
4247,42.570183
4248,42.398426
4249,42.227375
4250,42.057125
4251,41.887482
4252,41.718250
4253,41.550026
4254,41.382355
4255,41.215435
4256,41.049236
4257,40.883667
4258,40.718788
4259,40.554508
4260,40.390987
4261,40.228058
4262,40.065769
4263,39.904167
4264,39.742889
4265,39.582550
4266,39.422878
4267,39.263874
4268,39.105434
4269,38.947575
4270,38.790466
4271,38.633999
4272,38.478146
4273,38.322887
4274,38.168335
4275,38.014385
4276,37.861382
4277,37.708630
4278,37.556534
4279,37.405048
4280,37.254539
4281,37.104313
4282,36.954620
4283,36.805500
4284,36.657036
4285,36.509148
4286,36.362228
4287,36.215561
4288,36.069447
4289,35.923916
4290,35.778996
4291,35.634678
4292,35.490948
4293,35.347755
4294,35.205173
4295,35.063225
4296,34.921783
4297,34.780876
4298,34.640564
4299,34.500771
4300,34.361626
4301,34.222996
4302,34.084976
4303,33.947468
4304,33.810555
4305,33.674118
4306,33.538300
4307,33.402981
4308,33.268200
4309,33.134010
4310,33.000389
4311,32.867275
4312,32.734695
4313,32.602642
4314,32.471088
4315,32.340183
4316,32.209709
4317,32.079781
4318,31.950397
4319,31.821545
4320,31.692678
4321,31.565155
4322,31.437822
4323,31.310804
4324,31.184526
4325,31.058760
4326,30.933475
4327,30.808685
4328,30.684387
4329,30.560585
4330,30.437317
4331,30.314562
4332,30.192253
4333,30.070499
4334,29.949169
4335,29.828331
4336,29.708010
4337,29.588152
4338,29.468843
4339,29.349802
4340,29.231426
4341,29.113501
4342,28.996058
4343,28.879068
4344,28.762596
4345,28.646603
4346,28.531078
4347,28.415987
4348,28.301344
4349,28.187218
4350,28.073490
4351,27.959986
4352,27.847172
4353,27.734926
4354,27.623024
4355,27.511578
4356,27.400578
4357,27.290045
4358,27.179920
4359,27.070311
4360,26.961115
4361,26.852341
4362,26.744032
4363,26.636148
4364,26.528721
4365,26.421961
4366,26.315422
4367,26.209244
4368,26.103027
4369,25.997713
4370,25.892851
4371,25.788393
4372,25.684374
4373,25.580784
4374,25.477623
4375,25.374838
4376,25.272505
4377,25.170557
4378,25.069044
4379,24.967886
4380,24.867157
4381,24.766890
4382,24.666973
4383,24.567450
4384,24.468328
4385,24.369635
4386,24.271360
4387,24.173437
4388,24.075802
4389,23.978691
4390,23.882006
4391,23.785408
4392,23.689468
4393,23.593929
4394,23.498795
4395,23.404020
4396,23.309608
4397,23.215599
4398,23.122192
4399,23.028923
4400,22.935890
4401,22.843384
4402,22.751059
4403,22.659275
4404,22.567860
4405,22.476791
4406,22.386164
4407,22.295877
4408,22.205963
4409,22.116360
4410,22.027163
4411,21.938299
4412,21.849655
4413,21.761545
4414,21.673800
4415,21.586349
4416,21.499269
4417,21.412775
4418,21.326393
4419,21.240368
4420,21.154692
4421,21.069384
4422,20.984392
4423,20.899784
4424,20.815371
4425,20.731417
4426,20.647804
4427,20.564522
4428,20.481602
4429,20.398964
4430,20.316673
4431,20.234749
4432,20.152952
4433,20.071659
4434,19.990688
4435,19.910040
4436,19.829756
4437,19.749790
4438,19.670126
4439,19.590786
4440,19.511774
4441,19.433254
4442,19.354866
4443,19.276779
4444,19.199041
4445,19.121593
4446,19.044432
4447,18.967623
4448,18.891108
4449,18.814896
4450,18.739006
4451,18.663563
4452,18.588278
4453,18.513302
4454,18.438643
4455,18.364252
4456,18.290173
4457,18.216408
4458,18.142933
4459,18.069733
4460,17.996868
4461,17.924294
4462,17.851810
4463,17.779772
4464,17.708052
4465,17.636631
4466,17.565485
4467,17.494648
4468,17.424082
4469,17.353825
4470,17.283812
4471,17.214083
4472,17.144651
4473,17.075487
4474,17.006628
4475,16.938021
4476,16.869696
4477,16.801662
4478,16.733854
4479,16.666506
4480,16.599291
4481,16.532364
4482,16.465687
4483,16.399261
4484,16.332739
4485,16.266794
4486,16.201004
4487,16.135618
4488,16.070539
4489,16.005573
4490,15.940847
4491,15.876384
4492,15.812008
4493,15.748376
4494,15.684525
4495,15.620934
4496,15.557771
4497,15.495015
4498,15.432349
4499,15.370089
4500,15.308236
4501,15.246325
4502,15.184637
4503,15.123226
4504,15.062224
4505,15.001114
4506,14.940416
4507,14.879907
4508,14.819727
4509,14.759933
4510,14.699766
4511,14.640470
4512,14.581409
4513,14.522450
4514,14.463895
4515,14.405536
4516,14.347447
4517,14.289736
4518,14.232076
4519,14.174667
4520,14.117487
4521,14.060531
4522,14.003718
4523,13.947228
4524,13.890985
4525,13.834969
4526,13.779159
4527,13.723577
4528,13.668228
4529,13.613095
4530,13.558180
4531,13.503485
4532,13.449023
4533,13.394766
4534,13.340734
4535,13.286805
4536,13.233204
4537,13.179812
4538,13.126648
4539,13.073635
4540,13.020896
4541,12.968372
4542,12.916077
4543,12.863987
4544,12.811972
4545,12.760297
4546,12.708703
4547,12.657313
4548,12.606259
4549,12.555329
4550,12.504665
4551,12.454226
4552,12.403997
4553,12.353924
4554,12.304090
4555,12.254463
4556,12.205027
4557,12.155803
4558,12.106756
4559,12.057796
4560,12.009024
4561,11.960589
4562,11.912214
4563,11.864156
4564,11.816305
4565,11.768647
4566,11.721112
4567,11.673561
4568,11.626372
4569,11.579475
4570,11.532773
4571,11.486254
4572,11.439947
4573,11.393801
4574,11.347853
4575,11.302067
4576,11.256481
4577,11.211078
4578,11.165843
4579,11.120811
4580,11.075953
4581,11.031293
4582,10.986800
4583,10.942491
4584,10.898354
4585,10.854392
4586,10.810615
4587,10.767005
4588,10.723562
4589,10.680306
4590,10.637223
4591,10.594220
4592,10.551487
4593,10.509032
4594,10.466644
4595,10.424435
4596,10.382385
4597,10.340499
4598,10.298679
4599,10.257033
4600,10.215676
4601,10.174452
4602,10.133433
4603,10.092541
4604,10.051833
4605,10.011291
4606,9.970905
4607,9.930697
4608,9.890746
4609,9.850863
4610,9.811115
4611,9.771474
4612,9.732075
4613,9.692916
4614,9.653823
4615,9.614874
4616,9.576087
4617,9.537550
4618,9.499071
4619,9.460741
4620,9.422567
4621,9.384506
4622,9.346650
4623,9.308956
4624,9.271488
4625,9.234097
4626,9.196841
4627,9.159743
4628,9.122806
4629,9.086010
4630,9.049355
4631,9.012852
4632,8.976510
4633,8.940279
4634,8.904159
4635,8.868252
4636,8.832477
4637,8.796848
4638,8.761374
4639,8.726041
4640,8.690846
4641,8.655794
4642,8.620870
4643,8.586099
4644,8.551473
4645,8.516973
4646,8.482623
4647,8.448424
4648,8.414344
4649,8.380483
4650,8.346699
4651,8.313038
4652,8.279508
4653,8.246133
4654,8.212861
4655,8.179742
4656,8.146736
4657,8.113873
4658,8.081147
4659,8.048550
4660,8.016080
4661,7.983744
4662,7.951545
4663,7.919473
4664,7.887453
4665,7.855645
4666,7.823955
4667,7.792394
4668,7.760958
4669,7.729646
4670,7.698386
4671,7.667336
4672,7.636333
4673,7.605515
4674,7.574837
4675,7.544288
4676,7.513783
4677,7.483482
4678,7.453296
4679,7.423219
4680,7.393266
4681,7.363451
4682,7.333673
4683,7.304175
4684,7.274723
4685,7.245461
4686,7.216240
4687,7.187141
4688,7.158155
4689,7.129352
4690,7.100605
4691,7.071960
4692,7.043426
4693,7.015017
4694,6.986723
4695,6.958553
4696,6.930554
4697,6.902422
4698,6.874510
4699,6.846783
4700,6.819309
4701,6.791808
4702,6.764345
4703,6.737125
4704,6.709954
4705,6.682885
4706,6.655989
4707,6.629085
4708,6.602403
4709,6.575765
4710,6.549174
4711,6.522827
4712,6.496540
4713,6.470332
4714,6.444232
4715,6.418369
4716,6.392477
4717,6.366760
4718,6.341134
4719,6.315619
4720,6.290205
4721,6.264904
4722,6.239637
4723,6.214478
4724,6.189380
4725,6.164474
4726,6.139556
4727,6.114860
4728,6.090258
4729,6.065589
4730,6.041121
4731,6.016816
4732,5.992553
4733,5.968500
4734,5.944484
4735,5.920507
4736,5.896626
4737,5.872898
4738,5.849214
4739,5.825717
4740,5.802268
4741,5.778873
4742,5.755572
4743,5.732418
4744,5.709292
4745,5.686266
4746,5.663338
4747,5.640500
4748,5.617742
4749,5.595090
4750,5.572521
4751,5.550047
4752,5.527711
4753,5.505356
4754,5.483158
4755,5.461040
4756,5.439009
4757,5.416963
4758,5.394945
4759,5.373013
4760,5.351280
4761,5.329530
4762,5.307957
4763,5.286389
4764,5.264904
4765,5.243554
4766,5.222298
4767,5.201179
4768,5.180036
4769,5.159062
4770,5.138094
4771,5.117214
4772,5.096514
4773,5.075865
4774,5.055330
4775,5.034842
4776,5.014428
4777,4.994095
4778,4.973851
4779,4.953635
4780,4.933469
4781,4.913415
4782,4.893499
4783,4.873604
4784,4.853851
4785,4.834229
4786,4.814641
4787,4.795122
4788,4.775666
4789,4.756362
4790,4.737081
4791,4.717879
4792,4.698800
4793,4.679796
4794,4.660828
4795,4.641846
4796,4.623072
4797,4.604381
4798,4.585721
4799,4.567172
4800,4.548520
4801,4.530124
4802,4.511766
4803,4.493478
4804,4.475306
4805,4.457162
4806,4.439095
4807,4.421108
4808,4.403180
4809,4.385329
4810,4.367554
4811,4.349845
4812,4.332303
4813,4.314785
4814,4.297380
4815,4.280046
4816,4.262782
4817,4.245587
4818,4.228460
4819,4.211403
4820,4.194412
4821,4.177486
4822,4.160636
4823,4.143855
4824,4.127136
4825,4.110489
4826,4.093907
4827,4.077392
4828,4.060944
4829,4.044566
4830,4.028252
4831,4.012002
4832,3.995816
4833,3.979736
4834,3.963692
4835,3.947699
4836,3.931765
4837,3.915912
4838,3.900113
4839,3.884424
4840,3.868757
4841,3.853124
4842,3.837584
4843,3.822111
4844,3.806671
4845,3.791320
4846,3.776028
4847,3.760794
4848,3.745626
4849,3.730520
4850,3.715477
4851,3.700492
4852,3.685563
4853,3.670696
4854,3.655888
4855,3.641067
4856,3.626373
4857,3.611707
4858,3.597133
4859,3.582627
4860,3.568179
4861,3.553778
4862,3.539445
4863,3.525163
4864,3.510943
4865,3.496786
4866,3.482679
4867,3.468630
4868,3.454638
4869,3.440686
4870,3.426807
4871,3.412986
4872,3.399215
4873,3.385504
4874,3.371813
4875,3.358212
4876,3.344666
4877,3.331177
4878,3.317718
4879,3.304334
4880,3.291039
4881,3.277764
4882,3.264545
4883,3.251378
4884,3.238262
4885,3.225204
4886,3.212189
4887,3.199231
4888,3.186314
4889,3.173465
4890,3.160697
4891,3.147944
4892,3.135243
4893,3.122570
4894,3.109971
4895,3.097424
4896,3.084961
4897,3.072501
4898,3.060107
4899,3.047760
4900,3.035466
4901,3.023228
4902,3.011055
4903,2.998890
4904,2.986794
4905,2.974749
4906,2.962728
4907,2.950778
4908,2.938876
4909,2.927023
4910,2.915215
4911,2.903457
4912,2.891742
4913,2.880073
4914,2.868462
4915,2.856888
4916,2.845364
4917,2.833915
4918,2.822485
4919,2.811100
4920,2.799760
4921,2.788440
4922,2.777191
4923,2.765986
4924,2.754830
4925,2.743720
4926,2.732680
4927,2.721660
4928,2.710650
4929,2.699716
4930,2.688828
4931,2.677979
4932,2.667175
4933,2.656415
4934,2.645697
4935,2.635026
4936,2.624391
4937,2.613805
4938,2.603263
4939,2.592761
4940,2.582307
4941,2.571874
4942,2.561503
4943,2.551172
4944,2.540881
4945,2.530630
4946,2.520448
4947,2.510279
4948,2.500152
4949,2.490071
4950,2.480051
4951,2.470046
4952,2.460086
4953,2.450166
4954,2.440284
4955,2.430463
4956,2.420661
4957,2.410898
4958,2.401162
4959,2.391480
4960,2.381831
4961,2.372223
4962,2.362657
4963,2.353128
4964,2.343616
4965,2.334163
4966,2.324747
4967,2.315369
4968,2.306029
4969,2.296751
4970,2.287487
4971,2.278260
4972,2.269072
4973,2.259919
4974,2.250799
4975,2.241718
4976,2.232677
4977,2.223670
4978,2.214702
4979,2.205767
4980,2.196853
4981,2.188016
4982,2.179189
4983,2.170401
4984,2.161633
4985,2.152911
4986,2.144228
4987,2.135577
4988,2.126966
4989,2.118385
4990,2.109843
4991,2.101332
4992,2.092856
4993,2.084415
4994,2.075986
4995,2.067613
4996,2.059259
4997,2.050954
4998,2.042681
4999,2.034444
5000,2.026237
5001,2.018044
5002,2.009902
5003,2.001799
5004,1.993735
5005,1.985693
5006,1.977684
5007,1.969707
5008,1.961767
5009,1.953853
5010,1.945973
5011,1.938125
5012,1.930307
5013,1.922519
5014,1.914768
5015,1.907044
5016,1.899354
5017,1.891692
5018,1.884062
5019,1.876462
5020,1.868893
5021,1.861355
5022,1.853845
5023,1.846368
5024,1.838902
5025,1.831468
5026,1.824081
5027,1.816722
5028,1.809394
5029,1.802087
5030,1.794815
5031,1.787576
5032,1.780366
5033,1.773169
5034,1.766018
5035,1.758895
5036,1.751800
5037,1.744734
5038,1.737697
5039,1.730687
5040,1.723702
5041,1.716734
5042,1.709791
5043,1.702894
5044,1.696026
5045,1.689177
5046,1.682364
5047,1.675576
5048,1.668816
5049,1.662085
5050,1.655383
5051,1.648708
5052,1.642057
5053,1.635435
5054,1.628838
5055,1.622269
5056,1.615725
5057,1.609207
5058,1.602700
5059,1.596235
5060,1.589787
5061,1.583375
5062,1.576988
5063,1.570613
5064,1.564278
5065,1.557969
5066,1.551674
5067,1.545415
5068,1.539185
5069,1.532959
5070,1.526776
5071,1.520621
5072,1.514487
5073,1.508377
5074,1.502293
5075,1.496232
5076,1.490196
5077,1.484184
5078,1.478199
5079,1.472237
5080,1.466298
5081,1.460383
5082,1.454492
5083,1.448627
5084,1.442783
5085,1.436963
5086,1.431166
5087,1.425393
5088,1.419645
5089,1.413917
5090,1.408214
5091,1.402535
5092,1.396878
5093,1.391243
5094,1.385632
5095,1.380029
5096,1.374463
5097,1.368919
5098,1.363397
5099,1.357913
5100,1.352436
5101,1.346982
5102,1.341548
5103,1.336138
5104,1.330748
5105,1.325380
5106,1.320033
5107,1.314710
5108,1.309397
5109,1.304100
5110,1.298839
5111,1.293600
5112,1.288395
5113,1.283198
5114,1.278022
5115,1.272867
5116,1.267720
5117,1.262607
5118,1.257514
5119,1.252443
5120,1.247390
5121,1.242347
5122,1.237335
5123,1.232345
5124,1.227377
5125,1.222426
5126,1.217494
5127,1.212582
5128,1.207691
5129,1.202820
5130,1.197973
5131,1.193140
5132,1.188328
5133,1.183536
5134,1.178751
5135,1.173995
5136,1.169259
5137,1.164541
5138,1.159844
5139,1.155168
5140,1.150509
5141,1.145869
5142,1.141247
5143,1.136643
5144,1.132057
5145,1.127491
5146,1.122944
5147,1.118415
5148,1.113904
5149,1.109411
5150,1.104935
5151,1.100480
5152,1.096031
5153,1.091611
5154,1.087208
5155,1.082826
5156,1.078452
5157,1.074125
5158,1.069803
5159,1.065489
5160,1.061191
5161,1.056910
5162,1.052648
5163,1.048400
5164,1.044171
5165,1.039960
5166,1.035765
5167,1.031587
5168,1.027426
5169,1.023283
5170,1.019157
5171,1.015045
5172,1.010951
5173,1.006873
5174,1.002812
5175,0.998768
5176,0.994748
5177,0.990745
5178,0.986749
5179,0.982767
5180,0.978805
5181,0.974856
5182,0.970925
5183,0.967010
5184,0.963108
5185,0.959229
5186,0.955361
5187,0.951507
5188,0.947658
5189,0.943836
5190,0.940020
5191,0.936238
5192,0.932461
5193,0.928700
5194,0.924954
5195,0.921223
5196,0.917508
5197,0.913807
5198,0.910120
5199,0.906449
5200,0.902791
5201,0.899150
5202,0.895534
5203,0.891931
5204,0.888338
5205,0.884755
5206,0.881187
5207,0.877633
5208,0.874101
5209,0.870576
5210,0.867063
5211,0.863550
5212,0.860068
5213,0.856597
5214,0.853137
5215,0.849695
5216,0.846276
5217,0.842862
5218,0.839480
5219,0.836093
5220,0.832721
5221,0.829362
5222,0.826010
5223,0.822677
5224,0.819349
5225,0.816044
5226,0.812736
5227,0.809444
5228,0.806188
5229,0.802935
5230,0.799704
5231,0.796477
5232,0.793262
5233,0.790056
5234,0.786868
5235,0.783696
5236,0.780528
5237,0.777371
5238,0.774228
5239,0.771098
5240,0.767980
5241,0.764889
5242,0.761796
5243,0.758708
5244,0.755646
5245,0.752598
5246,0.749541
5247,0.746517
5248,0.743505
5249,0.740506
5250,0.737527
5251,0.734552
5252,0.731574
5253,0.728646
5254,0.725702
5255,0.722774
5256,0.719860
5257,0.716941
5258,0.714042
5259,0.711147
5260,0.708257
5261,0.705383
5262,0.702537
5263,0.699689
5264,0.696838
5265,0.694020
5266,0.691209
5267,0.688400
5268,0.685615
5269,0.682851
5270,0.680104
5271,0.677347
5272,0.674615
5273,0.671889
5274,0.669179
5275,0.666487
5276,0.663799
5277,0.661121
5278,0.658456
5279,0.655789
5280,0.653133
5281,0.650492
5282,0.647863
5283,0.645250
5284,0.642640
5285,0.640049
5286,0.637467
5287,0.634886
5288,0.632316
5289,0.629750
5290,0.627201
5291,0.624663
5292,0.622134
5293,0.619610
5294,0.617102
5295,0.614605
5296,0.612117
5297,0.609628
5298,0.607156
5299,0.604686
5300,0.602228
5301,0.599778
5302,0.597342
5303,0.594913
5304,0.592494
5305,0.590085
5306,0.587691
5307,0.585301
5308,0.582921
5309,0.580549
5310,0.578177
5311,0.575837
5312,0.573498
5313,0.571171
5314,0.568849
5315,0.566534
5316,0.564230
5317,0.561937
5318,0.559652
5319,0.557382
5320,0.555122
5321,0.552861
5322,0.550619
5323,0.548386
5324,0.546153
5325,0.543932
5326,0.541721
5327,0.539518
5328,0.537320
5329,0.535130
5330,0.532958
5331,0.530791
5332,0.528638
5333,0.526500
5334,0.524369
5335,0.522243
5336,0.520130
5337,0.518026
5338,0.515925
5339,0.513838
5340,0.511755
5341,0.509680
5342,0.507618
5343,0.505559
5344,0.503514
5345,0.501473
5346,0.499444
5347,0.497423
5348,0.495411
5349,0.493402
5350,0.491406
5351,0.489418
5352,0.487438
5353,0.485471
5354,0.483503
5355,0.481542
5356,0.479594
5357,0.477659
5358,0.475722
5359,0.473793
5360,0.471874
5361,0.469965
5362,0.468064
5363,0.466170
5364,0.464284
5365,0.462407
5366,0.460536
5367,0.458678
5368,0.456823
5369,0.454979
5370,0.453143
5371,0.451315
5372,0.449493
5373,0.447670
5374,0.445859
5375,0.444052
5376,0.442260
5377,0.440469
5378,0.438688
5379,0.436916
5380,0.435152
5381,0.433393
5382,0.431641
5383,0.429897
5384,0.428159
5385,0.426428
5386,0.424704
5387,0.422987
5388,0.421281
5389,0.419582
5390,0.417886
5391,0.416196
5392,0.414509
5393,0.412833
5394,0.411164
5395,0.409502
5396,0.407846
5397,0.406197
5398,0.404554
5399,0.402919
5400,0.401289
5401,0.399666
5402,0.398050
5403,0.396437
5404,0.394833
5405,0.393237
5406,0.391646
5407,0.390061
5408,0.388483
5409,0.386912
5410,0.385335
5411,0.383764
5412,0.382210
5413,0.380665
5414,0.379125
5415,0.377592
5416,0.376065
5417,0.374544
5418,0.373034
5419,0.371530
5420,0.370028
5421,0.368535
5422,0.367049
5423,0.365569
5424,0.364094
5425,0.362626
5426,0.361160
5427,0.359703
5428,0.358252
5429,0.356808
5430,0.355365
5431,0.353931
5432,0.352500
5433,0.351078
5434,0.349662
5435,0.348251
5436,0.346846
5437,0.345447
5438,0.344054
5439,0.342658
5440,0.341275
5441,0.339899
5442,0.338528
5443,0.337162
5444,0.335803
5445,0.334448
5446,0.333100
5447,0.331757
5448,0.330418
5449,0.329086
5450,0.327758
5451,0.326436
5452,0.325119
5453,0.323808
5454,0.322502
5455,0.321198
5456,0.319902
5457,0.318612
5458,0.317327
5459,0.316044
5460,0.314769
5461,0.313500
5462,0.312235
5463,0.310975
5464,0.309718
5465,0.308468
5466,0.307224
5467,0.305984
5468,0.304747
5469,0.303519
5470,0.302294
5471,0.301075
5472,0.299860
5473,0.298651
5474,0.297446
5475,0.296247
5476,0.295049
5477,0.293859
5478,0.292673
5479,0.291493
5480,0.290317
5481,0.289146
5482,0.287980
5483,0.286816
5484,0.285659
5485,0.284507
5486,0.283362
5487,0.282219
5488,0.281080
5489,0.279947
5490,0.278818
5491,0.277693
5492,0.276573
5493,0.275458
5494,0.274341
5495,0.273234
5496,0.272132
5497,0.271037
5498,0.269947
5499,0.268856
5500,0.267772
5501,0.266692
5502,0.265616
5503,0.264542
5504,0.263476
5505,0.262413
5506,0.261355
5507,0.260300
5508,0.259250
5509,0.258205
5510,0.257163
5511,0.256126
5512,0.255093
5513,0.254062
5514,0.253037
5515,0.252016
5516,0.251000
5517,0.249987
5518,0.248979
5519,0.247975
5520,0.246975
5521,0.245979
5522,0.244986
5523,0.243998
5524,0.243014
5525,0.242034
5526,0.241058
5527,0.240085
5528,0.239117
5529,0.238150
5530,0.237189
5531,0.236233
5532,0.235279
5533,0.234330
5534,0.233385
5535,0.232444
5536,0.231504
5537,0.230570
5538,0.229640
5539,0.228711
5540,0.227789
5541,0.226869
5542,0.225952
5543,0.225041
5544,0.224133
5545,0.223229
5546,0.222328
5547,0.221431
5548,0.220538
5549,0.219649
5550,0.218760
5551,0.217878
5552,0.217000
5553,0.216124
5554,0.215255
5555,0.214386
5556,0.213522
5557,0.212656
5558,0.211798
5559,0.210944
5560,0.210093
5561,0.209248
5562,0.208406
5563,0.207562
5564,0.206725
5565,0.205891
5566,0.205060
5567,0.204233
5568,0.203408
5569,0.202587
5570,0.201769
5571,0.200955
5572,0.200144
5573,0.199336
5574,0.198532
5575,0.197731
5576,0.196934
5577,0.196139
5578,0.195348
5579,0.194560
5580,0.193775
5581,0.192993
5582,0.192215
5583,0.191440
5584,0.190667
5585,0.189898
5586,0.189131
5587,0.188368
5588,0.187607
5589,0.186850
5590,0.186096
5591,0.185345
5592,0.184598
5593,0.183852
5594,0.183110
5595,0.182370
5596,0.181633
5597,0.180900
5598,0.180170
5599,0.179444
5600,0.178718
5601,0.177997
5602,0.177279
5603,0.176564
5604,0.175852
5605,0.175143
5606,0.174436
5607,0.173733
5608,0.173032
5609,0.172334
5610,0.171639
5611,0.170947
5612,0.170257
5613,0.169570
5614,0.168886
5615,0.168205
5616,0.167526
5617,0.166851
5618,0.166178
5619,0.165506
5620,0.164840
5621,0.164175
5622,0.163511
5623,0.162853
5624,0.162196
5625,0.161542
5626,0.160889
5627,0.160240
5628,0.159592
5629,0.158948
5630,0.158307
5631,0.157668
5632,0.157032
5633,0.156399
5634,0.155768
5635,0.155140
5636,0.154514
5637,0.153891
5638,0.153271
5639,0.152652
5640,0.152036
5641,0.151423
5642,0.150811
5643,0.150203
5644,0.149597
5645,0.148994
5646,0.148393
5647,0.147794
5648,0.147198
5649,0.146605
5650,0.146012
5651,0.145423
5652,0.144836
5653,0.144252
5654,0.143669
5655,0.143089
5656,0.142512
5657,0.141937
5658,0.141364
5659,0.140793
5660,0.140225
5661,0.139660
5662,0.139096
5663,0.138535
5664,0.137976
5665,0.137420
5666,0.136866
5667,0.136312
5668,0.135762
5669,0.135214
5670,0.134668
5671,0.134124
5672,0.133583
5673,0.133044
5674,0.132507
5675,0.131972
5676,0.131440
5677,0.130910
5678,0.130382
5679,0.129856
5680,0.129331
5681,0.128810
5682,0.128290
5683,0.127773
5684,0.127257
5685,0.126744
5686,0.126233
5687,0.125722
5688,0.125216
5689,0.124711
5690,0.124208
5691,0.123707
5692,0.123208
5693,0.122710
5694,0.122217
5695,0.121724
5696,0.121231
5697,0.120742
5698,0.120255
5699,0.119770
5700,0.119286
5701,0.118803
5702,0.118324
5703,0.117847
5704,0.117372
5705,0.116898
5706,0.116426
5707,0.115957
5708,0.115489
5709,0.115023
5710,0.114559
5711,0.114098
5712,0.113638
5713,0.113180
5714,0.112723
5715,0.112268
5716,0.111814
5717,0.111363
5718,0.110913
5719,0.110466
5720,0.110020
5721,0.109576
5722,0.109133
5723,0.108693
5724,0.108255
5725,0.107819
5726,0.107384
5727,0.106951
5728,0.106520
5729,0.106090
5730,0.105662
5731,0.105236
5732,0.104812
5733,0.104389
5734,0.103968
5735,0.103549
5736,0.103131
5737,0.102715
5738,0.102302
5739,0.101888
5740,0.101476
5741,0.101067
5742,0.100658
5743,0.100252
5744,0.099847
5745,0.099444
5746,0.099042
5747,0.098643
5748,0.098245
5749,0.097849
5750,0.097453
5751,0.097060
5752,0.096668
5753,0.096278
5754,0.095890
5755,0.095503
5756,0.095117
5757,0.094733
5758,0.094351
5759,0.093970
5760,0.093591
5761,0.093214
5762,0.092837
5763,0.092462
5764,0.092089
5765,0.091718
5766,0.091348
5767,0.090980
5768,0.090612
5769,0.090246
5770,0.089883
5771,0.089521
5772,0.089159
5773,0.088800
5774,0.088442
5775,0.088085
5776,0.087730
5777,0.087376
5778,0.087024
5779,0.086673
5780,0.086323
5781,0.085975
5782,0.085628
5783,0.085283
5784,0.084939
5785,0.084597
5786,0.084255
5787,0.083915
5788,0.083576
5789,0.083239
5790,0.082903
5791,0.082569
5792,0.082236
5793,0.081904
5794,0.081574
5795,0.081245
5796,0.080916
5797,0.080589
5798,0.080264
5799,0.079940
5800,0.079617
5801,0.079295
5802,0.078976
5803,0.078657
5804,0.078340
5805,0.078024
5806,0.077709
5807,0.077395
5808,0.077083
5809,0.076771
5810,0.076461
5811,0.076153
5812,0.075846
5813,0.075540
5814,0.075235
5815,0.074932
5816,0.074630
5817,0.074329
5818,0.074029
5819,0.073730
5820,0.073433
5821,0.073136
5822,0.072841
5823,0.072548
5824,0.072255
5825,0.071963
5826,0.071673
5827,0.071384
5828,0.071096
5829,0.070810
5830,0.070524
5831,0.070239
5832,0.069956
5833,0.069674
5834,0.069393
5835,0.069113
5836,0.068834
5837,0.068556
5838,0.068279
5839,0.068004
5840,0.067730
5841,0.067457
5842,0.067185
5843,0.066914
5844,0.066644
5845,0.066375
5846,0.066108
5847,0.065841
5848,0.065575
5849,0.065310
5850,0.065047
5851,0.064785
5852,0.064523
5853,0.064263
5854,0.064004
5855,0.063746
5856,0.063488
5857,0.063232
5858,0.062977
5859,0.062723
5860,0.062470
5861,0.062218
5862,0.061967
5863,0.061717
5864,0.061468
5865,0.061220
5866,0.060973
5867,0.060727
5868,0.060482
5869,0.060238
5870,0.059995
5871,0.059753
5872,0.059512
5873,0.059272
5874,0.059033
5875,0.058795
5876,0.058558
5877,0.058321
5878,0.058086
5879,0.057851
5880,0.057618
5881,0.057386
5882,0.057153
5883,0.056923
5884,0.056693
5885,0.056465
5886,0.056236
5887,0.056009
5888,0.055783
5889,0.055559
5890,0.055334
5891,0.055110
5892,0.054888
5893,0.054667
5894,0.054446
5895,0.054227
5896,0.054007
5897,0.053789
5898,0.053572
5899,0.053356
5900,0.053141
5901,0.052926
5902,0.052713
5903,0.052500
5904,0.052288
5905,0.052078
5906,0.051867
5907,0.051658
5908,0.051450
5909,0.051242
5910,0.051035
5911,0.050829
5912,0.050624
5913,0.050420
5914,0.050216
5915,0.050014
5916,0.049812
5917,0.049611
5918,0.049410
5919,0.049210
5920,0.049011
5921,0.048813
5922,0.048616
5923,0.048420
5924,0.048225
5925,0.048031
5926,0.047837
5927,0.047644
5928,0.047452
5929,0.047261
5930,0.047070
5931,0.046880
5932,0.046691
5933,0.046503
5934,0.046316
5935,0.046129
5936,0.045942
5937,0.045756
5938,0.045572
5939,0.045388
5940,0.045205
5941,0.045022
5942,0.044840
5943,0.044660
5944,0.044480
5945,0.044300
5946,0.044122
5947,0.043944
5948,0.043767
5949,0.043590
5950,0.043414
5951,0.043239
5952,0.043064
5953,0.042891
5954,0.042718
5955,0.042546
5956,0.042374
5957,0.042202
5958,0.042033
5959,0.041863
5960,0.041694
5961,0.041526
5962,0.041359
5963,0.041192
5964,0.041026
5965,0.040860
5966,0.040696
5967,0.040532
5968,0.040368
5969,0.040205
5970,0.040043
5971,0.039881
5972,0.039720
5973,0.039560
5974,0.039400
5975,0.039242
5976,0.039083
5977,0.038924
5978,0.038766
5979,0.038610
5980,0.038454
5981,0.038299
5982,0.038144
5983,0.037991
5984,0.037838
5985,0.037685
5986,0.037533
5987,0.037382
5988,0.037231
5989,0.037081
5990,0.036932
5991,0.036783
5992,0.036634
5993,0.036487
5994,0.036339
5995,0.036193
5996,0.036047
5997,0.035901
5998,0.035757
5999,0.035612
6000,0.035469
6001,0.035326
6002,0.035183
6003,0.035041
6004,0.034900
6005,0.034759
6006,0.034619
6007,0.034480
6008,0.034341
6009,0.034202
6010,0.034064
6011,0.033927
6012,0.033791
6013,0.033654
6014,0.033518
6015,0.033383
6016,0.033249
6017,0.033114
6018,0.032981
6019,0.032848
6020,0.032715
6021,0.032584
6022,0.032452
6023,0.032322
6024,0.032191
6025,0.032060
6026,0.031930
6027,0.031801
6028,0.031672
6029,0.031543
6030,0.031415
6031,0.031288
6032,0.031161
6033,0.031035
6034,0.030909
6035,0.030784
6036,0.030659
6037,0.030535
6038,0.030411
6039,0.030287
6040,0.030163
6041,0.030041
6042,0.029919
6043,0.029798
6044,0.029677
6045,0.029557
6046,0.029437
6047,0.029318
6048,0.029199
6049,0.029081
6050,0.028963
6051,0.028846
6052,0.028729
6053,0.028613
6054,0.028497
6055,0.028381
6056,0.028266
6057,0.028151
6058,0.028037
6059,0.027923
6060,0.027810
6061,0.027697
6062,0.027585
6063,0.027473
6064,0.027361
6065,0.027250
6066,0.027140
6067,0.027030
6068,0.026920
6069,0.026811
6070,0.026702
6071,0.026594
6072,0.026486
6073,0.026379
6074,0.026272
6075,0.026165
6076,0.026059
6077,0.025953
6078,0.025848
6079,0.025743
6080,0.025639
6081,0.025535
6082,0.025431
6083,0.025328
6084,0.025225
6085,0.025123
6086,0.025021
6087,0.024920
6088,0.024819
6089,0.024718
6090,0.024618
6091,0.024518
6092,0.024418
6093,0.024319
6094,0.024221
6095,0.024122
6096,0.024025
6097,0.023927
6098,0.023830
6099,0.023733
6100,0.023637
6101,0.023541
6102,0.023445
6103,0.023350
6104,0.023256
6105,0.023161
6106,0.023067
6107,0.022974
6108,0.022881
6109,0.022788
6110,0.022695
6111,0.022603
6112,0.022511
6113,0.022420
6114,0.022329
6115,0.022238
6116,0.022149
6117,0.022059
6118,0.021970
6119,0.021882
6120,0.021793
6121,0.021706
6122,0.021618
6123,0.021531
6124,0.021444
6125,0.021357
6126,0.021271
6127,0.021185
6128,0.021100
6129,0.021015
6130,0.020930
6131,0.020846
6132,0.020762
6133,0.020678
6134,0.020594
6135,0.020511
6136,0.020428
6137,0.020346
6138,0.020264
6139,0.020182
6140,0.020100
6141,0.020019
6142,0.019938
6143,0.019858
6144,0.019778
6145,0.019698
6146,0.019619
6147,0.019540
6148,0.019461
6149,0.019382
6150,0.019304
6151,0.019226
6152,0.019149
6153,0.019072
6154,0.018995
6155,0.018918
6156,0.018842
6157,0.018766
6158,0.018690
6159,0.018614
6160,0.018540
6161,0.018465
6162,0.018390
6163,0.018316
6164,0.018242
6165,0.018169
6166,0.018096
6167,0.018023
6168,0.017950
6169,0.017877
6170,0.017805
6171,0.017733
6172,0.017662
6173,0.017590
6174,0.017520
6175,0.017449
6176,0.017378
6177,0.017308
6178,0.017238
6179,0.017168
6180,0.017099
6181,0.017030
6182,0.016962
6183,0.016893
6184,0.016825
6185,0.016757
6186,0.016689
6187,0.016622
6188,0.016555
6189,0.016488
6190,0.016422
6191,0.016355
6192,0.016289
6193,0.016224
6194,0.016158
6195,0.016093
6196,0.016028
6197,0.015963
6198,0.015899
6199,0.015834
6200,0.015771
6201,0.015707
6202,0.015643
6203,0.015580
6204,0.015517
6205,0.015455
6206,0.015393
6207,0.015330
6208,0.015268
6209,0.015207
6210,0.015145
6211,0.015084
6212,0.015023
6213,0.014963
6214,0.014902
6215,0.014842
6216,0.014782
6217,0.014723
6218,0.014663
6219,0.014604
6220,0.014545
6221,0.014487
6222,0.014428
6223,0.014370
6224,0.014312
6225,0.014254
6226,0.014197
6227,0.014140
6228,0.014083
6229,0.014026
6230,0.013969
6231,0.013913
6232,0.013857
6233,0.013801
6234,0.013745
6235,0.013690
6236,0.013635
6237,0.013579
6238,0.013525
6239,0.013470
6240,0.013416
6241,0.013362
6242,0.013308
6243,0.013254
6244,0.013200
6245,0.013147
6246,0.013094
6247,0.013041
6248,0.012989
6249,0.012936
6250,0.012884
6251,0.012832
6252,0.012780
6253,0.012729
6254,0.012677
6255,0.012626
6256,0.012575
6257,0.012525
6258,0.012474
6259,0.012424
6260,0.012373
6261,0.012323
6262,0.012274
6263,0.012224
6264,0.012175
6265,0.012126
6266,0.012077
6267,0.012028
6268,0.011979
6269,0.011931
6270,0.011883
6271,0.011835
6272,0.011787
6273,0.011740
6274,0.011692
6275,0.011645
6276,0.011598
6277,0.011551
6278,0.011504
6279,0.011458
6280,0.011412
6281,0.011366
6282,0.011320
6283,0.011274
6284,0.011228
6285,0.011183
6286,0.011138
6287,0.011093
6288,0.011048
6289,0.011003
6290,0.010959
6291,0.010915
6292,0.010870
6293,0.010827
6294,0.010783
6295,0.010739
6296,0.010696
6297,0.010653
6298,0.010610
6299,0.010567
6300,0.010525
6301,0.010482
6302,0.010440
6303,0.010398
6304,0.010356
6305,0.010314
6306,0.010272
6307,0.010231
6308,0.010190
6309,0.010149
6310,0.010108
6311,0.010067
6312,0.010026
6313,0.009986
6314,0.009946
6315,0.009905
6316,0.009866
6317,0.009826
6318,0.009786
6319,0.009747
6320,0.009707
6321,0.009668
6322,0.009629
6323,0.009590
6324,0.009552
6325,0.009513
6326,0.009475
6327,0.009436
6328,0.009398
6329,0.009360
6330,0.009323
6331,0.009285
6332,0.009247
6333,0.009210
6334,0.009173
6335,0.009136
6336,0.009099
6337,0.009062
6338,0.009026
6339,0.008989
6340,0.008953
6341,0.008917
6342,0.008881
6343,0.008845
6344,0.008809
6345,0.008774
6346,0.008739
6347,0.008703
6348,0.008668
6349,0.008633
6350,0.008598
6351,0.008564
6352,0.008529
6353,0.008495
6354,0.008460
6355,0.008426
6356,0.008392
6357,0.008358
6358,0.008325
6359,0.008291
6360,0.008258
6361,0.008224
6362,0.008191
6363,0.008158
6364,0.008125
6365,0.008092
6366,0.008060
6367,0.008027
6368,0.007995
6369,0.007963
6370,0.007931
6371,0.007899
6372,0.007867
6373,0.007835
6374,0.007803
6375,0.007772
6376,0.007740
6377,0.007709
6378,0.007678
6379,0.007647
6380,0.007616
6381,0.007586
6382,0.007555
6383,0.007524
6384,0.007494
6385,0.007464
6386,0.007434
6387,0.007404
6388,0.007374
6389,0.007344
6390,0.007315
6391,0.007285
6392,0.007256
6393,0.007226
6394,0.007197
6395,0.007168
6396,0.007139
6397,0.007111
6398,0.007082
6399,0.007053
6400,0.007025
6401,0.006996
6402,0.006968
6403,0.006940
6404,0.006912
6405,0.006884
6406,0.006856
6407,0.006829
6408,0.006801
6409,0.006774
6410,0.006746
6411,0.006719
6412,0.006692
6413,0.006665
6414,0.006638
6415,0.006611
6416,0.006585
6417,0.006558
6418,0.006531
6419,0.006505
6420,0.006479
6421,0.006453
6422,0.006427
6423,0.006401
6424,0.006375
6425,0.006349
6426,0.006324
6427,0.006298
6428,0.006273
6429,0.006247
6430,0.006222
6431,0.006197
6432,0.006172
6433,0.006147
6434,0.006122
6435,0.006098
6436,0.006073
6437,0.006049
6438,0.006024
6439,0.006000
6440,0.005976
6441,0.005952
6442,0.005928
6443,0.005904
6444,0.005880
6445,0.005856
6446,0.005833
6447,0.005809
6448,0.005786
6449,0.005762
6450,0.005739
6451,0.005716
6452,0.005693
6453,0.005670
6454,0.005647
6455,0.005624
6456,0.005602
6457,0.005579
6458,0.005556
6459,0.005534
6460,0.005512
6461,0.005489
6462,0.005467
6463,0.005445
6464,0.005423
6465,0.005401
6466,0.005379
6467,0.005358
6468,0.005336
6469,0.005315
6470,0.005293
6471,0.005272
6472,0.005251
6473,0.005229
6474,0.005208
6475,0.005187
6476,0.005166
6477,0.005145
6478,0.005125
6479,0.005104
6480,0.005084
6481,0.005063
6482,0.005043
6483,0.005022
6484,0.005002
6485,0.004982
6486,0.004962
6487,0.004942
6488,0.004922
6489,0.004902
6490,0.004882
6491,0.004862
6492,0.004843
6493,0.004823
6494,0.004804
6495,0.004784
6496,0.004765
6497,0.004746
6498,0.004727
6499,0.004708
6500,0.004689
6501,0.004670
6502,0.004651
6503,0.004632
6504,0.004613
6505,0.004595
6506,0.004576
6507,0.004558
6508,0.004539
6509,0.004521
6510,0.004503
6511,0.004485
6512,0.004467
6513,0.004449
6514,0.004431
6515,0.004413
6516,0.004395
6517,0.004377
6518,0.004360
6519,0.004342
6520,0.004324
6521,0.004307
6522,0.004290
6523,0.004272
6524,0.004255
6525,0.004238
6526,0.004221
6527,0.004204
6528,0.004187
6529,0.004170
6530,0.004153
6531,0.004136
6532,0.004120
6533,0.004103
6534,0.004086
6535,0.004070
6536,0.004053
6537,0.004037
6538,0.004021
6539,0.004005
6540,0.003988
6541,0.003972
6542,0.003956
6543,0.003940
6544,0.003924
6545,0.003909
6546,0.003893
6547,0.003877
6548,0.003861
6549,0.003846
6550,0.003830
6551,0.003815
6552,0.003799
6553,0.003784
6554,0.003769
6555,0.003754
6556,0.003738
6557,0.003723
6558,0.003708
6559,0.003693
6560,0.003679
6561,0.003664
6562,0.003649
6563,0.003634
6564,0.003620
6565,0.003605
6566,0.003590
6567,0.003576
6568,0.003561
6569,0.003547
6570,0.003533
6571,0.003519
6572,0.003504
6573,0.003490
6574,0.003476
6575,0.003462
6576,0.003448
6577,0.003434
6578,0.003420
6579,0.003407
6580,0.003393
6581,0.003379
6582,0.003366
6583,0.003352
6584,0.003339
6585,0.003325
6586,0.003312
6587,0.003298
6588,0.003285
6589,0.003272
6590,0.003259
6591,0.003245
6592,0.003232
6593,0.003219
6594,0.003206
6595,0.003193
6596,0.003180
6597,0.003168
6598,0.003155
6599,0.003142
6600,0.003129
6601,0.003117
6602,0.003104
6603,0.003092
6604,0.003079
6605,0.003067
6606,0.003054
6607,0.003042
6608,0.003030
6609,0.003017
6610,0.003005
6611,0.002993
6612,0.002981
6613,0.002969
6614,0.002957
6615,0.002945
6616,0.002933
6617,0.002921
6618,0.002909
6619,0.002898
6620,0.002886
6621,0.002874
6622,0.002863
6623,0.002851
6624,0.002840
6625,0.002828
6626,0.002817
6627,0.002806
6628,0.002794
6629,0.002783
6630,0.002772
6631,0.002761
6632,0.002749
6633,0.002738
6634,0.002727
6635,0.002716
6636,0.002705
6637,0.002694
6638,0.002683
6639,0.002672
6640,0.002662
6641,0.002651
6642,0.002640
6643,0.002629
6644,0.002619
6645,0.002608
6646,0.002597
6647,0.002587
6648,0.002576
6649,0.002566
6650,0.002555
6651,0.002545
6652,0.002535
6653,0.002525
6654,0.002514
6655,0.002504
6656,0.002494
6657,0.002484
6658,0.002474
6659,0.002464
6660,0.002454
6661,0.002444
6662,0.002434
6663,0.002424
6664,0.002414
6665,0.002404
6666,0.002395
6667,0.002385
6668,0.002375
6669,0.002366
6670,0.002356
6671,0.002346
6672,0.002337
6673,0.002327
6674,0.002318
6675,0.002309
6676,0.002299
6677,0.002290
6678,0.002281
6679,0.002271
6680,0.002262
6681,0.002253
6682,0.002244
6683,0.002235
6684,0.002226
6685,0.002217
6686,0.002208
6687,0.002199
6688,0.002190
6689,0.002181
6690,0.002172
6691,0.002163
6692,0.002154
6693,0.002146
6694,0.002137
6695,0.002128
6696,0.002120
6697,0.002111
6698,0.002102
6699,0.002094
6700,0.002085
6701,0.002077
6702,0.002068
6703,0.002060
6704,0.002052
6705,0.002043
6706,0.002035
6707,0.002027
6708,0.002018
6709,0.002010
6710,0.002002
6711,0.001994
6712,0.001986
6713,0.001978
6714,0.001970
6715,0.001962
6716,0.001954
6717,0.001946
6718,0.001938
6719,0.001931
6720,0.001923
6721,0.001915
6722,0.001907
6723,0.001900
6724,0.001892
6725,0.001884
6726,0.001877
6727,0.001869
6728,0.001862
6729,0.001854
6730,0.001847
6731,0.001839
6732,0.001832
6733,0.001824
6734,0.001817
6735,0.001810
6736,0.001802
6737,0.001795
6738,0.001788
6739,0.001780
6740,0.001773
6741,0.001766
6742,0.001759
6743,0.001752
6744,0.001745
6745,0.001738
6746,0.001731
6747,0.001723
6748,0.001716
6749,0.001710
6750,0.001703
6751,0.001696
6752,0.001689
6753,0.001682
6754,0.001675
6755,0.001668
6756,0.001662
6757,0.001655
6758,0.001648
6759,0.001641
6760,0.001635
6761,0.001628
6762,0.001622
6763,0.001615
6764,0.001609
6765,0.001602
6766,0.001596
6767,0.001589
6768,0.001583
6769,0.001576
6770,0.001570
6771,0.001564
6772,0.001557
6773,0.001551
6774,0.001545
6775,0.001539
6776,0.001532
6777,0.001526
6778,0.001520
6779,0.001514
6780,0.001508
6781,0.001502
6782,0.001496
6783,0.001490
6784,0.001484
6785,0.001478
6786,0.001472
6787,0.001466
6788,0.001460
6789,0.001454
6790,0.001448
6791,0.001442
6792,0.001436
6793,0.001431
6794,0.001425
6795,0.001419
6796,0.001413
6797,0.001408
6798,0.001402
6799,0.001396
6800,0.001391
6801,0.001385
6802,0.001379
6803,0.001374
6804,0.001368
6805,0.001363
6806,0.001357
6807,0.001352
6808,0.001346
6809,0.001341
6810,0.001336
6811,0.001330
6812,0.001325
6813,0.001319
6814,0.001314
6815,0.001309
6816,0.001303
6817,0.001298
6818,0.001293
6819,0.001288
6820,0.001282
6821,0.001277
6822,0.001272
6823,0.001267
6824,0.001262
6825,0.001257
6826,0.001252
6827,0.001247
6828,0.001242
6829,0.001237
6830,0.001232
6831,0.001227
6832,0.001222
6833,0.001217
6834,0.001212
6835,0.001207
6836,0.001202
6837,0.001197
6838,0.001192
6839,0.001188
6840,0.001183
6841,0.001178
6842,0.001173
6843,0.001168
6844,0.001164
6845,0.001159
6846,0.001154
6847,0.001150
6848,0.001145
6849,0.001140
6850,0.001136
6851,0.001131
6852,0.001127
6853,0.001122
6854,0.001118
6855,0.001113
6856,0.001109
6857,0.001104
6858,0.001100
6859,0.001095
6860,0.001091
6861,0.001086
6862,0.001082
6863,0.001078
6864,0.001073
6865,0.001069
6866,0.001065
6867,0.001060
6868,0.001056
6869,0.001052
6870,0.001048
6871,0.001043
6872,0.001039
6873,0.001035
6874,0.001031
6875,0.001027
6876,0.001023
6877,0.001018
6878,0.001014
6879,0.001010
6880,0.001006
6881,0.001002
6882,0.000998
6883,0.000994
6884,0.000990
6885,0.000986
6886,0.000982
6887,0.000978
6888,0.000974
6889,0.000970
6890,0.000966
6891,0.000962
6892,0.000958
6893,0.000955
6894,0.000951
6895,0.000947
6896,0.000943
6897,0.000939
6898,0.000935
6899,0.000932
6900,0.000928
6901,0.000924
6902,0.000920
6903,0.000917
6904,0.000913
6905,0.000909
6906,0.000906
6907,0.000902
6908,0.000898
6909,0.000895
6910,0.000891
6911,0.000888
6912,0.000884
6913,0.000880
6914,0.000877
6915,0.000873
6916,0.000870
6917,0.000866
6918,0.000863
6919,0.000859
6920,0.000856
6921,0.000852
6922,0.000849
6923,0.000846
6924,0.000842
6925,0.000839
6926,0.000835
6927,0.000832
6928,0.000829
6929,0.000825
6930,0.000822
6931,0.000819
6932,0.000815
6933,0.000812
6934,0.000809
6935,0.000805
6936,0.000802
6937,0.000799
6938,0.000796
6939,0.000793
6940,0.000789
6941,0.000786
6942,0.000783
6943,0.000780
6944,0.000777
6945,0.000774
6946,0.000770
6947,0.000767
6948,0.000764
6949,0.000761
6950,0.000758
6951,0.000755
6952,0.000752
6953,0.000749
6954,0.000746
6955,0.000743
6956,0.000740
6957,0.000737
6958,0.000734
6959,0.000731
6960,0.000728
6961,0.000725
6962,0.000722
6963,0.000719
6964,0.000716
6965,0.000713
6966,0.000711
6967,0.000708
6968,0.000705
6969,0.000702
6970,0.000699
6971,0.000696
6972,0.000694
6973,0.000691
6974,0.000688
6975,0.000685
6976,0.000682
6977,0.000680
6978,0.000677
6979,0.000674
6980,0.000671
6981,0.000669
6982,0.000666
6983,0.000663
6984,0.000661
6985,0.000658
6986,0.000655
6987,0.000653
6988,0.000650
6989,0.000647
6990,0.000645
6991,0.000642
6992,0.000640
6993,0.000637
6994,0.000634
6995,0.000632
6996,0.000629
6997,0.000627
6998,0.000624
6999,0.000622
7000,0.000619
7001,0.000617
7002,0.000614
7003,0.000612
7004,0.000609
7005,0.000607
7006,0.000604
7007,0.000602
7008,0.000600
7009,0.000597
7010,0.000595
7011,0.000592
7012,0.000590
7013,0.000588
7014,0.000585
7015,0.000583
7016,0.000581
7017,0.000578
7018,0.000576
7019,0.000574
7020,0.000571
7021,0.000569
7022,0.000567
7023,0.000564
7024,0.000562
7025,0.000560
7026,0.000558
7027,0.000555
7028,0.000553
7029,0.000551
7030,0.000549
7031,0.000546
7032,0.000544
7033,0.000542
7034,0.000540
7035,0.000538
7036,0.000535
7037,0.000533
7038,0.000531
7039,0.000529
7040,0.000527
7041,0.000525
7042,0.000523
7043,0.000520
7044,0.000518
7045,0.000516
7046,0.000514
7047,0.000512
7048,0.000510
7049,0.000508
7050,0.000506
7051,0.000504
7052,0.000502
7053,0.000500
7054,0.000498
7055,0.000496
7056,0.000494
7057,0.000492
7058,0.000490
7059,0.000488
7060,0.000486
7061,0.000484
7062,0.000482
7063,0.000480
7064,0.000478
7065,0.000476
7066,0.000474
7067,0.000472
7068,0.000470
7069,0.000469
7070,0.000467
7071,0.000465
7072,0.000463
7073,0.000461
7074,0.000459
7075,0.000457
7076,0.000455
7077,0.000454
7078,0.000452
7079,0.000450
7080,0.000448
7081,0.000446
7082,0.000444
7083,0.000443
7084,0.000441
7085,0.000439
7086,0.000437
7087,0.000435
7088,0.000434
7089,0.000432
7090,0.000430
7091,0.000428
7092,0.000427
7093,0.000425
7094,0.000423
7095,0.000422
7096,0.000420
7097,0.000418
7098,0.000416
7099,0.000415
7100,0.000413
7101,0.000411
7102,0.000410
7103,0.000408
7104,0.000406
7105,0.000405
7106,0.000403
7107,0.000401
7108,0.000400
7109,0.000398
7110,0.000397
7111,0.000395
7112,0.000393
7113,0.000392
7114,0.000390
7115,0.000389
7116,0.000387
7117,0.000386
7118,0.000384
7119,0.000382
7120,0.000381
7121,0.000379
7122,0.000378
7123,0.000376
7124,0.000375
7125,0.000373
7126,0.000372
7127,0.000370
7128,0.000369
7129,0.000367
7130,0.000366
7131,0.000364
7132,0.000363
7133,0.000361
7134,0.000360
7135,0.000358
7136,0.000357
7137,0.000356
7138,0.000354
7139,0.000353
7140,0.000351
7141,0.000350
7142,0.000348
7143,0.000347
7144,0.000346
7145,0.000344
7146,0.000343
7147,0.000341
7148,0.000340
7149,0.000339
7150,0.000337
7151,0.000336
7152,0.000335
7153,0.000333
7154,0.000332
7155,0.000331
7156,0.000329
7157,0.000328
7158,0.000327
7159,0.000325
7160,0.000324
7161,0.000323
7162,0.000321
7163,0.000320
7164,0.000319
7165,0.000318
7166,0.000316
7167,0.000315
7168,0.000314
7169,0.000312
7170,0.000311
7171,0.000310
7172,0.000309
7173,0.000307
7174,0.000306
7175,0.000305
7176,0.000304
7177,0.000302
7178,0.000301
7179,0.000300
7180,0.000299
7181,0.000298
7182,0.000296
7183,0.000295
7184,0.000294
7185,0.000293
7186,0.000292
7187,0.000290
7188,0.000289
7189,0.000288
7190,0.000287
7191,0.000286
7192,0.000285
7193,0.000284
7194,0.000282
7195,0.000281
7196,0.000280
7197,0.000279
7198,0.000278
7199,0.000277
7200,0.000276
7201,0.000275
7202,0.000273
7203,0.000272
7204,0.000271
7205,0.000270
7206,0.000269
7207,0.000268
7208,0.000267
7209,0.000266
7210,0.000265
7211,0.000264
7212,0.000263
7213,0.000262
7214,0.000260
7215,0.000259
7216,0.000258
7217,0.000257
7218,0.000256
7219,0.000255
7220,0.000254
7221,0.000253
7222,0.000252
7223,0.000251
7224,0.000250
7225,0.000249
7226,0.000248
7227,0.000247
7228,0.000246
7229,0.000245
7230,0.000244
7231,0.000243
7232,0.000242
7233,0.000241
7234,0.000240
7235,0.000239
7236,0.000238
7237,0.000237
7238,0.000236
7239,0.000235
7240,0.000234
7241,0.000234
7242,0.000233
7243,0.000232
7244,0.000231
7245,0.000230
7246,0.000229
7247,0.000228
7248,0.000227
7249,0.000226
7250,0.000225
7251,0.000224
7252,0.000223
7253,0.000222
7254,0.000222
7255,0.000221
7256,0.000220
7257,0.000219
7258,0.000218
7259,0.000217
7260,0.000216
7261,0.000215
7262,0.000215
7263,0.000214
7264,0.000213
7265,0.000212
7266,0.000211
7267,0.000210
7268,0.000209
7269,0.000209
7270,0.000208
7271,0.000207
7272,0.000206
7273,0.000205
7274,0.000204
7275,0.000204
7276,0.000203
7277,0.000202
7278,0.000201
7279,0.000200
7280,0.000199
7281,0.000199
7282,0.000198
7283,0.000197
7284,0.000196
7285,0.000195
7286,0.000195
7287,0.000194
7288,0.000193
7289,0.000192
7290,0.000192
7291,0.000191
7292,0.000190
7293,0.000189
7294,0.000188
7295,0.000188
7296,0.000187
7297,0.000186
7298,0.000185
7299,0.000185
7300,0.000184
7301,0.000183
7302,0.000182
7303,0.000182
7304,0.000181
7305,0.000180
7306,0.000180
7307,0.000179
7308,0.000178
7309,0.000177
7310,0.000177
7311,0.000176
7312,0.000175
7313,0.000175
7314,0.000174
7315,0.000173
7316,0.000172
7317,0.000172
7318,0.000171
7319,0.000170
7320,0.000170
7321,0.000169
7322,0.000168
7323,0.000168
7324,0.000167
7325,0.000166
7326,0.000166
7327,0.000165
7328,0.000164
7329,0.000164
7330,0.000163
7331,0.000162
7332,0.000162
7333,0.000161
7334,0.000160
7335,0.000160
7336,0.000159
7337,0.000158
7338,0.000158
7339,0.000157
7340,0.000156
7341,0.000156
7342,0.000155
7343,0.000155
7344,0.000154
7345,0.000153
7346,0.000153
7347,0.000152
7348,0.000152
7349,0.000151
7350,0.000150
7351,0.000150
7352,0.000149
7353,0.000148
7354,0.000148
7355,0.000147
7356,0.000147
7357,0.000146
7358,0.000146
7359,0.000145
7360,0.000144
7361,0.000144
7362,0.000143
7363,0.000143
7364,0.000142
7365,0.000141
7366,0.000141
7367,0.000140
7368,0.000140
7369,0.000139
7370,0.000139
7371,0.000138
7372,0.000138
7373,0.000137
7374,0.000136
7375,0.000136
7376,0.000135
7377,0.000135
7378,0.000134
7379,0.000134
7380,0.000133
7381,0.000133
7382,0.000132
7383,0.000132
7384,0.000131
7385,0.000130
7386,0.000130
7387,0.000129
7388,0.000129
7389,0.000128
7390,0.000128
7391,0.000127
7392,0.000127
7393,0.000126
7394,0.000126
7395,0.000125
7396,0.000125
7397,0.000124
7398,0.000124
7399,0.000123
7400,0.000123
7401,0.000122
7402,0.000122
7403,0.000121
7404,0.000121
7405,0.000120
7406,0.000120
7407,0.000119
7408,0.000119
7409,0.000118
7410,0.000118
7411,0.000117
7412,0.000117
7413,0.000116
7414,0.000116
7415,0.000115
7416,0.000115
7417,0.000115
7418,0.000114
7419,0.000114
7420,0.000113
7421,0.000113
7422,0.000112
7423,0.000112
7424,0.000111
7425,0.000111
7426,0.000110
7427,0.000110
7428,0.000110
7429,0.000109
7430,0.000109
7431,0.000108
7432,0.000108
7433,0.000107
7434,0.000107
7435,0.000107
7436,0.000106
7437,0.000106
7438,0.000105
7439,0.000105
7440,0.000104
7441,0.000104
7442,0.000104
7443,0.000103
7444,0.000103
7445,0.000102
7446,0.000102
7447,0.000101
7448,0.000101
7449,0.000101
7450,0.000100
7451,0.000100
7452,0.000099
7453,0.000099
7454,0.000099
7455,0.000098
7456,0.000098
7457,0.000097
7458,0.000097
7459,0.000097
7460,0.000096
7461,0.000096
7462,0.000095
7463,0.000095
7464,0.000095
7465,0.000094
7466,0.000094
7467,0.000094
7468,0.000093
7469,0.000093
7470,0.000092
7471,0.000092
7472,0.000092
7473,0.000091
7474,0.000091
7475,0.000091
7476,0.000090
7477,0.000090
7478,0.000089
7479,0.000089
7480,0.000089
7481,0.000088
7482,0.000088
7483,0.000088
7484,0.000087
7485,0.000087
7486,0.000087
7487,0.000086
7488,0.000086
7489,0.000086
7490,0.000085
7491,0.000085
7492,0.000085
7493,0.000084
7494,0.000084
7495,0.000083
7496,0.000083
7497,0.000083
7498,0.000082
7499,0.000082
7500,0.000082
7501,0.000081
7502,0.000081
7503,0.000081
7504,0.000080
7505,0.000080
7506,0.000080
7507,0.000080
7508,0.000079
7509,0.000079
7510,0.000079
7511,0.000078
7512,0.000078
7513,0.000078
7514,0.000077
7515,0.000077
7516,0.000077
7517,0.000076
7518,0.000076
7519,0.000076
7520,0.000075
7521,0.000075
7522,0.000075
7523,0.000075
7524,0.000074
7525,0.000074
7526,0.000074
7527,0.000073
7528,0.000073
7529,0.000073
7530,0.000072
7531,0.000072
7532,0.000072
7533,0.000072
7534,0.000071
7535,0.000071
7536,0.000071
7537,0.000070
7538,0.000070
7539,0.000070
7540,0.000070
7541,0.000069
7542,0.000069
7543,0.000069
7544,0.000068
7545,0.000068
7546,0.000068
7547,0.000068
7548,0.000067
7549,0.000067
7550,0.000067
7551,0.000067
7552,0.000066
7553,0.000066
7554,0.000066
7555,0.000065
7556,0.000065
7557,0.000065
7558,0.000065
7559,0.000064
7560,0.000064
7561,0.000064
7562,0.000064
7563,0.000063
7564,0.000063
7565,0.000063
7566,0.000063
7567,0.000062
7568,0.000062
7569,0.000062
7570,0.000062
7571,0.000061
7572,0.000061
7573,0.000061
7574,0.000061
7575,0.000060
7576,0.000060
7577,0.000060
7578,0.000060
7579,0.000059
7580,0.000059
7581,0.000059
7582,0.000059
7583,0.000058
7584,0.000058
7585,0.000058
7586,0.000058
7587,0.000058
7588,0.000057
7589,0.000057
7590,0.000057
7591,0.000057
7592,0.000056
7593,0.000056
7594,0.000056
7595,0.000056
7596,0.000055
7597,0.000055
7598,0.000055
7599,0.000055
7600,0.000055
7601,0.000054
7602,0.000054
7603,0.000054
7604,0.000054
7605,0.000053
7606,0.000053
7607,0.000053
7608,0.000053
7609,0.000053
7610,0.000052
7611,0.000052
7612,0.000052
7613,0.000052
7614,0.000052
7615,0.000051
7616,0.000051
7617,0.000051
7618,0.000051
7619,0.000051
7620,0.000050
7621,0.000050
7622,0.000050
7623,0.000050
7624,0.000050
7625,0.000049
7626,0.000049
7627,0.000049
7628,0.000049
7629,0.000049
7630,0.000048
7631,0.000048
7632,0.000048
7633,0.000048
7634,0.000048
7635,0.000047
7636,0.000047
7637,0.000047
7638,0.000047
7639,0.000047
7640,0.000046
7641,0.000046
7642,0.000046
7643,0.000046
7644,0.000046
7645,0.000045
7646,0.000045
7647,0.000045
7648,0.000045
7649,0.000045
7650,0.000045
7651,0.000044
7652,0.000044
7653,0.000044
7654,0.000044
7655,0.000044
7656,0.000044
7657,0.000043
7658,0.000043
7659,0.000043
7660,0.000043
7661,0.000043
7662,0.000042
7663,0.000042
7664,0.000042
7665,0.000042
7666,0.000042
7667,0.000042
7668,0.000041
7669,0.000041
7670,0.000041
7671,0.000041
7672,0.000041
7673,0.000041
7674,0.000040
7675,0.000040
7676,0.000040
7677,0.000040
7678,0.000040
7679,0.000040
7680,0.000039
7681,0.000039
7682,0.000039
7683,0.000039
7684,0.000039
7685,0.000039
7686,0.000039
7687,0.000038
7688,0.000038
7689,0.000038
7690,0.000038
7691,0.000038
7692,0.000038
7693,0.000037
7694,0.000037
7695,0.000037
7696,0.000037
7697,0.000037
7698,0.000037
7699,0.000037
7700,0.000036
7701,0.000036
7702,0.000036
7703,0.000036
7704,0.000036
7705,0.000036
7706,0.000036
7707,0.000035
7708,0.000035
7709,0.000035
7710,0.000035
7711,0.000035
7712,0.000035
7713,0.000035
7714,0.000034
7715,0.000034
7716,0.000034
7717,0.000034
7718,0.000034
7719,0.000034
7720,0.000034
7721,0.000033
7722,0.000033
7723,0.000033
7724,0.000033
7725,0.000033
7726,0.000033
7727,0.000033
7728,0.000033
7729,0.000032
7730,0.000032
7731,0.000032
7732,0.000032
7733,0.000032
7734,0.000032
7735,0.000032
7736,0.000031
7737,0.000031
7738,0.000031
7739,0.000031
7740,0.000031
7741,0.000031
7742,0.000031
7743,0.000031
7744,0.000030
7745,0.000030
7746,0.000030
7747,0.000030
7748,0.000030
7749,0.000030
7750,0.000030
7751,0.000030
7752,0.000029
7753,0.000029
7754,0.000029
7755,0.000029
7756,0.000029
7757,0.000029
7758,0.000029
7759,0.000029
7760,0.000029
7761,0.000028
7762,0.000028
7763,0.000028
7764,0.000028
7765,0.000028
7766,0.000028
7767,0.000028
7768,0.000028
7769,0.000028
7770,0.000027
7771,0.000027
7772,0.000027
7773,0.000027
7774,0.000027
7775,0.000027
7776,0.000027
7777,0.000027
7778,0.000027
7779,0.000026
7780,0.000026
7781,0.000026
7782,0.000026
7783,0.000026
7784,0.000026
7785,0.000026
7786,0.000026
7787,0.000026
7788,0.000025
7789,0.000025
7790,0.000025
7791,0.000025
7792,0.000025
7793,0.000025
7794,0.000025
7795,0.000025
7796,0.000025
7797,0.000025
7798,0.000024
7799,0.000024
7800,0.000024
7801,0.000024
7802,0.000024
7803,0.000024
7804,0.000024
7805,0.000024
7806,0.000024
7807,0.000024
7808,0.000024
7809,0.000023
7810,0.000023
7811,0.000023
7812,0.000023
7813,0.000023
7814,0.000023
7815,0.000023
7816,0.000023
7817,0.000023
7818,0.000023
7819,0.000022
7820,0.000022
7821,0.000022
7822,0.000022
7823,0.000022
7824,0.000022
7825,0.000022
7826,0.000022
7827,0.000022
7828,0.000022
7829,0.000022
7830,0.000022
7831,0.000021
7832,0.000021
7833,0.000021
7834,0.000021
7835,0.000021
7836,0.000021
7837,0.000021
7838,0.000021
7839,0.000021
7840,0.000021
7841,0.000021
7842,0.000020
7843,0.000020
7844,0.000020
7845,0.000020
7846,0.000020
7847,0.000020
7848,0.000020
7849,0.000020
7850,0.000020
7851,0.000020
7852,0.000020
7853,0.000020
7854,0.000020
7855,0.000019
7856,0.000019
7857,0.000019
7858,0.000019
7859,0.000019
7860,0.000019
7861,0.000019
7862,0.000019
7863,0.000019
7864,0.000019
7865,0.000019
7866,0.000019
7867,0.000019
7868,0.000018
7869,0.000018
7870,0.000018
7871,0.000018
7872,0.000018
7873,0.000018
7874,0.000018
7875,0.000018
7876,0.000018
7877,0.000018
7878,0.000018
7879,0.000018
7880,0.000018
7881,0.000018
7882,0.000017
7883,0.000017
7884,0.000017
7885,0.000017
7886,0.000017
7887,0.000017
7888,0.000017
7889,0.000017
7890,0.000017
7891,0.000017
7892,0.000017
7893,0.000017
7894,0.000017
7895,0.000017
7896,0.000016
7897,0.000016
7898,0.000016
7899,0.000016
7900,0.000016
7901,0.000016
7902,0.000016
7903,0.000016
7904,0.000016
7905,0.000016
7906,0.000016
7907,0.000016
7908,0.000016
7909,0.000016
7910,0.000016
7911,0.000016
7912,0.000015
7913,0.000015
7914,0.000015
7915,0.000015
7916,0.000015
7917,0.000015
7918,0.000015
7919,0.000015
7920,0.000015
7921,0.000015
7922,0.000015
7923,0.000015
7924,0.000015
7925,0.000015
7926,0.000015
7927,0.000015
7928,0.000014
7929,0.000014
7930,0.000014
7931,0.000014
7932,0.000014
7933,0.000014
7934,0.000014
7935,0.000014
7936,0.000014
7937,0.000014
7938,0.000014
7939,0.000014
7940,0.000014
7941,0.000014
7942,0.000014
7943,0.000014
7944,0.000014
7945,0.000014
7946,0.000013
7947,0.000013
7948,0.000013
7949,0.000013
7950,0.000013
7951,0.000013
7952,0.000013
7953,0.000013
7954,0.000013
7955,0.000013
7956,0.000013
7957,0.000013
7958,0.000013
7959,0.000013
7960,0.000013
7961,0.000013
7962,0.000013
7963,0.000013
7964,0.000013
7965,0.000012
7966,0.000012
7967,0.000012
7968,0.000012
7969,0.000012
7970,0.000012
7971,0.000012
7972,0.000012
7973,0.000012
7974,0.000012
7975,0.000012
7976,0.000012
7977,0.000012
7978,0.000012
7979,0.000012
7980,0.000012
7981,0.000012
7982,0.000012
7983,0.000012
7984,0.000012
7985,0.000011
7986,0.000011
7987,0.000011
7988,0.000011
7989,0.000011
7990,0.000011
7991,0.000011
7992,0.000011
7993,0.000011
7994,0.000011
7995,0.000011
7996,0.000011
7997,0.000011
7998,0.000011
7999,0.000011
8000,0.000011
8001,0.000011
8002,0.000011
8003,0.000011
8004,0.000011
8005,0.000011
8006,0.000011
8007,0.000011
8008,0.000010
8009,0.000010
8010,0.000010
8011,0.000010
8012,0.000010
8013,0.000010
8014,0.000010
8015,0.000010
8016,0.000010
8017,0.000010
8018,0.000010
8019,0.000010
8020,0.000010
8021,0.000010
8022,0.000010
8023,0.000010
8024,0.000010
8025,0.000010
8026,0.000010
8027,0.000010
8028,0.000010
8029,0.000010
8030,0.000010
8031,0.000010
8032,0.000009
8033,0.000009
8034,0.000009
8035,0.000009
8036,0.000009
8037,0.000009
8038,0.000009
8039,0.000009
8040,0.000009
8041,0.000009
8042,0.000009
8043,0.000009
8044,0.000009
8045,0.000009
8046,0.000009
8047,0.000009
8048,0.000009
8049,0.000009
8050,0.000009
8051,0.000009
8052,0.000009
8053,0.000009
8054,0.000009
8055,0.000009
8056,0.000009
8057,0.000009
8058,0.000009
8059,0.000009
8060,0.000008
8061,0.000008
8062,0.000008
8063,0.000008
8064,0.000008
8065,0.000008
8066,0.000008
8067,0.000008
8068,0.000008
8069,0.000008
8070,0.000008
8071,0.000008
8072,0.000008
8073,0.000008
8074,0.000008
8075,0.000008
8076,0.000008
8077,0.000008
8078,0.000008
8079,0.000008
8080,0.000008
8081,0.000008
8082,0.000008
8083,0.000008
8084,0.000008
8085,0.000008
8086,0.000008
8087,0.000008
8088,0.000008
8089,0.000008
8090,0.000008
8091,0.000007
8092,0.000007
8093,0.000007
8094,0.000007
8095,0.000007
8096,0.000007
8097,0.000007
8098,0.000007
8099,0.000007
8100,0.000007
8101,0.000007
8102,0.000007
8103,0.000007
8104,0.000007
8105,0.000007
8106,0.000007
8107,0.000007
8108,0.000007
8109,0.000007
8110,0.000007
8111,0.000007
8112,0.000007
8113,0.000007
8114,0.000007
8115,0.000007
8116,0.000007
8117,0.000007
8118,0.000007
8119,0.000007
8120,0.000007
8121,0.000007
8122,0.000007
8123,0.000007
8124,0.000007
8125,0.000007
8126,0.000006
8127,0.000006
8128,0.000006
8129,0.000006
8130,0.000006
8131,0.000006
8132,0.000006
8133,0.000006
8134,0.000006
8135,0.000006
8136,0.000006
8137,0.000006
8138,0.000006
8139,0.000006
8140,0.000006
8141,0.000006
8142,0.000006
8143,0.000006
8144,0.000006
8145,0.000006
8146,0.000006
8147,0.000006
8148,0.000006
8149,0.000006
8150,0.000006
8151,0.000006
8152,0.000006
8153,0.000006
8154,0.000006
8155,0.000006
8156,0.000006
8157,0.000006
8158,0.000006
8159,0.000006
8160,0.000006
8161,0.000006
8162,0.000006
8163,0.000006
8164,0.000006
8165,0.000006
8166,0.000006
8167,0.000006
8168,0.000005
8169,0.000005
8170,0.000005
8171,0.000005
8172,0.000005
8173,0.000005
8174,0.000005
8175,0.000005
8176,0.000005
8177,0.000005
8178,0.000005
8179,0.000005
8180,0.000005
8181,0.000005
8182,0.000005
8183,0.000005
8184,0.000005
8185,0.000005
8186,0.000005
8187,0.000005
8188,0.000005
8189,0.000005
8190,0.000005
8191,0.000005
8192,0.000005
8193,0.000005
8194,0.000005
8195,0.000005
8196,0.000005
8197,0.000005
8198,0.000005
8199,0.000005
8200,0.000005
8201,0.000005
8202,0.000005
8203,0.000005
8204,0.000005
8205,0.000005
8206,0.000005
8207,0.000005
8208,0.000005
8209,0.000005
8210,0.000005
8211,0.000005
8212,0.000005
8213,0.000005
8214,0.000005
8215,0.000005
8216,0.000005
8217,0.000004
8218,0.000004
8219,0.000004
8220,0.000004
8221,0.000004
8222,0.000004
8223,0.000004
8224,0.000004
8225,0.000004
8226,0.000004
8227,0.000004
8228,0.000004
8229,0.000004
8230,0.000004
8231,0.000004
8232,0.000004
8233,0.000004
8234,0.000004
8235,0.000004
8236,0.000004
8237,0.000004
8238,0.000004
8239,0.000004
8240,0.000004
8241,0.000004
8242,0.000004
8243,0.000004
8244,0.000004
8245,0.000004
8246,0.000004
8247,0.000004
8248,0.000004
8249,0.000004
8250,0.000004
8251,0.000004
8252,0.000004
8253,0.000004
8254,0.000004
8255,0.000004
8256,0.000004
8257,0.000004
8258,0.000004
8259,0.000004
8260,0.000004
8261,0.000004
8262,0.000004
8263,0.000004
8264,0.000004
8265,0.000004
8266,0.000004
8267,0.000004
8268,0.000004
8269,0.000004
8270,0.000004
8271,0.000004
8272,0.000004
8273,0.000004
8274,0.000004
8275,0.000004
8276,0.000004
8277,0.000004
8278,0.000004
8279,0.000003
8280,0.000003
8281,0.000003
8282,0.000003
8283,0.000003
8284,0.000003
8285,0.000003
8286,0.000003
8287,0.000003
8288,0.000003
8289,0.000003
8290,0.000003
8291,0.000003
8292,0.000003
8293,0.000003
8294,0.000003
8295,0.000003
8296,0.000003
8297,0.000003
8298,0.000003
8299,0.000003
8300,0.000003
8301,0.000003
8302,0.000003
8303,0.000003
8304,0.000003
8305,0.000003
8306,0.000003
8307,0.000003
8308,0.000003
8309,0.000003
8310,0.000003
8311,0.000003
8312,0.000003
8313,0.000003
8314,0.000003
8315,0.000003
8316,0.000003
8317,0.000003
8318,0.000003
8319,0.000003
8320,0.000003
8321,0.000003
8322,0.000003
8323,0.000003
8324,0.000003
8325,0.000003
8326,0.000003
8327,0.000003
8328,0.000003
8329,0.000003
8330,0.000003
8331,0.000003
8332,0.000003
8333,0.000003
8334,0.000003
8335,0.000003
8336,0.000003
8337,0.000003
8338,0.000003
8339,0.000003
8340,0.000003
8341,0.000003
8342,0.000003
8343,0.000003
8344,0.000003
8345,0.000003
8346,0.000003
8347,0.000003
8348,0.000003
8349,0.000003
8350,0.000003
8351,0.000003
8352,0.000003
8353,0.000003
8354,0.000003
8355,0.000003
8356,0.000003
8357,0.000003
8358,0.000003
8359,0.000003
8360,0.000003
8361,0.000003
8362,0.000003
8363,0.000002
8364,0.000002
8365,0.000002
8366,0.000002
8367,0.000002
8368,0.000002
8369,0.000002
8370,0.000002
8371,0.000002
8372,0.000002
8373,0.000002
8374,0.000002
8375,0.000002
8376,0.000002
8377,0.000002
8378,0.000002
8379,0.000002
8380,0.000002
8381,0.000002
8382,0.000002
8383,0.000002
8384,0.000002
8385,0.000002
8386,0.000002
8387,0.000002
8388,0.000002
8389,0.000002
8390,0.000002
8391,0.000002
8392,0.000002
8393,0.000002
8394,0.000002
8395,0.000002
8396,0.000002
8397,0.000002
8398,0.000002
8399,0.000002
8400,0.000002
8401,0.000002
8402,0.000002
8403,0.000002
8404,0.000002
8405,0.000002
8406,0.000002
8407,0.000002
8408,0.000002
8409,0.000002
8410,0.000002
8411,0.000002
8412,0.000002
8413,0.000002
8414,0.000002
8415,0.000002
8416,0.000002
8417,0.000002
8418,0.000002
8419,0.000002
8420,0.000002
8421,0.000002
8422,0.000002
8423,0.000002
8424,0.000002
8425,0.000002
8426,0.000002
8427,0.000002
8428,0.000002
8429,0.000002
8430,0.000002
8431,0.000002
8432,0.000002
8433,0.000002
8434,0.000002
8435,0.000002
8436,0.000002
8437,0.000002
8438,0.000002
8439,0.000002
8440,0.000002
8441,0.000002
8442,0.000002
8443,0.000002
8444,0.000002
8445,0.000002
8446,0.000002
8447,0.000002
8448,0.000002
8449,0.000002
8450,0.000002
8451,0.000002
8452,0.000002
8453,0.000002
8454,0.000002
8455,0.000002
8456,0.000002
8457,0.000002
8458,0.000002
8459,0.000002
8460,0.000002
8461,0.000002
8462,0.000002
8463,0.000002
8464,0.000002
8465,0.000002
8466,0.000002
8467,0.000002
8468,0.000002
8469,0.000002
8470,0.000002
8471,0.000002
8472,0.000002
8473,0.000002
8474,0.000002
8475,0.000002
8476,0.000002
8477,0.000002
8478,0.000002
8479,0.000002
8480,0.000002
8481,0.000002
8482,0.000002
8483,0.000002
8484,0.000002
8485,0.000002
8486,0.000002
8487,0.000002
8488,0.000002
8489,0.000001
8490,0.000001
8491,0.000001
8492,0.000001
8493,0.000001
8494,0.000001
8495,0.000001
8496,0.000001
8497,0.000001
8498,0.000001
8499,0.000001
8500,0.000001
8501,0.000001
8502,0.000001
8503,0.000001
8504,0.000001
8505,0.000001
8506,0.000001
8507,0.000001
8508,0.000001
8509,0.000001
8510,0.000001
8511,0.000001
8512,0.000001
8513,0.000001
8514,0.000001
8515,0.000001
8516,0.000001
8517,0.000001
8518,0.000001
8519,0.000001
8520,0.000001
8521,0.000001
8522,0.000001
8523,0.000001
8524,0.000001
8525,0.000001
8526,0.000001
8527,0.000001
8528,0.000001
8529,0.000001
8530,0.000001
8531,0.000001
8532,0.000001
8533,0.000001
8534,0.000001
8535,0.000001
8536,0.000001
8537,0.000001
8538,0.000001
8539,0.000001
8540,0.000001
8541,0.000001
8542,0.000001
8543,0.000001
8544,0.000001
8545,0.000001
8546,0.000001
8547,0.000001
8548,0.000001
8549,0.000001
8550,0.000001
8551,0.000001
8552,0.000001
8553,0.000001
8554,0.000001
8555,0.000001
8556,0.000001
8557,0.000001
8558,0.000001
8559,0.000001
8560,0.000001
8561,0.000001
8562,0.000001
8563,0.000001
8564,0.000001
8565,0.000001
8566,0.000001
8567,0.000001
8568,0.000001
8569,0.000001
8570,0.000001
8571,0.000001
8572,0.000001
8573,0.000001
8574,0.000001
8575,0.000001
8576,0.000001
8577,0.000001
8578,0.000001
8579,0.000001
8580,0.000001
8581,0.000001
8582,0.000001
8583,0.000001
8584,0.000001
8585,0.000001
8586,0.000001
8587,0.000001
8588,0.000001
8589,0.000001
8590,0.000001
8591,0.000001
8592,0.000001
8593,0.000001
8594,0.000001
8595,0.000001
8596,0.000001
8597,0.000001
8598,0.000001
8599,0.000001
8600,0.000001
8601,0.000001
8602,0.000001
8603,0.000001
8604,0.000001
8605,0.000001
8606,0.000001
8607,0.000001
8608,0.000001
8609,0.000001
8610,0.000001
8611,0.000001
8612,0.000001
8613,0.000001
8614,0.000001
8615,0.000001
8616,0.000001
8617,0.000001
8618,0.000001
8619,0.000001
8620,0.000001
8621,0.000001
8622,0.000001
8623,0.000001
8624,0.000001
8625,0.000001
8626,0.000001
8627,0.000001
8628,0.000001
8629,0.000001
8630,0.000001
8631,0.000001
8632,0.000001
8633,0.000001
8634,0.000001
8635,0.000001
8636,0.000001
8637,0.000001
8638,0.000001
8639,0.000001
8640,0.000001
8641,0.000001
8642,0.000001
8643,0.000001
8644,0.000001
8645,0.000001
8646,0.000001
8647,0.000001
8648,0.000001
8649,0.000001
8650,0.000001
8651,0.000001
8652,0.000001
8653,0.000001
8654,0.000001
8655,0.000001
8656,0.000001
8657,0.000001
8658,0.000001
8659,0.000001
8660,0.000001
8661,0.000001
8662,0.000001
8663,0.000001
8664,0.000001
8665,0.000001
8666,0.000001
8667,0.000001
8668,0.000001
8669,0.000001
8670,0.000001
8671,0.000001
8672,0.000001
8673,0.000001
8674,0.000001
8675,0.000001
8676,0.000001
8677,0.000001
8678,0.000001
8679,0.000001
8680,0.000001
8681,0.000001
8682,0.000001
8683,0.000001
8684,0.000001
8685,0.000001
8686,0.000001
8687,0.000001
8688,0.000001
8689,0.000001
8690,0.000001
8691,0.000001
8692,0.000001
8693,0.000001
8694,0.000001
8695,0.000001
8696,0.000001
8697,0.000001
8698,0.000001
8699,0.000001
8700,0.000001
8701,0.000001
8702,0.000001
8703,0.000001
8704,0.000001
8705,0.000001
8706,0.000001
8707,0.000001
8708,0.000001
8709,0.000001
8710,0.000001
8711,0.000001
8712,0.000001
8713,0.000001
8714,0.000001
8715,0.000001
8716,0.000001
8717,0.000001
8718,0.000001
8719,0.000001
8720,0.000001
8721,0.000001
8722,0.000001
8723,0.000001
8724,0.000001
8725,0.000001
8726,0.000001
8727,0.000001
8728,0.000001
8729,0.000001
8730,0.000001
8731,0.000001
8732,0.000001
8733,0.000001
8734,0.000001
8735,0.000001
8736,0.000001
8737,0.000001
8738,0.000001
8739,0.000001
8740,0.000001
8741,0.000001
8742,0.000001
8743,0.000001
8744,0.000001
8745,0.000001
8746,0.000001
8747,0.000001
8748,0.000001
8749,0.000001
8750,0.000001
8751,0.000001
8752,0.000001
8753,0.000001
8754,0.000001
8755,0.000001
8756,0.000001
8757,0.000001
8758,0.000001
8759,0.000001
8760,0.000001
8761,0.000000
8762,0.000000
8763,0.000000
8764,0.000000
8765,0.000000
8766,0.000000
8767,0.000000
8768,0.000000
8769,0.000000
8770,0.000000
8771,0.000000
8772,0.000000
8773,0.000000
8774,0.000000
8775,0.000000
8776,0.000000
8777,0.000000
8778,0.000000
8779,0.000000
8780,0.000000
8781,0.000000
8782,0.000000
8783,0.000000
8784,0.000000
8785,0.000000
8786,0.000000
8787,0.000000
8788,0.000000
8789,0.000000
8790,0.000000
8791,0.000000
8792,0.000000
8793,0.000000
8794,0.000000
8795,0.000000
8796,0.000000
8797,0.000000
8798,0.000000
8799,0.000000
8800,0.000000
8801,0.000000
8802,0.000000
8803,0.000000
8804,0.000000
8805,0.000000
8806,0.000000
8807,0.000000
8808,0.000000
8809,0.000000
8810,0.000000
8811,0.000000
8812,0.000000
8813,0.000000
8814,0.000000
8815,0.000000
8816,0.000000
8817,0.000000
8818,0.000000
8819,0.000000
8820,0.000000
8821,0.000000
8822,0.000000
8823,0.000000
8824,0.000000
8825,0.000000
8826,0.000000
8827,0.000000
8828,0.000000
8829,0.000000
8830,0.000000
8831,0.000000
8832,0.000000
8833,0.000000
8834,0.000000
8835,0.000000
8836,0.000000
8837,0.000000
8838,0.000000
8839,0.000000
8840,0.000000
8841,0.000000
8842,0.000000
8843,0.000000
8844,0.000000
8845,0.000000
8846,0.000000
8847,0.000000
8848,0.000000
8849,0.000000
8850,0.000000
8851,0.000000
8852,0.000000
8853,0.000000
8854,0.000000
8855,0.000000
8856,0.000000
8857,0.000000
8858,0.000000
8859,0.000000
8860,0.000000
8861,0.000000
8862,0.000000
8863,0.000000
8864,0.000000
8865,0.000000
8866,0.000000
8867,0.000000
8868,0.000000
8869,0.000000
8870,0.000000
8871,0.000000
8872,0.000000
8873,0.000000
8874,0.000000
8875,0.000000
8876,0.000000
8877,0.000000
8878,0.000000
8879,0.000000
8880,0.000000
8881,0.000000
8882,0.000000
8883,0.000000
8884,0.000000
8885,0.000000
8886,0.000000
8887,0.000000
8888,0.000000
8889,0.000000
8890,0.000000
8891,0.000000
8892,0.000000
8893,0.000000
8894,0.000000
8895,0.000000
8896,0.000000
8897,0.000000
8898,0.000000
8899,0.000000
8900,0.000000
8901,0.000000
8902,0.000000
8903,0.000000
8904,0.000000
8905,0.000000
8906,0.000000
8907,0.000000
8908,0.000000
8909,0.000000
8910,0.000000
8911,0.000000
8912,0.000000
8913,0.000000
8914,0.000000
8915,0.000000
8916,0.000000
8917,0.000000
8918,0.000000
8919,0.000000
8920,0.000000
8921,0.000000
8922,0.000000
8923,0.000000
8924,0.000000
8925,0.000000
8926,0.000000
8927,0.000000
8928,0.000000
8929,0.000000
8930,0.000000
8931,0.000000
8932,0.000000
8933,0.000000
8934,0.000000
8935,0.000000
8936,0.000000
8937,0.000000
8938,0.000000
8939,0.000000
8940,0.000000
8941,0.000000
8942,0.000000
8943,0.000000
8944,0.000000
8945,0.000000
8946,0.000000
8947,0.000000
8948,0.000000
8949,0.000000
8950,0.000000
8951,0.000000
8952,0.000000
8953,0.000000
8954,0.000000
8955,0.000000
8956,0.000000
8957,0.000000
8958,0.000000
8959,0.000000
8960,0.000000
8961,0.000000
8962,0.000000
8963,0.000000
8964,0.000000
8965,0.000000
8966,0.000000
8967,0.000000
8968,0.000000
8969,0.000000
8970,0.000000
8971,0.000000
8972,0.000000
8973,0.000000
8974,0.000000
8975,0.000000
8976,0.000000
8977,0.000000
8978,0.000000
8979,0.000000
8980,0.000000
8981,0.000000
8982,0.000000
8983,0.000000
8984,0.000000
8985,0.000000
8986,0.000000
8987,0.000000
8988,0.000000
8989,0.000000
8990,0.000000
8991,0.000000
8992,0.000000
8993,0.000000
8994,0.000000
8995,0.000000
8996,0.000000
8997,0.000000
8998,0.000000
8999,0.000000
9000,0.000000
9001,0.000000
9002,0.000000
9003,0.000000
9004,0.000000
9005,0.000000
9006,0.000000
9007,0.000000
9008,0.000000
9009,0.000000
9010,0.000000
9011,0.000000
9012,0.000000
9013,0.000000
9014,0.000000
9015,0.000000
9016,0.000000
9017,0.000000
9018,0.000000
9019,0.000000
9020,0.000000
9021,0.000000
9022,0.000000
9023,0.000000
9024,0.000000
9025,0.000000
9026,0.000000
9027,0.000000
9028,0.000000
9029,0.000000
9030,0.000000
9031,0.000000
9032,0.000000
9033,0.000000
9034,0.000000
9035,0.000000
9036,0.000000
9037,0.000000
9038,0.000000
9039,0.000000
9040,0.000000
9041,0.000000
9042,0.000000
9043,0.000000
9044,0.000000
9045,0.000000
9046,0.000000
9047,0.000000
9048,0.000000
9049,0.000000
9050,0.000000
9051,0.000000
9052,0.000000
9053,0.000000
9054,0.000000
9055,0.000000
9056,0.000000
9057,0.000000
9058,0.000000
9059,0.000000
9060,0.000000
9061,0.000000
9062,0.000000
9063,0.000000
9064,0.000000
9065,0.000000
9066,0.000000
9067,0.000000
9068,0.000000
9069,0.000000
9070,0.000000
9071,0.000000
9072,0.000000
9073,0.000000
9074,0.000000
9075,0.000000
9076,0.000000
9077,0.000000
9078,0.000000
9079,0.000000
9080,0.000000
9081,0.000000
9082,0.000000
9083,0.000000
9084,0.000000
9085,0.000000
9086,0.000000
9087,0.000000
9088,0.000000
9089,0.000000
9090,0.000000
9091,0.000000
9092,0.000000
9093,0.000000
9094,0.000000
9095,0.000000
9096,0.000000
9097,0.000000
9098,0.000000
9099,0.000000
9100,0.000000
9101,0.000000
9102,0.000000
9103,0.000000
9104,0.000000
9105,0.000000
9106,0.000000
9107,0.000000
9108,0.000000
9109,0.000000
9110,0.000000
9111,0.000000
9112,0.000000
9113,0.000000
9114,0.000000
9115,0.000000
9116,0.000000
9117,0.000000
9118,0.000000
9119,0.000000
9120,0.000000
9121,0.000000
9122,0.000000
9123,0.000000
9124,0.000000
9125,0.000000
9126,0.000000
9127,0.000000
9128,0.000000
9129,0.000000
9130,0.000000
9131,0.000000
9132,0.000000
9133,0.000000
9134,0.000000
9135,0.000000
9136,0.000000
9137,0.000000
9138,0.000000
9139,0.000000
9140,0.000000
9141,0.000000
9142,0.000000
9143,0.000000
9144,0.000000
9145,0.000000
9146,0.000000
9147,0.000000
9148,0.000000
9149,0.000000
9150,0.000000
9151,0.000000
9152,0.000000
9153,0.000000
9154,0.000000
9155,0.000000
9156,0.000000
9157,0.000000
9158,0.000000
9159,0.000000
9160,0.000000
9161,0.000000
9162,0.000000
9163,0.000000
9164,0.000000
9165,0.000000
9166,0.000000
9167,0.000000
9168,0.000000
9169,0.000000
9170,0.000000
9171,0.000000
9172,0.000000
9173,0.000000
9174,0.000000
9175,0.000000
9176,0.000000
9177,0.000000
9178,0.000000
9179,0.000000
9180,0.000000
9181,0.000000
9182,0.000000
9183,0.000000
9184,0.000000
9185,0.000000
9186,0.000000
9187,0.000000
9188,0.000000
9189,0.000000
9190,0.000000
9191,0.000000
9192,0.000000
9193,0.000000
9194,0.000000
9195,0.000000
9196,0.000000
9197,0.000000
9198,0.000000
9199,0.000000
9200,0.000000
9201,0.000000
9202,0.000000
9203,0.000000
9204,0.000000
9205,0.000000
9206,0.000000
9207,0.000000
9208,0.000000
9209,0.000000
9210,0.000000
9211,0.000000
9212,0.000000
9213,0.000000
9214,0.000000
9215,0.000000
9216,0.000000
9217,0.000000
9218,0.000000
9219,0.000000
9220,0.000000
9221,0.000000
9222,0.000000
9223,0.000000
9224,0.000000
9225,0.000000
9226,0.000000
9227,0.000000
9228,0.000000
9229,0.000000
9230,0.000000
9231,0.000000
9232,0.000000
9233,0.000000
9234,0.000000
9235,0.000000
9236,0.000000
9237,0.000000
9238,0.000000
9239,0.000000
9240,0.000000
9241,0.000000
9242,0.000000
9243,0.000000
9244,0.000000
9245,0.000000
9246,0.000000
9247,0.000000
9248,0.000000
9249,0.000000
9250,0.000000
9251,0.000000
9252,0.000000
9253,0.000000
9254,0.000000
9255,0.000000
9256,0.000000
9257,0.000000
9258,0.000000
9259,0.000000
9260,0.000000
9261,0.000000
9262,0.000000
9263,0.000000
9264,0.000000
9265,0.000000
9266,0.000000
9267,0.000000
9268,0.000000
9269,0.000000
9270,0.000000
9271,0.000000
9272,0.000000
9273,0.000000
9274,0.000000
9275,0.000000
9276,0.000000
9277,0.000000
9278,0.000000
9279,0.000000
9280,0.000000
9281,0.000000
9282,0.000000
9283,0.000000
9284,0.000000
9285,0.000000
9286,0.000000
9287,0.000000
9288,0.000000
9289,0.000000
9290,0.000000
9291,0.000000
9292,0.000000
9293,0.000000
9294,0.000000
9295,0.000000
9296,0.000000
9297,0.000000
9298,0.000000
9299,0.000000
9300,0.000000
9301,0.000000
9302,0.000000
9303,0.000000
9304,0.000000
9305,0.000000
9306,0.000000
9307,0.000000
9308,0.000000
9309,0.000000
9310,0.000000
9311,0.000000
9312,0.000000
9313,0.000000
9314,0.000000
9315,0.000000
9316,0.000000
9317,0.000000
9318,0.000000
9319,0.000000
9320,0.000000
9321,0.000000
9322,0.000000
9323,0.000000
9324,0.000000
9325,0.000000
9326,0.000000
9327,0.000000
9328,0.000000
9329,0.000000
9330,0.000000
9331,0.000000
9332,0.000000
9333,0.000000
9334,0.000000
9335,0.000000
9336,0.000000
9337,0.000000
9338,0.000000
9339,0.000000
9340,0.000000
9341,0.000000
9342,0.000000
9343,0.000000
9344,0.000000
9345,0.000000
9346,0.000000
9347,0.000000
9348,0.000000
9349,0.000000
9350,0.000000
9351,0.000000
9352,0.000000
9353,0.000000
9354,0.000000
9355,0.000000
9356,0.000000
9357,0.000000
9358,0.000000
9359,0.000000
9360,0.000000
9361,0.000000
9362,0.000000
9363,0.000000
9364,0.000000
9365,0.000000
9366,0.000000
9367,0.000000
9368,0.000000
9369,0.000000
9370,0.000000
9371,0.000000
9372,0.000000
9373,0.000000
9374,0.000000
9375,0.000000
9376,0.000000
9377,0.000000
9378,0.000000
9379,0.000000
9380,0.000000
9381,0.000000
9382,0.000000
9383,0.000000
9384,0.000000
9385,0.000000
9386,0.000000
9387,0.000000
9388,0.000000
9389,0.000000
9390,0.000000
9391,0.000000
9392,0.000000
9393,0.000000
9394,0.000000
9395,0.000000
9396,0.000000
9397,0.000000
9398,0.000000
9399,0.000000
9400,0.000000
9401,0.000000
9402,0.000000
9403,0.000000
9404,0.000000
9405,0.000000
9406,0.000000
9407,0.000000
9408,0.000000
9409,0.000000
9410,0.000000
9411,0.000000
9412,0.000000
9413,0.000000
9414,0.000000
9415,0.000000
9416,0.000000
9417,0.000000
9418,0.000000
9419,0.000000
9420,0.000000
9421,0.000000
9422,0.000000
9423,0.000000
9424,0.000000
9425,0.000000
9426,0.000000
9427,0.000000
9428,0.000000
9429,0.000000
9430,0.000000
9431,0.000000
9432,0.000000
9433,0.000000
9434,0.000000
9435,0.000000
9436,0.000000
9437,0.000000
9438,0.000000
9439,0.000000
9440,0.000000
9441,0.000000
9442,0.000000
9443,0.000000
9444,0.000000
9445,0.000000
9446,0.000000
9447,0.000000
9448,0.000000
9449,0.000000
9450,0.000000
9451,0.000000
9452,0.000000
9453,0.000000
9454,0.000000
9455,0.000000
9456,0.000000
9457,0.000000
9458,0.000000
9459,0.000000
9460,0.000000
9461,0.000000
9462,0.000000
9463,0.000000
9464,0.000000
9465,0.000000
9466,0.000000
9467,0.000000
9468,0.000000
9469,0.000000
9470,0.000000
9471,0.000000
9472,0.000000
9473,0.000000
9474,0.000000
9475,0.000000
9476,0.000000
9477,0.000000
9478,0.000000
9479,0.000000
9480,0.000000
9481,0.000000
9482,0.000000
9483,0.000000
9484,0.000000
9485,0.000000
9486,0.000000
9487,0.000000
9488,0.000000
9489,0.000000
9490,0.000000
9491,0.000000
9492,0.000000
9493,0.000000
9494,0.000000
9495,0.000000
9496,0.000000
9497,0.000000
9498,0.000000
9499,0.000000
9500,0.000000
9501,0.000000
9502,0.000000
9503,0.000000
9504,0.000000
9505,0.000000
9506,0.000000
9507,0.000000
9508,0.000000
9509,0.000000
9510,0.000000
9511,0.000000
9512,0.000000
9513,0.000000
9514,0.000000
9515,0.000000
9516,0.000000
9517,0.000000
9518,0.000000
9519,0.000000
9520,0.000000
9521,0.000000
9522,0.000000
9523,0.000000
9524,0.000000
9525,0.000000
9526,0.000000
9527,0.000000
9528,0.000000
9529,0.000000
9530,0.000000
9531,0.000000
9532,0.000000
9533,0.000000
9534,0.000000
9535,0.000000
9536,0.000000
9537,0.000000
9538,0.000000
9539,0.000000
9540,0.000000
9541,0.000000
9542,0.000000
9543,0.000000
9544,0.000000
9545,0.000000
9546,0.000000
9547,0.000000
9548,0.000000
9549,0.000000
9550,0.000000
9551,0.000000
9552,0.000000
9553,0.000000
9554,0.000000
9555,0.000000
9556,0.000000
9557,0.000000
9558,0.000000
9559,0.000000
9560,0.000000
9561,0.000000
9562,0.000000
9563,0.000000
9564,0.000000
9565,0.000000
9566,0.000000
9567,0.000000
9568,0.000000
9569,0.000000
9570,0.000000
9571,0.000000
9572,0.000000
9573,0.000000
9574,0.000000
9575,0.000000
9576,0.000000
9577,0.000000
9578,0.000000
9579,0.000000
9580,0.000000
9581,0.000000
9582,0.000000
9583,0.000000
9584,0.000000
9585,0.000000
9586,0.000000
9587,0.000000
9588,0.000000
9589,0.000000
9590,0.000000
9591,0.000000
9592,0.000000
9593,0.000000
9594,0.000000
9595,0.000000
9596,0.000000
9597,0.000000
9598,0.000000
9599,0.000000
9600,0.000000
9601,0.000000
9602,0.000000
9603,0.000000
9604,0.000000
9605,0.000000
9606,0.000000
9607,0.000000
9608,0.000000
9609,0.000000
9610,0.000000
9611,0.000000
9612,0.000000
9613,0.000000
9614,0.000000
9615,0.000000
9616,0.000000
9617,0.000000
9618,0.000000
9619,0.000000
9620,0.000000
9621,0.000000
9622,0.000000
9623,0.000000
9624,0.000000
9625,0.000000
9626,0.000000
9627,0.000000
9628,0.000000
9629,0.000000
9630,0.000000
9631,0.000000
9632,0.000000
9633,0.000000
9634,0.000000
9635,0.000000
9636,0.000000
9637,0.000000
9638,0.000000
9639,0.000000
9640,0.000000
9641,0.000000
9642,0.000000
9643,0.000000
9644,0.000000
9645,0.000000
9646,0.000000
9647,0.000000
9648,0.000000
9649,0.000000
9650,0.000000
9651,0.000000
9652,0.000000
9653,0.000000
9654,0.000000
9655,0.000000
9656,0.000000
9657,0.000000
9658,0.000000
9659,0.000000
9660,0.000000
9661,0.000000
9662,0.000000
9663,0.000000
9664,0.000000
9665,0.000000
9666,0.000000
9667,0.000000
9668,0.000000
9669,0.000000
9670,0.000000
9671,0.000000
9672,0.000000
9673,0.000000
9674,0.000000
9675,0.000000
9676,0.000000
9677,0.000000
9678,0.000000
9679,0.000000
9680,0.000000
9681,0.000000
9682,0.000000
9683,0.000000
9684,0.000000
9685,0.000000
9686,0.000000
9687,0.000000
9688,0.000000
9689,0.000000
9690,0.000000
9691,0.000000
9692,0.000000
9693,0.000000
9694,0.000000
9695,0.000000
9696,0.000000
9697,0.000000
9698,0.000000
9699,0.000000
9700,0.000000
9701,0.000000
9702,0.000000
9703,0.000000
9704,0.000000
9705,0.000000
9706,0.000000
9707,0.000000
9708,0.000000
9709,0.000000
9710,0.000000
9711,0.000000
9712,0.000000
9713,0.000000
9714,0.000000
9715,0.000000
9716,0.000000
9717,0.000000
9718,0.000000
9719,0.000000
9720,0.000000
9721,0.000000
9722,0.000000
9723,0.000000
9724,0.000000
9725,0.000000
9726,0.000000
9727,0.000000
9728,0.000000
9729,0.000000
9730,0.000000
9731,0.000000
9732,0.000000
9733,0.000000
9734,0.000000
9735,0.000000
9736,0.000000
9737,0.000000
9738,0.000000
9739,0.000000
9740,0.000000
9741,0.000000
9742,0.000000
9743,0.000000
9744,0.000000
9745,0.000000
9746,0.000000
9747,0.000000
9748,0.000000
9749,0.000000
9750,0.000000
9751,0.000000
9752,0.000000
9753,0.000000
9754,0.000000
9755,0.000000
9756,0.000000
9757,0.000000
9758,0.000000
9759,0.000000
9760,0.000000
9761,0.000000
9762,0.000000
9763,0.000000
9764,0.000000
9765,0.000000
9766,0.000000
9767,0.000000
9768,0.000000
9769,0.000000
9770,0.000000
9771,0.000000
9772,0.000000
9773,0.000000
9774,0.000000
9775,0.000000
9776,0.000000
9777,0.000000
9778,0.000000
9779,0.000000
9780,0.000000
9781,0.000000
9782,0.000000
9783,0.000000
9784,0.000000
9785,0.000000
9786,0.000000
9787,0.000000
9788,0.000000
9789,0.000000
9790,0.000000
9791,0.000000
9792,0.000000
9793,0.000000
9794,0.000000
9795,0.000000
9796,0.000000
9797,0.000000
9798,0.000000
9799,0.000000
9800,0.000000
9801,0.000000
9802,0.000000
9803,0.000000
9804,0.000000
9805,0.000000
9806,0.000000
9807,0.000000
9808,0.000000
9809,0.000000
9810,0.000000
9811,0.000000
9812,0.000000
9813,0.000000
9814,0.000000
9815,0.000000
9816,0.000000
9817,0.000000
9818,0.000000
9819,0.000000
9820,0.000000
9821,0.000000
9822,0.000000
9823,0.000000
9824,0.000000
9825,0.000000
9826,0.000000
9827,0.000000
9828,0.000000
9829,0.000000
9830,0.000000
9831,0.000000
9832,0.000000
9833,0.000000
9834,0.000000
9835,0.000000
9836,0.000000
9837,0.000000
9838,0.000000
9839,0.000000
9840,0.000000
9841,0.000000
9842,0.000000
9843,0.000000
9844,0.000000
9845,0.000000
9846,0.000000
9847,0.000000
9848,0.000000
9849,0.000000
9850,0.000000
9851,0.000000
9852,0.000000
9853,0.000000
9854,0.000000
9855,0.000000
9856,0.000000
9857,0.000000
9858,0.000000
9859,0.000000
9860,0.000000
9861,0.000000
9862,0.000000
9863,0.000000
9864,0.000000
9865,0.000000
9866,0.000000
9867,0.000000
9868,0.000000
9869,0.000000
9870,0.000000
9871,0.000000
9872,0.000000
9873,0.000000
9874,0.000000
9875,0.000000
9876,0.000000
9877,0.000000
9878,0.000000
9879,0.000000
9880,0.000000
9881,0.000000
9882,0.000000
9883,0.000000
9884,0.000000
9885,0.000000
9886,0.000000
9887,0.000000
9888,0.000000
9889,0.000000
9890,0.000000
9891,0.000000
9892,0.000000
9893,0.000000
9894,0.000000
9895,0.000000
9896,0.000000
9897,0.000000
9898,0.000000
9899,0.000000
9900,0.000000
9901,0.000000
9902,0.000000
9903,0.000000
9904,0.000000
9905,0.000000
9906,0.000000
9907,0.000000
9908,0.000000
9909,0.000000
9910,0.000000
9911,0.000000
9912,0.000000
9913,0.000000
9914,0.000000
9915,0.000000
9916,0.000000
9917,0.000000
9918,0.000000
9919,0.000000
9920,0.000000
9921,0.000000
9922,0.000000
9923,0.000000
9924,0.000000
9925,0.000000
9926,0.000000
9927,0.000000
9928,0.000000
9929,0.000000
9930,0.000000
9931,0.000000
9932,0.000000
9933,0.000000
9934,0.000000
9935,0.000000
9936,0.000000
9937,0.000000
9938,0.000000
9939,0.000000
9940,0.000000
9941,0.000000
9942,0.000000
9943,0.000000
9944,0.000000
9945,0.000000
9946,0.000000
9947,0.000000
9948,0.000000
9949,0.000000
9950,0.000000
9951,0.000000
9952,0.000000
9953,0.000000
9954,0.000000
9955,0.000000
9956,0.000000
9957,0.000000
9958,0.000000
9959,0.000000
9960,0.000000
9961,0.000000
9962,0.000000
9963,0.000000
9964,0.000000
9965,0.000000
9966,0.000000
9967,0.000000
9968,0.000000
9969,0.000000
9970,0.000000
9971,0.000000
9972,0.000000
9973,0.000000
9974,0.000000
9975,0.000000
9976,0.000000
9977,0.000000
9978,0.000000
9979,0.000000
9980,0.000000
9981,0.000000
9982,0.000000
9983,0.000000
9984,0.000000
9985,0.000000
9986,0.000000
9987,0.000000
9988,0.000000
9989,0.000000
9990,0.000000
9991,0.000000
9992,0.000000
9993,0.000000
9994,0.000000
9995,0.000000
9996,0.000000
9997,0.000000
9998,0.000000
9999,0.000000
