Days,Viral Load
0,0.000000
1,14.912721
2,26.833887
3,36.268429
4,43.640232
5,49.304893
6,53.560486
7,56.656631
8,58.802158
9,60.171593
10,60.910587
11,61.140533
12,60.962433
13,60.460186
14,59.703320
15,58.749317
16,57.645588
17,56.431099
18,55.137760
19,53.791592
20,52.413700
21,51.021111
22,49.627441
23,48.243500
24,46.877762
25,45.536766
26,44.225487
27,42.947586
28,41.705666
29,40.501461
30,39.336018
31,38.209816
32,37.122887
33,36.074913
34,35.065296
35,34.093231
36,33.157753
37,32.257778
38,31.392151
39,30.559658
40,29.759060
41,28.989103
42,28.248539
43,27.536137
44,26.850685
45,26.191006
46,25.555952
47,24.944424
48,24.355352
49,23.787716
50,23.240536
51,22.712875
52,22.203844
53,21.712585
54,21.238293
55,20.780195
56,20.337557
57,19.909683
58,19.495911
59,19.095615
60,18.708199
61,18.333099
62,17.969782
63,17.617737
64,17.276484
65,16.945564
66,16.624546
67,16.313019
68,16.010590
69,15.716889
70,15.431565
71,15.154284
72,14.884728
73,14.622596
74,14.367599
75,14.119467
76,13.877937
77,13.642762
78,13.413708
79,13.190550
80,12.973072
81,12.761073
82,12.554358
83,12.352739
84,12.156040
85,11.964091
86,11.776731
87,11.593806
88,11.415166
89,11.240671
90,11.070185
91,10.903577
92,10.740724
93,10.581506
94,10.425809
95,10.273523
96,10.124544
97,9.978770
98,9.836105
99,9.696455
100,9.559731
101,9.425846
102,9.294718
103,9.166267
104,9.040418
105,8.917096
106,8.796230
107,8.677752
108,8.561596
109,8.447698
110,8.335997
111,8.226433
112,8.118951
113,8.013494
114,7.910010
115,7.808447
116,7.708756
117,7.610889
118,7.514799
119,7.420442
120,7.327775
121,7.236754
122,7.147341
123,7.059496
124,6.973181
125,6.888358
126,6.804993
127,6.723051
128,6.642498
129,6.563302
130,6.485432
131,6.408856
132,6.333546
133,6.259473
134,6.186608
135,6.114926
136,6.044399
137,5.975002
138,5.906711
139,5.839501
140,5.773349
141,5.708232
142,5.644128
143,5.581017
144,5.518876
145,5.457685
146,5.397426
147,5.338078
148,5.279622
149,5.222042
150,5.165318
151,5.109435
152,5.054374
153,5.000120
154,4.946657
155,4.893968
156,4.842040
157,4.790857
158,4.740405
159,4.690670
160,4.641637
161,4.593295
162,4.545630
163,4.498628
164,4.452279
165,4.406568
166,4.361486
167,4.317020
168,4.273160
169,4.229893
170,4.187210
171,4.145100
172,4.103553
173,4.062559
174,4.022108
175,3.982190
176,3.942796
177,3.903918
178,3.865545
179,3.827670
180,3.790284
181,3.753379
182,3.716946
183,3.680978
184,3.645466
185,3.610403
186,3.575783
187,3.541596
188,3.507837
189,3.474498
190,3.441572
191,3.409054
192,3.376935
193,3.345210
194,3.313872
195,3.282915
196,3.252334
197,3.222122
198,3.192273
199,3.162782
200,3.133644
201,3.104852
202,3.076401
203,3.048287
204,3.020504
205,2.993047
206,2.965911
207,2.939091
208,2.912582
209,2.886381
210,2.860481
211,2.834879
212,2.809571
213,2.784552
214,2.759817
215,2.735363
216,2.711185
217,2.687281
218,2.663644
219,2.640273
220,2.617162
221,2.594309
222,2.571709
223,2.549359
224,2.527256
225,2.505395
226,2.483775
227,2.462390
228,2.441239
229,2.420317
230,2.399622
231,2.379150
232,2.358899
233,2.338865
234,2.319046
235,2.299438
236,2.280039
237,2.260845
238,2.241855
239,2.223066
240,2.204474
241,2.186077
242,2.167873
243,2.149858
244,2.132032
245,2.114390
246,2.096932
247,2.079653
248,2.062553
249,2.045628
250,2.028876
251,2.012296
252,1.995885
253,1.979640
254,1.963561
255,1.947643
256,1.931887
257,1.916289
258,1.900847
259,1.885561
260,1.870427
261,1.855443
262,1.840609
263,1.825921
264,1.811379
265,1.796981
266,1.782724
267,1.768607
268,1.754629
269,1.740787
270,1.727080
271,1.713506
272,1.700064
273,1.686752
274,1.673569
275,1.660513
276,1.647582
277,1.634776
278,1.622092
279,1.609529
280,1.597086
281,1.584761
282,1.572553
283,1.560461
284,1.548483
285,1.536618
286,1.524864
287,1.513221
288,1.501686
289,1.490260
290,1.478940
291,1.467725
292,1.456614
293,1.445607
294,1.434701
295,1.423896
296,1.413190
297,1.402582
298,1.392072
299,1.381658
300,1.371339
301,1.361114
302,1.350982
303,1.340942
304,1.330993
305,1.321133
306,1.311363
307,1.301681
308,1.292085
309,1.282576
310,1.273152
311,1.263812
312,1.254555
313,1.245380
314,1.236287
315,1.227275
316,1.218342
317,1.209488
318,1.200712
319,1.192014
320,1.183391
321,1.174845
322,1.166373
323,1.157975
324,1.149650
325,1.141397
326,1.133216
327,1.125106
328,1.117066
329,1.109096
330,1.101194
331,1.093360
332,1.085594
333,1.077894
334,1.070259
335,1.062690
336,1.055186
337,1.047745
338,1.040368
339,1.033053
340,1.025800
341,1.018608
342,1.011477
343,1.004406
344,0.997394
345,0.990442
346,0.983547
347,0.976710
348,0.969930
349,0.963207
350,0.956539
351,0.949927
352,0.943370
353,0.936867
354,0.930417
355,0.924021
356,0.917677
357,0.911386
358,0.905146
359,0.898958
360,0.892820
361,0.886732
362,0.880693
363,0.874704
364,0.868764
365,0.862871
366,0.857027
367,0.851229
368,0.845479
369,0.839775
370,0.834116
371,0.828503
372,0.822936
373,0.817412
374,0.811933
375,0.806498
376,0.801106
377,0.795757
378,0.790450
379,0.785185
380,0.779962
381,0.774781
382,0.769640
383,0.764540
384,0.759480
385,0.754460
386,0.749479
387,0.744537
388,0.739634
389,0.734769
390,0.729941
391,0.725152
392,0.720400
393,0.715684
394,0.711006
395,0.706363
396,0.701756
397,0.697185
398,0.692649
399,0.688148
400,0.683682
401,0.679250
402,0.674851
403,0.670487
404,0.666155
405,0.661857
406,0.657591
407,0.653358
408,0.649157
409,0.644988
410,0.640850
411,0.636744
412,0.632669
413,0.628624
414,0.624610
415,0.620626
416,0.616672
417,0.612747
418,0.608852
419,0.604986
420,0.601149
421,0.597340
422,0.593560
423,0.589808
424,0.586084
425,0.582387
426,0.578717
427,0.575075
428,0.571460
429,0.567871
430,0.564309
431,0.560772
432,0.557262
433,0.553778
434,0.550319
435,0.546885
436,0.543476
437,0.540092
438,0.536733
439,0.533398
440,0.530088
441,0.526801
442,0.523538
443,0.520299
444,0.517083
445,0.513891
446,0.510721
447,0.507574
448,0.504450
449,0.501348
450,0.498269
451,0.495211
452,0.492175
453,0.489161
454,0.486169
455,0.483197
456,0.480247
457,0.477318
458,0.474410
459,0.471522
460,0.468654
461,0.465807
462,0.462980
463,0.460173
464,0.457385
465,0.454617
466,0.451869
467,0.449140
468,0.446430
469,0.443738
470,0.441066
471,0.438412
472,0.435777
473,0.433160
474,0.430561
475,0.427981
476,0.425418
477,0.422873
478,0.420345
479,0.417835
480,0.415343
481,0.429271
482,0.456330
483,0.493783
484,0.539363
485,0.591190
486,0.647715
487,0.707662
488,0.769985
489,0.833831
490,0.898505
491,0.963448
492,1.028211
493,1.092438
494,1.155847
495,1.218222
496,1.279398
497,1.339253
498,1.397701
499,1.454683
500,1.510164
501,1.564127
502,1.616572
503,1.667509
504,1.716958
505,1.764946
506,1.811506
507,1.856674
508,1.900490
509,1.942995
510,1.984231
511,2.024242
512,2.063071
513,2.100761
514,2.137353
515,2.172889
516,2.207409
517,2.240952
518,2.273556
519,2.305256
520,2.336088
521,2.366086
522,2.395282
523,2.423707
524,2.451390
525,2.478359
526,2.504641
527,2.530263
528,2.555249
529,2.579622
530,2.603405
531,2.626620
532,2.649285
533,2.671422
534,2.693048
535,2.714182
536,2.734840
537,2.755038
538,2.774792
539,2.794117
540,2.813027
541,2.831534
542,2.849653
543,2.867395
544,2.884772
545,2.901795
546,2.918475
547,2.934824
548,2.950850
549,2.966562
550,2.981972
551,2.997085
552,3.011913
553,3.026461
554,3.040740
555,3.054754
556,3.068513
557,3.082023
558,3.095290
559,3.108321
560,3.121122
561,3.133700
562,3.146059
563,3.158205
564,3.170144
565,3.181881
566,3.193421
567,3.204768
568,3.215928
569,3.226905
570,3.237702
571,3.248325
572,3.258778
573,3.269063
574,3.279186
575,3.289150
576,3.298958
577,3.308614
578,3.318121
579,3.327483
580,3.336703
581,3.345783
582,3.354727
583,3.363538
584,3.372218
585,3.380770
586,3.389197
587,3.397501
588,3.405685
589,3.413752
590,3.421703
591,3.429542
592,3.437268
593,3.444887
594,3.452399
595,3.459807
596,3.467112
597,3.474316
598,3.481422
599,3.488432
600,3.495346
601,3.502167
602,3.508897
603,3.515537
604,3.522089
605,3.528555
606,3.534935
607,3.541232
608,3.547447
609,3.553581
610,3.559636
611,3.565614
612,3.571515
613,3.577341
614,3.583093
615,3.588773
616,3.594381
617,3.599919
618,3.605389
619,3.610790
620,3.616125
621,3.621395
622,3.626599
623,3.631741
624,3.636820
625,3.641837
626,3.646794
627,3.651692
628,3.656531
629,3.661313
630,3.666038
631,3.670707
632,3.675321
633,3.679881
634,3.684387
635,3.688842
636,3.693244
637,3.697596
638,3.701898
639,3.706150
640,3.710353
641,3.714509
642,3.718618
643,3.722680
644,3.726697
645,3.730668
646,3.734595
647,3.738478
648,3.742318
649,3.746115
650,3.749870
651,3.753584
652,3.757257
653,3.760890
654,3.764483
655,3.768037
656,3.771553
657,3.775031
658,3.778471
659,3.781874
660,3.785241
661,3.788571
662,3.791867
663,3.795127
664,3.798352
665,3.801544
666,3.804702
667,3.807827
668,3.810920
669,3.813980
670,3.817008
671,3.820004
672,3.822970
673,3.825905
674,3.828810
675,3.831685
676,3.834531
677,3.837348
678,3.840135
679,3.842895
680,3.845627
681,3.848331
682,3.851007
683,3.853657
684,3.856281
685,3.858878
686,3.861449
687,3.863995
688,3.866515
689,3.869010
690,3.871481
691,3.873927
692,3.876349
693,3.878748
694,3.881123
695,3.883475
696,3.885804
697,3.888110
698,3.890394
699,3.892657
700,3.894897
701,3.897115
702,3.899313
703,3.901489
704,3.903645
705,3.905780
706,3.907894
707,3.909989
708,3.912064
709,3.914119
710,3.916155
711,3.918171
712,3.920169
713,3.922148
714,3.924108
715,3.926050
716,3.927974
717,3.929881
718,3.931769
719,3.933640
720,3.935494
721,3.937331
722,3.939150
723,3.940953
724,3.942740
725,3.944510
726,3.946265
727,3.948003
728,3.949725
729,3.951432
730,3.953124
731,3.954800
732,3.956461
733,3.958107
734,3.959738
735,3.961355
736,3.962957
737,3.964545
738,3.966119
739,3.967679
740,3.969225
741,3.970758
742,3.972276
743,3.973782
744,3.975274
745,3.976753
746,3.978219
747,3.979673
748,3.981113
749,3.982542
750,3.983957
751,3.985361
752,3.986752
753,3.988131
754,3.989498
755,3.990853
756,3.992197
757,3.993529
758,3.994849
759,3.996159
760,3.997457
761,3.998744
762,4.000021
763,4.001286
764,4.002541
765,4.003785
766,4.005018
767,4.006241
768,4.007453
769,4.008656
770,4.009849
771,4.011031
772,4.012204
773,4.013366
774,4.014519
775,4.015662
776,4.016796
777,4.017920
778,4.019035
779,4.020141
780,4.021238
781,4.022326
782,4.023405
783,4.024475
784,4.025536
785,4.026588
786,4.027632
787,4.028667
788,4.029695
789,4.030713
790,4.031723
791,4.032725
792,4.033719
793,4.034705
794,4.035682
795,4.036652
796,4.037614
797,4.038569
798,4.039515
799,4.040455
800,4.041387
801,4.042311
802,4.043228
803,4.044137
804,4.045039
805,4.045934
806,4.046822
807,4.047703
808,4.048577
809,4.049444
810,4.050304
811,4.051158
812,4.052005
813,4.052845
814,4.053679
815,4.054507
816,4.055327
817,4.056141
818,4.056949
819,4.057751
820,4.058546
821,4.059335
822,4.060118
823,4.060895
824,4.061666
825,4.062432
826,4.063191
827,4.063945
828,4.064692
829,4.065434
830,4.066170
831,4.066901
832,4.067626
833,4.068345
834,4.069059
835,4.069767
836,4.070470
837,4.071168
838,4.071861
839,4.072548
840,4.073230
841,4.073907
842,4.074579
843,4.075246
844,4.075908
845,4.076565
846,4.077217
847,4.077864
848,4.078506
849,4.079144
850,4.079777
851,4.080405
852,4.081028
853,4.081646
854,4.082261
855,4.082870
856,4.083476
857,4.084076
858,4.084672
859,4.085265
860,4.085852
861,4.086435
862,4.087014
863,4.087589
864,4.088159
865,4.088725
866,4.089287
867,4.089845
868,4.090399
869,4.090950
870,4.091496
871,4.092038
872,4.092576
873,4.093111
874,4.093641
875,4.094168
876,4.094690
877,4.095210
878,4.095725
879,4.096236
880,4.096745
881,4.097249
882,4.097749
883,4.098246
884,4.098740
885,4.099230
886,4.099717
887,4.100200
888,4.100680
889,4.101156
890,4.101629
891,4.102099
892,4.102565
893,4.103028
894,4.103488
895,4.103944
896,4.104397
897,4.104847
898,4.105295
899,4.105739
900,4.106179
901,4.106617
902,4.107052
903,4.107483
904,4.107912
905,4.108337
906,4.108760
907,4.109180
908,4.109597
909,4.110011
910,4.110422
911,4.110830
912,4.111236
913,4.111638
914,4.112038
915,4.112435
916,4.112830
917,4.113222
918,4.113611
919,4.113997
920,4.114381
921,4.114762
922,4.115141
923,4.115517
924,4.115891
925,4.116262
926,4.116630
927,4.116996
928,4.117359
929,4.117720
930,4.118079
931,4.118435
932,4.118789
933,4.119140
934,4.119489
935,4.119836
936,4.120181
937,4.120523
938,4.120863
939,4.121201
940,4.121536
941,4.121869
942,4.122200
943,4.122528
944,4.122854
945,4.123178
946,4.123500
947,4.123820
948,4.124138
949,4.124454
950,4.124768
951,4.125080
952,4.125389
953,4.125697
954,4.126002
955,4.126306
956,4.126607
957,4.126906
958,4.127204
959,4.127500
960,4.127793
961,4.128085
962,4.128375
963,4.128663
964,4.128949
965,4.129233
966,4.129515
967,4.129796
968,4.130075
969,4.130352
970,4.130627
971,4.130900
972,4.131172
973,4.131442
974,4.131710
975,4.131976
976,4.132240
977,4.132504
978,4.132765
979,4.133024
980,4.133282
981,4.133538
982,4.133793
983,4.134046
984,4.134298
985,4.134548
986,4.134796
987,4.135042
988,4.135287
989,4.135531
990,4.135773
991,4.136013
992,4.136252
993,4.136489
994,4.136725
995,4.136960
996,4.137193
997,4.137424
998,4.137654
999,4.137882
1000,4.138110
1001,4.138336
1002,4.138560
1003,4.138783
1004,4.139005
1005,4.139225
1006,4.139443
1007,4.139661
1008,4.139877
1009,4.140092
1010,4.140306
1011,4.140518
1012,4.140728
1013,4.140938
1014,4.141146
1015,4.141353
1016,4.141558
1017,4.141763
1018,4.141966
1019,4.142168
1020,4.142368
1021,4.142568
1022,4.142766
1023,4.142962
1024,4.143158
1025,4.143352
1026,4.143546
1027,4.143738
1028,4.143929
1029,4.144119
1030,4.144307
1031,4.144495
1032,4.144681
1033,4.144866
1034,4.145050
1035,4.145233
1036,4.145414
1037,4.145595
1038,4.145774
1039,4.145953
1040,4.146130
1041,4.146307
1042,4.146482
1043,4.146657
1044,4.146830
1045,4.147002
1046,4.147173
1047,4.147343
1048,4.147512
1049,4.147680
1050,4.147847
1051,4.148013
1052,4.148178
1053,4.148342
1054,4.148505
1055,4.148667
1056,4.148828
1057,4.148988
1058,4.149148
1059,4.149305
1060,4.149463
1061,4.149619
1062,4.149775
1063,4.149929
1064,4.150083
1065,4.150235
1066,4.150387
1067,4.150538
1068,4.150688
1069,4.150837
1070,4.150985
1071,4.151133
1072,4.151279
1073,4.151425
1074,4.151569
1075,4.151713
1076,4.151856
1077,4.151999
1078,4.152140
1079,4.152281
1080,4.152421
1081,4.152559
1082,4.152698
1083,4.152835
1084,4.152971
1085,4.153107
1086,4.153242
1087,4.153376
1088,4.153509
1089,4.153642
1090,4.153773
1091,4.153904
1092,4.154035
1093,4.154164
1094,4.154293
1095,4.154420
1096,4.154548
1097,4.154674
1098,4.154800
1099,4.154925
1100,4.155049
1101,4.155173
1102,4.155296
1103,4.155418
1104,4.155540
1105,4.155660
1106,4.155780
1107,4.155900
1108,4.156019
1109,4.156137
1110,4.156254
1111,4.156371
1112,4.156487
1113,4.156602
1114,4.156717
1115,4.156831
1116,4.156944
1117,4.157057
1118,4.157169
1119,4.157280
1120,4.157391
1121,4.157501
1122,4.157610
1123,4.157719
1124,4.157827
1125,4.157935
1126,4.158042
1127,4.158149
1128,4.158255
1129,4.158360
1130,4.158465
1131,4.158569
1132,4.158672
1133,4.158775
1134,4.158877
1135,4.158979
1136,4.159081
1137,4.159181
1138,4.159281
1139,4.159380
1140,4.159480
1141,4.159578
1142,4.159676
1143,4.159773
1144,4.159870
1145,4.159966
1146,4.160061
1147,4.160157
1148,4.160251
1149,4.160345
1150,4.160439
1151,4.160532
1152,4.160624
1153,4.160716
1154,4.160807
1155,4.160898
1156,4.160989
1157,4.161079
1158,4.161169
1159,4.161258
1160,4.161346
1161,4.161434
1162,4.161521
1163,4.161609
1164,4.161695
1165,4.161781
1166,4.161867
1167,4.161952
1168,4.162036
1169,4.162120
1170,4.162204
1171,4.162288
1172,4.162370
1173,4.162453
1174,4.162535
1175,4.162616
1176,4.162697
1177,4.162777
1178,4.162858
1179,4.162937
1180,4.163016
1181,4.163095
1182,4.163173
1183,4.163251
1184,4.163329
1185,4.163405
1186,4.163482
1187,4.163558
1188,4.163634
1189,4.163710
1190,4.163785
1191,4.163859
1192,4.163933
1193,4.164007
1194,4.164080
1195,4.164153
1196,4.164226
1197,4.164298
1198,4.164369
1199,4.164441
1200,4.164512
1201,4.164583
1202,4.164653
1203,4.164722
1204,4.164792
1205,4.164861
1206,4.164930
1207,4.164999
1208,4.165067
1209,4.165134
1210,4.165202
1211,4.165268
1212,4.165335
1213,4.165401
1214,4.165467
1215,4.165533
1216,4.165598
1217,4.165662
1218,4.165727
1219,4.165791
1220,4.165854
1221,4.165918
1222,4.165981
1223,4.166043
1224,4.166106
1225,4.166168
1226,4.166230
1227,4.166291
1228,4.166352
1229,4.166413
1230,4.166473
1231,4.166533
1232,4.166593
1233,4.166652
1234,4.166711
1235,4.166770
1236,4.166829
1237,4.166887
1238,4.166945
1239,4.167003
1240,4.167060
1241,4.167117
1242,4.167173
1243,4.167230
1244,4.167286
1245,4.167342
1246,4.167397
1247,4.167452
1248,4.167507
1249,4.167561
1250,4.167615
1251,4.167670
1252,4.167724
1253,4.167777
1254,4.167830
1255,4.167883
1256,4.167935
1257,4.167988
1258,4.168040
1259,4.168092
1260,4.168144
1261,4.168195
1262,4.168246
1263,4.168296
1264,4.168347
1265,4.168397
1266,4.168447
1267,4.168496
1268,4.168545
1269,4.168594
1270,4.168643
1271,4.168692
1272,4.168740
1273,4.168788
1274,4.168837
1275,4.168884
1276,4.168931
1277,4.168979
1278,4.169025
1279,4.169072
1280,4.169118
1281,4.169165
1282,4.169211
1283,4.169257
1284,4.169302
1285,4.169347
1286,4.169392
1287,4.169436
1288,4.169481
1289,4.169525
1290,4.169569
1291,4.169613
1292,4.169657
1293,4.169700
1294,4.169743
1295,4.169786
1296,4.169828
1297,4.169871
1298,4.169913
1299,4.169955
1300,4.169997
1301,4.170039
1302,4.170081
1303,4.170122
1304,4.170163
1305,4.170203
1306,4.170244
1307,4.170284
1308,4.170324
1309,4.170364
1310,4.170404
1311,4.170444
1312,4.170483
1313,4.170522
1314,4.170561
1315,4.170599
1316,4.170638
1317,4.170676
1318,4.170714
1319,4.170753
1320,4.170790
1321,4.170828
1322,4.170866
1323,4.170903
1324,4.170939
1325,4.170976
1326,4.171012
1327,4.171049
1328,4.171085
1329,4.171121
1330,4.171157
1331,4.171193
1332,4.171228
1333,4.171264
1334,4.171299
1335,4.171334
1336,4.171368
1337,4.171402
1338,4.171437
1339,4.171471
1340,4.171505
1341,4.171539
1342,4.171573
1343,4.171606
1344,4.171639
1345,4.171673
1346,4.171706
1347,4.171739
1348,4.171772
1349,4.171804
1350,4.171836
1351,4.171869
1352,4.171901
1353,4.171933
1354,4.171964
1355,4.171996
1356,4.172027
1357,4.172059
1358,4.172090
1359,4.172121
1360,4.172152
1361,4.172183
1362,4.172213
1363,4.172243
1364,4.172273
1365,4.172303
1366,4.172332
1367,4.172362
1368,4.172391
1369,4.172421
1370,4.172450
1371,4.172479
1372,4.172508
1373,4.172537
1374,4.172566
1375,4.172595
1376,4.172623
1377,4.172651
1378,4.172679
1379,4.172707
1380,4.172735
1381,4.156359
1382,4.126869
1383,4.087001
1384,4.039024
1385,3.984816
1386,3.925926
1387,3.863631
1388,3.798975
1389,3.732813
1390,3.665838
1391,3.598610
1392,3.531577
1393,3.465097
1394,3.399449
1395,3.334851
1396,3.271466
1397,3.209418
1398,3.148792
1399,3.089647
1400,3.032017
1401,2.975919
1402,2.921353
1403,2.868310
1404,2.816769
1405,2.766703
1406,2.718080
1407,2.670861
1408,2.625010
1409,2.580482
1410,2.537236
1411,2.495229
1412,2.454418
1413,2.414759
1414,2.376210
1415,2.338731
1416,2.302281
1417,2.266821
1418,2.232312
1419,2.198720
1420,2.166007
1421,2.134142
1422,2.103091
1423,2.072824
1424,2.043310
1425,2.014523
1426,1.986433
1427,1.959016
1428,1.932247
1429,1.906103
1430,1.880560
1431,1.855597
1432,1.831195
1433,1.807332
1434,1.783991
1435,1.761154
1436,1.738804
1437,1.716924
1438,1.695500
1439,1.674515
1440,1.653957
1441,1.633811
1442,1.614065
1443,1.594705
1444,1.575722
1445,1.557102
1446,1.538835
1447,1.520910
1448,1.503319
1449,1.486050
1450,1.469095
1451,1.452444
1452,1.436091
1453,1.420025
1454,1.404240
1455,1.388728
1456,1.373481
1457,1.358493
1458,1.343757
1459,1.329266
1460,1.315015
1461,1.300996
1462,1.287205
1463,1.273635
1464,1.260282
1465,1.247140
1466,1.234204
1467,1.221469
1468,1.208930
1469,1.196583
1470,1.184424
1471,1.172448
1472,1.160650
1473,1.149028
1474,1.137578
1475,1.126294
1476,1.115175
1477,1.104215
1478,1.093413
1479,1.082764
1480,1.072265
1481,1.061913
1482,1.051706
1483,1.041640
1484,1.031712
1485,1.021920
1486,1.012260
1487,1.002731
1488,0.993330
1489,0.984054
1490,0.974900
1491,0.965867
1492,0.956953
1493,0.948154
1494,0.939469
1495,0.930895
1496,0.922431
1497,0.914075
1498,0.905824
1499,0.897677
1500,0.889632
1501,0.881687
1502,0.873840
1503,0.866090
1504,0.858434
1505,0.850872
1506,0.843402
1507,0.836021
1508,0.828729
1509,0.821525
1510,0.814405
1511,0.807370
1512,0.800418
1513,0.793547
1514,0.786756
1515,0.780044
1516,0.773409
1517,0.766851
1518,0.760368
1519,0.753959
1520,0.747622
1521,0.741357
1522,0.735162
1523,0.729037
1524,0.722980
1525,0.716990
1526,0.711066
1527,0.705208
1528,0.699414
1529,0.693683
1530,0.688015
1531,0.682408
1532,0.676861
1533,0.671374
1534,0.665946
1535,0.660575
1536,0.655262
1537,0.650005
1538,0.644804
1539,0.639657
1540,0.634564
1541,0.629524
1542,0.624536
1543,0.619600
1544,0.614715
1545,0.609880
1546,0.605095
1547,0.600358
1548,0.595670
1549,0.591030
1550,0.586436
1551,0.581888
1552,0.577386
1553,0.572930
1554,0.568517
1555,0.564149
1556,0.559823
1557,0.555541
1558,0.551300
1559,0.547101
1560,0.542944
1561,0.538826
1562,0.534749
1563,0.530712
1564,0.526713
1565,0.522753
1566,0.518831
1567,0.514946
1568,0.511099
1569,0.507288
1570,0.503513
1571,0.499774
1572,0.496070
1573,0.492401
1574,0.488767
1575,0.485167
1576,0.481600
1577,0.478066
1578,0.474565
1579,0.471097
1580,0.467660
1581,0.464255
1582,0.460882
1583,0.457539
1584,0.454227
1585,0.450945
1586,0.447692
1587,0.444470
1588,0.441276
1589,0.438111
1590,0.434974
1591,0.431866
1592,0.428785
1593,0.425732
1594,0.422706
1595,0.419707
1596,0.416735
1597,0.413788
1598,0.410868
1599,0.407973
1600,0.405104
1601,0.402260
1602,0.399440
1603,0.396646
1604,0.393875
1605,0.391128
1606,0.388406
1607,0.385706
1608,0.383030
1609,0.380377
1610,0.377746
1611,0.375138
1612,0.372553
1613,0.369989
1614,0.367447
1615,0.364927
1616,0.362427
1617,0.359949
1618,0.357492
1619,0.355055
1620,0.352639
1621,0.350243
1622,0.347867
1623,0.345511
1624,0.343174
1625,0.340857
1626,0.338559
1627,0.336279
1628,0.334019
1629,0.331777
1630,0.329554
1631,0.327349
1632,0.325161
1633,0.322992
1634,0.320840
1635,0.318706
1636,0.316589
1637,0.314489
1638,0.312406
1639,0.310340
1640,0.308290
1641,0.306257
1642,0.304240
1643,0.302240
1644,0.300255
1645,0.298286
1646,0.296333
1647,0.294395
1648,0.292473
1649,0.290565
1650,0.288673
1651,0.286796
1652,0.284933
1653,0.283085
1654,0.281252
1655,0.279433
1656,0.277628
1657,0.275837
1658,0.274060
1659,0.272296
1660,0.270547
1661,0.268811
1662,0.267088
1663,0.265379
1664,0.263682
1665,0.261999
1666,0.260329
1667,0.258671
1668,0.257026
1669,0.255394
1670,0.253774
1671,0.252167
1672,0.250571
1673,0.248988
1674,0.247416
1675,0.245857
1676,0.244309
1677,0.242773
1678,0.241248
1679,0.239735
1680,0.238233
1681,0.236742
1682,0.235263
1683,0.233794
1684,0.232337
1685,0.230890
1686,0.229454
1687,0.228028
1688,0.226613
1689,0.225209
1690,0.223815
1691,0.222431
1692,0.221057
1693,0.219693
1694,0.218339
1695,0.216996
1696,0.215662
1697,0.214337
1698,0.213022
1699,0.211717
1700,0.210422
1701,0.209135
1702,0.207858
1703,0.206590
1704,0.205331
1705,0.204082
1706,0.202841
1707,0.201609
1708,0.200386
1709,0.199172
1710,0.197966
1711,0.196769
1712,0.195581
1713,0.194401
1714,0.193229
1715,0.192066
1716,0.190911
1717,0.189764
1718,0.188625
1719,0.187494
1720,0.186371
1721,0.185256
1722,0.184149
1723,0.183049
1724,0.181958
1725,0.180874
1726,0.179797
1727,0.178728
1728,0.177666
1729,0.176612
1730,0.175565
1731,0.174525
1732,0.173493
1733,0.172467
1734,0.171449
1735,0.170438
1736,0.169433
1737,0.168436
1738,0.167445
1739,0.166461
1740,0.165484
1741,0.164514
1742,0.163550
1743,0.162593
1744,0.161642
1745,0.160698
1746,0.159760
1747,0.158828
1748,0.157903
1749,0.156984
1750,0.156071
1751,0.155165
1752,0.154264
1753,0.153370
1754,0.152481
1755,0.151599
1756,0.150722
1757,0.149852
1758,0.148987
1759,0.148128
1760,0.147274
1761,0.146426
1762,0.145584
1763,0.144748
1764,0.143917
1765,0.143091
1766,0.142271
1767,0.141457
1768,0.140648
1769,0.139844
1770,0.139045
1771,0.138252
1772,0.137464
1773,0.136681
1774,0.135903
1775,0.135130
1776,0.134362
1777,0.133600
1778,0.132842
1779,0.132089
1780,0.131341
1781,0.130598
1782,0.129860
1783,0.129127
1784,0.128398
1785,0.127674
1786,0.126955
1787,0.126240
1788,0.125530
1789,0.124824
1790,0.124123
1791,0.123427
1792,0.122735
1793,0.122047
1794,0.121364
1795,0.120685
1796,0.120011
1797,0.119341
1798,0.118675
1799,0.118013
1800,0.117356
1801,0.116702
1802,0.116053
1803,0.115408
1804,0.114767
1805,0.114130
1806,0.113497
1807,0.112868
1808,0.112243
1809,0.111622
1810,0.111005
1811,0.110392
1812,0.109783
1813,0.109177
1814,0.108575
1815,0.107977
1816,0.107383
1817,0.106792
1818,0.106205
1819,0.105622
1820,0.105042
1821,0.104466
1822,0.103894
1823,0.103325
1824,0.102760
1825,0.102198
1826,0.101639
1827,0.101084
1828,0.100533
1829,0.099985
1830,0.099440
1831,0.098898
1832,0.098360
1833,0.097825
1834,0.097294
1835,0.096766
1836,0.096241
1837,0.095719
1838,0.095200
1839,0.094685
1840,0.094172
1841,0.093663
1842,0.093157
1843,0.092654
1844,0.092154
1845,0.091657
1846,0.091163
1847,0.090672
1848,0.090184
1849,0.089699
1850,0.089217
1851,0.088737
1852,0.088261
1853,0.087787
1854,0.087317
1855,0.086849
1856,0.086384
1857,0.085922
1858,0.085462
1859,0.085005
1860,0.084551
1861,0.084100
1862,0.083652
1863,0.083206
1864,0.082762
1865,0.082322
1866,0.081884
1867,0.081448
1868,0.081016
1869,0.080585
1870,0.080158
1871,0.079732
1872,0.079310
1873,0.078890
1874,0.078472
1875,0.078057
1876,0.077644
1877,0.077233
1878,0.076826
1879,0.076420
1880,0.076017
1881,0.075616
1882,0.075218
1883,0.074821
1884,0.074428
1885,0.074036
1886,0.073647
1887,0.073260
1888,0.072875
1889,0.072493
1890,0.072112
1891,0.071734
1892,0.071359
1893,0.070985
1894,0.070614
1895,0.070244
1896,0.069877
1897,0.069512
1898,0.069149
1899,0.068788
1900,0.068429
1901,0.068073
1902,0.067718
1903,0.067365
1904,0.067015
1905,0.066666
1906,0.066320
1907,0.065975
1908,0.065632
1909,0.065292
1910,0.064953
1911,0.064616
1912,0.064281
1913,0.063949
1914,0.063617
1915,0.063288
1916,0.062961
1917,0.062636
1918,0.062312
1919,0.061990
1920,0.061671
1921,0.061352
1922,0.061036
1923,0.060722
1924,0.060409
1925,0.060098
1926,0.059789
1927,0.059481
1928,0.059176
1929,0.058872
1930,0.058570
1931,0.058269
1932,0.057970
1933,0.057673
1934,0.057377
1935,0.057084
1936,0.056791
1937,0.056501
1938,0.056212
1939,0.055925
1940,0.055639
1941,0.055355
1942,0.055072
1943,0.054791
1944,0.054512
1945,0.054234
1946,0.053958
1947,0.053683
1948,0.053410
1949,0.053138
1950,0.052868
1951,0.052599
1952,0.052332
1953,0.052066
1954,0.051802
1955,0.051539
1956,0.051278
1957,0.051018
1958,0.050760
1959,0.050503
1960,0.050247
1961,0.049993
1962,0.049740
1963,0.049489
1964,0.049239
1965,0.048990
1966,0.048743
1967,0.048497
1968,0.048252
1969,0.048009
1970,0.047767
1971,0.047526
1972,0.047287
1973,0.047049
1974,0.046812
1975,0.046577
1976,0.046343
1977,0.046110
1978,0.045879
1979,0.045648
1980,0.045419
1981,0.045192
1982,0.044965
1983,0.044740
1984,0.044516
1985,0.044293
1986,0.044071
1987,0.043851
1988,0.043631
1989,0.043413
1990,0.043196
1991,0.042981
1992,0.042766
1993,0.042553
1994,0.042341
1995,0.042129
1996,0.041919
1997,0.041711
1998,0.041503
1999,0.041296
2000,0.041091
2001,0.040886
2002,0.040683
2003,0.040481
2004,0.040280
2005,0.040080
2006,0.039881
2007,0.039683
2008,0.039486
2009,0.039290
2010,0.039096
2011,0.038902
2012,0.038709
2013,0.038518
2014,0.038327
2015,0.038137
2016,0.037949
2017,0.037761
2018,0.037575
2019,0.037389
2020,0.037204
2021,0.037021
2022,0.036838
2023,0.036656
2024,0.036476
2025,0.036296
2026,0.036117
2027,0.035939
2028,0.035762
2029,0.035586
2030,0.035411
2031,0.035237
2032,0.035064
2033,0.034892
2034,0.034720
2035,0.034550
2036,0.034380
2037,0.034211
2038,0.034043
2039,0.033877
2040,0.033710
2041,0.033545
2042,0.033381
2043,0.033218
2044,0.033055
2045,0.032893
2046,0.032732
2047,0.032572
2048,0.032413
2049,0.032255
2050,0.032097
2051,0.031940
2052,0.031784
2053,0.031629
2054,0.031475
2055,0.031321
2056,0.031169
2057,0.031017
2058,0.030866
2059,0.030715
2060,0.030566
2061,0.030417
2062,0.030269
2063,0.030122
2064,0.029975
2065,0.029830
2066,0.029685
2067,0.029541
2068,0.029397
2069,0.029254
2070,0.029112
2071,0.028971
2072,0.028831
2073,0.028691
2074,0.028552
2075,0.028414
2076,0.028276
2077,0.028139
2078,0.028003
2079,0.027867
2080,0.027733
2081,0.027598
2082,0.027465
2083,0.027332
2084,0.027200
2085,0.027069
2086,0.026938
2087,0.026808
2088,0.026679
2089,0.026550
2090,0.026422
2091,0.026295
2092,0.026168
2093,0.026042
2094,0.025916
2095,0.025792
2096,0.025667
2097,0.025544
2098,0.025421
2099,0.025299
2100,0.025177
2101,0.025056
2102,0.024936
2103,0.024816
2104,0.024697
2105,0.024578
2106,0.024460
2107,0.024343
2108,0.024226
2109,0.024110
2110,0.023994
2111,0.023879
2112,0.023765
2113,0.023651
2114,0.023538
2115,0.023425
2116,0.023313
2117,0.023201
2118,0.023090
2119,0.022980
2120,0.022870
2121,0.022761
2122,0.022652
2123,0.022544
2124,0.022436
2125,0.022329
2126,0.022222
2127,0.022116
2128,0.022011
2129,0.021906
2130,0.021801
2131,0.021698
2132,0.021594
2133,0.021491
2134,0.021389
2135,0.021287
2136,0.021186
2137,0.021085
2138,0.020985
2139,0.020885
2140,0.020786
2141,0.020687
2142,0.020588
2143,0.020491
2144,0.020393
2145,0.020296
2146,0.020200
2147,0.020104
2148,0.020009
2149,0.019914
2150,0.019819
2151,0.019725
2152,0.019632
2153,0.019539
2154,0.019446
2155,0.019354
2156,0.019262
2157,0.019171
2158,0.019081
2159,0.018990
2160,0.018900
2161,0.018811
2162,0.018722
2163,0.018634
2164,0.018545
2165,0.018458
2166,0.018371
2167,0.018284
2168,0.018198
2169,0.018112
2170,0.018026
2171,0.017941
2172,0.017856
2173,0.017772
2174,0.017688
2175,0.017605
2176,0.017522
2177,0.017440
2178,0.017357
2179,0.017276
2180,0.017194
2181,0.017113
2182,0.017033
2183,0.016953
2184,0.016873
2185,0.016794
2186,0.016715
2187,0.016636
2188,0.016558
2189,0.016480
2190,0.016403
2191,0.016326
2192,0.016249
2193,0.016173
2194,0.016097
2195,0.016021
2196,0.015946
2197,0.015871
2198,0.015797
2199,0.015723
2200,0.015649
2201,0.015576
2202,0.015503
2203,0.015430
2204,0.015358
2205,0.015286
2206,0.015215
2207,0.015143
2208,0.015072
2209,0.015002
2210,0.014932
2211,0.014862
2212,0.014792
2213,0.014723
2214,0.014655
2215,0.014586
2216,0.014518
2217,0.014450
2218,0.014383
2219,0.014316
2220,0.014249
2221,0.014182
2222,0.014116
2223,0.014050
2224,0.013985
2225,0.013920
2226,0.013855
2227,0.013790
2228,0.013726
2229,0.013662
2230,0.013598
2231,0.013535
2232,0.013472
2233,0.013409
2234,0.013347
2235,0.013285
2236,0.013223
2237,0.013161
2238,0.013100
2239,0.013039
2240,0.012979
2241,0.012918
2242,0.012858
2243,0.012799
2244,0.012739
2245,0.012680
2246,0.012621
2247,0.012563
2248,0.012504
2249,0.012446
2250,0.012389
2251,0.012331
2252,0.012274
2253,0.012217
2254,0.012160
2255,0.012104
2256,0.012048
2257,0.011992
2258,0.011937
2259,0.011881
2260,0.011826
2261,0.011772
2262,0.011717
2263,0.011663
2264,0.011609
2265,0.011555
2266,0.011502
2267,0.011449
2268,0.011396
2269,0.011343
2270,0.011291
2271,0.011238
2272,0.011187
2273,0.011135
2274,0.011083
2275,0.011032
2276,0.010981
2277,0.010931
2278,0.010880
2279,0.010830
2280,0.010780
2281,0.010730
2282,0.010681
2283,0.010632
2284,0.010583
2285,0.010534
2286,0.010485
2287,0.010437
2288,0.010389
2289,0.010341
2290,0.010293
2291,0.010246
2292,0.010199
2293,0.010152
2294,0.010105
2295,0.010059
2296,0.010012
2297,0.009966
2298,0.009921
2299,0.009875
2300,0.009830
2301,0.009784
2302,0.009739
2303,0.009695
2304,0.009650
2305,0.009606
2306,0.009562
2307,0.009518
2308,0.009474
2309,0.009431
2310,0.009387
2311,0.009344
2312,0.009301
2313,0.009259
2314,0.009216
2315,0.009174
2316,0.009132
2317,0.009090
2318,0.009048
2319,0.009007
2320,0.008966
2321,0.008925
2322,0.008884
2323,0.008843
2324,0.008803
2325,0.008762
2326,0.008722
2327,0.008682
2328,0.008643
2329,0.008603
2330,0.008564
2331,0.008524
2332,0.008485
2333,0.008447
2334,0.008408
2335,0.008370
2336,0.008331
2337,0.008293
2338,0.008255
2339,0.008218
2340,0.008180
2341,0.008143
2342,0.008106
2343,0.008069
2344,0.008032
2345,0.007995
2346,0.007959
2347,0.007922
2348,0.007886
2349,0.007850
2350,0.007814
2351,0.007779
2352,0.007743
2353,0.007708
2354,0.007673
2355,0.007638
2356,0.007603
2357,0.007569
2358,0.007534
2359,0.007500
2360,0.007466
2361,0.007432
2362,0.007398
2363,0.007364
2364,0.007331
2365,0.007297
2366,0.007264
2367,0.007231
2368,0.007198
2369,0.007165
2370,0.007133
2371,0.007100
2372,0.007068
2373,0.007036
2374,0.007004
2375,0.006972
2376,0.006940
2377,0.006909
2378,0.006878
2379,0.006846
2380,0.006815
2381,0.006784
2382,0.006753
2383,0.006723
2384,0.006692
2385,0.006662
2386,0.006632
2387,0.006602
2388,0.006572
2389,0.006542
2390,0.006512
2391,0.006483
2392,0.006453
2393,0.006424
2394,0.006395
2395,0.006366
2396,0.006337
2397,0.006308
2398,0.006280
2399,0.006251
2400,0.006223
2401,0.006195
2402,0.006167
2403,0.006139
2404,0.006111
2405,0.006083
2406,0.006056
2407,0.006029
2408,0.006001
2409,0.005974
2410,0.005947
2411,0.005920
2412,0.005893
2413,0.005867
2414,0.005840
2415,0.005814
2416,0.005788
2417,0.005761
2418,0.005735
2419,0.005710
2420,0.005684
2421,0.005658
2422,0.005632
2423,0.005607
2424,0.005582
2425,0.005557
2426,0.005531
2427,0.005507
2428,0.005482
2429,0.005457
2430,0.005432
2431,0.005408
2432,0.005383
2433,0.005359
2434,0.005335
2435,0.005311
2436,0.005287
2437,0.005263
2438,0.005239
2439,0.005216
2440,0.005192
2441,0.005169
2442,0.005146
2443,0.005122
2444,0.005099
2445,0.005076
2446,0.005054
2447,0.005031
2448,0.005008
2449,0.004986
2450,0.004963
2451,0.004941
2452,0.004919
2453,0.004896
2454,0.004874
2455,0.004853
2456,0.004831
2457,0.004809
2458,0.004787
2459,0.004766
2460,0.004744
2461,0.004723
2462,0.004702
2463,0.004681
2464,0.004660
2465,0.004639
2466,0.004618
2467,0.004597
2468,0.004577
2469,0.004556
2470,0.004536
2471,0.004515
2472,0.004495
2473,0.004475
2474,0.004455
2475,0.004435
2476,0.004415
2477,0.004395
2478,0.004375
2479,0.004356
2480,0.004336
2481,0.004317
2482,0.004297
2483,0.004278
2484,0.004259
2485,0.004240
2486,0.004221
2487,0.004202
2488,0.004183
2489,0.004164
2490,0.004146
2491,0.004127
2492,0.004108
2493,0.004090
2494,0.004072
2495,0.004054
2496,0.004035
2497,0.004017
2498,0.003999
2499,0.003981
2500,0.003964
2501,0.003946
2502,0.003928
2503,0.003911
2504,0.003893
2505,0.003876
2506,0.003858
2507,0.003841
2508,0.003824
2509,0.003807
2510,0.003790
2511,0.003773
2512,0.003756
2513,0.003739
2514,0.003722
2515,0.003706
2516,0.003689
2517,0.003673
2518,0.003656
2519,0.003640
2520,0.003624
2521,0.003608
2522,0.003591
2523,0.003575
2524,0.003559
2525,0.003544
2526,0.003528
2527,0.003512
2528,0.003496
2529,0.003481
2530,0.003465
2531,0.003450
2532,0.003434
2533,0.003419
2534,0.003404
2535,0.003389
2536,0.003373
2537,0.003358
2538,0.003343
2539,0.003329
2540,0.003314
2541,0.003299
2542,0.003284
2543,0.003270
2544,0.003255
2545,0.003241
2546,0.003226
2547,0.003212
2548,0.003197
2549,0.003183
2550,0.003169
2551,0.003155
2552,0.003141
2553,0.003127
2554,0.003113
2555,0.003099
2556,0.003085
2557,0.003072
2558,0.003058
2559,0.003044
2560,0.003031
2561,0.003017
2562,0.003004
2563,0.002990
2564,0.002977
2565,0.002964
2566,0.002951
2567,0.002938
2568,0.002924
2569,0.002911
2570,0.002899
2571,0.002886
2572,0.002873
2573,0.002860
2574,0.002847
2575,0.002835
2576,0.002822
2577,0.002810
2578,0.002797
2579,0.002785
2580,0.002772
2581,0.002760
2582,0.002748
2583,0.002735
2584,0.002723
2585,0.002711
2586,0.002699
2587,0.002687
2588,0.002675
2589,0.002663
2590,0.002652
2591,0.002640
2592,0.002628
2593,0.002616
2594,0.002605
2595,0.002593
2596,0.002582
2597,0.002570
2598,0.002559
2599,0.002548
2600,0.002536
2601,0.002525
2602,0.002514
2603,0.002503
2604,0.002492
2605,0.002481
2606,0.002470
2607,0.002459
2608,0.002448
2609,0.002437
2610,0.002426
2611,0.002415
2612,0.002405
2613,0.002394
2614,0.002383
2615,0.002373
2616,0.002362
2617,0.002352
2618,0.002341
2619,0.002331
2620,0.002321
2621,0.002310
2622,0.002300
2623,0.002290
2624,0.002280
2625,0.002270
2626,0.002260
2627,0.002250
2628,0.002240
2629,0.002230
2630,0.002220
2631,0.002210
2632,0.002200
2633,0.002191
2634,0.002181
2635,0.002171
2636,0.002162
2637,0.002152
2638,0.002143
2639,0.002133
2640,0.002124
2641,0.002114
2642,0.002105
2643,0.002096
2644,0.002086
2645,0.002077
2646,0.002068
2647,0.002059
2648,0.002050
2649,0.002041
2650,0.002032
2651,0.002023
2652,0.002014
2653,0.002005
2654,0.001996
2655,0.001987
2656,0.001978
2657,0.001970
2658,0.001961
2659,0.001952
2660,0.001944
2661,0.001935
2662,0.001927
2663,0.001918
2664,0.001910
2665,0.001901
2666,0.001893
2667,0.001884
2668,0.001876
2669,0.001868
2670,0.001860
2671,0.001851
2672,0.001843
2673,0.001835
2674,0.001827
2675,0.001819
2676,0.001811
2677,0.001803
2678,0.001795
2679,0.001787
2680,0.001779
2681,0.001771
2682,0.001764
2683,0.001756
2684,0.001748
2685,0.001740
2686,0.001733
2687,0.001725
2688,0.001717
2689,0.001710
2690,0.001702
2691,0.001695
2692,0.001687
2693,0.001680
2694,0.001673
2695,0.001665
2696,0.001658
2697,0.001651
2698,0.001643
2699,0.001636
2700,0.001629
2701,0.001622
2702,0.001615
2703,0.001607
2704,0.001600
2705,0.001593
2706,0.001586
2707,0.001579
2708,0.001572
2709,0.001565
2710,0.001559
2711,0.001552
2712,0.001545
2713,0.001538
2714,0.001531
2715,0.001525
2716,0.001518
2717,0.001511
2718,0.001505
2719,0.001498
2720,0.001491
2721,0.001485
2722,0.001478
2723,0.001472
2724,0.001465
2725,0.001459
2726,0.001452
2727,0.001446
2728,0.001440
2729,0.001433
2730,0.001427
2731,0.001421
2732,0.001415
2733,0.001408
2734,0.001402
2735,0.001396
2736,0.001390
2737,0.001384
2738,0.001378
2739,0.001372
2740,0.001366
2741,0.001360
2742,0.001354
2743,0.001348
2744,0.001342
2745,0.001336
2746,0.001330
2747,0.001324
2748,0.001318
2749,0.001313
2750,0.001307
2751,0.001301
2752,0.001295
2753,0.001290
2754,0.001284
2755,0.001278
2756,0.001273
2757,0.001267
2758,0.001262
2759,0.001256
2760,0.001251
2761,0.001245
2762,0.001240
2763,0.001234
2764,0.001229
2765,0.001223
2766,0.001218
2767,0.001213
2768,0.001207
2769,0.001202
2770,0.001197
2771,0.001192
2772,0.001186
2773,0.001181
2774,0.001176
2775,0.001171
2776,0.001166
2777,0.001161
2778,0.001155
2779,0.001150
2780,0.001145
2781,0.001140
2782,0.001135
2783,0.001130
2784,0.001125
2785,0.001120
2786,0.001116
2787,0.001111
2788,0.001106
2789,0.001101
2790,0.001096
2791,0.001091
2792,0.001087
2793,0.001082
2794,0.001077
2795,0.001072
2796,0.001068
2797,0.001063
2798,0.001058
2799,0.001054
2800,0.001049
2801,0.001044
2802,0.001040
2803,0.001035
2804,0.001031
2805,0.001026
2806,0.001022
2807,0.001017
2808,0.001013
2809,0.001008
2810,0.001004
2811,0.001000
2812,0.000995
2813,0.000991
2814,0.000987
2815,0.000982
2816,0.000978
2817,0.000974
2818,0.000969
2819,0.000965
2820,0.000961
2821,0.000957
2822,0.000953
2823,0.000948
2824,0.000944
2825,0.000940
2826,0.000936
2827,0.000932
2828,0.000928
2829,0.000924
2830,0.000920
2831,0.000916
2832,0.000912
2833,0.000908
2834,0.000904
2835,0.000900
2836,0.000896
2837,0.000892
2838,0.000888
2839,0.000884
2840,0.000880
2841,0.000877
2842,0.000873
2843,0.000869
2844,0.000865
2845,0.000861
2846,0.000858
2847,0.000854
2848,0.000850
2849,0.000846
2850,0.000843
2851,0.000839
2852,0.000835
2853,0.000832
2854,0.000828
2855,0.000824
2856,0.000821
2857,0.000817
2858,0.000814
2859,0.000810
2860,0.000807
2861,0.000803
2862,0.000800
2863,0.000796
2864,0.000793
2865,0.000789
2866,0.000786
2867,0.000782
2868,0.000779
2869,0.000775
2870,0.000772
2871,0.000769
2872,0.000765
2873,0.000762
2874,0.000759
2875,0.000755
2876,0.000752
2877,0.000749
2878,0.000746
2879,0.000742
2880,0.000739
2881,0.000736
2882,0.000733
2883,0.000729
2884,0.000726
2885,0.000723
2886,0.000720
2887,0.000717
2888,0.000714
2889,0.000711
2890,0.000707
2891,0.000704
2892,0.000701
2893,0.000698
2894,0.000695
2895,0.000692
2896,0.000689
2897,0.000686
2898,0.000683
2899,0.000680
2900,0.000677
2901,0.000674
2902,0.000671
2903,0.000668
2904,0.000665
2905,0.000663
2906,0.000660
2907,0.000657
2908,0.000654
2909,0.000651
2910,0.000648
2911,0.000645
2912,0.000643
2913,0.000640
2914,0.000637
2915,0.000634
2916,0.000631
2917,0.000629
2918,0.000626
2919,0.000623
2920,0.000621
2921,0.000618
2922,0.000615
2923,0.000612
2924,0.000610
2925,0.000607
2926,0.000605
2927,0.000602
2928,0.000599
2929,0.000597
2930,0.000594
2931,0.000591
2932,0.000589
2933,0.000586
2934,0.000584
2935,0.000581
2936,0.000579
2937,0.000576
2938,0.000574
2939,0.000571
2940,0.000569
2941,0.000566
2942,0.000564
2943,0.000561
2944,0.000559
2945,0.000556
2946,0.000554
2947,0.000552
2948,0.000549
2949,0.000547
2950,0.000544
2951,0.000542
2952,0.000540
2953,0.000537
2954,0.000535
2955,0.000533
2956,0.000530
2957,0.000528
2958,0.000526
2959,0.000524
2960,0.000521
2961,0.000519
2962,0.000517
2963,0.000514
2964,0.000512
2965,0.000510
2966,0.000508
2967,0.000506
2968,0.000503
2969,0.000501
2970,0.000499
2971,0.000497
2972,0.000495
2973,0.000493
2974,0.000490
2975,0.000488
2976,0.000486
2977,0.000484
2978,0.000482
2979,0.000480
2980,0.000478
2981,0.000476
2982,0.000474
2983,0.000472
2984,0.000469
2985,0.000467
2986,0.000465
2987,0.000463
2988,0.000461
2989,0.000459
2990,0.000457
2991,0.000455
2992,0.000453
2993,0.000451
2994,0.000449
2995,0.000448
2996,0.000446
2997,0.000444
2998,0.000442
2999,0.000440
3000,0.000438
3001,0.000436
3002,0.000434
3003,0.000432
3004,0.000430
3005,0.000428
3006,0.000427
3007,0.000425
3008,0.000423
3009,0.000421
3010,0.000419
3011,0.000417
3012,0.000416
3013,0.000414
3014,0.000412
3015,0.000410
3016,0.000408
3017,0.000407
3018,0.000405
3019,0.000403
3020,0.000401
3021,0.000400
3022,0.000398
3023,0.000396
3024,0.000394
3025,0.000393
3026,0.000391
3027,0.000389
3028,0.000388
3029,0.000386
3030,0.000384
3031,0.000383
3032,0.000381
3033,0.000379
3034,0.000378
3035,0.000376
3036,0.000374
3037,0.000373
3038,0.000371
3039,0.000370
3040,0.000368
3041,0.000366
3042,0.000365
3043,0.000363
3044,0.000362
3045,0.000360
3046,0.000359
3047,0.000357
3048,0.000355
3049,0.000354
3050,0.000352
3051,0.000351
3052,0.000349
3053,0.000348
3054,0.000346
3055,0.000345
3056,0.000343
3057,0.000342
3058,0.000340
3059,0.000339
3060,0.000337
3061,0.000336
3062,0.000334
3063,0.000333
3064,0.000332
3065,0.000330
3066,0.000329
3067,0.000327
3068,0.000326
3069,0.000324
3070,0.000323
3071,0.000322
3072,0.000320
3073,0.000319
3074,0.000317
3075,0.000316
3076,0.000315
3077,0.000313
3078,0.000312
3079,0.000311
3080,0.000309
3081,0.000308
3082,0.000307
3083,0.000305
3084,0.000304
3085,0.000303
3086,0.000301
3087,0.000300
3088,0.000299
3089,0.000297
3090,0.000296
3091,0.000295
3092,0.000294
3093,0.000292
3094,0.000291
3095,0.000290
3096,0.000289
3097,0.000287
3098,0.000286
3099,0.000285
3100,0.000284
3101,0.000282
3102,0.000281
3103,0.000280
3104,0.000279
3105,0.000277
3106,0.000276
3107,0.000275
3108,0.000274
3109,0.000273
3110,0.000272
3111,0.000270
3112,0.000269
3113,0.000268
3114,0.000267
3115,0.000266
3116,0.000265
3117,0.000263
3118,0.000262
3119,0.000261
3120,0.000260
3121,0.000259
3122,0.000258
3123,0.000257
3124,0.000256
3125,0.000254
3126,0.000253
3127,0.000252
3128,0.000251
3129,0.000250
3130,0.000249
3131,0.000248
3132,0.000247
3133,0.000246
3134,0.000245
3135,0.000244
3136,0.000243
3137,0.000242
3138,0.000240
3139,0.000239
3140,0.000238
3141,0.000237
3142,0.000236
3143,0.000235
3144,0.000234
3145,0.000233
3146,0.000232
3147,0.000231
3148,0.000230
3149,0.000229
3150,0.000228
3151,0.000227
3152,0.000226
3153,0.000225
3154,0.000224
3155,0.000223
3156,0.000222
3157,0.000221
3158,0.000221
3159,0.000220
3160,0.000219
3161,0.000218
3162,0.000217
3163,0.000216
3164,0.000215
3165,0.000214
3166,0.000213
3167,0.000212
3168,0.000211
3169,0.000210
3170,0.000209
3171,0.000208
3172,0.000208
3173,0.000207
3174,0.000206
3175,0.000205
3176,0.000204
3177,0.000203
3178,0.000202
3179,0.000201
3180,0.000200
3181,0.000200
3182,0.000199
3183,0.000198
3184,0.000197
3185,0.000196
3186,0.000195
3187,0.000194
3188,0.000194
3189,0.000193
3190,0.000192
3191,0.000191
3192,0.000190
3193,0.000189
3194,0.000189
3195,0.000188
3196,0.000187
3197,0.000186
3198,0.000185
3199,0.000185
3200,0.000184
3201,0.000183
3202,0.000182
3203,0.000181
3204,0.000181
3205,0.000180
3206,0.000179
3207,0.000178
3208,0.000178
3209,0.000177
3210,0.000176
3211,0.000175
3212,0.000175
3213,0.000174
3214,0.000173
3215,0.000172
3216,0.000172
3217,0.000171
3218,0.000170
3219,0.000169
3220,0.000169
3221,0.000168
3222,0.000167
3223,0.000166
3224,0.000166
3225,0.000165
3226,0.000164
3227,0.000164
3228,0.000163
3229,0.000162
3230,0.000161
3231,0.000161
3232,0.000160
3233,0.000159
3234,0.000159
3235,0.000158
3236,0.000157
3237,0.000157
3238,0.000156
3239,0.000155
3240,0.000155
3241,0.000154
3242,0.000153
3243,0.000153
3244,0.000152
3245,0.000151
3246,0.000151
3247,0.000150
3248,0.000149
3249,0.000149
3250,0.000148
3251,0.000147
3252,0.000147
3253,0.000146
3254,0.000146
3255,0.000145
3256,0.000144
3257,0.000144
3258,0.000143
3259,0.000142
3260,0.000142
3261,0.000141
3262,0.000141
3263,0.000140
3264,0.000139
3265,0.000139
3266,0.000138
3267,0.000138
3268,0.000137
3269,0.000136
3270,0.000136
3271,0.000135
3272,0.000135
3273,0.000134
3274,0.000133
3275,0.000133
3276,0.000132
3277,0.000132
3278,0.000131
3279,0.000131
3280,0.000130
3281,0.000129
3282,0.000129
3283,0.000128
3284,0.000128
3285,0.000127
3286,0.000127
3287,0.000126
3288,0.000126
3289,0.000125
3290,0.000125
3291,0.000124
3292,0.000123
3293,0.000123
3294,0.000122
3295,0.000122
3296,0.000121
3297,0.000121
3298,0.000120
3299,0.000120
3300,0.000119
3301,0.000119
3302,0.000118
3303,0.000118
3304,0.000117
3305,0.000117
3306,0.000116
3307,0.000116
3308,0.000115
3309,0.000115
3310,0.000114
3311,0.000114
3312,0.000113
3313,0.000113
3314,0.000112
3315,0.000112
3316,0.000111
3317,0.000111
3318,0.000110
3319,0.000110
3320,0.000109
3321,0.000109
3322,0.000108
3323,0.000108
3324,0.000108
3325,0.000107
3326,0.000107
3327,0.000106
3328,0.000106
3329,0.000105
3330,0.000105
3331,0.000104
3332,0.000104
3333,0.000103
3334,0.000103
3335,0.000103
3336,0.000102
3337,0.000102
3338,0.000101
3339,0.000101
3340,0.000100
3341,0.000100
3342,0.000099
3343,0.000099
3344,0.000099
3345,0.000098
3346,0.000098
3347,0.000097
3348,0.000097
3349,0.000097
3350,0.000096
3351,0.000096
3352,0.000095
3353,0.000095
3354,0.000094
3355,0.000094
3356,0.000094
3357,0.000093
3358,0.000093
3359,0.000092
3360,0.000092
3361,0.000092
3362,0.000091
3363,0.000091
3364,0.000090
3365,0.000090
3366,0.000090
3367,0.000089
3368,0.000089
3369,0.000089
3370,0.000088
3371,0.000088
3372,0.000087
3373,0.000087
3374,0.000087
3375,0.000086
3376,0.000086
3377,0.000086
3378,0.000085
3379,0.000085
3380,0.000084
3381,0.000084
3382,0.000084
3383,0.000083
3384,0.000083
3385,0.000083
3386,0.000082
3387,0.000082
3388,0.000082
3389,0.000081
3390,0.000081
3391,0.000081
3392,0.000080
3393,0.000080
3394,0.000079
3395,0.000079
3396,0.000079
3397,0.000078
3398,0.000078
3399,0.000078
3400,0.000077
3401,0.000077
3402,0.000077
3403,0.000076
3404,0.000076
3405,0.000076
3406,0.000075
3407,0.000075
3408,0.000075
3409,0.000074
3410,0.000074
3411,0.000074
3412,0.000074
3413,0.000073
3414,0.000073
3415,0.000073
3416,0.000072
3417,0.000072
3418,0.000072
3419,0.000071
3420,0.000071
3421,0.000071
3422,0.000070
3423,0.000070
3424,0.000070
3425,0.000070
3426,0.000069
3427,0.000069
3428,0.000069
3429,0.000068
3430,0.000068
3431,0.000068
3432,0.000067
3433,0.000067
3434,0.000067
3435,0.000067
3436,0.000066
3437,0.000066
3438,0.000066
3439,0.000065
3440,0.000065
3441,0.000065
3442,0.000065
3443,0.000064
3444,0.000064
3445,0.000064
3446,0.000063
3447,0.000063
3448,0.000063
3449,0.000063
3450,0.000062
3451,0.000062
3452,0.000062
3453,0.000062
3454,0.000061
3455,0.000061
3456,0.000061
3457,0.000061
3458,0.000060
3459,0.000060
3460,0.000060
3461,0.000060
3462,0.000059
3463,0.000059
3464,0.000059
3465,0.000058
3466,0.000058
3467,0.000058
3468,0.000058
3469,0.000057
3470,0.000057
3471,0.000057
3472,0.000057
3473,0.000057
3474,0.000056
3475,0.000056
3476,0.000056
3477,0.000056
3478,0.000055
3479,0.000055
3480,0.000055
3481,0.000055
3482,0.000054
3483,0.000054
3484,0.000054
3485,0.000054
3486,0.000053
3487,0.000053
3488,0.000053
3489,0.000053
3490,0.000053
3491,0.000052
3492,0.000052
3493,0.000052
3494,0.000052
3495,0.000051
3496,0.000051
3497,0.000051
3498,0.000051
3499,0.000051
3500,0.000050
3501,0.000050
3502,0.000050
3503,0.000050
3504,0.000049
3505,0.000049
3506,0.000049
3507,0.000049
3508,0.000049
3509,0.000048
3510,0.000048
3511,0.000048
3512,0.000048
3513,0.000048
3514,0.000047
3515,0.000047
3516,0.000047
3517,0.000047
3518,0.000047
3519,0.000046
3520,0.000046
3521,0.000046
3522,0.000046
3523,0.000046
3524,0.000045
3525,0.000045
3526,0.000045
3527,0.000045
3528,0.000045
3529,0.000044
3530,0.000044
3531,0.000044
3532,0.000044
3533,0.000044
3534,0.000043
3535,0.000043
3536,0.000043
3537,0.000043
3538,0.000043
3539,0.000043
3540,0.000042
3541,0.000042
3542,0.000042
3543,0.000042
3544,0.000042
3545,0.000041
3546,0.000041
3547,0.000041
3548,0.000041
3549,0.000041
3550,0.000041
3551,0.000040
3552,0.000040
3553,0.000040
3554,0.000040
3555,0.000040
3556,0.000040
3557,0.000039
3558,0.000039
3559,0.000039
3560,0.000039
3561,0.000039
3562,0.000039
3563,0.000038
3564,0.000038
3565,0.000038
3566,0.000038
3567,0.000038
3568,0.000038
3569,0.000037
3570,0.000037
3571,0.000037
3572,0.000037
3573,0.000037
3574,0.000037
3575,0.000036
3576,0.000036
3577,0.000036
3578,0.000036
3579,0.000036
3580,0.000036
3581,0.000035
3582,0.000035
3583,0.000035
3584,0.000035
3585,0.000035
3586,0.000035
3587,0.000035
3588,0.000034
3589,0.000034
3590,0.000034
3591,0.000034
3592,0.000034
3593,0.000034
3594,0.000034
3595,0.000033
3596,0.000033
3597,0.000033
3598,0.000033
3599,0.000033
3600,0.000033
3601,0.000033
3602,0.000032
3603,0.000032
3604,0.000032
3605,0.000032
3606,0.000032
3607,0.000032
3608,0.000032
3609,0.000031
3610,0.000031
3611,0.000031
3612,0.000031
3613,0.000031
3614,0.000031
3615,0.000031
3616,0.000031
3617,0.000030
3618,0.000030
3619,0.000030
3620,0.000030
3621,0.000030
3622,0.000030
3623,0.000030
3624,0.000029
3625,0.000029
3626,0.000029
3627,0.000029
3628,0.000029
3629,0.000029
3630,0.000029
3631,0.000029
3632,0.000028
3633,0.000028
3634,0.000028
3635,0.000028
3636,0.000028
3637,0.000028
3638,0.000028
3639,0.000028
3640,0.000028
3641,0.000027
3642,0.000027
3643,0.000027
3644,0.000027
3645,0.000027
3646,0.000027
3647,0.000027
3648,0.000027
3649,0.000026
3650,0.000026
3651,0.000026
3652,0.000026
3653,0.000026
3654,0.000026
3655,0.000026
3656,0.000026
3657,0.000026
3658,0.000025
3659,0.000025
3660,0.000025
3661,0.000025
3662,0.000025
3663,0.000025
3664,0.000025
3665,0.000025
3666,0.000025
3667,0.000024
3668,0.000024
3669,0.000024
3670,0.000024
3671,0.000024
3672,0.000024
3673,0.000024
3674,0.000024
3675,0.000024
3676,0.000024
3677,0.000023
3678,0.000023
3679,0.000023
3680,0.000023
3681,0.000023
3682,0.000023
3683,0.000023
3684,0.000023
3685,0.000023
3686,0.000023
3687,0.000022
3688,0.000022
3689,0.000022
3690,0.000022
3691,0.000022
3692,0.000022
3693,0.000022
3694,0.000022
3695,0.000022
3696,0.000022
3697,0.000022
3698,0.000021
3699,0.000021
3700,0.000021
3701,0.000021
3702,0.000021
3703,0.000021
3704,0.000021
3705,0.000021
3706,0.000021
3707,0.000021
3708,0.000021
3709,0.000020
3710,0.000020
3711,0.000020
3712,0.000020
3713,0.000020
3714,0.000020
3715,0.000020
3716,0.000020
3717,0.000020
3718,0.000020
3719,0.000020
3720,0.000020
3721,0.000019
3722,0.000019
3723,0.000019
3724,0.000019
3725,0.000019
3726,0.000019
3727,0.000019
3728,0.000019
3729,0.000019
3730,0.000019
3731,0.000019
3732,0.000019
3733,0.000018
3734,0.000018
3735,0.000018
3736,0.000018
3737,0.000018
3738,0.000018
3739,0.000018
3740,0.000018
3741,0.000018
3742,0.000018
3743,0.000018
3744,0.000018
3745,0.000018
3746,0.000017
3747,0.000017
3748,0.000017
3749,0.000017
3750,0.000017
3751,0.000017
3752,0.000017
3753,0.000017
3754,0.000017
3755,0.000017
3756,0.000017
3757,0.000017
3758,0.000017
3759,0.000016
3760,0.000016
3761,0.000016
3762,0.000016
3763,0.000016
3764,0.000016
3765,0.000016
3766,0.000016
3767,0.000016
3768,0.000016
3769,0.000016
3770,0.000016
3771,0.000016
3772,0.000016
3773,0.000016
3774,0.000015
3775,0.000015
3776,0.000015
3777,0.000015
3778,0.000015
3779,0.000015
3780,0.000015
3781,0.000015
3782,0.000015
3783,0.000015
3784,0.000015
3785,0.000015
3786,0.000015
3787,0.000015
3788,0.000015
3789,0.000014
3790,0.000014
3791,0.000014
3792,0.000014
3793,0.000014
3794,0.000014
3795,0.000014
3796,0.000014
3797,0.000014
3798,0.000014
3799,0.000014
3800,0.000014
3801,0.000014
3802,0.000014
3803,0.000014
3804,0.000014
3805,0.000014
3806,0.000013
3807,0.000013
3808,0.000013
3809,0.000013
3810,0.000013
3811,0.000013
3812,0.000013
3813,0.000013
3814,0.000013
3815,0.000013
3816,0.000013
3817,0.000013
3818,0.000013
3819,0.000013
3820,0.000013
3821,0.000013
3822,0.000013
3823,0.000013
3824,0.000012
3825,0.000012
3826,0.000012
3827,0.000012
3828,0.000012
3829,0.000012
3830,0.000012
3831,0.000012
3832,0.000012
3833,0.000012
3834,0.000012
3835,0.000012
3836,0.000012
3837,0.000012
3838,0.000012
3839,0.000012
3840,0.000012
3841,0.000012
3842,0.000012
3843,0.000011
3844,0.000011
3845,0.000011
3846,0.000011
3847,0.000011
3848,0.000011
3849,0.000011
3850,0.000011
3851,0.000011
3852,0.000011
3853,0.000011
3854,0.000011
3855,0.000011
3856,0.000011
3857,0.000011
3858,0.000011
3859,0.000011
3860,0.000011
3861,0.000011
3862,0.000011
3863,0.000011
3864,0.000010
3865,0.000010
3866,0.000010
3867,0.000010
3868,0.000010
3869,0.000010
3870,0.000010
3871,0.000010
3872,0.000010
3873,0.000010
3874,0.000010
3875,0.000010
3876,0.000010
3877,0.000010
3878,0.000010
3879,0.000010
3880,0.000010
3881,0.000010
3882,0.000010
3883,0.000010
3884,0.000010
3885,0.000010
3886,0.000010
3887,0.000010
3888,0.000009
3889,0.000009
3890,0.000009
3891,0.000009
3892,0.000009
3893,0.000009
3894,0.000009
3895,0.000009
3896,0.000009
3897,0.000009
3898,0.000009
3899,0.000009
3900,0.000009
3901,0.000009
3902,0.000009
3903,0.000009
3904,0.000009
3905,0.000009
3906,0.000009
3907,0.000009
3908,0.000009
3909,0.000009
3910,0.000009
3911,0.000009
3912,0.000009
3913,0.000009
3914,0.000008
3915,0.000008
3916,0.000008
3917,0.000008
3918,0.000008
3919,0.000008
3920,0.000008
3921,0.000008
3922,0.000008
3923,0.000008
3924,0.000008
3925,0.000008
3926,0.000008
3927,0.000008
3928,0.000008
3929,0.000008
3930,0.000008
3931,0.000008
3932,0.000008
3933,0.000008
3934,0.000008
3935,0.000008
3936,0.000008
3937,0.000008
3938,0.000008
3939,0.000008
3940,0.000008
3941,0.000008
3942,0.000008
3943,0.000007
3944,0.000007
3945,0.000007
3946,0.000007
3947,0.000007
3948,0.000007
3949,0.000007
3950,0.000007
3951,0.000007
3952,0.000007
3953,0.000007
3954,0.000007
3955,0.000007
3956,0.000007
3957,0.000007
3958,0.000007
3959,0.000007
3960,0.000007
3961,0.000007
3962,0.000007
3963,0.000007
3964,0.000007
3965,0.000007
3966,0.000007
3967,0.000007
3968,0.000007
3969,0.000007
3970,0.000007
3971,0.000007
3972,0.000007
3973,0.000007
3974,0.000007
3975,0.000007
3976,0.000006
3977,0.000006
3978,0.000006
3979,0.000006
3980,0.000006
3981,0.000006
3982,0.000006
3983,0.000006
3984,0.000006
3985,0.000006
3986,0.000006
3987,0.000006
3988,0.000006
3989,0.000006
3990,0.000006
3991,0.000006
3992,0.000006
3993,0.000006
3994,0.000006
3995,0.000006
3996,0.000006
3997,0.000006
3998,0.000006
3999,0.000006
4000,0.000006
4001,0.000006
4002,0.000006
4003,0.000006
4004,0.000006
4005,0.000006
4006,0.000006
4007,0.000006
4008,0.000006
4009,0.000006
4010,0.000006
4011,0.000006
4012,0.000006
4013,0.000006
4014,0.000006
4015,0.000005
4016,0.000005
4017,0.000005
4018,0.000005
4019,0.000005
4020,0.000005
4021,0.000005
4022,0.000005
4023,0.000005
4024,0.000005
4025,0.000005
4026,0.000005
4027,0.000005
4028,0.000005
4029,0.000005
4030,0.000005
4031,0.000005
4032,0.000005
4033,0.000005
4034,0.000005
4035,0.000005
4036,0.000005
4037,0.000005
4038,0.000005
4039,0.000005
4040,0.000005
4041,0.000005
4042,0.000005
4043,0.000005
4044,0.000005
4045,0.000005
4046,0.000005
4047,0.000005
4048,0.000005
4049,0.000005
4050,0.000005
4051,0.000005
4052,0.000005
4053,0.000005
4054,0.000005
4055,0.000005
4056,0.000005
4057,0.000005
4058,0.000005
4059,0.000005
4060,0.000005
4061,0.000004
4062,0.000004
4063,0.000004
4064,0.000004
4065,0.000004
4066,0.000004
4067,0.000004
4068,0.000004
4069,0.000004
4070,0.000004
4071,0.000004
4072,0.000004
4073,0.000004
4074,0.000004
4075,0.000004
4076,0.000004
4077,0.000004
4078,0.000004
4079,0.000004
4080,0.000004
4081,0.000004
4082,0.000004
4083,0.000004
4084,0.000004
4085,0.000004
4086,0.000004
4087,0.000004
4088,0.000004
4089,0.000004
4090,0.000004
4091,0.000004
4092,0.000004
4093,0.000004
4094,0.000004
4095,0.000004
4096,0.000004
4097,0.000004
4098,0.000004
4099,0.000004
4100,0.000004
4101,0.000004
4102,0.000004
4103,0.000004
4104,0.000004
4105,0.000004
4106,0.000004
4107,0.000004
4108,0.000004
4109,0.000004
4110,0.000004
4111,0.000004
4112,0.000004
4113,0.000004
4114,0.000004
4115,0.000004
4116,0.000004
4117,0.000004
4118,0.000004
4119,0.000004
4120,0.000003
4121,0.000003
4122,0.000003
4123,0.000003
4124,0.000003
4125,0.000003
4126,0.000003
4127,0.000003
4128,0.000003
4129,0.000003
4130,0.000003
4131,0.000003
4132,0.000003
4133,0.000003
4134,0.000003
4135,0.000003
4136,0.000003
4137,0.000003
4138,0.000003
4139,0.000003
4140,0.000003
4141,0.000003
4142,0.000003
4143,0.000003
4144,0.000003
4145,0.000003
4146,0.000003
4147,0.000003
4148,0.000003
4149,0.000003
4150,0.000003
4151,0.000003
4152,0.000003
4153,0.000003
4154,0.000003
4155,0.000003
4156,0.000003
4157,0.000003
4158,0.000003
4159,0.000003
4160,0.000003
4161,0.000003
4162,0.000003
4163,0.000003
4164,0.000003
4165,0.000003
4166,0.000003
4167,0.000003
4168,0.000003
4169,0.000003
4170,0.000003
4171,0.000003
4172,0.000003
4173,0.000003
4174,0.000003
4175,0.000003
4176,0.000003
4177,0.000003
4178,0.000003
4179,0.000003
4180,0.000003
4181,0.000003
4182,0.000003
4183,0.000003
4184,0.000003
4185,0.000003
4186,0.000003
4187,0.000003
4188,0.000003
4189,0.000003
4190,0.000003
4191,0.000003
4192,0.000003
4193,0.000003
4194,0.000003
4195,0.000003
4196,0.000003
4197,0.000003
4198,0.000002
4199,0.000002
4200,0.000002
4201,0.000002
4202,0.000002
4203,0.000002
4204,0.000002
4205,0.000002
4206,0.000002
4207,0.000002
4208,0.000002
4209,0.000002
4210,0.000002
4211,0.000002
4212,0.000002
4213,0.000002
4214,0.000002
4215,0.000002
4216,0.000002
4217,0.000002
4218,0.000002
4219,0.000002
4220,0.000002
4221,0.000002
4222,0.000002
4223,0.000002
4224,0.000002
4225,0.000002
4226,0.000002
4227,0.000002
4228,0.000002
4229,0.000002
4230,0.000002
4231,0.000002
4232,0.000002
4233,0.000002
4234,0.000002
4235,0.000002
4236,0.000002
4237,0.000002
4238,0.000002
4239,0.000002
4240,0.000002
4241,0.000002
4242,0.000002
4243,0.000002
4244,0.000002
4245,0.000002
4246,0.000002
4247,0.000002
4248,0.000002
4249,0.000002
4250,0.000002
4251,0.000002
4252,0.000002
4253,0.000002
4254,0.000002
4255,0.000002
4256,0.000002
4257,0.000002
4258,0.000002
4259,0.000002
4260,0.000002
4261,0.000002
4262,0.000002
4263,0.000002
4264,0.000002
4265,0.000002
4266,0.000002
4267,0.000002
4268,0.000002
4269,0.000002
4270,0.000002
4271,0.000002
4272,0.000002
4273,0.000002
4274,0.000002
4275,0.000002
4276,0.000002
4277,0.000002
4278,0.000002
4279,0.000002
4280,0.000002
4281,0.000002
4282,0.000002
4283,0.000002
4284,0.000002
4285,0.000002
4286,0.000002
4287,0.000002
4288,0.000002
4289,0.000002
4290,0.000002
4291,0.000002
4292,0.000002
4293,0.000002
4294,0.000002
4295,0.000002
4296,0.000002
4297,0.000002
4298,0.000002
4299,0.000002
4300,0.000002
4301,0.000002
4302,0.000002
4303,0.000002
4304,0.000002
4305,0.000002
4306,0.000002
4307,0.000002
4308,0.000002
4309,0.000002
4310,0.000002
4311,0.000002
4312,0.000002
4313,0.000002
4314,0.000002
4315,0.000002
4316,0.000002
4317,0.000001
4318,0.000001
4319,0.000001
4320,0.000001
4321,0.000001
4322,0.000001
4323,0.000001
4324,0.000001
4325,0.000001
4326,0.000001
4327,0.000001
4328,0.000001
4329,0.000001
4330,0.000001
4331,0.000001
4332,0.000001
4333,0.000001
4334,0.000001
4335,0.000001
4336,0.000001
4337,0.000001
4338,0.000001
4339,0.000001
4340,0.000001
4341,0.000001
4342,0.000001
4343,0.000001
4344,0.000001
4345,0.000001
4346,0.000001
4347,0.000001
4348,0.000001
4349,0.000001
4350,0.000001
4351,0.000001
4352,0.000001
4353,0.000001
4354,0.000001
4355,0.000001
4356,0.000001
4357,0.000001
4358,0.000001
4359,0.000001
4360,0.000001
4361,0.000001
4362,0.000001
4363,0.000001
4364,0.000001
4365,0.000001
4366,0.000001
4367,0.000001
4368,0.000001
4369,0.000001
4370,0.000001
4371,0.000001
4372,0.000001
4373,0.000001
4374,0.000001
4375,0.000001
4376,0.000001
4377,0.000001
4378,0.000001
4379,0.000001
4380,0.000001
4381,0.000001
4382,0.000001
4383,0.000001
4384,0.000001
4385,0.000001
4386,0.000001
4387,0.000001
4388,0.000001
4389,0.000001
4390,0.000001
4391,0.000001
4392,0.000001
4393,0.000001
4394,0.000001
4395,0.000001
4396,0.000001
4397,0.000001
4398,0.000001
4399,0.000001
4400,0.000001
4401,0.000001
4402,0.000001
4403,0.000001
4404,0.000001
4405,0.000001
4406,0.000001
4407,0.000001
4408,0.000001
4409,0.000001
4410,0.000001
4411,0.000001
4412,0.000001
4413,0.000001
4414,0.000001
4415,0.000001
4416,0.000001
4417,0.000001
4418,0.000001
4419,0.000001
4420,0.000001
4421,0.000001
4422,0.000001
4423,0.000001
4424,0.000001
4425,0.000001
4426,0.000001
4427,0.000001
4428,0.000001
4429,0.000001
4430,0.000001
4431,0.000001
4432,0.000001
4433,0.000001
4434,0.000001
4435,0.000001
4436,0.000001
4437,0.000001
4438,0.000001
4439,0.000001
4440,0.000001
4441,0.000001
4442,0.000001
4443,0.000001
4444,0.000001
4445,0.000001
4446,0.000001
4447,0.000001
4448,0.000001
4449,0.000001
4450,0.000001
4451,0.000001
4452,0.000001
4453,0.000001
4454,0.000001
4455,0.000001
4456,0.000001
4457,0.000001
4458,0.000001
4459,0.000001
4460,0.000001
4461,0.000001
4462,0.000001
4463,0.000001
4464,0.000001
4465,0.000001
4466,0.000001
4467,0.000001
4468,0.000001
4469,0.000001
4470,0.000001
4471,0.000001
4472,0.000001
4473,0.000001
4474,0.000001
4475,0.000001
4476,0.000001
4477,0.000001
4478,0.000001
4479,0.000001
4480,0.000001
4481,0.000001
4482,0.000001
4483,0.000001
4484,0.000001
4485,0.000001
4486,0.000001
4487,0.000001
4488,0.000001
4489,0.000001
4490,0.000001
4491,0.000001
4492,0.000001
4493,0.000001
4494,0.000001
4495,0.000001
4496,0.000001
4497,0.000001
4498,0.000001
4499,0.000001
4500,0.000001
4501,0.000001
4502,0.000001
4503,0.000001
4504,0.000001
4505,0.000001
4506,0.000001
4507,0.000001
4508,0.000001
4509,0.000001
4510,0.000001
4511,0.000001
4512,0.000001
4513,0.000001
4514,0.000001
4515,0.000001
4516,0.000001
4517,0.000001
4518,0.000001
4519,0.000001
4520,0.000001
4521,0.000001
4522,0.000001
4523,0.000001
4524,0.000001
4525,0.000001
4526,0.000001
4527,0.000001
4528,0.000001
4529,0.000001
4530,0.000001
4531,0.000001
4532,0.000001
4533,0.000001
4534,0.000001
4535,0.000001
4536,0.000001
4537,0.000001
4538,0.000001
4539,0.000001
4540,0.000001
4541,0.000001
4542,0.000001
4543,0.000001
4544,0.000001
4545,0.000001
4546,0.000001
4547,0.000001
4548,0.000001
4549,0.000001
4550,0.000001
4551,0.000001
4552,0.000001
4553,0.000001
4554,0.000001
4555,0.000001
4556,0.000001
4557,0.000001
4558,0.000001
4559,0.000001
4560,0.000001
4561,0.000001
4562,0.000001
4563,0.000001
4564,0.000001
4565,0.000001
4566,0.000001
4567,0.000001
4568,0.000001
4569,0.000001
4570,0.000001
4571,0.000001
4572,0.000001
4573,0.000000
4574,0.000000
4575,0.000000
4576,0.000000
4577,0.000000
4578,0.000000
4579,0.000000
4580,0.000000
4581,0.000000
4582,0.000000
4583,0.000000
4584,0.000000
4585,0.000000
4586,0.000000
4587,0.000000
4588,0.000000
4589,0.000000
4590,0.000000
4591,0.000000
4592,0.000000
4593,0.000000
4594,0.000000
4595,0.000000
4596,0.000000
4597,0.000000
4598,0.000000
4599,0.000000
4600,0.000000
4601,0.000000
4602,0.000000
4603,0.000000
4604,0.000000
4605,0.000000
4606,0.000000
4607,0.000000
4608,0.000000
4609,0.000000
4610,0.000000
4611,0.000000
4612,0.000000
4613,0.000000
4614,0.000000
4615,0.000000
4616,0.000000
4617,0.000000
4618,0.000000
4619,0.000000
4620,0.000000
4621,0.000000
4622,0.000000
4623,0.000000
4624,0.000000
4625,0.000000
4626,0.000000
4627,0.000000
4628,0.000000
4629,0.000000
4630,0.000000
4631,0.000000
4632,0.000000
4633,0.000000
4634,0.000000
4635,0.000000
4636,0.000000
4637,0.000000
4638,0.000000
4639,0.000000
4640,0.000000
4641,0.000000
4642,0.000000
4643,0.000000
4644,0.000000
4645,0.000000
4646,0.000000
4647,0.000000
4648,0.000000
4649,0.000000
4650,0.000000
4651,0.000000
4652,0.000000
4653,0.000000
4654,0.000000
4655,0.000000
4656,0.000000
4657,0.000000
4658,0.000000
4659,0.000000
4660,0.000000
4661,0.000000
4662,0.000000
4663,0.000000
4664,0.000000
4665,0.000000
4666,0.000000
4667,0.000000
4668,0.000000
4669,0.000000
4670,0.000000
4671,0.000000
4672,0.000000
4673,0.000000
4674,0.000000
4675,0.000000
4676,0.000000
4677,0.000000
4678,0.000000
4679,0.000000
4680,0.000000
4681,0.000000
4682,0.000000
4683,0.000000
4684,0.000000
4685,0.000000
4686,0.000000
4687,0.000000
4688,0.000000
4689,0.000000
4690,0.000000
4691,0.000000
4692,0.000000
4693,0.000000
4694,0.000000
4695,0.000000
4696,0.000000
4697,0.000000
4698,0.000000
4699,0.000000
4700,0.000000
4701,0.000000
4702,0.000000
4703,0.000000
4704,0.000000
4705,0.000000
4706,0.000000
4707,0.000000
4708,0.000000
4709,0.000000
4710,0.000000
4711,0.000000
4712,0.000000
4713,0.000000
4714,0.000000
4715,0.000000
4716,0.000000
4717,0.000000
4718,0.000000
4719,0.000000
4720,0.000000
4721,0.000000
4722,0.000000
4723,0.000000
4724,0.000000
4725,0.000000
4726,0.000000
4727,0.000000
4728,0.000000
4729,0.000000
4730,0.000000
4731,0.000000
4732,0.000000
4733,0.000000
4734,0.000000
4735,0.000000
4736,0.000000
4737,0.000000
4738,0.000000
4739,0.000000
4740,0.000000
4741,0.000000
4742,0.000000
4743,0.000000
4744,0.000000
4745,0.000000
4746,0.000000
4747,0.000000
4748,0.000000
4749,0.000000
4750,0.000000
4751,0.000000
4752,0.000000
4753,0.000000
4754,0.000000
4755,0.000000
4756,0.000000
4757,0.000000
4758,0.000000
4759,0.000000
4760,0.000000
4761,0.000000
4762,0.000000
4763,0.000000
4764,0.000000
4765,0.000000
4766,0.000000
4767,0.000000
4768,0.000000
4769,0.000000
4770,0.000000
4771,0.000000
4772,0.000000
4773,0.000000
4774,0.000000
4775,0.000000
4776,0.000000
4777,0.000000
4778,0.000000
4779,0.000000
4780,0.000000
4781,0.000000
4782,0.000000
4783,0.000000
4784,0.000000
4785,0.000000
4786,0.000000
4787,0.000000
4788,0.000000
4789,0.000000
4790,0.000000
4791,0.000000
4792,0.000000
4793,0.000000
4794,0.000000
4795,0.000000
4796,0.000000
4797,0.000000
4798,0.000000
4799,0.000000
4800,0.000000
4801,0.000000
4802,0.000000
4803,0.000000
4804,0.000000
4805,0.000000
4806,0.000000
4807,0.000000
4808,0.000000
4809,0.000000
4810,0.000000
4811,0.000000
4812,0.000000
4813,0.000000
4814,0.000000
4815,0.000000
4816,0.000000
4817,0.000000
4818,0.000000
4819,0.000000
4820,0.000000
4821,0.000000
4822,0.000000
4823,0.000000
4824,0.000000
4825,0.000000
4826,0.000000
4827,0.000000
4828,0.000000
4829,0.000000
4830,0.000000
4831,0.000000
4832,0.000000
4833,0.000000
4834,0.000000
4835,0.000000
4836,0.000000
4837,0.000000
4838,0.000000
4839,0.000000
4840,0.000000
4841,0.000000
4842,0.000000
4843,0.000000
4844,0.000000
4845,0.000000
4846,0.000000
4847,0.000000
4848,0.000000
4849,0.000000
4850,0.000000
4851,0.000000
4852,0.000000
4853,0.000000
4854,0.000000
4855,0.000000
4856,0.000000
4857,0.000000
4858,0.000000
4859,0.000000
4860,0.000000
4861,0.000000
4862,0.000000
4863,0.000000
4864,0.000000
4865,0.000000
4866,0.000000
4867,0.000000
4868,0.000000
4869,0.000000
4870,0.000000
4871,0.000000
4872,0.000000
4873,0.000000
4874,0.000000
4875,0.000000
4876,0.000000
4877,0.000000
4878,0.000000
4879,0.000000
4880,0.000000
4881,0.000000
4882,0.000000
4883,0.000000
4884,0.000000
4885,0.000000
4886,0.000000
4887,0.000000
4888,0.000000
4889,0.000000
4890,0.000000
4891,0.000000
4892,0.000000
4893,0.000000
4894,0.000000
4895,0.000000
4896,0.000000
4897,0.000000
4898,0.000000
4899,0.000000
4900,0.000000
4901,0.000000
4902,0.000000
4903,0.000000
4904,0.000000
4905,0.000000
4906,0.000000
4907,0.000000
4908,0.000000
4909,0.000000
4910,0.000000
4911,0.000000
4912,0.000000
4913,0.000000
4914,0.000000
4915,0.000000
4916,0.000000
4917,0.000000
4918,0.000000
4919,0.000000
4920,0.000000
4921,0.000000
4922,0.000000
4923,0.000000
4924,0.000000
4925,0.000000
4926,0.000000
4927,0.000000
4928,0.000000
4929,0.000000
4930,0.000000
4931,0.000000
4932,0.000000
4933,0.000000
4934,0.000000
4935,0.000000
4936,0.000000
4937,0.000000
4938,0.000000
4939,0.000000
4940,0.000000
4941,0.000000
4942,0.000000
4943,0.000000
4944,0.000000
4945,0.000000
4946,0.000000
4947,0.000000
4948,0.000000
4949,0.000000
4950,0.000000
4951,0.000000
4952,0.000000
4953,0.000000
4954,0.000000
4955,0.000000
4956,0.000000
4957,0.000000
4958,0.000000
4959,0.000000
4960,0.000000
4961,0.000000
4962,0.000000
4963,0.000000
4964,0.000000
4965,0.000000
4966,0.000000
4967,0.000000
4968,0.000000
4969,0.000000
4970,0.000000
4971,0.000000
4972,0.000000
4973,0.000000
4974,0.000000
4975,0.000000
4976,0.000000
4977,0.000000
4978,0.000000
4979,0.000000
4980,0.000000
4981,0.000000
4982,0.000000
4983,0.000000
4984,0.000000
4985,0.000000
4986,0.000000
4987,0.000000
4988,0.000000
4989,0.000000
4990,0.000000
4991,0.000000
4992,0.000000
4993,0.000000
4994,0.000000
4995,0.000000
4996,0.000000
4997,0.000000
4998,0.000000
4999,0.000000
5000,0.000000
5001,0.000000
5002,0.000000
5003,0.000000
5004,0.000000
5005,0.000000
5006,0.000000
5007,0.000000
5008,0.000000
5009,0.000000
5010,0.000000
5011,0.000000
5012,0.000000
5013,0.000000
5014,0.000000
5015,0.000000
5016,0.000000
5017,0.000000
5018,0.000000
5019,0.000000
5020,0.000000
5021,0.000000
5022,0.000000
5023,0.000000
5024,0.000000
5025,0.000000
5026,0.000000
5027,0.000000
5028,0.000000
5029,0.000000
5030,0.000000
5031,0.000000
5032,0.000000
5033,0.000000
5034,0.000000
5035,0.000000
5036,0.000000
5037,0.000000
5038,0.000000
5039,0.000000
5040,0.000000
5041,0.000000
5042,0.000000
5043,0.000000
5044,0.000000
5045,0.000000
5046,0.000000
5047,0.000000
5048,0.000000
5049,0.000000
5050,0.000000
5051,0.000000
5052,0.000000
5053,0.000000
5054,0.000000
5055,0.000000
5056,0.000000
5057,0.000000
5058,0.000000
5059,0.000000
5060,0.000000
5061,0.000000
5062,0.000000
5063,0.000000
5064,0.000000
5065,0.000000
5066,0.000000
5067,0.000000
5068,0.000000
5069,0.000000
5070,0.000000
5071,0.000000
5072,0.000000
5073,0.000000
5074,0.000000
5075,0.000000
5076,0.000000
5077,0.000000
5078,0.000000
5079,0.000000
5080,0.000000
5081,0.000000
5082,0.000000
5083,0.000000
5084,0.000000
5085,0.000000
5086,0.000000
5087,0.000000
5088,0.000000
5089,0.000000
5090,0.000000
5091,0.000000
5092,0.000000
5093,0.000000
5094,0.000000
5095,0.000000
5096,0.000000
5097,0.000000
5098,0.000000
5099,0.000000
5100,0.000000
5101,0.000000
5102,0.000000
5103,0.000000
5104,0.000000
5105,0.000000
5106,0.000000
5107,0.000000
5108,0.000000
5109,0.000000
5110,0.000000
5111,0.000000
5112,0.000000
5113,0.000000
5114,0.000000
5115,0.000000
5116,0.000000
5117,0.000000
5118,0.000000
5119,0.000000
5120,0.000000
5121,0.000000
5122,0.000000
5123,0.000000
5124,0.000000
5125,0.000000
5126,0.000000
5127,0.000000
5128,0.000000
5129,0.000000
5130,0.000000
5131,0.000000
5132,0.000000
5133,0.000000
5134,0.000000
5135,0.000000
5136,0.000000
5137,0.000000
5138,0.000000
5139,0.000000
5140,0.000000
5141,0.000000
5142,0.000000
5143,0.000000
5144,0.000000
5145,0.000000
5146,0.000000
5147,0.000000
5148,0.000000
5149,0.000000
5150,0.000000
5151,0.000000
5152,0.000000
5153,0.000000
5154,0.000000
5155,0.000000
5156,0.000000
5157,0.000000
5158,0.000000
5159,0.000000
5160,0.000000
5161,0.000000
5162,0.000000
5163,0.000000
5164,0.000000
5165,0.000000
5166,0.000000
5167,0.000000
5168,0.000000
5169,0.000000
5170,0.000000
5171,0.000000
5172,0.000000
5173,0.000000
5174,0.000000
5175,0.000000
5176,0.000000
5177,0.000000
5178,0.000000
5179,0.000000
5180,0.000000
5181,0.000000
5182,0.000000
5183,0.000000
5184,0.000000
5185,0.000000
5186,0.000000
5187,0.000000
5188,0.000000
5189,0.000000
5190,0.000000
5191,0.000000
5192,0.000000
5193,0.000000
5194,0.000000
5195,0.000000
5196,0.000000
5197,0.000000
5198,0.000000
5199,0.000000
5200,0.000000
5201,0.000000
5202,0.000000
5203,0.000000
5204,0.000000
5205,0.000000
5206,0.000000
5207,0.000000
5208,0.000000
5209,0.000000
5210,0.000000
5211,0.000000
5212,0.000000
5213,0.000000
5214,0.000000
5215,0.000000
5216,0.000000
5217,0.000000
5218,0.000000
5219,0.000000
5220,0.000000
5221,0.000000
5222,0.000000
5223,0.000000
5224,0.000000
5225,0.000000
5226,0.000000
5227,0.000000
5228,0.000000
5229,0.000000
5230,0.000000
5231,0.000000
5232,0.000000
5233,0.000000
5234,0.000000
5235,0.000000
5236,0.000000
5237,0.000000
5238,0.000000
5239,0.000000
5240,0.000000
5241,0.000000
5242,0.000000
5243,0.000000
5244,0.000000
5245,0.000000
5246,0.000000
5247,0.000000
5248,0.000000
5249,0.000000
5250,0.000000
5251,0.000000
5252,0.000000
5253,0.000000
5254,0.000000
5255,0.000000
5256,0.000000
5257,0.000000
5258,0.000000
5259,0.000000
5260,0.000000
5261,0.000000
5262,0.000000
5263,0.000000
5264,0.000000
5265,0.000000
5266,0.000000
5267,0.000000
5268,0.000000
5269,0.000000
5270,0.000000
5271,0.000000
5272,0.000000
5273,0.000000
5274,0.000000
5275,0.000000
5276,0.000000
5277,0.000000
5278,0.000000
5279,0.000000
5280,0.000000
5281,0.000000
5282,0.000000
5283,0.000000
5284,0.000000
5285,0.000000
5286,0.000000
5287,0.000000
5288,0.000000
5289,0.000000
5290,0.000000
5291,0.000000
5292,0.000000
5293,0.000000
5294,0.000000
5295,0.000000
5296,0.000000
5297,0.000000
5298,0.000000
5299,0.000000
5300,0.000000
5301,0.000000
5302,0.000000
5303,0.000000
5304,0.000000
5305,0.000000
5306,0.000000
5307,0.000000
5308,0.000000
5309,0.000000
5310,0.000000
5311,0.000000
5312,0.000000
5313,0.000000
5314,0.000000
5315,0.000000
5316,0.000000
5317,0.000000
5318,0.000000
5319,0.000000
5320,0.000000
5321,0.000000
5322,0.000000
5323,0.000000
5324,0.000000
5325,0.000000
5326,0.000000
5327,0.000000
5328,0.000000
5329,0.000000
5330,0.000000
5331,0.000000
5332,0.000000
5333,0.000000
5334,0.000000
5335,0.000000
5336,0.000000
5337,0.000000
5338,0.000000
5339,0.000000
5340,0.000000
5341,0.000000
5342,0.000000
5343,0.000000
5344,0.000000
5345,0.000000
5346,0.000000
5347,0.000000
5348,0.000000
5349,0.000000
5350,0.000000
5351,0.000000
5352,0.000000
5353,0.000000
5354,0.000000
5355,0.000000
5356,0.000000
5357,0.000000
5358,0.000000
5359,0.000000
5360,0.000000
5361,0.000000
5362,0.000000
5363,0.000000
5364,0.000000
5365,0.000000
5366,0.000000
5367,0.000000
5368,0.000000
5369,0.000000
5370,0.000000
5371,0.000000
5372,0.000000
5373,0.000000
5374,0.000000
5375,0.000000
5376,0.000000
5377,0.000000
5378,0.000000
5379,0.000000
5380,0.000000
5381,0.000000
5382,0.000000
5383,0.000000
5384,0.000000
5385,0.000000
5386,0.000000
5387,0.000000
5388,0.000000
5389,0.000000
5390,0.000000
5391,0.000000
5392,0.000000
5393,0.000000
5394,0.000000
5395,0.000000
5396,0.000000
5397,0.000000
5398,0.000000
5399,0.000000
5400,0.000000
5401,0.000000
5402,0.000000
5403,0.000000
5404,0.000000
5405,0.000000
5406,0.000000
5407,0.000000
5408,0.000000
5409,0.000000
5410,0.000000
5411,0.000000
5412,0.000000
5413,0.000000
5414,0.000000
5415,0.000000
5416,0.000000
5417,0.000000
5418,0.000000
5419,0.000000
5420,0.000000
5421,0.000000
5422,0.000000
5423,0.000000
5424,0.000000
5425,0.000000
5426,0.000000
5427,0.000000
5428,0.000000
5429,0.000000
5430,0.000000
5431,0.000000
5432,0.000000
5433,0.000000
5434,0.000000
5435,0.000000
5436,0.000000
5437,0.000000
5438,0.000000
5439,0.000000
5440,0.000000
5441,0.000000
5442,0.000000
5443,0.000000
5444,0.000000
5445,0.000000
5446,0.000000
5447,0.000000
5448,0.000000
5449,0.000000
5450,0.000000
5451,0.000000
5452,0.000000
5453,0.000000
5454,0.000000
5455,0.000000
5456,0.000000
5457,0.000000
5458,0.000000
5459,0.000000
5460,0.000000
5461,0.000000
5462,0.000000
5463,0.000000
5464,0.000000
5465,0.000000
5466,0.000000
5467,0.000000
5468,0.000000
5469,0.000000
5470,0.000000
5471,0.000000
5472,0.000000
5473,0.000000
5474,0.000000
5475,0.000000
5476,0.000000
5477,0.000000
5478,0.000000
5479,0.000000
5480,0.000000
5481,0.000000
5482,0.000000
5483,0.000000
5484,0.000000
5485,0.000000
5486,0.000000
5487,0.000000
5488,0.000000
5489,0.000000
5490,0.000000
5491,0.000000
5492,0.000000
5493,0.000000
5494,0.000000
5495,0.000000
5496,0.000000
5497,0.000000
5498,0.000000
5499,0.000000
5500,0.000000
5501,0.000000
5502,0.000000
5503,0.000000
5504,0.000000
5505,0.000000
5506,0.000000
5507,0.000000
5508,0.000000
5509,0.000000
5510,0.000000
5511,0.000000
5512,0.000000
5513,0.000000
5514,0.000000
5515,0.000000
5516,0.000000
5517,0.000000
5518,0.000000
5519,0.000000
5520,0.000000
5521,0.000000
5522,0.000000
5523,0.000000
5524,0.000000
5525,0.000000
5526,0.000000
5527,0.000000
5528,0.000000
5529,0.000000
5530,0.000000
5531,0.000000
5532,0.000000
5533,0.000000
5534,0.000000
5535,0.000000
5536,0.000000
5537,0.000000
5538,0.000000
5539,0.000000
5540,0.000000
5541,0.000000
5542,0.000000
5543,0.000000
5544,0.000000
5545,0.000000
5546,0.000000
5547,0.000000
5548,0.000000
5549,0.000000
5550,0.000000
5551,0.000000
5552,0.000000
5553,0.000000
5554,0.000000
5555,0.000000
5556,0.000000
5557,0.000000
5558,0.000000
5559,0.000000
5560,0.000000
5561,0.000000
5562,0.000000
5563,0.000000
5564,0.000000
5565,0.000000
5566,0.000000
5567,0.000000
5568,0.000000
5569,0.000000
5570,0.000000
5571,0.000000
5572,0.000000
5573,0.000000
5574,0.000000
5575,0.000000
5576,0.000000
5577,0.000000
5578,0.000000
5579,0.000000
5580,0.000000
5581,0.000000
5582,0.000000
5583,0.000000
5584,0.000000
5585,0.000000
5586,0.000000
5587,0.000000
5588,0.000000
5589,0.000000
5590,0.000000
5591,0.000000
5592,0.000000
5593,0.000000
5594,0.000000
5595,0.000000
5596,0.000000
5597,0.000000
5598,0.000000
5599,0.000000
5600,0.000000
5601,0.000000
5602,0.000000
5603,0.000000
5604,0.000000
5605,0.000000
5606,0.000000
5607,0.000000
5608,0.000000
5609,0.000000
5610,0.000000
5611,0.000000
5612,0.000000
5613,0.000000
5614,0.000000
5615,0.000000
5616,0.000000
5617,0.000000
5618,0.000000
5619,0.000000
5620,0.000000
5621,0.000000
5622,0.000000
5623,0.000000
5624,0.000000
5625,0.000000
5626,0.000000
5627,0.000000
5628,0.000000
5629,0.000000
5630,0.000000
5631,0.000000
5632,0.000000
5633,0.000000
5634,0.000000
5635,0.000000
5636,0.000000
5637,0.000000
5638,0.000000
5639,0.000000
5640,0.000000
5641,0.000000
5642,0.000000
5643,0.000000
5644,0.000000
5645,0.000000
5646,0.000000
5647,0.000000
5648,0.000000
5649,0.000000
5650,0.000000
5651,0.000000
5652,0.000000
5653,0.000000
5654,0.000000
5655,0.000000
5656,0.000000
5657,0.000000
5658,0.000000
5659,0.000000
5660,0.000000
5661,0.000000
5662,0.000000
5663,0.000000
5664,0.000000
5665,0.000000
5666,0.000000
5667,0.000000
5668,0.000000
5669,0.000000
5670,0.000000
5671,0.000000
5672,0.000000
5673,0.000000
5674,0.000000
5675,0.000000
5676,0.000000
5677,0.000000
5678,0.000000
5679,0.000000
5680,0.000000
5681,0.000000
5682,0.000000
5683,0.000000
5684,0.000000
5685,0.000000
5686,0.000000
5687,0.000000
5688,0.000000
5689,0.000000
5690,0.000000
5691,0.000000
5692,0.000000
5693,0.000000
5694,0.000000
5695,0.000000
5696,0.000000
5697,0.000000
5698,0.000000
5699,0.000000
5700,0.000000
5701,0.000000
5702,0.000000
5703,0.000000
5704,0.000000
5705,0.000000
5706,0.000000
5707,0.000000
5708,0.000000
5709,0.000000
5710,0.000000
5711,0.000000
5712,0.000000
5713,0.000000
5714,0.000000
5715,0.000000
5716,0.000000
5717,0.000000
5718,0.000000
5719,0.000000
5720,0.000000
5721,0.000000
5722,0.000000
5723,0.000000
5724,0.000000
5725,0.000000
5726,0.000000
5727,0.000000
5728,0.000000
5729,0.000000
5730,0.000000
5731,0.000000
5732,0.000000
5733,0.000000
5734,0.000000
5735,0.000000
5736,0.000000
5737,0.000000
5738,0.000000
5739,0.000000
5740,0.000000
5741,0.000000
5742,0.000000
5743,0.000000
5744,0.000000
5745,0.000000
5746,0.000000
5747,0.000000
5748,0.000000
5749,0.000000
5750,0.000000
5751,0.000000
5752,0.000000
5753,0.000000
5754,0.000000
5755,0.000000
5756,0.000000
5757,0.000000
5758,0.000000
5759,0.000000
5760,0.000000
5761,0.000000
5762,0.000000
5763,0.000000
5764,0.000000
5765,0.000000
5766,0.000000
5767,0.000000
5768,0.000000
5769,0.000000
5770,0.000000
5771,0.000000
5772,0.000000
5773,0.000000
5774,0.000000
5775,0.000000
5776,0.000000
5777,0.000000
5778,0.000000
5779,0.000000
5780,0.000000
5781,0.000000
5782,0.000000
5783,0.000000
5784,0.000000
5785,0.000000
5786,0.000000
5787,0.000000
5788,0.000000
5789,0.000000
5790,0.000000
5791,0.000000
5792,0.000000
5793,0.000000
5794,0.000000
5795,0.000000
5796,0.000000
5797,0.000000
5798,0.000000
5799,0.000000
5800,0.000000
5801,0.000000
5802,0.000000
5803,0.000000
5804,0.000000
5805,0.000000
5806,0.000000
5807,0.000000
5808,0.000000
5809,0.000000
5810,0.000000
5811,0.000000
5812,0.000000
5813,0.000000
5814,0.000000
5815,0.000000
5816,0.000000
5817,0.000000
5818,0.000000
5819,0.000000
5820,0.000000
5821,0.000000
5822,0.000000
5823,0.000000
5824,0.000000
5825,0.000000
5826,0.000000
5827,0.000000
5828,0.000000
5829,0.000000
5830,0.000000
5831,0.000000
5832,0.000000
5833,0.000000
5834,0.000000
5835,0.000000
5836,0.000000
5837,0.000000
5838,0.000000
5839,0.000000
5840,0.000000
5841,0.000000
5842,0.000000
5843,0.000000
5844,0.000000
5845,0.000000
5846,0.000000
5847,0.000000
5848,0.000000
5849,0.000000
5850,0.000000
5851,0.000000
5852,0.000000
5853,0.000000
5854,0.000000
5855,0.000000
5856,0.000000
5857,0.000000
5858,0.000000
5859,0.000000
5860,0.000000
5861,0.000000
5862,0.000000
5863,0.000000
5864,0.000000
5865,0.000000
5866,0.000000
5867,0.000000
5868,0.000000
5869,0.000000
5870,0.000000
5871,0.000000
5872,0.000000
5873,0.000000
5874,0.000000
5875,0.000000
5876,0.000000
5877,0.000000
5878,0.000000
5879,0.000000
5880,0.000000
5881,0.000000
5882,0.000000
5883,0.000000
5884,0.000000
5885,0.000000
5886,0.000000
5887,0.000000
5888,0.000000
5889,0.000000
5890,0.000000
5891,0.000000
5892,0.000000
5893,0.000000
5894,0.000000
5895,0.000000
5896,0.000000
5897,0.000000
5898,0.000000
5899,0.000000
5900,0.000000
5901,0.000000
5902,0.000000
5903,0.000000
5904,0.000000
5905,0.000000
5906,0.000000
5907,0.000000
5908,0.000000
5909,0.000000
5910,0.000000
5911,0.000000
5912,0.000000
5913,0.000000
5914,0.000000
5915,0.000000
5916,0.000000
5917,0.000000
5918,0.000000
5919,0.000000
5920,0.000000
5921,0.000000
5922,0.000000
5923,0.000000
5924,0.000000
5925,0.000000
5926,0.000000
5927,0.000000
5928,0.000000
5929,0.000000
5930,0.000000
5931,0.000000
5932,0.000000
5933,0.000000
5934,0.000000
5935,0.000000
5936,0.000000
5937,0.000000
5938,0.000000
5939,0.000000
5940,0.000000
5941,0.000000
5942,0.000000
5943,0.000000
5944,0.000000
5945,0.000000
5946,0.000000
5947,0.000000
5948,0.000000
5949,0.000000
5950,0.000000
5951,0.000000
5952,0.000000
5953,0.000000
5954,0.000000
5955,0.000000
5956,0.000000
5957,0.000000
5958,0.000000
5959,0.000000
5960,0.000000
5961,0.000000
5962,0.000000
5963,0.000000
5964,0.000000
5965,0.000000
5966,0.000000
5967,0.000000
5968,0.000000
5969,0.000000
5970,0.000000
5971,0.000000
5972,0.000000
5973,0.000000
5974,0.000000
5975,0.000000
5976,0.000000
5977,0.000000
5978,0.000000
5979,0.000000
5980,0.000000
5981,0.000000
5982,0.000000
5983,0.000000
5984,0.000000
5985,0.000000
5986,0.000000
5987,0.000000
5988,0.000000
5989,0.000000
5990,0.000000
5991,0.000000
5992,0.000000
5993,0.000000
5994,0.000000
5995,0.000000
5996,0.000000
5997,0.000000
5998,0.000000
5999,0.000000
6000,0.000000
6001,0.000000
6002,0.000000
6003,0.000000
6004,0.000000
6005,0.000000
6006,0.000000
6007,0.000000
6008,0.000000
6009,0.000000
6010,0.000000
6011,0.000000
6012,0.000000
6013,0.000000
6014,0.000000
6015,0.000000
6016,0.000000
6017,0.000000
6018,0.000000
6019,0.000000
6020,0.000000
6021,0.000000
6022,0.000000
6023,0.000000
6024,0.000000
6025,0.000000
6026,0.000000
6027,0.000000
6028,0.000000
6029,0.000000
6030,0.000000
6031,0.000000
6032,0.000000
6033,0.000000
6034,0.000000
6035,0.000000
6036,0.000000
6037,0.000000
6038,0.000000
6039,0.000000
6040,0.000000
6041,0.000000
6042,0.000000
6043,0.000000
6044,0.000000
6045,0.000000
6046,0.000000
6047,0.000000
6048,0.000000
6049,0.000000
6050,0.000000
6051,0.000000
6052,0.000000
6053,0.000000
6054,0.000000
6055,0.000000
6056,0.000000
6057,0.000000
6058,0.000000
6059,0.000000
6060,0.000000
6061,0.000000
6062,0.000000
6063,0.000000
6064,0.000000
6065,0.000000
6066,0.000000
6067,0.000000
6068,0.000000
6069,0.000000
6070,0.000000
6071,0.000000
6072,0.000000
6073,0.000000
6074,0.000000
6075,0.000000
6076,0.000000
6077,0.000000
6078,0.000000
6079,0.000000
6080,0.000000
6081,0.000000
6082,0.000000
6083,0.000000
6084,0.000000
6085,0.000000
6086,0.000000
6087,0.000000
6088,0.000000
6089,0.000000
6090,0.000000
6091,0.000000
6092,0.000000
6093,0.000000
6094,0.000000
6095,0.000000
6096,0.000000
6097,0.000000
6098,0.000000
6099,0.000000
6100,0.000000
6101,0.000000
6102,0.000000
6103,0.000000
6104,0.000000
6105,0.000000
6106,0.000000
6107,0.000000
6108,0.000000
6109,0.000000
6110,0.000000
6111,0.000000
6112,0.000000
6113,0.000000
6114,0.000000
6115,0.000000
6116,0.000000
6117,0.000000
6118,0.000000
6119,0.000000
6120,0.000000
6121,0.000000
6122,0.000000
6123,0.000000
6124,0.000000
6125,0.000000
6126,0.000000
6127,0.000000
6128,0.000000
6129,0.000000
6130,0.000000
6131,0.000000
6132,0.000000
6133,0.000000
6134,0.000000
6135,0.000000
6136,0.000000
6137,0.000000
6138,0.000000
6139,0.000000
6140,0.000000
6141,0.000000
6142,0.000000
6143,0.000000
6144,0.000000
6145,0.000000
6146,0.000000
6147,0.000000
6148,0.000000
6149,0.000000
6150,0.000000
6151,0.000000
6152,0.000000
6153,0.000000
6154,0.000000
6155,0.000000
6156,0.000000
6157,0.000000
6158,0.000000
6159,0.000000
6160,0.000000
6161,0.000000
6162,0.000000
6163,0.000000
6164,0.000000
6165,0.000000
6166,0.000000
6167,0.000000
6168,0.000000
6169,0.000000
6170,0.000000
6171,0.000000
6172,0.000000
6173,0.000000
6174,0.000000
6175,0.000000
6176,0.000000
6177,0.000000
6178,0.000000
6179,0.000000
6180,0.000000
6181,0.000000
6182,0.000000
6183,0.000000
6184,0.000000
6185,0.000000
6186,0.000000
6187,0.000000
6188,0.000000
6189,0.000000
6190,0.000000
6191,0.000000
6192,0.000000
6193,0.000000
6194,0.000000
6195,0.000000
6196,0.000000
6197,0.000000
6198,0.000000
6199,0.000000
6200,0.000000
6201,0.000000
6202,0.000000
6203,0.000000
6204,0.000000
6205,0.000000
6206,0.000000
6207,0.000000
6208,0.000000
6209,0.000000
6210,0.000000
6211,0.000000
6212,0.000000
6213,0.000000
6214,0.000000
6215,0.000000
6216,0.000000
6217,0.000000
6218,0.000000
6219,0.000000
6220,0.000000
6221,0.000000
6222,0.000000
6223,0.000000
6224,0.000000
6225,0.000000
6226,0.000000
6227,0.000000
6228,0.000000
6229,0.000000
6230,0.000000
6231,0.000000
6232,0.000000
6233,0.000000
6234,0.000000
6235,0.000000
6236,0.000000
6237,0.000000
6238,0.000000
6239,0.000000
6240,0.000000
6241,0.000000
6242,0.000000
6243,0.000000
6244,0.000000
6245,0.000000
6246,0.000000
6247,0.000000
6248,0.000000
6249,0.000000
6250,0.000000
6251,0.000000
6252,0.000000
6253,0.000000
6254,0.000000
6255,0.000000
6256,0.000000
6257,0.000000
6258,0.000000
6259,0.000000
6260,0.000000
6261,0.000000
6262,0.000000
6263,0.000000
6264,0.000000
6265,0.000000
6266,0.000000
6267,0.000000
6268,0.000000
6269,0.000000
6270,0.000000
6271,0.000000
6272,0.000000
6273,0.000000
6274,0.000000
6275,0.000000
6276,0.000000
6277,0.000000
6278,0.000000
6279,0.000000
6280,0.000000
6281,0.000000
6282,0.000000
6283,0.000000
6284,0.000000
6285,0.000000
6286,0.000000
6287,0.000000
6288,0.000000
6289,0.000000
6290,0.000000
6291,0.000000
6292,0.000000
6293,0.000000
6294,0.000000
6295,0.000000
6296,0.000000
6297,0.000000
6298,0.000000
6299,0.000000
6300,0.000000
6301,0.000000
6302,0.000000
6303,0.000000
6304,0.000000
6305,0.000000
6306,0.000000
6307,0.000000
6308,0.000000
6309,0.000000
6310,0.000000
6311,0.000000
6312,0.000000
6313,0.000000
6314,0.000000
6315,0.000000
6316,0.000000
6317,0.000000
6318,0.000000
6319,0.000000
6320,0.000000
6321,0.000000
6322,0.000000
6323,0.000000
6324,0.000000
6325,0.000000
6326,0.000000
6327,0.000000
6328,0.000000
6329,0.000000
6330,0.000000
6331,0.000000
6332,0.000000
6333,0.000000
6334,0.000000
6335,0.000000
6336,0.000000
6337,0.000000
6338,0.000000
6339,0.000000
6340,0.000000
6341,0.000000
6342,0.000000
6343,0.000000
6344,0.000000
6345,0.000000
6346,0.000000
6347,0.000000
6348,0.000000
6349,0.000000
6350,0.000000
6351,0.000000
6352,0.000000
6353,0.000000
6354,0.000000
6355,0.000000
6356,0.000000
6357,0.000000
6358,0.000000
6359,0.000000
6360,0.000000
6361,0.000000
6362,0.000000
6363,0.000000
6364,0.000000
6365,0.000000
6366,0.000000
6367,0.000000
6368,0.000000
6369,0.000000
6370,0.000000
6371,0.000000
6372,0.000000
6373,0.000000
6374,0.000000
6375,0.000000
6376,0.000000
6377,0.000000
6378,0.000000
6379,0.000000
6380,0.000000
6381,0.000000
6382,0.000000
6383,0.000000
6384,0.000000
6385,0.000000
6386,0.000000
6387,0.000000
6388,0.000000
6389,0.000000
6390,0.000000
6391,0.000000
6392,0.000000
6393,0.000000
6394,0.000000
6395,0.000000
6396,0.000000
6397,0.000000
6398,0.000000
6399,0.000000
6400,0.000000
6401,0.000000
6402,0.000000
6403,0.000000
6404,0.000000
6405,0.000000
6406,0.000000
6407,0.000000
6408,0.000000
6409,0.000000
6410,0.000000
6411,0.000000
6412,0.000000
6413,0.000000
6414,0.000000
6415,0.000000
6416,0.000000
6417,0.000000
6418,0.000000
6419,0.000000
6420,0.000000
6421,0.000000
6422,0.000000
6423,0.000000
6424,0.000000
6425,0.000000
6426,0.000000
6427,0.000000
6428,0.000000
6429,0.000000
6430,0.000000
6431,0.000000
6432,0.000000
6433,0.000000
6434,0.000000
6435,0.000000
6436,0.000000
6437,0.000000
6438,0.000000
6439,0.000000
6440,0.000000
6441,0.000000
6442,0.000000
6443,0.000000
6444,0.000000
6445,0.000000
6446,0.000000
6447,0.000000
6448,0.000000
6449,0.000000
6450,0.000000
6451,0.000000
6452,0.000000
6453,0.000000
6454,0.000000
6455,0.000000
6456,0.000000
6457,0.000000
6458,0.000000
6459,0.000000
6460,0.000000
6461,0.000000
6462,0.000000
6463,0.000000
6464,0.000000
6465,0.000000
6466,0.000000
6467,0.000000
6468,0.000000
6469,0.000000
6470,0.000000
6471,0.000000
6472,0.000000
6473,0.000000
6474,0.000000
6475,0.000000
6476,0.000000
6477,0.000000
6478,0.000000
6479,0.000000
6480,0.000000
6481,0.000000
6482,0.000000
6483,0.000000
6484,0.000000
6485,0.000000
6486,0.000000
6487,0.000000
6488,0.000000
6489,0.000000
6490,0.000000
6491,0.000000
6492,0.000000
6493,0.000000
6494,0.000000
6495,0.000000
6496,0.000000
6497,0.000000
6498,0.000000
6499,0.000000
6500,0.000000
6501,0.000000
6502,0.000000
6503,0.000000
6504,0.000000
6505,0.000000
6506,0.000000
6507,0.000000
6508,0.000000
6509,0.000000
6510,0.000000
6511,0.000000
6512,0.000000
6513,0.000000
6514,0.000000
6515,0.000000
6516,0.000000
6517,0.000000
6518,0.000000
6519,0.000000
6520,0.000000
6521,0.000000
6522,0.000000
6523,0.000000
6524,0.000000
6525,0.000000
6526,0.000000
6527,0.000000
6528,0.000000
6529,0.000000
6530,0.000000
6531,0.000000
6532,0.000000
6533,0.000000
6534,0.000000
6535,0.000000
6536,0.000000
6537,0.000000
6538,0.000000
6539,0.000000
6540,0.000000
6541,0.000000
6542,0.000000
6543,0.000000
6544,0.000000
6545,0.000000
6546,0.000000
6547,0.000000
6548,0.000000
6549,0.000000
6550,0.000000
6551,0.000000
6552,0.000000
6553,0.000000
6554,0.000000
6555,0.000000
6556,0.000000
6557,0.000000
6558,0.000000
6559,0.000000
6560,0.000000
6561,0.000000
6562,0.000000
6563,0.000000
6564,0.000000
6565,0.000000
6566,0.000000
6567,0.000000
6568,0.000000
6569,0.000000
6570,0.000000
6571,0.000000
6572,0.000000
6573,0.000000
6574,0.000000
6575,0.000000
6576,0.000000
6577,0.000000
6578,0.000000
6579,0.000000
6580,0.000000
6581,0.000000
6582,0.000000
6583,0.000000
6584,0.000000
6585,0.000000
6586,0.000000
6587,0.000000
6588,0.000000
6589,0.000000
6590,0.000000
6591,0.000000
6592,0.000000
6593,0.000000
6594,0.000000
6595,0.000000
6596,0.000000
6597,0.000000
6598,0.000000
6599,0.000000
6600,0.000000
6601,0.000000
6602,0.000000
6603,0.000000
6604,0.000000
6605,0.000000
6606,0.000000
6607,0.000000
6608,0.000000
6609,0.000000
6610,0.000000
6611,0.000000
6612,0.000000
6613,0.000000
6614,0.000000
6615,0.000000
6616,0.000000
6617,0.000000
6618,0.000000
6619,0.000000
6620,0.000000
6621,0.000000
6622,0.000000
6623,0.000000
6624,0.000000
6625,0.000000
6626,0.000000
6627,0.000000
6628,0.000000
6629,0.000000
6630,0.000000
6631,0.000000
6632,0.000000
6633,0.000000
6634,0.000000
6635,0.000000
6636,0.000000
6637,0.000000
6638,0.000000
6639,0.000000
6640,0.000000
6641,0.000000
6642,0.000000
6643,0.000000
6644,0.000000
6645,0.000000
6646,0.000000
6647,0.000000
6648,0.000000
6649,0.000000
6650,0.000000
6651,0.000000
6652,0.000000
6653,0.000000
6654,0.000000
6655,0.000000
6656,0.000000
6657,0.000000
6658,0.000000
6659,0.000000
6660,0.000000
6661,0.000000
6662,0.000000
6663,0.000000
6664,0.000000
6665,0.000000
6666,0.000000
6667,0.000000
6668,0.000000
6669,0.000000
6670,0.000000
6671,0.000000
6672,0.000000
6673,0.000000
6674,0.000000
6675,0.000000
6676,0.000000
6677,0.000000
6678,0.000000
6679,0.000000
6680,0.000000
6681,0.000000
6682,0.000000
6683,0.000000
6684,0.000000
6685,0.000000
6686,0.000000
6687,0.000000
6688,0.000000
6689,0.000000
6690,0.000000
6691,0.000000
6692,0.000000
6693,0.000000
6694,0.000000
6695,0.000000
6696,0.000000
6697,0.000000
6698,0.000000
6699,0.000000
6700,0.000000
6701,0.000000
6702,0.000000
6703,0.000000
6704,0.000000
6705,0.000000
6706,0.000000
6707,0.000000
6708,0.000000
6709,0.000000
6710,0.000000
6711,0.000000
6712,0.000000
6713,0.000000
6714,0.000000
6715,0.000000
6716,0.000000
6717,0.000000
6718,0.000000
6719,0.000000
6720,0.000000
6721,0.000000
6722,0.000000
6723,0.000000
6724,0.000000
6725,0.000000
6726,0.000000
6727,0.000000
6728,0.000000
6729,0.000000
6730,0.000000
6731,0.000000
6732,0.000000
6733,0.000000
6734,0.000000
6735,0.000000
6736,0.000000
6737,0.000000
6738,0.000000
6739,0.000000
6740,0.000000
6741,0.000000
6742,0.000000
6743,0.000000
6744,0.000000
6745,0.000000
6746,0.000000
6747,0.000000
6748,0.000000
6749,0.000000
6750,0.000000
6751,0.000000
6752,0.000000
6753,0.000000
6754,0.000000
6755,0.000000
6756,0.000000
6757,0.000000
6758,0.000000
6759,0.000000
6760,0.000000
6761,0.000000
6762,0.000000
6763,0.000000
6764,0.000000
6765,0.000000
6766,0.000000
6767,0.000000
6768,0.000000
6769,0.000000
6770,0.000000
6771,0.000000
6772,0.000000
6773,0.000000
6774,0.000000
6775,0.000000
6776,0.000000
6777,0.000000
6778,0.000000
6779,0.000000
6780,0.000000
6781,0.000000
6782,0.000000
6783,0.000000
6784,0.000000
6785,0.000000
6786,0.000000
6787,0.000000
6788,0.000000
6789,0.000000
6790,0.000000
6791,0.000000
6792,0.000000
6793,0.000000
6794,0.000000
6795,0.000000
6796,0.000000
6797,0.000000
6798,0.000000
6799,0.000000
6800,0.000000
6801,0.000000
6802,0.000000
6803,0.000000
6804,0.000000
6805,0.000000
6806,0.000000
6807,0.000000
6808,0.000000
6809,0.000000
6810,0.000000
6811,0.000000
6812,0.000000
6813,0.000000
6814,0.000000
6815,0.000000
6816,0.000000
6817,0.000000
6818,0.000000
6819,0.000000
6820,0.000000
6821,0.000000
6822,0.000000
6823,0.000000
6824,0.000000
6825,0.000000
6826,0.000000
6827,0.000000
6828,0.000000
6829,0.000000
6830,0.000000
6831,0.000000
6832,0.000000
6833,0.000000
6834,0.000000
6835,0.000000
6836,0.000000
6837,0.000000
6838,0.000000
6839,0.000000
6840,0.000000
6841,0.000000
6842,0.000000
6843,0.000000
6844,0.000000
6845,0.000000
6846,0.000000
6847,0.000000
6848,0.000000
6849,0.000000
6850,0.000000
6851,0.000000
6852,0.000000
6853,0.000000
6854,0.000000
6855,0.000000
6856,0.000000
6857,0.000000
6858,0.000000
6859,0.000000
6860,0.000000
6861,0.000000
6862,0.000000
6863,0.000000
6864,0.000000
6865,0.000000
6866,0.000000
6867,0.000000
6868,0.000000
6869,0.000000
6870,0.000000
6871,0.000000
6872,0.000000
6873,0.000000
6874,0.000000
6875,0.000000
6876,0.000000
6877,0.000000
6878,0.000000
6879,0.000000
6880,0.000000
6881,0.000000
6882,0.000000
6883,0.000000
6884,0.000000
6885,0.000000
6886,0.000000
6887,0.000000
6888,0.000000
6889,0.000000
6890,0.000000
6891,0.000000
6892,0.000000
6893,0.000000
6894,0.000000
6895,0.000000
6896,0.000000
6897,0.000000
6898,0.000000
6899,0.000000
6900,0.000000
6901,0.000000
6902,0.000000
6903,0.000000
6904,0.000000
6905,0.000000
6906,0.000000
6907,0.000000
6908,0.000000
6909,0.000000
6910,0.000000
6911,0.000000
6912,0.000000
6913,0.000000
6914,0.000000
6915,0.000000
6916,0.000000
6917,0.000000
6918,0.000000
6919,0.000000
6920,0.000000
6921,0.000000
6922,0.000000
6923,0.000000
6924,0.000000
6925,0.000000
6926,0.000000
6927,0.000000
6928,0.000000
6929,0.000000
6930,0.000000
6931,0.000000
6932,0.000000
6933,0.000000
6934,0.000000
6935,0.000000
6936,0.000000
6937,0.000000
6938,0.000000
6939,0.000000
6940,0.000000
6941,0.000000
6942,0.000000
6943,0.000000
6944,0.000000
6945,0.000000
6946,0.000000
6947,0.000000
6948,0.000000
6949,0.000000
6950,0.000000
6951,0.000000
6952,0.000000
6953,0.000000
6954,0.000000
6955,0.000000
6956,0.000000
6957,0.000000
6958,0.000000
6959,0.000000
6960,0.000000
6961,0.000000
6962,0.000000
6963,0.000000
6964,0.000000
6965,0.000000
6966,0.000000
6967,0.000000
6968,0.000000
6969,0.000000
6970,0.000000
6971,0.000000
6972,0.000000
6973,0.000000
6974,0.000000
6975,0.000000
6976,0.000000
6977,0.000000
6978,0.000000
6979,0.000000
6980,0.000000
6981,0.000000
6982,0.000000
6983,0.000000
6984,0.000000
6985,0.000000
6986,0.000000
6987,0.000000
6988,0.000000
6989,0.000000
6990,0.000000
6991,0.000000
6992,0.000000
6993,0.000000
6994,0.000000
6995,0.000000
6996,0.000000
6997,0.000000
6998,0.000000
6999,0.000000
7000,0.000000
7001,0.000000
7002,0.000000
7003,0.000000
7004,0.000000
7005,0.000000
7006,0.000000
7007,0.000000
7008,0.000000
7009,0.000000
7010,0.000000
7011,0.000000
7012,0.000000
7013,0.000000
7014,0.000000
7015,0.000000
7016,0.000000
7017,0.000000
7018,0.000000
7019,0.000000
7020,0.000000
7021,0.000000
7022,0.000000
7023,0.000000
7024,0.000000
7025,0.000000
7026,0.000000
7027,0.000000
7028,0.000000
7029,0.000000
7030,0.000000
7031,0.000000
7032,0.000000
7033,0.000000
7034,0.000000
7035,0.000000
7036,0.000000
7037,0.000000
7038,0.000000
7039,0.000000
7040,0.000000
7041,0.000000
7042,0.000000
7043,0.000000
7044,0.000000
7045,0.000000
7046,0.000000
7047,0.000000
7048,0.000000
7049,0.000000
7050,0.000000
7051,0.000000
7052,0.000000
7053,0.000000
7054,0.000000
7055,0.000000
7056,0.000000
7057,0.000000
7058,0.000000
7059,0.000000
7060,0.000000
7061,0.000000
7062,0.000000
7063,0.000000
7064,0.000000
7065,0.000000
7066,0.000000
7067,0.000000
7068,0.000000
7069,0.000000
7070,0.000000
7071,0.000000
7072,0.000000
7073,0.000000
7074,0.000000
7075,0.000000
7076,0.000000
7077,0.000000
7078,0.000000
7079,0.000000
7080,0.000000
7081,0.000000
7082,0.000000
7083,0.000000
7084,0.000000
7085,0.000000
7086,0.000000
7087,0.000000
7088,0.000000
7089,0.000000
7090,0.000000
7091,0.000000
7092,0.000000
7093,0.000000
7094,0.000000
7095,0.000000
7096,0.000000
7097,0.000000
7098,0.000000
7099,0.000000
7100,0.000000
7101,0.000000
7102,0.000000
7103,0.000000
7104,0.000000
7105,0.000000
7106,0.000000
7107,0.000000
7108,0.000000
7109,0.000000
7110,0.000000
7111,0.000000
7112,0.000000
7113,0.000000
7114,0.000000
7115,0.000000
7116,0.000000
7117,0.000000
7118,0.000000
7119,0.000000
7120,0.000000
7121,0.000000
7122,0.000000
7123,0.000000
7124,0.000000
7125,0.000000
7126,0.000000
7127,0.000000
7128,0.000000
7129,0.000000
7130,0.000000
7131,0.000000
7132,0.000000
7133,0.000000
7134,0.000000
7135,0.000000
7136,0.000000
7137,0.000000
7138,0.000000
7139,0.000000
7140,0.000000
7141,0.000000
7142,0.000000
7143,0.000000
7144,0.000000
7145,0.000000
7146,0.000000
7147,0.000000
7148,0.000000
7149,0.000000
7150,0.000000
7151,0.000000
7152,0.000000
7153,0.000000
7154,0.000000
7155,0.000000
7156,0.000000
7157,0.000000
7158,0.000000
7159,0.000000
7160,0.000000
7161,0.000000
7162,0.000000
7163,0.000000
7164,0.000000
7165,0.000000
7166,0.000000
7167,0.000000
7168,0.000000
7169,0.000000
7170,0.000000
7171,0.000000
7172,0.000000
7173,0.000000
7174,0.000000
7175,0.000000
7176,0.000000
7177,0.000000
7178,0.000000
7179,0.000000
7180,0.000000
7181,0.000000
7182,0.000000
7183,0.000000
7184,0.000000
7185,0.000000
7186,0.000000
7187,0.000000
7188,0.000000
7189,0.000000
7190,0.000000
7191,0.000000
7192,0.000000
7193,0.000000
7194,0.000000
7195,0.000000
7196,0.000000
7197,0.000000
7198,0.000000
7199,0.000000
7200,0.000000
7201,0.000000
7202,0.000000
7203,0.000000
7204,0.000000
7205,0.000000
7206,0.000000
7207,0.000000
7208,0.000000
7209,0.000000
7210,0.000000
7211,0.000000
7212,0.000000
7213,0.000000
7214,0.000000
7215,0.000000
7216,0.000000
7217,0.000000
7218,0.000000
7219,0.000000
7220,0.000000
7221,0.000000
7222,0.000000
7223,0.000000
7224,0.000000
7225,0.000000
7226,0.000000
7227,0.000000
7228,0.000000
7229,0.000000
7230,0.000000
7231,0.000000
7232,0.000000
7233,0.000000
7234,0.000000
7235,0.000000
7236,0.000000
7237,0.000000
7238,0.000000
7239,0.000000
7240,0.000000
7241,0.000000
7242,0.000000
7243,0.000000
7244,0.000000
7245,0.000000
7246,0.000000
7247,0.000000
7248,0.000000
7249,0.000000
7250,0.000000
7251,0.000000
7252,0.000000
7253,0.000000
7254,0.000000
7255,0.000000
7256,0.000000
7257,0.000000
7258,0.000000
7259,0.000000
7260,0.000000
7261,0.000000
7262,0.000000
7263,0.000000
7264,0.000000
7265,0.000000
7266,0.000000
7267,0.000000
7268,0.000000
7269,0.000000
7270,0.000000
7271,0.000000
7272,0.000000
7273,0.000000
7274,0.000000
7275,0.000000
7276,0.000000
7277,0.000000
7278,0.000000
7279,0.000000
7280,0.000000
7281,0.000000
7282,0.000000
7283,0.000000
7284,0.000000
7285,0.000000
7286,0.000000
7287,0.000000
7288,0.000000
7289,0.000000
7290,0.000000
7291,0.000000
7292,0.000000
7293,0.000000
7294,0.000000
7295,0.000000
7296,0.000000
7297,0.000000
7298,0.000000
7299,0.000000
7300,0.000000
7301,0.000000
7302,0.000000
7303,0.000000
7304,0.000000
7305,0.000000
7306,0.000000
7307,0.000000
7308,0.000000
7309,0.000000
7310,0.000000
7311,0.000000
7312,0.000000
7313,0.000000
7314,0.000000
7315,0.000000
7316,0.000000
7317,0.000000
7318,0.000000
7319,0.000000
7320,0.000000
7321,0.000000
7322,0.000000
7323,0.000000
7324,0.000000
7325,0.000000
7326,0.000000
7327,0.000000
7328,0.000000
7329,0.000000
7330,0.000000
7331,0.000000
7332,0.000000
7333,0.000000
7334,0.000000
7335,0.000000
7336,0.000000
7337,0.000000
7338,0.000000
7339,0.000000
7340,0.000000
7341,0.000000
7342,0.000000
7343,0.000000
7344,0.000000
7345,0.000000
7346,0.000000
7347,0.000000
7348,0.000000
7349,0.000000
7350,0.000000
7351,0.000000
7352,0.000000
7353,0.000000
7354,0.000000
7355,0.000000
7356,0.000000
7357,0.000000
7358,0.000000
7359,0.000000
7360,0.000000
7361,0.000000
7362,0.000000
7363,0.000000
7364,0.000000
7365,0.000000
7366,0.000000
7367,0.000000
7368,0.000000
7369,0.000000
7370,0.000000
7371,0.000000
7372,0.000000
7373,0.000000
7374,0.000000
7375,0.000000
7376,0.000000
7377,0.000000
7378,0.000000
7379,0.000000
7380,0.000000
7381,0.000000
7382,0.000000
7383,0.000000
7384,0.000000
7385,0.000000
7386,0.000000
7387,0.000000
7388,0.000000
7389,0.000000
7390,0.000000
7391,0.000000
7392,0.000000
7393,0.000000
7394,0.000000
7395,0.000000
7396,0.000000
7397,0.000000
7398,0.000000
7399,0.000000
7400,0.000000
7401,0.000000
7402,0.000000
7403,0.000000
7404,0.000000
7405,0.000000
7406,0.000000
7407,0.000000
7408,0.000000
7409,0.000000
7410,0.000000
7411,0.000000
7412,0.000000
7413,0.000000
7414,0.000000
7415,0.000000
7416,0.000000
7417,0.000000
7418,0.000000
7419,0.000000
7420,0.000000
7421,0.000000
7422,0.000000
7423,0.000000
7424,0.000000
7425,0.000000
7426,0.000000
7427,0.000000
7428,0.000000
7429,0.000000
7430,0.000000
7431,0.000000
7432,0.000000
7433,0.000000
7434,0.000000
7435,0.000000
7436,0.000000
7437,0.000000
7438,0.000000
7439,0.000000
7440,0.000000
7441,0.000000
7442,0.000000
7443,0.000000
7444,0.000000
7445,0.000000
7446,0.000000
7447,0.000000
7448,0.000000
7449,0.000000
7450,0.000000
7451,0.000000
7452,0.000000
7453,0.000000
7454,0.000000
7455,0.000000
7456,0.000000
7457,0.000000
7458,0.000000
7459,0.000000
7460,0.000000
7461,0.000000
7462,0.000000
7463,0.000000
7464,0.000000
7465,0.000000
7466,0.000000
7467,0.000000
7468,0.000000
7469,0.000000
7470,0.000000
7471,0.000000
7472,0.000000
7473,0.000000
7474,0.000000
7475,0.000000
7476,0.000000
7477,0.000000
7478,0.000000
7479,0.000000
7480,0.000000
7481,0.000000
7482,0.000000
7483,0.000000
7484,0.000000
7485,0.000000
7486,0.000000
7487,0.000000
7488,0.000000
7489,0.000000
7490,0.000000
7491,0.000000
7492,0.000000
7493,0.000000
7494,0.000000
7495,0.000000
7496,0.000000
7497,0.000000
7498,0.000000
7499,0.000000
7500,0.000000
7501,0.000000
7502,0.000000
7503,0.000000
7504,0.000000
7505,0.000000
7506,0.000000
7507,0.000000
7508,0.000000
7509,0.000000
7510,0.000000
7511,0.000000
7512,0.000000
7513,0.000000
7514,0.000000
7515,0.000000
7516,0.000000
7517,0.000000
7518,0.000000
7519,0.000000
7520,0.000000
7521,0.000000
7522,0.000000
7523,0.000000
7524,0.000000
7525,0.000000
7526,0.000000
7527,0.000000
7528,0.000000
7529,0.000000
7530,0.000000
7531,0.000000
7532,0.000000
7533,0.000000
7534,0.000000
7535,0.000000
7536,0.000000
7537,0.000000
7538,0.000000
7539,0.000000
7540,0.000000
7541,0.000000
7542,0.000000
7543,0.000000
7544,0.000000
7545,0.000000
7546,0.000000
7547,0.000000
7548,0.000000
7549,0.000000
7550,0.000000
7551,0.000000
7552,0.000000
7553,0.000000
7554,0.000000
7555,0.000000
7556,0.000000
7557,0.000000
7558,0.000000
7559,0.000000
7560,0.000000
7561,0.000000
7562,0.000000
7563,0.000000
7564,0.000000
7565,0.000000
7566,0.000000
7567,0.000000
7568,0.000000
7569,0.000000
7570,0.000000
7571,0.000000
7572,0.000000
7573,0.000000
7574,0.000000
7575,0.000000
7576,0.000000
7577,0.000000
7578,0.000000
7579,0.000000
7580,0.000000
7581,0.000000
7582,0.000000
7583,0.000000
7584,0.000000
7585,0.000000
7586,0.000000
7587,0.000000
7588,0.000000
7589,0.000000
7590,0.000000
7591,0.000000
7592,0.000000
7593,0.000000
7594,0.000000
7595,0.000000
7596,0.000000
7597,0.000000
7598,0.000000
7599,0.000000
7600,0.000000
7601,0.000000
7602,0.000000
7603,0.000000
7604,0.000000
7605,0.000000
7606,0.000000
7607,0.000000
7608,0.000000
7609,0.000000
7610,0.000000
7611,0.000000
7612,0.000000
7613,0.000000
7614,0.000000
7615,0.000000
7616,0.000000
7617,0.000000
7618,0.000000
7619,0.000000
7620,0.000000
7621,0.000000
7622,0.000000
7623,0.000000
7624,0.000000
7625,0.000000
7626,0.000000
7627,0.000000
7628,0.000000
7629,0.000000
7630,0.000000
7631,0.000000
7632,0.000000
7633,0.000000
7634,0.000000
7635,0.000000
7636,0.000000
7637,0.000000
7638,0.000000
7639,0.000000
7640,0.000000
7641,0.000000
7642,0.000000
7643,0.000000
7644,0.000000
7645,0.000000
7646,0.000000
7647,0.000000
7648,0.000000
7649,0.000000
7650,0.000000
7651,0.000000
7652,0.000000
7653,0.000000
7654,0.000000
7655,0.000000
7656,0.000000
7657,0.000000
7658,0.000000
7659,0.000000
7660,0.000000
7661,0.000000
7662,0.000000
7663,0.000000
7664,0.000000
7665,0.000000
7666,0.000000
7667,0.000000
7668,0.000000
7669,0.000000
7670,0.000000
7671,0.000000
7672,0.000000
7673,0.000000
7674,0.000000
7675,0.000000
7676,0.000000
7677,0.000000
7678,0.000000
7679,0.000000
7680,0.000000
7681,0.000000
7682,0.000000
7683,0.000000
7684,0.000000
7685,0.000000
7686,0.000000
7687,0.000000
7688,0.000000
7689,0.000000
7690,0.000000
7691,0.000000
7692,0.000000
7693,0.000000
7694,0.000000
7695,0.000000
7696,0.000000
7697,0.000000
7698,0.000000
7699,0.000000
7700,0.000000
7701,0.000000
7702,0.000000
7703,0.000000
7704,0.000000
7705,0.000000
7706,0.000000
7707,0.000000
7708,0.000000
7709,0.000000
7710,0.000000
7711,0.000000
7712,0.000000
7713,0.000000
7714,0.000000
7715,0.000000
7716,0.000000
7717,0.000000
7718,0.000000
7719,0.000000
7720,0.000000
7721,0.000000
7722,0.000000
7723,0.000000
7724,0.000000
7725,0.000000
7726,0.000000
7727,0.000000
7728,0.000000
7729,0.000000
7730,0.000000
7731,0.000000
7732,0.000000
7733,0.000000
7734,0.000000
7735,0.000000
7736,0.000000
7737,0.000000
7738,0.000000
7739,0.000000
7740,0.000000
7741,0.000000
7742,0.000000
7743,0.000000
7744,0.000000
7745,0.000000
7746,0.000000
7747,0.000000
7748,0.000000
7749,0.000000
7750,0.000000
7751,0.000000
7752,0.000000
7753,0.000000
7754,0.000000
7755,0.000000
7756,0.000000
7757,0.000000
7758,0.000000
7759,0.000000
7760,0.000000
7761,0.000000
7762,0.000000
7763,0.000000
7764,0.000000
7765,0.000000
7766,0.000000
7767,0.000000
7768,0.000000
7769,0.000000
7770,0.000000
7771,0.000000
7772,0.000000
7773,0.000000
7774,0.000000
7775,0.000000
7776,0.000000
7777,0.000000
7778,0.000000
7779,0.000000
7780,0.000000
7781,0.000000
7782,0.000000
7783,0.000000
7784,0.000000
7785,0.000000
7786,0.000000
7787,0.000000
7788,0.000000
7789,0.000000
7790,0.000000
7791,0.000000
7792,0.000000
7793,0.000000
7794,0.000000
7795,0.000000
7796,0.000000
7797,0.000000
7798,0.000000
7799,0.000000
7800,0.000000
7801,0.000000
7802,0.000000
7803,0.000000
7804,0.000000
7805,0.000000
7806,0.000000
7807,0.000000
7808,0.000000
7809,0.000000
7810,0.000000
7811,0.000000
7812,0.000000
7813,0.000000
7814,0.000000
7815,0.000000
7816,0.000000
7817,0.000000
7818,0.000000
7819,0.000000
7820,0.000000
7821,0.000000
7822,0.000000
7823,0.000000
7824,0.000000
7825,0.000000
7826,0.000000
7827,0.000000
7828,0.000000
7829,0.000000
7830,0.000000
7831,0.000000
7832,0.000000
7833,0.000000
7834,0.000000
7835,0.000000
7836,0.000000
7837,0.000000
7838,0.000000
7839,0.000000
7840,0.000000
7841,0.000000
7842,0.000000
7843,0.000000
7844,0.000000
7845,0.000000
7846,0.000000
7847,0.000000
7848,0.000000
7849,0.000000
7850,0.000000
7851,0.000000
7852,0.000000
7853,0.000000
7854,0.000000
7855,0.000000
7856,0.000000
7857,0.000000
7858,0.000000
7859,0.000000
7860,0.000000
7861,0.000000
7862,0.000000
7863,0.000000
7864,0.000000
7865,0.000000
7866,0.000000
7867,0.000000
7868,0.000000
7869,0.000000
7870,0.000000
7871,0.000000
7872,0.000000
7873,0.000000
7874,0.000000
7875,0.000000
7876,0.000000
7877,0.000000
7878,0.000000
7879,0.000000
7880,0.000000
7881,0.000000
7882,0.000000
7883,0.000000
7884,0.000000
7885,0.000000
7886,0.000000
7887,0.000000
7888,0.000000
7889,0.000000
7890,0.000000
7891,0.000000
7892,0.000000
7893,0.000000
7894,0.000000
7895,0.000000
7896,0.000000
7897,0.000000
7898,0.000000
7899,0.000000
7900,0.000000
7901,0.000000
7902,0.000000
7903,0.000000
7904,0.000000
7905,0.000000
7906,0.000000
7907,0.000000
7908,0.000000
7909,0.000000
7910,0.000000
7911,0.000000
7912,0.000000
7913,0.000000
7914,0.000000
7915,0.000000
7916,0.000000
7917,0.000000
7918,0.000000
7919,0.000000
7920,0.000000
7921,0.000000
7922,0.000000
7923,0.000000
7924,0.000000
7925,0.000000
7926,0.000000
7927,0.000000
7928,0.000000
7929,0.000000
7930,0.000000
7931,0.000000
7932,0.000000
7933,0.000000
7934,0.000000
7935,0.000000
7936,0.000000
7937,0.000000
7938,0.000000
7939,0.000000
7940,0.000000
7941,0.000000
7942,0.000000
7943,0.000000
7944,0.000000
7945,0.000000
7946,0.000000
7947,0.000000
7948,0.000000
7949,0.000000
7950,0.000000
7951,0.000000
7952,0.000000
7953,0.000000
7954,0.000000
7955,0.000000
7956,0.000000
7957,0.000000
7958,0.000000
7959,0.000000
7960,0.000000
7961,0.000000
7962,0.000000
7963,0.000000
7964,0.000000
7965,0.000000
7966,0.000000
7967,0.000000
7968,0.000000
7969,0.000000
7970,0.000000
7971,0.000000
7972,0.000000
7973,0.000000
7974,0.000000
7975,0.000000
7976,0.000000
7977,0.000000
7978,0.000000
7979,0.000000
7980,0.000000
7981,0.000000
7982,0.000000
7983,0.000000
7984,0.000000
7985,0.000000
7986,0.000000
7987,0.000000
7988,0.000000
7989,0.000000
7990,0.000000
7991,0.000000
7992,0.000000
7993,0.000000
7994,0.000000
7995,0.000000
7996,0.000000
7997,0.000000
7998,0.000000
7999,0.000000
8000,0.000000
8001,0.000000
8002,0.000000
8003,0.000000
8004,0.000000
8005,0.000000
8006,0.000000
8007,0.000000
8008,0.000000
8009,0.000000
8010,0.000000
8011,0.000000
8012,0.000000
8013,0.000000
8014,0.000000
8015,0.000000
8016,0.000000
8017,0.000000
8018,0.000000
8019,0.000000
8020,0.000000
8021,0.000000
8022,0.000000
8023,0.000000
8024,0.000000
8025,0.000000
8026,0.000000
8027,0.000000
8028,0.000000
8029,0.000000
8030,0.000000
8031,0.000000
8032,0.000000
8033,0.000000
8034,0.000000
8035,0.000000
8036,0.000000
8037,0.000000
8038,0.000000
8039,0.000000
8040,0.000000
8041,0.000000
8042,0.000000
8043,0.000000
8044,0.000000
8045,0.000000
8046,0.000000
8047,0.000000
8048,0.000000
8049,0.000000
8050,0.000000
8051,0.000000
8052,0.000000
8053,0.000000
8054,0.000000
8055,0.000000
8056,0.000000
8057,0.000000
8058,0.000000
8059,0.000000
8060,0.000000
8061,0.000000
8062,0.000000
8063,0.000000
8064,0.000000
8065,0.000000
8066,0.000000
8067,0.000000
8068,0.000000
8069,0.000000
8070,0.000000
8071,0.000000
8072,0.000000
8073,0.000000
8074,0.000000
8075,0.000000
8076,0.000000
8077,0.000000
8078,0.000000
8079,0.000000
8080,0.000000
8081,0.000000
8082,0.000000
8083,0.000000
8084,0.000000
8085,0.000000
8086,0.000000
8087,0.000000
8088,0.000000
8089,0.000000
8090,0.000000
8091,0.000000
8092,0.000000
8093,0.000000
8094,0.000000
8095,0.000000
8096,0.000000
8097,0.000000
8098,0.000000
8099,0.000000
8100,0.000000
8101,0.000000
8102,0.000000
8103,0.000000
8104,0.000000
8105,0.000000
8106,0.000000
8107,0.000000
8108,0.000000
8109,0.000000
8110,0.000000
8111,0.000000
8112,0.000000
8113,0.000000
8114,0.000000
8115,0.000000
8116,0.000000
8117,0.000000
8118,0.000000
8119,0.000000
8120,0.000000
8121,0.000000
8122,0.000000
8123,0.000000
8124,0.000000
8125,0.000000
8126,0.000000
8127,0.000000
8128,0.000000
8129,0.000000
8130,0.000000
8131,0.000000
8132,0.000000
8133,0.000000
8134,0.000000
8135,0.000000
8136,0.000000
8137,0.000000
8138,0.000000
8139,0.000000
8140,0.000000
8141,0.000000
8142,0.000000
8143,0.000000
8144,0.000000
8145,0.000000
8146,0.000000
8147,0.000000
8148,0.000000
8149,0.000000
8150,0.000000
8151,0.000000
8152,0.000000
8153,0.000000
8154,0.000000
8155,0.000000
8156,0.000000
8157,0.000000
8158,0.000000
8159,0.000000
8160,0.000000
8161,0.000000
8162,0.000000
8163,0.000000
8164,0.000000
8165,0.000000
8166,0.000000
8167,0.000000
8168,0.000000
8169,0.000000
8170,0.000000
8171,0.000000
8172,0.000000
8173,0.000000
8174,0.000000
8175,0.000000
8176,0.000000
8177,0.000000
8178,0.000000
8179,0.000000
8180,0.000000
8181,0.000000
8182,0.000000
8183,0.000000
8184,0.000000
8185,0.000000
8186,0.000000
8187,0.000000
8188,0.000000
8189,0.000000
8190,0.000000
8191,0.000000
8192,0.000000
8193,0.000000
8194,0.000000
8195,0.000000
8196,0.000000
8197,0.000000
8198,0.000000
8199,0.000000
8200,0.000000
8201,0.000000
8202,0.000000
8203,0.000000
8204,0.000000
8205,0.000000
8206,0.000000
8207,0.000000
8208,0.000000
8209,0.000000
8210,0.000000
8211,0.000000
8212,0.000000
8213,0.000000
8214,0.000000
8215,0.000000
8216,0.000000
8217,0.000000
8218,0.000000
8219,0.000000
8220,0.000000
8221,0.000000
8222,0.000000
8223,0.000000
8224,0.000000
8225,0.000000
8226,0.000000
8227,0.000000
8228,0.000000
8229,0.000000
8230,0.000000
8231,0.000000
8232,0.000000
8233,0.000000
8234,0.000000
8235,0.000000
8236,0.000000
8237,0.000000
8238,0.000000
8239,0.000000
8240,0.000000
8241,0.000000
8242,0.000000
8243,0.000000
8244,0.000000
8245,0.000000
8246,0.000000
8247,0.000000
8248,0.000000
8249,0.000000
8250,0.000000
8251,0.000000
8252,0.000000
8253,0.000000
8254,0.000000
8255,0.000000
8256,0.000000
8257,0.000000
8258,0.000000
8259,0.000000
8260,0.000000
8261,0.000000
8262,0.000000
8263,0.000000
8264,0.000000
8265,0.000000
8266,0.000000
8267,0.000000
8268,0.000000
8269,0.000000
8270,0.000000
8271,0.000000
8272,0.000000
8273,0.000000
8274,0.000000
8275,0.000000
8276,0.000000
8277,0.000000
8278,0.000000
8279,0.000000
8280,0.000000
8281,0.000000
8282,0.000000
8283,0.000000
8284,0.000000
8285,0.000000
8286,0.000000
8287,0.000000
8288,0.000000
8289,0.000000
8290,0.000000
8291,0.000000
8292,0.000000
8293,0.000000
8294,0.000000
8295,0.000000
8296,0.000000
8297,0.000000
8298,0.000000
8299,0.000000
8300,0.000000
8301,0.000000
8302,0.000000
8303,0.000000
8304,0.000000
8305,0.000000
8306,0.000000
8307,0.000000
8308,0.000000
8309,0.000000
8310,0.000000
8311,0.000000
8312,0.000000
8313,0.000000
8314,0.000000
8315,0.000000
8316,0.000000
8317,0.000000
8318,0.000000
8319,0.000000
8320,0.000000
8321,0.000000
8322,0.000000
8323,0.000000
8324,0.000000
8325,0.000000
8326,0.000000
8327,0.000000
8328,0.000000
8329,0.000000
8330,0.000000
8331,0.000000
8332,0.000000
8333,0.000000
8334,0.000000
8335,0.000000
8336,0.000000
8337,0.000000
8338,0.000000
8339,0.000000
8340,0.000000
8341,0.000000
8342,0.000000
8343,0.000000
8344,0.000000
8345,0.000000
8346,0.000000
8347,0.000000
8348,0.000000
8349,0.000000
8350,0.000000
8351,0.000000
8352,0.000000
8353,0.000000
8354,0.000000
8355,0.000000
8356,0.000000
8357,0.000000
8358,0.000000
8359,0.000000
8360,0.000000
8361,0.000000
8362,0.000000
8363,0.000000
8364,0.000000
8365,0.000000
8366,0.000000
8367,0.000000
8368,0.000000
8369,0.000000
8370,0.000000
8371,0.000000
8372,0.000000
8373,0.000000
8374,0.000000
8375,0.000000
8376,0.000000
8377,0.000000
8378,0.000000
8379,0.000000
8380,0.000000
8381,0.000000
8382,0.000000
8383,0.000000
8384,0.000000
8385,0.000000
8386,0.000000
8387,0.000000
8388,0.000000
8389,0.000000
8390,0.000000
8391,0.000000
8392,0.000000
8393,0.000000
8394,0.000000
8395,0.000000
8396,0.000000
8397,0.000000
8398,0.000000
8399,0.000000
8400,0.000000
8401,0.000000
8402,0.000000
8403,0.000000
8404,0.000000
8405,0.000000
8406,0.000000
8407,0.000000
8408,0.000000
8409,0.000000
8410,0.000000
8411,0.000000
8412,0.000000
8413,0.000000
8414,0.000000
8415,0.000000
8416,0.000000
8417,0.000000
8418,0.000000
8419,0.000000
8420,0.000000
8421,0.000000
8422,0.000000
8423,0.000000
8424,0.000000
8425,0.000000
8426,0.000000
8427,0.000000
8428,0.000000
8429,0.000000
8430,0.000000
8431,0.000000
8432,0.000000
8433,0.000000
8434,0.000000
8435,0.000000
8436,0.000000
8437,0.000000
8438,0.000000
8439,0.000000
8440,0.000000
8441,0.000000
8442,0.000000
8443,0.000000
8444,0.000000
8445,0.000000
8446,0.000000
8447,0.000000
8448,0.000000
8449,0.000000
8450,0.000000
8451,0.000000
8452,0.000000
8453,0.000000
8454,0.000000
8455,0.000000
8456,0.000000
8457,0.000000
8458,0.000000
8459,0.000000
8460,0.000000
8461,0.000000
8462,0.000000
8463,0.000000
8464,0.000000
8465,0.000000
8466,0.000000
8467,0.000000
8468,0.000000
8469,0.000000
8470,0.000000
8471,0.000000
8472,0.000000
8473,0.000000
8474,0.000000
8475,0.000000
8476,0.000000
8477,0.000000
8478,0.000000
8479,0.000000
8480,0.000000
8481,0.000000
8482,0.000000
8483,0.000000
8484,0.000000
8485,0.000000
8486,0.000000
8487,0.000000
8488,0.000000
8489,0.000000
8490,0.000000
8491,0.000000
8492,0.000000
8493,0.000000
8494,0.000000
8495,0.000000
8496,0.000000
8497,0.000000
8498,0.000000
8499,0.000000
8500,0.000000
8501,0.000000
8502,0.000000
8503,0.000000
8504,0.000000
8505,0.000000
8506,0.000000
8507,0.000000
8508,0.000000
8509,0.000000
8510,0.000000
8511,0.000000
8512,0.000000
8513,0.000000
8514,0.000000
8515,0.000000
8516,0.000000
8517,0.000000
8518,0.000000
8519,0.000000
8520,0.000000
8521,0.000000
8522,0.000000
8523,0.000000
8524,0.000000
8525,0.000000
8526,0.000000
8527,0.000000
8528,0.000000
8529,0.000000
8530,0.000000
8531,0.000000
8532,0.000000
8533,0.000000
8534,0.000000
8535,0.000000
8536,0.000000
8537,0.000000
8538,0.000000
8539,0.000000
8540,0.000000
8541,0.000000
8542,0.000000
8543,0.000000
8544,0.000000
8545,0.000000
8546,0.000000
8547,0.000000
8548,0.000000
8549,0.000000
8550,0.000000
8551,0.000000
8552,0.000000
8553,0.000000
8554,0.000000
8555,0.000000
8556,0.000000
8557,0.000000
8558,0.000000
8559,0.000000
8560,0.000000
8561,0.000000
8562,0.000000
8563,0.000000
8564,0.000000
8565,0.000000
8566,0.000000
8567,0.000000
8568,0.000000
8569,0.000000
8570,0.000000
8571,0.000000
8572,0.000000
8573,0.000000
8574,0.000000
8575,0.000000
8576,0.000000
8577,0.000000
8578,0.000000
8579,0.000000
8580,0.000000
8581,0.000000
8582,0.000000
8583,0.000000
8584,0.000000
8585,0.000000
8586,0.000000
8587,0.000000
8588,0.000000
8589,0.000000
8590,0.000000
8591,0.000000
8592,0.000000
8593,0.000000
8594,0.000000
8595,0.000000
8596,0.000000
8597,0.000000
8598,0.000000
8599,0.000000
8600,0.000000
8601,0.000000
8602,0.000000
8603,0.000000
8604,0.000000
8605,0.000000
8606,0.000000
8607,0.000000
8608,0.000000
8609,0.000000
8610,0.000000
8611,0.000000
8612,0.000000
8613,0.000000
8614,0.000000
8615,0.000000
8616,0.000000
8617,0.000000
8618,0.000000
8619,0.000000
8620,0.000000
8621,0.000000
8622,0.000000
8623,0.000000
8624,0.000000
8625,0.000000
8626,0.000000
8627,0.000000
8628,0.000000
8629,0.000000
8630,0.000000
8631,0.000000
8632,0.000000
8633,0.000000
8634,0.000000
8635,0.000000
8636,0.000000
8637,0.000000
8638,0.000000
8639,0.000000
8640,0.000000
8641,0.000000
8642,0.000000
8643,0.000000
8644,0.000000
8645,0.000000
8646,0.000000
8647,0.000000
8648,0.000000
8649,0.000000
8650,0.000000
8651,0.000000
8652,0.000000
8653,0.000000
8654,0.000000
8655,0.000000
8656,0.000000
8657,0.000000
8658,0.000000
8659,0.000000
8660,0.000000
8661,0.000000
8662,0.000000
8663,0.000000
8664,0.000000
8665,0.000000
8666,0.000000
8667,0.000000
8668,0.000000
8669,0.000000
8670,0.000000
8671,0.000000
8672,0.000000
8673,0.000000
8674,0.000000
8675,0.000000
8676,0.000000
8677,0.000000
8678,0.000000
8679,0.000000
8680,0.000000
8681,0.000000
8682,0.000000
8683,0.000000
8684,0.000000
8685,0.000000
8686,0.000000
8687,0.000000
8688,0.000000
8689,0.000000
8690,0.000000
8691,0.000000
8692,0.000000
8693,0.000000
8694,0.000000
8695,0.000000
8696,0.000000
8697,0.000000
8698,0.000000
8699,0.000000
8700,0.000000
8701,0.000000
8702,0.000000
8703,0.000000
8704,0.000000
8705,0.000000
8706,0.000000
8707,0.000000
8708,0.000000
8709,0.000000
8710,0.000000
8711,0.000000
8712,0.000000
8713,0.000000
8714,0.000000
8715,0.000000
8716,0.000000
8717,0.000000
8718,0.000000
8719,0.000000
8720,0.000000
8721,0.000000
8722,0.000000
8723,0.000000
8724,0.000000
8725,0.000000
8726,0.000000
8727,0.000000
8728,0.000000
8729,0.000000
8730,0.000000
8731,0.000000
8732,0.000000
8733,0.000000
8734,0.000000
8735,0.000000
8736,0.000000
8737,0.000000
8738,0.000000
8739,0.000000
8740,0.000000
8741,0.000000
8742,0.000000
8743,0.000000
8744,0.000000
8745,0.000000
8746,0.000000
8747,0.000000
8748,0.000000
8749,0.000000
8750,0.000000
8751,0.000000
8752,0.000000
8753,0.000000
8754,0.000000
8755,0.000000
8756,0.000000
8757,0.000000
8758,0.000000
8759,0.000000
8760,0.000000
8761,0.000000
8762,0.000000
8763,0.000000
8764,0.000000
8765,0.000000
8766,0.000000
8767,0.000000
8768,0.000000
8769,0.000000
8770,0.000000
8771,0.000000
8772,0.000000
8773,0.000000
8774,0.000000
8775,0.000000
8776,0.000000
8777,0.000000
8778,0.000000
8779,0.000000
8780,0.000000
8781,0.000000
8782,0.000000
8783,0.000000
8784,0.000000
8785,0.000000
8786,0.000000
8787,0.000000
8788,0.000000
8789,0.000000
8790,0.000000
8791,0.000000
8792,0.000000
8793,0.000000
8794,0.000000
8795,0.000000
8796,0.000000
8797,0.000000
8798,0.000000
8799,0.000000
8800,0.000000
8801,0.000000
8802,0.000000
8803,0.000000
8804,0.000000
8805,0.000000
8806,0.000000
8807,0.000000
8808,0.000000
8809,0.000000
8810,0.000000
8811,0.000000
8812,0.000000
8813,0.000000
8814,0.000000
8815,0.000000
8816,0.000000
8817,0.000000
8818,0.000000
8819,0.000000
8820,0.000000
8821,0.000000
8822,0.000000
8823,0.000000
8824,0.000000
8825,0.000000
8826,0.000000
8827,0.000000
8828,0.000000
8829,0.000000
8830,0.000000
8831,0.000000
8832,0.000000
8833,0.000000
8834,0.000000
8835,0.000000
8836,0.000000
8837,0.000000
8838,0.000000
8839,0.000000
8840,0.000000
8841,0.000000
8842,0.000000
8843,0.000000
8844,0.000000
8845,0.000000
8846,0.000000
8847,0.000000
8848,0.000000
8849,0.000000
8850,0.000000
8851,0.000000
8852,0.000000
8853,0.000000
8854,0.000000
8855,0.000000
8856,0.000000
8857,0.000000
8858,0.000000
8859,0.000000
8860,0.000000
8861,0.000000
8862,0.000000
8863,0.000000
8864,0.000000
8865,0.000000
8866,0.000000
8867,0.000000
8868,0.000000
8869,0.000000
8870,0.000000
8871,0.000000
8872,0.000000
8873,0.000000
8874,0.000000
8875,0.000000
8876,0.000000
8877,0.000000
8878,0.000000
8879,0.000000
8880,0.000000
8881,0.000000
8882,0.000000
8883,0.000000
8884,0.000000
8885,0.000000
8886,0.000000
8887,0.000000
8888,0.000000
8889,0.000000
8890,0.000000
8891,0.000000
8892,0.000000
8893,0.000000
8894,0.000000
8895,0.000000
8896,0.000000
8897,0.000000
8898,0.000000
8899,0.000000
8900,0.000000
8901,0.000000
8902,0.000000
8903,0.000000
8904,0.000000
8905,0.000000
8906,0.000000
8907,0.000000
8908,0.000000
8909,0.000000
8910,0.000000
8911,0.000000
8912,0.000000
8913,0.000000
8914,0.000000
8915,0.000000
8916,0.000000
8917,0.000000
8918,0.000000
8919,0.000000
8920,0.000000
8921,0.000000
8922,0.000000
8923,0.000000
8924,0.000000
8925,0.000000
8926,0.000000
8927,0.000000
8928,0.000000
8929,0.000000
8930,0.000000
8931,0.000000
8932,0.000000
8933,0.000000
8934,0.000000
8935,0.000000
8936,0.000000
8937,0.000000
8938,0.000000
8939,0.000000
8940,0.000000
8941,0.000000
8942,0.000000
8943,0.000000
8944,0.000000
8945,0.000000
8946,0.000000
8947,0.000000
8948,0.000000
8949,0.000000
8950,0.000000
8951,0.000000
8952,0.000000
8953,0.000000
8954,0.000000
8955,0.000000
8956,0.000000
8957,0.000000
8958,0.000000
8959,0.000000
8960,0.000000
8961,0.000000
8962,0.000000
8963,0.000000
8964,0.000000
8965,0.000000
8966,0.000000
8967,0.000000
8968,0.000000
8969,0.000000
8970,0.000000
8971,0.000000
8972,0.000000
8973,0.000000
8974,0.000000
8975,0.000000
8976,0.000000
8977,0.000000
8978,0.000000
8979,0.000000
8980,0.000000
8981,0.000000
8982,0.000000
8983,0.000000
8984,0.000000
8985,0.000000
8986,0.000000
8987,0.000000
8988,0.000000
8989,0.000000
8990,0.000000
8991,0.000000
8992,0.000000
8993,0.000000
8994,0.000000
8995,0.000000
8996,0.000000
8997,0.000000
8998,0.000000
8999,0.000000
9000,0.000000
9001,0.000000
9002,0.000000
9003,0.000000
9004,0.000000
9005,0.000000
9006,0.000000
9007,0.000000
9008,0.000000
9009,0.000000
9010,0.000000
9011,0.000000
9012,0.000000
9013,0.000000
9014,0.000000
9015,0.000000
9016,0.000000
9017,0.000000
9018,0.000000
9019,0.000000
9020,0.000000
9021,0.000000
9022,0.000000
9023,0.000000
9024,0.000000
9025,0.000000
9026,0.000000
9027,0.000000
9028,0.000000
9029,0.000000
9030,0.000000
9031,0.000000
9032,0.000000
9033,0.000000
9034,0.000000
9035,0.000000
9036,0.000000
9037,0.000000
9038,0.000000
9039,0.000000
9040,0.000000
9041,0.000000
9042,0.000000
9043,0.000000
9044,0.000000
9045,0.000000
9046,0.000000
9047,0.000000
9048,0.000000
9049,0.000000
9050,0.000000
9051,0.000000
9052,0.000000
9053,0.000000
9054,0.000000
9055,0.000000
9056,0.000000
9057,0.000000
9058,0.000000
9059,0.000000
9060,0.000000
9061,0.000000
9062,0.000000
9063,0.000000
9064,0.000000
9065,0.000000
9066,0.000000
9067,0.000000
9068,0.000000
9069,0.000000
9070,0.000000
9071,0.000000
9072,0.000000
9073,0.000000
9074,0.000000
9075,0.000000
9076,0.000000
9077,0.000000
9078,0.000000
9079,0.000000
9080,0.000000
9081,0.000000
9082,0.000000
9083,0.000000
9084,0.000000
9085,0.000000
9086,0.000000
9087,0.000000
9088,0.000000
9089,0.000000
9090,0.000000
9091,0.000000
9092,0.000000
9093,0.000000
9094,0.000000
9095,0.000000
9096,0.000000
9097,0.000000
9098,0.000000
9099,0.000000
9100,0.000000
9101,0.000000
9102,0.000000
9103,0.000000
9104,0.000000
9105,0.000000
9106,0.000000
9107,0.000000
9108,0.000000
9109,0.000000
9110,0.000000
9111,0.000000
9112,0.000000
9113,0.000000
9114,0.000000
9115,0.000000
9116,0.000000
9117,0.000000
9118,0.000000
9119,0.000000
9120,0.000000
9121,0.000000
9122,0.000000
9123,0.000000
9124,0.000000
9125,0.000000
9126,0.000000
9127,0.000000
9128,0.000000
9129,0.000000
9130,0.000000
9131,0.000000
9132,0.000000
9133,0.000000
9134,0.000000
9135,0.000000
9136,0.000000
9137,0.000000
9138,0.000000
9139,0.000000
9140,0.000000
9141,0.000000
9142,0.000000
9143,0.000000
9144,0.000000
9145,0.000000
9146,0.000000
9147,0.000000
9148,0.000000
9149,0.000000
9150,0.000000
9151,0.000000
9152,0.000000
9153,0.000000
9154,0.000000
9155,0.000000
9156,0.000000
9157,0.000000
9158,0.000000
9159,0.000000
9160,0.000000
9161,0.000000
9162,0.000000
9163,0.000000
9164,0.000000
9165,0.000000
9166,0.000000
9167,0.000000
9168,0.000000
9169,0.000000
9170,0.000000
9171,0.000000
9172,0.000000
9173,0.000000
9174,0.000000
9175,0.000000
9176,0.000000
9177,0.000000
9178,0.000000
9179,0.000000
9180,0.000000
9181,0.000000
9182,0.000000
9183,0.000000
9184,0.000000
9185,0.000000
9186,0.000000
9187,0.000000
9188,0.000000
9189,0.000000
9190,0.000000
9191,0.000000
9192,0.000000
9193,0.000000
9194,0.000000
9195,0.000000
9196,0.000000
9197,0.000000
9198,0.000000
9199,0.000000
9200,0.000000
9201,0.000000
9202,0.000000
9203,0.000000
9204,0.000000
9205,0.000000
9206,0.000000
9207,0.000000
9208,0.000000
9209,0.000000
9210,0.000000
9211,0.000000
9212,0.000000
9213,0.000000
9214,0.000000
9215,0.000000
9216,0.000000
9217,0.000000
9218,0.000000
9219,0.000000
9220,0.000000
9221,0.000000
9222,0.000000
9223,0.000000
9224,0.000000
9225,0.000000
9226,0.000000
9227,0.000000
9228,0.000000
9229,0.000000
9230,0.000000
9231,0.000000
9232,0.000000
9233,0.000000
9234,0.000000
9235,0.000000
9236,0.000000
9237,0.000000
9238,0.000000
9239,0.000000
9240,0.000000
9241,0.000000
9242,0.000000
9243,0.000000
9244,0.000000
9245,0.000000
9246,0.000000
9247,0.000000
9248,0.000000
9249,0.000000
9250,0.000000
9251,0.000000
9252,0.000000
9253,0.000000
9254,0.000000
9255,0.000000
9256,0.000000
9257,0.000000
9258,0.000000
9259,0.000000
9260,0.000000
9261,0.000000
9262,0.000000
9263,0.000000
9264,0.000000
9265,0.000000
9266,0.000000
9267,0.000000
9268,0.000000
9269,0.000000
9270,0.000000
9271,0.000000
9272,0.000000
9273,0.000000
9274,0.000000
9275,0.000000
9276,0.000000
9277,0.000000
9278,0.000000
9279,0.000000
9280,0.000000
9281,0.000000
9282,0.000000
9283,0.000000
9284,0.000000
9285,0.000000
9286,0.000000
9287,0.000000
9288,0.000000
9289,0.000000
9290,0.000000
9291,0.000000
9292,0.000000
9293,0.000000
9294,0.000000
9295,0.000000
9296,0.000000
9297,0.000000
9298,0.000000
9299,0.000000
9300,0.000000
9301,0.000000
9302,0.000000
9303,0.000000
9304,0.000000
9305,0.000000
9306,0.000000
9307,0.000000
9308,0.000000
9309,0.000000
9310,0.000000
9311,0.000000
9312,0.000000
9313,0.000000
9314,0.000000
9315,0.000000
9316,0.000000
9317,0.000000
9318,0.000000
9319,0.000000
9320,0.000000
9321,0.000000
9322,0.000000
9323,0.000000
9324,0.000000
9325,0.000000
9326,0.000000
9327,0.000000
9328,0.000000
9329,0.000000
9330,0.000000
9331,0.000000
9332,0.000000
9333,0.000000
9334,0.000000
9335,0.000000
9336,0.000000
9337,0.000000
9338,0.000000
9339,0.000000
9340,0.000000
9341,0.000000
9342,0.000000
9343,0.000000
9344,0.000000
9345,0.000000
9346,0.000000
9347,0.000000
9348,0.000000
9349,0.000000
9350,0.000000
9351,0.000000
9352,0.000000
9353,0.000000
9354,0.000000
9355,0.000000
9356,0.000000
9357,0.000000
9358,0.000000
9359,0.000000
9360,0.000000
9361,0.000000
9362,0.000000
9363,0.000000
9364,0.000000
9365,0.000000
9366,0.000000
9367,0.000000
9368,0.000000
9369,0.000000
9370,0.000000
9371,0.000000
9372,0.000000
9373,0.000000
9374,0.000000
9375,0.000000
9376,0.000000
9377,0.000000
9378,0.000000
9379,0.000000
9380,0.000000
9381,0.000000
9382,0.000000
9383,0.000000
9384,0.000000
9385,0.000000
9386,0.000000
9387,0.000000
9388,0.000000
9389,0.000000
9390,0.000000
9391,0.000000
9392,0.000000
9393,0.000000
9394,0.000000
9395,0.000000
9396,0.000000
9397,0.000000
9398,0.000000
9399,0.000000
9400,0.000000
9401,0.000000
9402,0.000000
9403,0.000000
9404,0.000000
9405,0.000000
9406,0.000000
9407,0.000000
9408,0.000000
9409,0.000000
9410,0.000000
9411,0.000000
9412,0.000000
9413,0.000000
9414,0.000000
9415,0.000000
9416,0.000000
9417,0.000000
9418,0.000000
9419,0.000000
9420,0.000000
9421,0.000000
9422,0.000000
9423,0.000000
9424,0.000000
9425,0.000000
9426,0.000000
9427,0.000000
9428,0.000000
9429,0.000000
9430,0.000000
9431,0.000000
9432,0.000000
9433,0.000000
9434,0.000000
9435,0.000000
9436,0.000000
9437,0.000000
9438,0.000000
9439,0.000000
9440,0.000000
9441,0.000000
9442,0.000000
9443,0.000000
9444,0.000000
9445,0.000000
9446,0.000000
9447,0.000000
9448,0.000000
9449,0.000000
9450,0.000000
9451,0.000000
9452,0.000000
9453,0.000000
9454,0.000000
9455,0.000000
9456,0.000000
9457,0.000000
9458,0.000000
9459,0.000000
9460,0.000000
9461,0.000000
9462,0.000000
9463,0.000000
9464,0.000000
9465,0.000000
9466,0.000000
9467,0.000000
9468,0.000000
9469,0.000000
9470,0.000000
9471,0.000000
9472,0.000000
9473,0.000000
9474,0.000000
9475,0.000000
9476,0.000000
9477,0.000000
9478,0.000000
9479,0.000000
9480,0.000000
9481,0.000000
9482,0.000000
9483,0.000000
9484,0.000000
9485,0.000000
9486,0.000000
9487,0.000000
9488,0.000000
9489,0.000000
9490,0.000000
9491,0.000000
9492,0.000000
9493,0.000000
9494,0.000000
9495,0.000000
9496,0.000000
9497,0.000000
9498,0.000000
9499,0.000000
9500,0.000000
9501,0.000000
9502,0.000000
9503,0.000000
9504,0.000000
9505,0.000000
9506,0.000000
9507,0.000000
9508,0.000000
9509,0.000000
9510,0.000000
9511,0.000000
9512,0.000000
9513,0.000000
9514,0.000000
9515,0.000000
9516,0.000000
9517,0.000000
9518,0.000000
9519,0.000000
9520,0.000000
9521,0.000000
9522,0.000000
9523,0.000000
9524,0.000000
9525,0.000000
9526,0.000000
9527,0.000000
9528,0.000000
9529,0.000000
9530,0.000000
9531,0.000000
9532,0.000000
9533,0.000000
9534,0.000000
9535,0.000000
9536,0.000000
9537,0.000000
9538,0.000000
9539,0.000000
9540,0.000000
9541,0.000000
9542,0.000000
9543,0.000000
9544,0.000000
9545,0.000000
9546,0.000000
9547,0.000000
9548,0.000000
9549,0.000000
9550,0.000000
9551,0.000000
9552,0.000000
9553,0.000000
9554,0.000000
9555,0.000000
9556,0.000000
9557,0.000000
9558,0.000000
9559,0.000000
9560,0.000000
9561,0.000000
9562,0.000000
9563,0.000000
9564,0.000000
9565,0.000000
9566,0.000000
9567,0.000000
9568,0.000000
9569,0.000000
9570,0.000000
9571,0.000000
9572,0.000000
9573,0.000000
9574,0.000000
9575,0.000000
9576,0.000000
9577,0.000000
9578,0.000000
9579,0.000000
9580,0.000000
9581,0.000000
9582,0.000000
9583,0.000000
9584,0.000000
9585,0.000000
9586,0.000000
9587,0.000000
9588,0.000000
9589,0.000000
9590,0.000000
9591,0.000000
9592,0.000000
9593,0.000000
9594,0.000000
9595,0.000000
9596,0.000000
9597,0.000000
9598,0.000000
9599,0.000000
9600,0.000000
9601,0.000000
9602,0.000000
9603,0.000000
9604,0.000000
9605,0.000000
9606,0.000000
9607,0.000000
9608,0.000000
9609,0.000000
9610,0.000000
9611,0.000000
9612,0.000000
9613,0.000000
9614,0.000000
9615,0.000000
9616,0.000000
9617,0.000000
9618,0.000000
9619,0.000000
9620,0.000000
9621,0.000000
9622,0.000000
9623,0.000000
9624,0.000000
9625,0.000000
9626,0.000000
9627,0.000000
9628,0.000000
9629,0.000000
9630,0.000000
9631,0.000000
9632,0.000000
9633,0.000000
9634,0.000000
9635,0.000000
9636,0.000000
9637,0.000000
9638,0.000000
9639,0.000000
9640,0.000000
9641,0.000000
9642,0.000000
9643,0.000000
9644,0.000000
9645,0.000000
9646,0.000000
9647,0.000000
9648,0.000000
9649,0.000000
9650,0.000000
9651,0.000000
9652,0.000000
9653,0.000000
9654,0.000000
9655,0.000000
9656,0.000000
9657,0.000000
9658,0.000000
9659,0.000000
9660,0.000000
9661,0.000000
9662,0.000000
9663,0.000000
9664,0.000000
9665,0.000000
9666,0.000000
9667,0.000000
9668,0.000000
9669,0.000000
9670,0.000000
9671,0.000000
9672,0.000000
9673,0.000000
9674,0.000000
9675,0.000000
9676,0.000000
9677,0.000000
9678,0.000000
9679,0.000000
9680,0.000000
9681,0.000000
9682,0.000000
9683,0.000000
9684,0.000000
9685,0.000000
9686,0.000000
9687,0.000000
9688,0.000000
9689,0.000000
9690,0.000000
9691,0.000000
9692,0.000000
9693,0.000000
9694,0.000000
9695,0.000000
9696,0.000000
9697,0.000000
9698,0.000000
9699,0.000000
9700,0.000000
9701,0.000000
9702,0.000000
9703,0.000000
9704,0.000000
9705,0.000000
9706,0.000000
9707,0.000000
9708,0.000000
9709,0.000000
9710,0.000000
9711,0.000000
9712,0.000000
9713,0.000000
9714,0.000000
9715,0.000000
9716,0.000000
9717,0.000000
9718,0.000000
9719,0.000000
9720,0.000000
9721,0.000000
9722,0.000000
9723,0.000000
9724,0.000000
9725,0.000000
9726,0.000000
9727,0.000000
9728,0.000000
9729,0.000000
9730,0.000000
9731,0.000000
9732,0.000000
9733,0.000000
9734,0.000000
9735,0.000000
9736,0.000000
9737,0.000000
9738,0.000000
9739,0.000000
9740,0.000000
9741,0.000000
9742,0.000000
9743,0.000000
9744,0.000000
9745,0.000000
9746,0.000000
9747,0.000000
9748,0.000000
9749,0.000000
9750,0.000000
9751,0.000000
9752,0.000000
9753,0.000000
9754,0.000000
9755,0.000000
9756,0.000000
9757,0.000000
9758,0.000000
9759,0.000000
9760,0.000000
9761,0.000000
9762,0.000000
9763,0.000000
9764,0.000000
9765,0.000000
9766,0.000000
9767,0.000000
9768,0.000000
9769,0.000000
9770,0.000000
9771,0.000000
9772,0.000000
9773,0.000000
9774,0.000000
9775,0.000000
9776,0.000000
9777,0.000000
9778,0.000000
9779,0.000000
9780,0.000000
9781,0.000000
9782,0.000000
9783,0.000000
9784,0.000000
9785,0.000000
9786,0.000000
9787,0.000000
9788,0.000000
9789,0.000000
9790,0.000000
9791,0.000000
9792,0.000000
9793,0.000000
9794,0.000000
9795,0.000000
9796,0.000000
9797,0.000000
9798,0.000000
9799,0.000000
9800,0.000000
9801,0.000000
9802,0.000000
9803,0.000000
9804,0.000000
9805,0.000000
9806,0.000000
9807,0.000000
9808,0.000000
9809,0.000000
9810,0.000000
9811,0.000000
9812,0.000000
9813,0.000000
9814,0.000000
9815,0.000000
9816,0.000000
9817,0.000000
9818,0.000000
9819,0.000000
9820,0.000000
9821,0.000000
9822,0.000000
9823,0.000000
9824,0.000000
9825,0.000000
9826,0.000000
9827,0.000000
9828,0.000000
9829,0.000000
9830,0.000000
9831,0.000000
9832,0.000000
9833,0.000000
9834,0.000000
9835,0.000000
9836,0.000000
9837,0.000000
9838,0.000000
9839,0.000000
9840,0.000000
9841,0.000000
9842,0.000000
9843,0.000000
9844,0.000000
9845,0.000000
9846,0.000000
9847,0.000000
9848,0.000000
9849,0.000000
9850,0.000000
9851,0.000000
9852,0.000000
9853,0.000000
9854,0.000000
9855,0.000000
9856,0.000000
9857,0.000000
9858,0.000000
9859,0.000000
9860,0.000000
9861,0.000000
9862,0.000000
9863,0.000000
9864,0.000000
9865,0.000000
9866,0.000000
9867,0.000000
9868,0.000000
9869,0.000000
9870,0.000000
9871,0.000000
9872,0.000000
9873,0.000000
9874,0.000000
9875,0.000000
9876,0.000000
9877,0.000000
9878,0.000000
9879,0.000000
9880,0.000000
9881,0.000000
9882,0.000000
9883,0.000000
9884,0.000000
9885,0.000000
9886,0.000000
9887,0.000000
9888,0.000000
9889,0.000000
9890,0.000000
9891,0.000000
9892,0.000000
9893,0.000000
9894,0.000000
9895,0.000000
9896,0.000000
9897,0.000000
9898,0.000000
9899,0.000000
9900,0.000000
9901,0.000000
9902,0.000000
9903,0.000000
9904,0.000000
9905,0.000000
9906,0.000000
9907,0.000000
9908,0.000000
9909,0.000000
9910,0.000000
9911,0.000000
9912,0.000000
9913,0.000000
9914,0.000000
9915,0.000000
9916,0.000000
9917,0.000000
9918,0.000000
9919,0.000000
9920,0.000000
9921,0.000000
9922,0.000000
9923,0.000000
9924,0.000000
9925,0.000000
9926,0.000000
9927,0.000000
9928,0.000000
9929,0.000000
9930,0.000000
9931,0.000000
9932,0.000000
9933,0.000000
9934,0.000000
9935,0.000000
9936,0.000000
9937,0.000000
9938,0.000000
9939,0.000000
9940,0.000000
9941,0.000000
9942,0.000000
9943,0.000000
9944,0.000000
9945,0.000000
9946,0.000000
9947,0.000000
9948,0.000000
9949,0.000000
9950,0.000000
9951,0.000000
9952,0.000000
9953,0.000000
9954,0.000000
9955,0.000000
9956,0.000000
9957,0.000000
9958,0.000000
9959,0.000000
9960,0.000000
9961,0.000000
9962,0.000000
9963,0.000000
9964,0.000000
9965,0.000000
9966,0.000000
9967,0.000000
9968,0.000000
9969,0.000000
9970,0.000000
9971,0.000000
9972,0.000000
9973,0.000000
9974,0.000000
9975,0.000000
9976,0.000000
9977,0.000000
9978,0.000000
9979,0.000000
9980,0.000000
9981,0.000000
9982,0.000000
9983,0.000000
9984,0.000000
9985,0.000000
9986,0.000000
9987,0.000000
9988,0.000000
9989,0.000000
9990,0.000000
9991,0.000000
9992,0.000000
9993,0.000000
9994,0.000000
9995,0.000000
9996,0.000000
9997,0.000000
9998,0.000000
9999,0.000000
