Days,Viral Load
0,1000.000000
1,995.999939
2,992.016113
3,988.048035
4,984.095581
5,980.159424
6,976.239136
7,972.333679
8,968.444580
9,964.571106
10,960.712952
11,956.871338
12,953.046082
13,949.235657
14,945.442749
15,941.666443
16,937.906555
17,934.163452
18,930.438782
19,926.730713
20,923.041138
21,919.369202
22,915.715271
23,912.079590
24,908.463440
25,904.865173
26,901.285278
27,897.725464
28,894.183472
29,890.661255
30,887.156982
31,883.672241
32,880.205688
33,876.758667
34,873.328796
35,869.917053
36,866.524353
37,863.151001
38,859.793945
39,856.456482
40,853.133667
41,849.829285
42,846.542236
43,843.271912
44,840.018311
45,836.780334
46,833.558716
47,830.353027
48,827.162842
49,823.987854
50,820.828735
51,817.682434
52,814.551758
53,811.436584
54,808.334045
55,805.246460
56,802.171936
57,799.110535
58,796.062561
59,793.028198
60,790.007019
61,786.998047
62,784.000977
63,781.017151
64,778.045044
65,775.083679
66,772.135315
67,769.199463
68,766.274841
69,763.360291
70,760.457520
71,757.566895
72,754.685608
73,751.816833
74,748.957947
75,746.109985
76,743.271729
77,740.444580
78,737.627686
79,734.821533
80,732.024597
81,729.239502
82,726.463135
83,723.696045
84,720.940125
85,718.192627
86,715.456238
87,712.729675
88,710.011475
89,707.303833
90,704.604797
91,701.915771
92,699.235291
93,696.565247
94,693.903992
95,691.251465
96,688.610046
97,685.975525
98,683.350769
99,680.736633
100,678.130005
101,675.532654
102,672.944763
103,670.365601
104,667.794067
105,665.232971
106,662.679932
107,660.136292
108,657.602112
109,655.074951
110,652.558411
111,650.048828
112,647.549622
113,645.058350
114,642.575439
115,640.101685
116,637.636902
117,635.179993
118,632.732056
119,630.291748
120,627.860107
121,625.437561
122,623.023560
123,620.618347
124,618.221008
125,615.832214
126,613.451843
127,611.080322
128,608.715515
129,606.361023
130,604.015015
131,601.675842
132,599.346008
133,597.023621
134,594.709473
135,592.403687
136,590.106506
137,587.818909
138,585.537354
139,583.264771
140,581.000061
141,578.744751
142,576.495178
143,574.255737
144,572.023254
145,569.798889
146,567.583679
147,565.375061
148,563.175903
149,560.982849
150,558.799316
151,556.623657
152,554.455688
153,552.294861
154,550.143433
155,547.998352
156,545.862427
157,543.733643
158,541.612549
159,539.499390
160,537.393372
161,535.294434
162,533.204407
163,531.122803
164,529.047729
165,526.982361
166,524.916626
167,522.865051
168,520.819214
169,518.783875
170,516.748291
171,514.727051
172,512.705566
173,510.692291
174,508.692719
175,506.696259
176,504.705292
177,502.721375
178,500.745056
179,498.767242
180,496.797607
181,494.828094
182,492.872833
183,490.924713
184,488.978912
185,487.041656
186,485.102051
187,483.169739
188,481.251678
189,479.326996
190,477.429382
191,475.538910
192,473.655945
193,471.761353
194,469.873871
195,467.987335
196,466.114624
197,464.249207
198,462.391541
199,460.534241
200,458.692352
201,456.856659
202,455.030060
203,453.210175
204,451.395386
205,449.584778
206,447.783264
207,445.989014
208,444.201874
209,442.421875
210,440.638062
211,438.868408
212,437.105743
213,435.349335
214,433.585785
215,431.851288
216,430.109161
217,428.373657
218,426.651886
219,424.930450
220,423.231079
221,421.538940
222,419.853455
223,418.175995
224,416.503662
225,414.837585
226,413.177643
227,411.517761
228,409.855011
229,408.215271
230,406.581329
231,404.953430
232,403.332947
233,401.717682
234,400.110748
235,398.508636
236,396.912689
237,395.323364
238,393.739838
239,392.160950
240,390.584259
241,389.014618
242,387.450745
243,385.893219
244,384.339874
245,382.794800
246,381.255066
247,379.722107
248,378.193970
249,376.673065
250,375.157745
251,373.653442
252,372.149384
253,370.656555
254,369.169830
255,367.684570
256,366.203522
257,364.732269
258,363.266571
259,361.806213
260,360.353149
261,358.903809
262,357.461395
263,356.025055
264,354.592499
265,353.170349
266,351.747498
267,350.325226
268,348.904083
269,347.485443
270,346.084503
271,344.689362
272,343.300568
273,341.917603
274,340.538666
275,339.166046
276,337.797699
277,336.435364
278,335.077087
279,333.725403
280,332.379578
281,331.038269
282,329.702698
283,328.372925
284,327.047852
285,325.728271
286,324.414185
287,323.105255
288,321.800995
289,320.502502
290,319.208740
291,317.920563
292,316.634094
293,315.352448
294,314.075745
295,312.810059
296,311.544342
297,310.283295
298,309.020782
299,307.771423
300,306.530365
301,305.290283
302,304.058228
303,302.833191
304,301.612671
305,300.390289
306,299.174683
307,297.966980
308,296.766052
309,295.568573
310,294.374359
311,293.185303
312,291.990631
313,290.814819
314,289.633240
315,288.462677
316,287.298676
317,286.137268
318,284.978638
319,283.828003
320,282.680511
321,281.536041
322,280.396484
323,279.261261
324,278.130585
325,277.000214
326,275.878510
327,274.758148
328,273.646912
329,272.541687
330,271.438538
331,270.338715
332,269.247986
333,268.157684
334,267.076324
335,265.998901
336,264.918152
337,263.853210
338,262.788513
339,261.724121
340,260.668427
341,259.613220
342,258.563202
343,257.513824
344,256.472626
345,255.431992
346,254.392029
347,253.359894
348,252.335846
349,251.311356
350,250.293076
351,249.278931
352,248.268524
353,247.260513
354,246.255493
355,245.255890
356,244.263611
357,243.274384
358,242.287262
359,241.303421
360,240.325165
361,239.345413
362,238.381546
363,237.416092
364,236.460739
365,235.493301
366,234.538788
367,233.580704
368,232.627182
369,231.680679
370,230.739197
371,229.803543
372,228.870453
373,227.937164
374,227.014786
375,226.093872
376,225.175369
377,224.262161
378,223.350769
379,222.444244
380,221.538834
381,220.639221
382,219.742416
383,218.849197
384,217.963120
385,217.082169
386,216.198166
387,215.318588
388,214.448730
389,213.575500
390,212.706375
391,211.840591
392,210.976624
393,210.124191
394,209.271378
395,208.421234
396,207.580185
397,206.734543
398,205.893112
399,205.053925
400,204.219589
401,203.387497
402,202.557434
403,201.738602
404,200.922363
405,200.106812
406,199.292358
407,198.487152
408,197.681778
409,196.881119
410,196.081802
411,195.285721
412,194.491547
413,193.701218
414,192.916565
415,192.131271
416,191.349731
417,190.573242
418,189.799667
419,189.030243
420,188.262085
421,187.499268
422,186.735870
423,185.978317
424,185.222595
425,184.470245
426,183.719864
427,182.971863
428,182.228455
429,181.487488
430,180.749969
431,180.013901
432,179.279404
433,178.551743
434,177.826813
435,177.104675
436,176.384247
437,175.668671
438,174.955170
439,174.242233
440,173.532898
441,172.826630
442,172.123627
443,171.425537
444,170.727310
445,170.031113
446,169.341156
447,168.653809
448,167.966461
449,167.281158
450,166.601776
451,165.922302
452,165.250443
453,164.577103
454,163.906769
455,163.240067
456,163.678192
457,164.114502
458,164.557220
459,166.088715
460,167.621399
461,169.150299
462,170.677917
463,173.301285
464,175.903397
465,178.516678
466,181.126038
467,183.711929
468,186.285019
469,188.870728
470,191.444641
471,194.011124
472,196.567215
473,199.116898
474,201.634079
475,204.165070
476,206.663788
477,209.156357
478,213.844864
479,219.584976
480,225.331451
481,231.058975
482,237.865311
483,244.655426
484,251.355713
485,258.007263
486,264.648834
487,271.268921
488,277.946014
489,284.602020
490,292.249603
491,300.977509
492,309.765839
493,318.540009
494,327.199707
495,335.926178
496,344.620605
497,353.205170
498,362.837616
499,372.553345
500,382.152985
501,391.725311
502,401.264404
503,411.885834
504,422.455872
505,434.207703
506,445.950775
507,457.664764
508,469.362427
509,483.137756
510,496.973419
511,510.679596
512,524.392700
513,538.025024
514,551.686340
515,565.242249
516,579.912354
517,594.448364
518,608.981384
519,624.548035
520,640.053040
521,656.513428
522,674.076172
523,693.742676
524,713.256592
525,732.658569
526,752.045471
527,772.428772
528,792.737244
529,812.937683
530,832.990662
531,853.016785
532,872.885376
533,892.740295
534,913.556213
535,936.569153
536,960.494324
537,985.412231
538,1012.477112
539,1039.405518
540,1066.213379
541,1092.902954
542,1119.466675
543,1147.021851
544,1175.469116
545,1203.851929
546,1232.184692
547,1260.416870
548,1288.549072
549,1316.510620
550,1345.509277
551,1374.253418
552,1405.155396
553,1435.856445
554,1466.514893
555,1496.965332
556,1527.286011
557,1557.533569
558,1587.657349
559,1617.726807
560,1648.717163
561,1679.585449
562,1710.398193
563,1742.153320
564,1773.762085
565,1806.413208
566,1838.887451
567,1872.339966
568,1906.773438
569,1940.977051
570,1976.289917
571,2011.449585
572,2046.213867
573,2082.179443
574,2117.889893
575,2153.331055
576,2188.631592
577,2223.785645
578,2258.792236
579,2293.884277
580,2328.589600
581,2363.285645
582,2397.953125
583,2433.552490
584,2470.076172
585,2506.372314
586,2543.785400
587,2580.956055
588,2618.010010
589,2654.973633
590,2692.827393
591,2730.595459
592,2768.199463
593,2806.772949
594,2845.197510
595,2885.680420
596,2925.992432
597,2966.106445
598,3006.099609
599,3046.981201
600,3089.910156
601,3132.762451
602,3175.420410
603,3219.036377
604,3262.479004
605,3306.864014
606,3351.074707
607,3395.120605
608,3440.083496
609,3485.996826
610,3531.655029
611,3577.140869
612,3623.535645
613,3669.744629
614,3715.784668
615,3761.598877
616,3807.219727
617,3852.651855
618,3897.836426
619,3942.837402
620,3987.752930
621,4032.456543
622,4076.917236
623,4121.292480
624,4165.492188
625,4209.520996
626,4253.358398
627,4297.007324
628,4341.582031
629,4386.007812
630,4430.257324
631,4474.341309
632,4519.342285
633,4565.261230
634,4611.061523
635,4656.688477
636,4702.141113
637,4747.338867
638,4792.360840
639,4837.306152
640,4882.062988
641,4928.864258
642,4976.593750
643,5024.170410
644,5071.564941
645,5118.602539
646,5165.665527
647,5212.377930
648,5259.112305
649,5305.591797
650,5351.901855
651,5398.111328
652,5445.176758
653,5493.212402
654,5540.993164
655,5588.315918
656,5635.422852
657,5682.360352
658,5729.108398
659,5775.680176
660,5822.043457
661,5869.344727
662,5918.586914
663,5967.631836
664,6016.435547
665,6066.133301
666,6116.693359
667,6167.041016
668,6219.343262
669,6271.429688
670,6324.247070
671,6376.977051
672,6429.619141
673,6482.905273
674,6537.047363
675,6592.089355
676,6648.310059
677,6703.977539
678,6759.403809
679,6814.614258
680,6871.017578
681,6926.705566
682,6982.095703
683,7037.233398
684,7092.122559
685,7146.777832
686,7201.232422
687,7255.423828
688,7310.470703
689,7365.287598
690,7420.259277
691,7474.991211
692,7529.399414
693,7584.785645
694,7640.509277
695,7696.004883
696,7751.272949
697,7806.316895
698,7861.139648
699,7915.737305
700,7970.103027
701,8024.279785
702,8079.315430
703,8134.142578
704,8188.844727
705,8243.324219
706,8297.555664
707,8351.593750
708,8405.422852
709,8458.843750
710,8512.232422
711,8565.052734
712,8618.944336
713,8672.444336
714,8726.931641
715,8780.929688
716,8835.045898
717,8889.124023
718,8942.975586
719,8996.616211
720,9049.830078
721,9103.045898
722,9156.052734
723,9208.633789
724,9262.334961
725,9315.599609
726,9368.632812
727,9421.648438
728,9474.265625
729,9526.714844
730,9578.913086
731,9630.601562
732,9682.085938
733,9733.597656
734,9785.951172
735,9840.564453
736,9894.788086
737,9949.849609
738,10004.667969
739,10059.104492
740,10113.297852
741,10167.250977
742,10220.977539
743,10274.642578
744,10328.075195
745,10381.271484
746,10433.883789
747,10486.487305
748,10539.001953
749,10591.199219
750,10643.300781
751,10695.202148
752,10746.886719
753,10798.210938
754,10849.767578
755,10900.393555
756,10951.086914
757,11001.592773
758,11051.873047
759,11101.948242
760,11151.942383
761,11201.715820
762,11251.182617
763,11300.667969
764,11349.594727
765,11398.358398
766,11446.729492
767,11496.320312
768,11545.421875
769,11594.599609
770,11643.684570
771,11692.423828
772,11740.976562
773,11789.393555
774,11837.614258
775,11885.064453
776,11933.994141
777,11982.836914
778,12031.448242
779,12079.583008
780,12127.813477
781,12175.920898
782,12223.796875
783,12271.390625
784,12318.525391
785,12365.500977
786,12412.261719
787,12459.143555
788,12505.580078
789,12551.542969
790,12598.983398
791,12646.766602
792,12693.904297
793,12741.375000
794,12788.824219
795,12835.561523
796,12882.747070
797,12929.393555
798,12975.824219
799,13022.418945
800,13068.819336
801,13114.584961
802,13160.193359
803,13205.453125
804,13251.075195
805,13296.144531
806,13340.815430
807,13385.694336
808,13431.011719
809,13476.625000
810,13522.072266
811,13566.937500
812,13612.583008
813,13658.506836
814,13703.738281
815,13749.340820
816,13793.922852
817,13838.497070
818,13882.888672
819,13926.930664
820,13971.080078
821,14015.255859
822,14059.062500
823,14103.177734
824,14146.744141
825,14190.366211
826,14233.276367
827,14276.016602
828,14318.859375
829,14361.295898
830,14403.459961
831,14445.682617
832,14487.733398
833,14529.654297
834,14572.615234
835,14615.049805
836,14657.476562
837,14699.936523
838,14743.315430
839,14786.495117
840,14829.879883
841,14873.048828
842,14915.641602
843,14958.177734
844,15000.379883
845,15042.355469
846,15084.304688
847,15126.059570
848,15167.622070
849,15209.024414
850,15250.115234
851,15291.028320
852,15333.011719
853,15374.639648
854,15416.223633
855,15457.402344
856,15498.669922
857,15540.852539
858,15583.732422
859,15626.601562
860,15669.686523
861,15712.235352
862,15754.959961
863,15797.566406
864,15839.593750
865,15881.938477
866,15924.261719
867,15965.580078
868,16008.690430
869,16051.606445
870,16094.105469
871,16137.205078
872,16179.212891
873,16221.161133
874,16262.777344
875,16304.620117
876,16346.538086
877,16388.345703
878,16429.925781
879,16471.232422
880,16511.568359
881,16552.830078
882,16594.878906
883,16636.613281
884,16677.773438
885,16718.789062
886,16760.095703
887,16801.351562
888,16842.376953
889,16882.962891
890,16924.722656
891,16965.902344
892,17006.574219
893,17046.943359
894,17087.242188
895,17127.265625
896,17167.175781
897,17207.992188
898,17248.652344
899,17288.490234
900,17329.054688
901,17369.642578
902,17410.054688
903,17449.798828
904,17490.150391
905,17530.675781
906,17570.230469
907,17609.904297
908,17648.982422
909,17688.347656
910,17728.669922
911,17768.796875
912,17808.777344
913,17848.154297
914,17887.519531
915,17926.296875
916,17965.687500
917,18005.146484
918,18043.976562
919,18082.585938
920,18121.466797
921,18159.580078
922,18197.509766
923,18235.269531
924,18274.029297
925,18313.701172
926,18354.316406
927,18394.279297
928,18434.642578
929,18474.841797
930,18514.345703
931,18554.189453
932,18592.884766
933,18631.466797
934,18671.726562
935,18713.140625
936,18753.851562
937,18794.123047
938,18834.048828
939,18874.863281
940,18915.773438
941,18956.519531
942,18997.150391
943,19038.742188
944,19079.734375
945,19120.515625
946,19161.134766
947,19201.525391
948,19241.587891
949,19281.927734
950,19321.742188
951,19361.294922
952,19401.337891
953,19440.880859
954,19480.304688
955,19519.496094
956,19559.048828
957,19598.148438
958,19636.724609
959,19675.025391
960,19714.800781
961,19754.365234
962,19793.341797
963,19832.150391
964,19871.158203
965,19909.605469
966,19948.238281
967,19988.199219
968,20027.677734
969,20066.826172
970,20106.052734
971,20144.429688
972,20182.068359
973,20219.722656
974,20256.902344
975,20294.492188
976,20331.783203
977,20368.816406
978,20405.632812
979,20442.287109
980,20479.269531
981,20515.962891
982,20552.763672
983,20588.513672
984,20624.619141
985,20660.296875
986,20695.904297
987,20731.638672
988,20767.482422
989,20804.017578
990,20839.964844
991,20876.103516
992,20912.623047
993,20949.667969
994,20985.876953
995,21022.156250
996,21058.451172
997,21094.568359
998,21130.330078
999,21166.033203
1000,21201.400391
1001,21236.779297
1002,21271.984375
1003,21309.175781
1004,21346.164062
1005,21382.890625
1006,21420.699219
1007,21458.669922
1008,21496.230469
1009,21533.482422
1010,21571.841797
1011,21610.294922
1012,21648.628906
1013,21685.707031
1014,21723.060547
1015,21760.789062
1016,21797.156250
1017,21833.394531
1018,21871.164062
1019,21908.816406
1020,21945.839844
1021,21983.066406
1022,22020.806641
1023,22058.609375
1024,22096.644531
1025,22135.628906
1026,22174.486328
1027,22212.626953
1028,22252.314453
1029,22291.978516
1030,22331.253906
1031,22370.679688
1032,22409.240234
1033,22448.353516
1034,22487.660156
1035,22526.876953
1036,22565.712891
1037,22604.599609
1038,22643.380859
1039,22681.525391
1040,22719.666016
1041,22757.843750
1042,22795.703125
1043,22834.791016
1044,22873.990234
1045,22912.449219
1046,22951.910156
1047,22990.697266
1048,23028.789062
1049,23067.601562
1050,23106.570312
1051,23145.550781
1052,23183.449219
1053,23222.712891
1054,23261.660156
1055,23301.744141
1056,23343.611328
1057,23386.328125
1058,23430.068359
1059,23475.591797
1060,23521.572266
1061,23567.033203
1062,23612.082031
1063,23656.996094
1064,23702.779297
1065,23747.878906
1066,23792.214844
1067,23837.324219
1068,23882.054688
1069,23926.892578
1070,23973.365234
1071,24020.359375
1072,24068.261719
1073,24117.257812
1074,24166.689453
1075,24216.378906
1076,24265.738281
1077,24314.888672
1078,24363.845703
1079,24414.937500
1080,24464.974609
1081,24515.050781
1082,24566.966797
1083,24619.847656
1084,24675.167969
1085,24729.933594
1086,24784.775391
1087,24840.251953
1088,24895.500000
1089,24950.474609
1090,25006.072266
1091,25062.892578
1092,25121.513672
1093,25179.919922
1094,25239.021484
1095,25300.134766
1096,25361.175781
1097,25421.931641
1098,25482.072266
1099,25546.857422
1100,25612.183594
1101,25677.322266
1102,25744.441406
1103,25811.195312
1104,25878.873047
1105,25947.177734
1106,26015.238281
1107,26082.951172
1108,26152.703125
1109,26223.826172
1110,26294.921875
1111,26367.667969
1112,26442.914062
1113,26517.964844
1114,26594.810547
1115,26671.804688
1116,26749.345703
1117,26826.609375
1118,26902.949219
1119,26979.103516
1120,27055.894531
1121,27133.386719
1122,27210.861328
1123,27290.289062
1124,27371.642578
1125,27453.611328
1126,27534.863281
1127,27616.613281
1128,27698.671875
1129,27780.230469
1130,27862.310547
1131,27943.097656
1132,28025.054688
1133,28107.710938
1134,28191.228516
1135,28275.070312
1136,28358.941406
1137,28444.726562
1138,28529.386719
1139,28613.603516
1140,28698.845703
1141,28785.707031
1142,28873.318359
1143,28963.023438
1144,29052.744141
1145,29143.875000
1146,29234.068359
1147,29324.470703
1148,29414.140625
1149,29506.224609
1150,29598.828125
1151,29694.703125
1152,29790.554688
1153,29886.320312
1154,29981.265625
1155,30077.027344
1156,30172.404297
1157,30268.593750
1158,30363.732422
1159,30461.113281
1160,30560.810547
1161,30659.603516
1162,30759.343750
1163,30860.380859
1164,30962.648438
1165,31064.050781
1166,31166.402344
1167,31268.708984
1168,31370.955078
1169,31472.925781
1170,31576.513672
1171,31681.337891
1172,31787.056641
1173,31892.488281
1174,32001.521484
1175,32110.867188
1176,32219.281250
1177,32327.917969
1178,32437.986328
1179,32550.187500
1180,32661.765625
1181,32776.277344
1182,32891.531250
1183,33008.273438
1184,33126.511719
1185,33246.371094
1186,33366.902344
1187,33490.703125
1188,33614.457031
1189,33736.070312
1190,33857.917969
1191,33979.800781
1192,34103.312500
1193,34225.304688
1194,34350.828125
1195,34478.839844
1196,34606.605469
1197,34736.851562
1198,34868.347656
1199,34999.199219
1200,35129.781250
1201,35262.792969
1202,35396.808594
1203,35533.523438
1204,35670.710938
1205,35808.835938
1206,35947.132812
1207,36088.253906
1208,36232.414062
1209,36379.359375
1210,36526.375000
1211,36673.535156
1212,36820.917969
1213,36968.082031
1214,37116.437500
1215,37266.113281
1216,37414.691406
1217,37565.125000
1218,37715.562500
1219,37866.953125
1220,38018.144531
1221,38167.988281
1222,38319.031250
1223,38471.351562
1224,38624.253906
1225,38777.421875
1226,38932.667969
1227,39087.832031
1228,39243.539062
1229,39399.097656
1230,39553.988281
1231,39708.390625
1232,39863.089844
1233,40015.492188
1234,40168.863281
1235,40322.718750
1236,40476.578125
1237,40629.667969
1238,40784.277344
1239,40938.558594
1240,41094.589844
1241,41253.878906
1242,41412.265625
1243,41571.429688
1244,41732.910156
1245,41893.863281
1246,42056.339844
1247,42217.187500
1248,42378.539062
1249,42540.871094
1250,42703.351562
1251,42864.792969
1252,43026.246094
1253,43189.593750
1254,43353.855469
1255,43518.347656
1256,43682.410156
1257,43846.636719
1258,44010.539062
1259,44174.953125
1260,44340.605469
1261,44506.792969
1262,44672.585938
1263,44839.050781
1264,45004.214844
1265,45170.277344
1266,45336.140625
1267,45504.554688
1268,45673.984375
1269,45845.203125
1270,46018.601562
1271,46189.968750
1272,46361.976562
1273,46536.593750
1274,46711.414062
1275,46886.105469
1276,47060.078125
1277,47232.835938
1278,47410.476562
1279,47586.839844
1280,47763.578125
1281,47940.253906
1282,48121.003906
1283,48301.777344
1284,48481.812500
1285,48663.691406
1286,48846.671875
1287,49029.828125
1288,49212.800781
1289,49394.875000
1290,49576.425781
1291,49759.363281
1292,49942.644531
1293,50129.773438
1294,50317.164062
1295,50507.082031
1296,50696.316406
1297,50886.203125
1298,51075.179688
1299,51263.152344
1300,51452.687500
1301,51642.472656
1302,51831.886719
1303,52021.164062
1304,52211.078125
1305,52404.437500
1306,52597.453125
1307,52793.195312
1308,52991.132812
1309,53191.992188
1310,53393.878906
1311,53595.187500
1312,53797.566406
1313,53998.464844
1314,54199.394531
1315,54399.769531
1316,54599.750000
1317,54799.523438
1318,55000.417969
1319,55201.933594
1320,55404.984375
1321,55607.863281
1322,55810.207031
1323,56012.984375
1324,56216.289062
1325,56417.953125
1326,56619.226562
1327,56822.636719
1328,57025.820312
1329,57227.195312
1330,57428.042969
1331,57628.359375
1332,57828.832031
1333,58029.710938
1334,58230.988281
1335,58434.003906
1336,58636.984375
1337,58839.066406
1338,59040.382812
1339,59241.460938
1340,59441.804688
1341,59644.464844
1342,59846.968750
1343,60054.679688
1344,60260.062500
1345,60466.187500
1346,60673.726562
1347,60881.976562
1348,61090.121094
1349,61297.597656
1350,61506.675781
1351,61716.378906
1352,61924.085938
1353,62133.449219
1354,62340.839844
1355,62547.804688
1356,62753.652344
1357,62958.980469
1358,63161.964844
1359,63365.488281
1360,63568.277344
1361,63770.953125
1362,63972.472656
1363,64176.593750
1364,64380.996094
1365,64590.148438
1366,64797.351562
1367,65003.847656
1368,65210.414062
1369,65417.390625
1370,65624.031250
1371,65832.187500
1372,66040.625000
1373,66248.742188
1374,66455.500000
1375,66661.312500
1376,66867.062500
1377,67072.109375
1378,67279.023438
1379,67484.945312
1380,67691.507812
1381,67895.273438
1382,68100.367188
1383,68305.429688
1384,68508.906250
1385,68711.492188
1386,68913.359375
1387,69114.562500
1388,69318.203125
1389,69519.710938
1390,69720.343750
1391,69921.289062
1392,70124.234375
1393,70326.273438
1394,70525.843750
1395,70724.351562
1396,70922.601562
1397,71119.351562
1398,71319.445312
1399,71519.351562
1400,71719.914062
1401,71917.250000
1402,72114.148438
1403,72310.968750
1404,72510.242188
1405,72710.312500
1406,72909.406250
1407,73106.593750
1408,73305.453125
1409,73503.578125
1410,73700.257812
1411,73897.179688
1412,74095.023438
1413,74288.242188
1414,74483.953125
1415,74680.398438
1416,74880.695312
1417,75080.945312
1418,75282.156250
1419,75483.500000
1420,75684.484375
1421,75886.234375
1422,76084.820312
1423,76283.054688
1424,76479.164062
1425,76675.804688
1426,76874.250000
1427,77070.585938
1428,77265.937500
1429,77458.671875
1430,77649.421875
1431,77841.187500
1432,78033.250000
1433,78226.906250
1434,78419.828125
1435,78611.343750
1436,78802.656250
1437,78993.664062
1438,79183.882812
1439,79373.710938
1440,79561.468750
1441,79748.187500
1442,79932.921875
1443,80118.570312
1444,80303.117188
1445,80489.828125
1446,80676.976562
1447,80863.484375
1448,81049.898438
1449,81236.546875
1450,81423.789062
1451,81612.000000
1452,81799.984375
1453,81987.093750
1454,82175.656250
1455,82364.695312
1456,82552.929688
1457,82740.406250
1458,82926.695312
1459,83111.687500
1460,83297.773438
1461,83482.328125
1462,83667.460938
1463,83852.328125
1464,84034.703125
1465,84219.164062
1466,84403.320312
1467,84587.148438
1468,84770.085938
1469,84953.148438
1470,85135.421875
1471,85317.578125
1472,85497.875000
1473,85676.703125
1474,85856.562500
1475,86034.179688
1476,86214.140625
1477,86394.437500
1478,86573.085938
1479,86749.742188
1480,86923.750000
1481,87098.210938
1482,87270.781250
1483,87444.710938
1484,87618.929688
1485,87792.921875
1486,87966.960938
1487,88141.867188
1488,88319.351562
1489,88493.828125
1490,88669.289062
1491,88842.007812
1492,89014.195312
1493,89186.843750
1494,89356.546875
1495,89527.835938
1496,89698.695312
1497,89868.523438
1498,90037.398438
1499,90201.148438
1500,90367.812500
1501,90534.984375
1502,90703.000000
1503,90868.203125
1504,91033.429688
1505,91197.992188
1506,91364.257812
1507,91527.765625
1508,91692.992188
1509,91858.085938
1510,92024.554688
1511,92188.421875
1512,92350.843750
1513,92517.281250
1514,92680.859375
1515,92844.328125
1516,93006.453125
1517,93169.390625
1518,93330.726562
1519,93491.250000
1520,93650.484375
1521,93810.625000
1522,93970.484375
1523,94132.476562
1524,94296.257812
1525,94460.085938
1526,94622.554688
1527,94785.156250
1528,94947.335938
1529,95112.132812
1530,95273.937500
1531,95434.937500
1532,95596.117188
1533,95757.695312
1534,95921.000000
1535,96084.203125
1536,96247.187500
1537,96409.843750
1538,96572.906250
1539,96735.109375
1540,96898.562500
1541,97060.585938
1542,97218.531250
1543,97378.437500
1544,97540.843750
1545,97702.796875
1546,97864.992188
1547,98027.429688
1548,98190.039062
1549,98353.960938
1550,98517.078125
1551,98679.015625
1552,98841.960938
1553,99007.656250
1554,99176.914062
1555,99342.640625
1556,99511.132812
1557,99679.226562
1558,99847.218750
1559,100015.500000
1560,100183.890625
1561,100349.078125
1562,100515.875000
1563,100683.765625
1564,100853.484375
1565,101023.726562
1566,101191.132812
1567,101357.445312
1568,101522.398438
1569,101686.367188
1570,101850.710938
1571,102016.375000
1572,102178.726562
1573,102340.062500
1574,102501.648438
1575,102663.148438
1576,102822.625000
1577,102980.687500
1578,103139.007812
1579,103298.523438
1580,103458.210938
1581,103619.250000
1582,103776.960938
1583,103935.328125
1584,104092.359375
1585,104248.414062
1586,104402.609375
1587,104557.140625
1588,104710.750000
1589,104863.328125
1590,105017.671875
1591,105172.148438
1592,105325.585938
1593,105478.218750
1594,105629.210938
1595,105780.164062
1596,105927.640625
1597,106076.085938
1598,106225.320312
1599,106373.953125
1600,106520.929688
1601,106668.242188
1602,106814.093750
1603,106961.007812
1604,107102.640625
1605,107244.476562
1606,107387.335938
1607,107528.929688
1608,107670.546875
1609,107813.484375
1610,107955.007812
1611,108096.390625
1612,108236.562500
1613,108377.359375
1614,108516.007812
1615,108653.398438
1616,108791.210938
1617,108929.585938
1618,109068.804688
1619,109206.429688
1620,109345.695312
1621,109484.789062
1622,109624.328125
1623,109765.476562
1624,109903.945312
1625,110042.507812
1626,110183.492188
1627,110324.976562
1628,110464.429688
1629,110604.984375
1630,110746.000000
1631,110884.406250
1632,111024.906250
1633,111164.726562
1634,111305.476562
1635,111446.093750
1636,111584.554688
1637,111723.781250
1638,111863.437500
1639,112003.015625
1640,112143.421875
1641,112282.640625
1642,112421.375000
1643,112559.804688
1644,112699.164062
1645,112836.445312
1646,112972.039062
1647,113109.273438
1648,113246.968750
1649,113383.085938
1650,113520.843750
1651,113657.445312
1652,113792.953125
1653,113929.671875
1654,114066.515625
1655,114202.656250
1656,114339.515625
1657,114474.343750
1658,114611.328125
1659,114749.843750
1660,114887.304688
1661,115021.953125
1662,115156.750000
1663,115290.804688
1664,115425.515625
1665,115559.109375
1666,115693.828125
1667,115827.601562
1668,115962.125000
1669,116095.882812
1670,116232.914062
1671,116370.257812
1672,116507.992188
1673,116644.914062
1674,116781.218750
1675,116917.796875
1676,117051.968750
1677,117187.875000
1678,117324.335938
1679,117459.289062
1680,117591.984375
1681,117724.351562
1682,117858.460938
1683,117992.320312
1684,118124.375000
1685,118254.265625
1686,118385.343750
1687,118514.468750
1688,118645.757812
1689,118776.593750
1690,118907.820312
1691,119040.812500
1692,119172.742188
1693,119304.148438
1694,119434.710938
1695,119566.492188
1696,119696.703125
1697,119828.046875
1698,119956.765625
1699,120085.757812
1700,120214.093750
1701,120343.835938
1702,120473.968750
1703,120603.375000
1704,120734.875000
1705,120865.820312
1706,120996.656250
1707,121128.968750
1708,121260.406250
1709,121391.539062
1710,121521.515625
1711,121651.796875
1712,121780.593750
1713,121911.703125
1714,122040.453125
1715,122168.953125
1716,122298.343750
1717,122426.734375
1718,122556.554688
1719,122683.226562
1720,122814.062500
1721,122944.914062
1722,123073.937500
1723,123203.257812
1724,123329.484375
1725,123455.859375
1726,123580.625000
1727,123705.960938
1728,123829.109375
1729,123953.718750
1730,124079.132812
1731,124204.390625
1732,124329.773438
1733,124454.757812
1734,124579.312500
1735,124704.000000
1736,124830.054688
1737,124951.039062
1738,125070.132812
1739,125187.203125
1740,125303.992188
1741,125420.187500
1742,125537.304688
1743,125653.320312
1744,125770.312500
1745,125887.031250
1746,126004.171875
1747,126120.265625
1748,126237.273438
1749,126354.554688
1750,126472.406250
1751,126589.820312
1752,126707.687500
1753,126825.343750
1754,126942.945312
1755,127059.617188
1756,127174.492188
1757,127289.429688
1758,127405.656250
1759,127520.007812
1760,127634.171875
1761,127749.359375
1762,127862.343750
1763,127976.117188
1764,128090.054688
1765,128204.757812
1766,128318.453125
1767,128432.523438
1768,128548.406250
1769,128662.125000
1770,128777.156250
1771,128891.226562
1772,129005.843750
1773,129120.609375
1774,129235.375000
1775,129348.398438
1776,129462.414062
1777,129576.914062
1778,129690.867188
1779,129804.335938
1780,129917.429688
1781,130029.718750
1782,130141.007812
1783,130253.757812
1784,130365.890625
1785,130479.000000
1786,130591.828125
1787,130701.906250
1788,130811.554688
1789,130921.750000
1790,131033.289062
1791,131145.687500
1792,131256.390625
1793,131362.859375
1794,131469.156250
1795,131575.640625
1796,131680.734375
1797,131786.921875
1798,131892.343750
1799,131998.140625
1800,132104.046875
1801,132208.765625
1802,132313.265625
1803,132419.453125
1804,132524.437500
1805,132630.812500
1806,132736.765625
1807,132843.609375
1808,132949.578125
1809,133054.562500
1810,133160.031250
1811,133266.109375
1812,133369.750000
1813,133472.187500
1814,133575.750000
1815,133678.875000
1816,133781.906250
1817,133882.875000
1818,133983.687500
1819,134083.968750
1820,134184.718750
1821,134286.390625
1822,134385.937500
1823,134483.500000
1824,134584.343750
1825,134685.468750
1826,134783.062500
1827,134882.968750
1828,134981.937500
1829,135079.609375
1830,135177.125000
1831,135275.437500
1832,135373.468750
1833,135471.500000
1834,135570.171875
1835,135666.640625
1836,135762.078125
1837,135860.312500
1838,135959.250000
1839,136057.125000
1840,136158.734375
1841,136259.109375
1842,136360.218750
1843,136462.421875
1844,136564.437500
1845,136661.953125
1846,136761.015625
1847,136863.000000
1848,136961.921875
1849,137062.984375
1850,137160.734375
1851,137259.062500
1852,137358.437500
1853,137456.734375
1854,137556.750000
1855,137653.296875
1856,137748.781250
1857,137845.484375
1858,137943.843750
1859,138040.796875
1860,138137.562500
1861,138233.828125
1862,138330.015625
1863,138427.875000
1864,138523.203125
1865,138617.234375
1866,138712.156250
1867,138805.921875
1868,138903.890625
1869,139000.640625
1870,139096.500000
1871,139192.937500
1872,139292.359375
1873,139390.531250
1874,139487.000000
1875,139586.875000
1876,139685.453125
1877,139779.515625
1878,139876.921875
1879,139971.531250
1880,140067.656250
1881,140163.562500
1882,140257.828125
1883,140352.218750
1884,140449.640625
1885,140549.015625
1886,140643.468750
1887,140740.156250
1888,140833.843750
1889,140927.765625
1890,141020.421875
1891,141115.531250
1892,141207.937500
1893,141303.921875
1894,141396.000000
1895,141487.765625
1896,141581.437500
1897,141674.921875
1898,141768.796875
1899,141862.468750
1900,141955.468750
1901,142049.031250
1902,142142.671875
1903,142241.031250
1904,142338.937500
1905,142432.906250
1906,142527.250000
1907,142620.765625
1908,142716.359375
1909,142813.234375
1910,142910.734375
1911,143008.218750
1912,143105.000000
1913,143200.546875
1914,143295.796875
1915,143393.984375
1916,143491.156250
1917,143589.703125
1918,143686.140625
1919,143781.500000
1920,143877.234375
1921,143971.734375
1922,144065.281250
1923,144161.140625
1924,144255.843750
1925,144349.234375
1926,144441.312500
1927,144533.218750
1928,144625.625000
1929,144719.984375
1930,144814.078125
1931,144907.031250
1932,144996.968750
1933,145087.734375
1934,145179.031250
1935,145270.406250
1936,145361.343750
1937,145455.906250
1938,145547.359375
1939,145638.921875
1940,145731.390625
1941,145822.875000
1942,145917.046875
1943,146013.531250
1944,146109.968750
1945,146203.890625
1946,146297.046875
1947,146390.359375
1948,146481.656250
1949,146571.812500
1950,146661.375000
1951,146752.296875
1952,146840.281250
1953,146927.109375
1954,147012.437500
1955,147093.156250
1956,147174.609375
1957,147255.906250
1958,147335.312500
1959,147413.515625
1960,147493.812500
1961,147574.062500
1962,147652.546875
1963,147730.859375
1964,147808.328125
1965,147886.937500
1966,147963.062500
1967,148040.203125
1968,148117.343750
1969,148194.421875
1970,148270.375000
1971,148348.203125
1972,148425.875000
1973,148503.375000
1974,148580.593750
1975,148654.031250
1976,148729.250000
1977,148801.718750
1978,148873.843750
1979,148946.625000
1980,149017.234375
1981,149087.640625
1982,149156.937500
1983,149229.562500
1984,149300.000000
1985,149369.531250
1986,149438.281250
1987,149509.875000
1988,149586.718750
1989,149661.265625
1990,149733.484375
1991,149802.703125
1992,149873.328125
1993,149939.875000
1994,150008.375000
1995,150075.171875
1996,150137.406250
1997,150201.281250
1998,150268.250000
1999,150330.734375
2000,150390.531250
2001,150451.187500
2002,150509.890625
2003,150568.140625
2004,150627.656250
2005,150682.203125
2006,150738.968750
2007,150795.875000
2008,150848.984375
2009,150903.671875
2010,150958.515625
2011,151011.609375
2012,151064.687500
2013,151119.687500
2014,151170.687500
2015,151220.078125
2016,151266.359375
2017,151314.140625
2018,151361.484375
2019,151406.734375
2020,151448.906250
2021,151490.796875
2022,151534.703125
2023,151576.906250
2024,151617.343750
2025,151658.078125
2026,151696.875000
2027,151735.843750
2028,151775.390625
2029,151817.906250
2030,151858.515625
2031,151898.968750
2032,151938.359375
2033,151976.750000
2034,152015.390625
2035,152052.187500
2036,152087.109375
2037,152123.453125
2038,152158.812500
2039,152192.796875
2040,152222.875000
2041,152250.546875
2042,152277.703125
2043,152306.906250
2044,152332.359375
2045,152357.593750
2046,152381.000000
2047,152404.359375
2048,152430.281250
2049,152456.281250
2050,152480.031250
2051,152504.421875
2052,152526.687500
2053,152547.937500
2054,152572.984375
2055,152599.984375
2056,152629.890625
2057,152655.421875
2058,152685.046875
2059,152711.937500
2060,152742.812500
2061,152773.171875
2062,152800.390625
2063,152826.265625
2064,152851.250000
2065,152873.453125
2066,152894.328125
2067,152915.109375
2068,152935.484375
2069,152956.531250
2070,152972.921875
2071,152990.328125
2072,153005.921875
2073,153020.640625
2074,153035.218750
2075,153048.937500
2076,153065.156250
2077,153079.406250
2078,153089.093750
2079,153100.078125
2080,153112.281250
2081,153123.906250
2082,153134.109375
2083,153143.109375
2084,153147.687500
2085,153151.765625
2086,153159.765625
2087,153166.406250
2088,153170.234375
2089,153180.093750
2090,153187.375000
2091,153195.359375
2092,153204.125000
2093,153206.390625
2094,153209.828125
2095,153212.093750
2096,153214.687500
2097,153214.171875
2098,153211.437500
2099,153210.375000
2100,153205.328125
2101,153198.453125
2102,153193.609375
2103,153185.703125
2104,153175.453125
2105,153168.328125
2106,153161.265625
2107,153152.500000
2108,153142.625000
2109,153130.625000
2110,153119.406250
2111,153109.046875
2112,153098.703125
2113,153089.734375
2114,153075.468750
2115,153058.593750
2116,153040.234375
2117,153017.859375
2118,152991.171875
2119,152966.078125
2120,152939.015625
2121,152910.078125
2122,152881.343750
2123,152847.875000
2124,152814.328125
2125,152783.062500
2126,152750.437500
2127,152714.812500
2128,152678.437500
2129,152643.187500
2130,152605.859375
2131,152564.250000
2132,152520.437500
2133,152476.828125
2134,152433.046875
2135,152390.328125
2136,152346.671875
2137,152303.250000
2138,152256.468750
2139,152213.125000
2140,152166.406250
2141,152122.109375
2142,152076.046875
2143,152028.203125
2144,151978.781250
2145,151936.156250
2146,151892.000000
2147,151848.171875
2148,151801.187500
2149,151755.218750
2150,151707.500000
2151,151659.593750
2152,151611.750000
2153,151563.703125
2154,151516.171875
2155,151469.546875
2156,151424.875000
2157,151379.234375
2158,151332.062500
2159,151283.656250
2160,151230.968750
2161,151176.640625
2162,151120.421875
2163,151066.171875
2164,151011.343750
2165,150953.156250
2166,150894.421875
2167,150838.656250
2168,150779.906250
2169,150721.984375
2170,150664.468750
2171,150609.906250
2172,150552.156250
2173,150495.125000
2174,150434.906250
2175,150374.062500
2176,150311.796875
2177,150249.093750
2178,150186.343750
2179,150124.078125
2180,150060.000000
2181,149994.906250
2182,149928.812500
2183,149867.000000
2184,149803.078125
2185,149737.906250
2186,149673.406250
2187,149607.156250
2188,149539.203125
2189,149470.234375
2190,149398.156250
2191,149329.125000
2192,149260.046875
2193,149195.515625
2194,149125.593750
2195,149054.375000
2196,148980.984375
2197,148906.531250
2198,148830.781250
2199,148756.453125
2200,148680.687500
2201,148601.375000
2202,148522.000000
2203,148443.515625
2204,148368.484375
2205,148293.984375
2206,148220.234375
2207,148141.671875
2208,148066.750000
2209,147991.734375
2210,147918.781250
2211,147844.296875
2212,147769.375000
2213,147692.765625
2214,147615.531250
2215,147538.171875
2216,147460.843750
2217,147381.984375
2218,147302.468750
2219,147221.656250
2220,147143.468750
2221,147063.984375
2222,146987.359375
2223,146909.187500
2224,146831.171875
2225,146754.953125
2226,146674.375000
2227,146590.390625
2228,146500.828125
2229,146413.718750
2230,146322.984375
2231,146232.187500
2232,146143.234375
2233,146055.468750
2234,145968.609375
2235,145882.984375
2236,145791.578125
2237,145700.046875
2238,145607.062500
2239,145515.406250
2240,145423.593750
2241,145333.328125
2242,145241.750000
2243,145150.421875
2244,145057.375000
2245,144964.921875
2246,144867.671875
2247,144770.187500
2248,144671.359375
2249,144570.937500
2250,144472.093750
2251,144373.437500
2252,144273.531250
2253,144171.453125
2254,144066.421875
2255,143960.890625
2256,143855.421875
2257,143750.343750
2258,143646.203125
2259,143543.796875
2260,143438.437500
2261,143333.484375
2262,143228.218750
2263,143123.375000
2264,143019.843750
2265,142915.515625
2266,142812.000000
2267,142709.359375
2268,142605.421875
2269,142502.171875
2270,142400.515625
2271,142296.609375
2272,142192.578125
2273,142089.500000
2274,141987.140625
2275,141882.187500
2276,141781.109375
2277,141681.250000
2278,141577.734375
2279,141474.234375
2280,141368.187500
2281,141264.312500
2282,141160.390625
2283,141055.968750
2284,140949.921875
2285,140843.625000
2286,140738.562500
2287,140632.000000
2288,140524.562500
2289,140419.125000
2290,140316.328125
2291,140215.656250
2292,140112.656250
2293,140009.328125
2294,139904.171875
2295,139797.578125
2296,139689.531250
2297,139583.000000
2298,139471.718750
2299,139359.812500
2300,139245.109375
2301,139131.890625
2302,139021.218750
2303,138908.656250
2304,138799.093750
2305,138687.250000
2306,138577.390625
2307,138465.531250
2308,138354.437500
2309,138243.125000
2310,138130.359375
2311,138016.093750
2312,137899.531250
2313,137780.187500
2314,137662.515625
2315,137547.062500
2316,137430.984375
2317,137313.812500
2318,137196.484375
2319,137078.593750
2320,136961.875000
2321,136841.218750
2322,136721.343750
2323,136600.734375
2324,136479.265625
2325,136354.031250
2326,136231.609375
2327,136110.406250
2328,135989.250000
2329,135870.140625
2330,135749.984375
2331,135631.109375
2332,135509.781250
2333,135392.015625
2334,135272.250000
2335,135153.250000
2336,135032.343750
2337,134912.609375
2338,134790.593750
2339,134670.687500
2340,134552.890625
2341,134434.343750
2342,134315.796875
2343,134198.046875
2344,134078.140625
2345,133959.406250
2346,133841.250000
2347,133723.453125
2348,133606.750000
2349,133492.109375
2350,133377.078125
2351,133263.406250
2352,133144.890625
2353,133031.953125
2354,132916.203125
2355,132804.531250
2356,132689.781250
2357,132575.265625
2358,132460.968750
2359,132346.046875
2360,132230.640625
2361,132115.046875
2362,132000.015625
2363,131886.937500
2364,131776.687500
2365,131663.890625
2366,131551.250000
2367,131439.921875
2368,131327.062500
2369,131211.859375
2370,131097.484375
2371,130984.515625
2372,130869.500000
2373,130754.562500
2374,130642.203125
2375,130527.437500
2376,130415.054688
2377,130304.039062
2378,130195.789062
2379,130081.656250
2380,129970.601562
2381,129859.250000
2382,129742.203125
2383,129628.664062
2384,129514.984375
2385,129403.031250
2386,129286.554688
2387,129174.632812
2388,129064.062500
2389,128949.796875
2390,128838.468750
2391,128728.750000
2392,128619.085938
2393,128506.781250
2394,128394.429688
2395,128281.132812
2396,128166.234375
2397,128049.429688
2398,127934.898438
2399,127821.781250
2400,127707.492188
2401,127595.179688
2402,127482.328125
2403,127370.414062
2404,127256.320312
2405,127144.335938
2406,127032.093750
2407,126920.992188
2408,126807.937500
2409,126696.000000
2410,126583.632812
2411,126471.320312
2412,126357.742188
2413,126241.835938
2414,126126.578125
2415,126007.937500
2416,125892.914062
2417,125778.218750
2418,125665.476562
2419,125551.031250
2420,125438.023438
2421,125324.953125
2422,125209.390625
2423,125094.320312
2424,124980.812500
2425,124868.726562
2426,124758.101562
2427,124644.656250
2428,124532.445312
2429,124422.421875
2430,124313.351562
2431,124204.281250
2432,124095.718750
2433,123987.101562
2434,123874.890625
2435,123764.195312
2436,123653.593750
2437,123544.085938
2438,123432.640625
2439,123321.984375
2440,123209.914062
2441,123093.156250
2442,122981.226562
2443,122867.570312
2444,122752.804688
2445,122641.585938
2446,122531.898438
2447,122424.359375
2448,122316.929688
2449,122208.039062
2450,122099.453125
2451,121988.953125
2452,121878.515625
2453,121768.804688
2454,121661.695312
2455,121553.375000
2456,121445.820312
2457,121335.632812
2458,121225.843750
2459,121115.265625
2460,121005.234375
2461,120894.179688
2462,120782.171875
2463,120673.921875
2464,120564.187500
2465,120455.687500
2466,120345.125000
2467,120234.351562
2468,120125.632812
2469,120016.414062
2470,119908.828125
2471,119802.812500
2472,119696.976562
2473,119591.007812
2474,119487.382812
2475,119384.578125
2476,119281.148438
2477,119176.828125
2478,119072.101562
2479,118967.679688
2480,118862.117188
2481,118757.781250
2482,118652.406250
2483,118545.226562
2484,118435.960938
2485,118328.476562
2486,118219.750000
2487,118112.625000
2488,118006.515625
2489,117898.523438
2490,117789.257812
2491,117681.156250
2492,117575.296875
2493,117466.109375
2494,117357.992188
2495,117247.671875
2496,117138.085938
2497,117029.531250
2498,116921.046875
2499,116809.671875
2500,116699.429688
2501,116591.382812
2502,116484.656250
2503,116377.500000
2504,116270.390625
2505,116162.734375
2506,116055.742188
2507,115947.593750
2508,115841.179688
2509,115735.281250
2510,115629.968750
2511,115525.460938
2512,115420.695312
2513,115318.148438
2514,115214.117188
2515,115109.968750
2516,115006.750000
2517,114905.437500
2518,114802.023438
2519,114696.101562
2520,114595.312500
2521,114492.929688
2522,114394.921875
2523,114295.484375
2524,114195.632812
2525,114095.070312
2526,113998.601562
2527,113898.984375
2528,113800.453125
2529,113703.242188
2530,113607.195312
2531,113505.781250
2532,113409.617188
2533,113311.710938
2534,113213.671875
2535,113116.453125
2536,113015.812500
2537,112914.468750
2538,112812.203125
2539,112711.617188
2540,112613.078125
2541,112513.835938
2542,112416.437500
2543,112318.015625
2544,112222.617188
2545,112123.484375
2546,112027.742188
2547,111931.507812
2548,111834.609375
2549,111737.820312
2550,111637.390625
2551,111535.835938
2552,111434.140625
2553,111330.976562
2554,111229.429688
2555,111127.179688
2556,111023.429688
2557,110919.343750
2558,110813.078125
2559,110708.054688
2560,110602.382812
2561,110503.875000
2562,110399.953125
2563,110297.101562
2564,110192.585938
2565,110092.382812
2566,109986.671875
2567,109884.898438
2568,109779.000000
2569,109675.421875
2570,109574.164062
2571,109468.500000
2572,109364.960938
2573,109262.929688
2574,109160.117188
2575,109063.593750
2576,108962.328125
2577,108861.187500
2578,108759.140625
2579,108658.312500
2580,108555.703125
2581,108456.093750
2582,108355.648438
2583,108254.437500
2584,108156.179688
2585,108061.695312
2586,107963.023438
2587,107865.992188
2588,107768.945312
2589,107675.437500
2590,107583.515625
2591,107491.804688
2592,107398.546875
2593,107304.531250
2594,107210.500000
2595,107115.609375
2596,107020.195312
2597,106923.929688
2598,106831.187500
2599,106736.085938
2600,106642.445312
2601,106546.171875
2602,106457.406250
2603,106366.851562
2604,106276.445312
2605,106187.726562
2606,106098.648438
2607,106009.554688
2608,105920.312500
2609,105831.210938
2610,105742.914062
2611,105653.070312
2612,105564.601562
2613,105479.937500
2614,105394.523438
2615,105308.109375
2616,105220.882812
2617,105133.171875
2618,105046.609375
2619,104961.937500
2620,104874.671875
2621,104788.992188
2622,104699.101562
2623,104610.523438
2624,104522.382812
2625,104433.765625
2626,104343.796875
2627,104253.773438
2628,104164.648438
2629,104076.570312
2630,103988.515625
2631,103902.718750
2632,103816.250000
2633,103729.601562
2634,103642.710938
2635,103558.375000
2636,103473.601562
2637,103388.476562
2638,103305.625000
2639,103218.437500
2640,103131.539062
2641,103047.726562
2642,102964.210938
2643,102881.289062
2644,102800.406250
2645,102718.203125
2646,102637.296875
2647,102556.343750
2648,102474.796875
2649,102392.812500
2650,102310.546875
2651,102229.125000
2652,102146.593750
2653,102064.843750
2654,101983.843750
2655,101901.312500
2656,101816.460938
2657,101734.234375
2658,101652.968750
2659,101570.687500
2660,101489.726562
2661,101407.265625
2662,101324.031250
2663,101240.289062
2664,101158.187500
2665,101076.523438
2666,100993.890625
2667,100910.234375
2668,100825.539062
2669,100741.460938
2670,100660.273438
2671,100579.367188
2672,100498.718750
2673,100417.265625
2674,100336.062500
2675,100253.742188
2676,100173.187500
2677,100094.617188
2678,100016.500000
2679,99938.679688
2680,99861.218750
2681,99783.531250
2682,99706.390625
2683,99629.062500
2684,99554.953125
2685,99480.281250
2686,99406.921875
2687,99333.742188
2688,99260.054688
2689,99185.625000
2690,99111.890625
2691,99039.679688
2692,98966.976562
2693,98891.820312
2694,98816.289062
2695,98740.984375
2696,98667.117188
2697,98593.906250
2698,98520.656250
2699,98448.453125
2700,98376.507812
2701,98303.906250
2702,98228.015625
2703,98154.859375
2704,98081.156250
2705,98007.687500
2706,97934.187500
2707,97859.671875
2708,97784.625000
2709,97709.578125
2710,97633.382812
2711,97556.656250
2712,97481.640625
2713,97405.968750
2714,97330.593750
2715,97255.148438
2716,97180.351562
2717,97104.968750
2718,97030.898438
2719,96957.296875
2720,96883.328125
2721,96812.039062
2722,96740.289062
2723,96668.835938
2724,96595.554688
2725,96520.242188
2726,96445.304688
2727,96371.156250
2728,96295.898438
2729,96221.289062
2730,96147.101562
2731,96073.101562
2732,95999.906250
2733,95926.554688
2734,95852.601562
2735,95778.914062
2736,95704.460938
2737,95629.375000
2738,95554.539062
2739,95478.812500
2740,95403.945312
2741,95327.593750
2742,95251.773438
2743,95174.335938
2744,95098.156250
2745,95021.078125
2746,94944.250000
2747,94868.515625
2748,94793.289062
2749,94716.171875
2750,94639.929688
2751,94562.109375
2752,94485.648438
2753,94406.898438
2754,94328.484375
2755,94249.835938
2756,94171.992188
2757,94093.984375
2758,94015.156250
2759,93935.187500
2760,93857.867188
2761,93781.546875
2762,93699.054688
2763,93615.531250
2764,93532.648438
2765,93449.750000
2766,93366.781250
2767,93285.296875
2768,93202.765625
2769,93120.179688
2770,93038.046875
2771,92953.820312
2772,92869.023438
2773,92784.093750
2774,92698.968750
2775,92614.281250
2776,92530.132812
2777,92447.007812
2778,92362.234375
2779,92278.546875
2780,92197.007812
2781,92115.531250
2782,92032.359375
2783,91950.039062
2784,91865.718750
2785,91781.750000
2786,91697.984375
2787,91614.281250
2788,91531.820312
2789,91451.828125
2790,91371.046875
2791,91287.578125
2792,91205.460938
2793,91123.789062
2794,91042.812500
2795,90961.609375
2796,90880.101562
2797,90798.625000
2798,90716.906250
2799,90631.164062
2800,90546.843750
2801,90463.929688
2802,90378.625000
2803,90292.953125
2804,90208.148438
2805,90121.875000
2806,90036.562500
2807,89950.671875
2808,89865.546875
2809,89778.210938
2810,89692.289062
2811,89604.882812
2812,89519.375000
2813,89434.898438
2814,89351.539062
2815,89267.304688
2816,89183.859375
2817,89100.210938
2818,89015.773438
2819,88931.968750
2820,88848.132812
2821,88762.171875
2822,88675.710938
2823,88588.992188
2824,88502.640625
2825,88416.656250
2826,88330.929688
2827,88246.148438
2828,88159.921875
2829,88076.218750
2830,87993.093750
2831,87909.484375
2832,87824.773438
2833,87739.195312
2834,87654.250000
2835,87566.648438
2836,87479.367188
2837,87391.007812
2838,87304.398438
2839,87220.078125
2840,87136.406250
2841,87051.812500
2842,86967.914062
2843,86884.859375
2844,86802.000000
2845,86718.289062
2846,86634.789062
2847,86551.648438
2848,86468.656250
2849,86382.945312
2850,86296.687500
2851,86210.015625
2852,86123.296875
2853,86036.765625
2854,85950.382812
2855,85863.992188
2856,85777.445312
2857,85690.546875
2858,85605.085938
2859,85519.812500
2860,85435.078125
2861,85350.453125
2862,85266.476562
2863,85183.195312
2864,85100.140625
2865,85017.335938
2866,84935.109375
2867,84852.085938
2868,84768.382812
2869,84685.101562
2870,84601.375000
2871,84517.375000
2872,84434.640625
2873,84352.015625
2874,84270.289062
2875,84189.117188
2876,84106.273438
2877,84024.601562
2878,83940.804688
2879,83857.968750
2880,83775.992188
2881,83695.851562
2882,83612.085938
2883,83528.992188
2884,83448.273438
2885,83365.867188
2886,83286.539062
2887,83205.187500
2888,83123.945312
2889,83042.593750
2890,82959.796875
2891,82876.000000
2892,82794.750000
2893,82714.835938
2894,82632.195312
2895,82549.953125
2896,82466.078125
2897,82381.539062
2898,82297.968750
2899,82212.203125
2900,82124.460938
2901,82035.984375
2902,81947.164062
2903,81858.335938
2904,81770.984375
2905,81683.890625
2906,81596.054688
2907,81506.640625
2908,81415.023438
2909,81324.203125
2910,81232.007812
2911,81141.000000
2912,81048.695312
2913,80958.382812
2914,80868.171875
2915,80776.562500
2916,80684.632812
2917,80594.382812
2918,80503.148438
2919,80412.257812
2920,80320.929688
2921,80231.773438
2922,80139.937500
2923,80049.585938
2924,79959.328125
2925,79868.367188
2926,79778.156250
2927,79689.578125
2928,79601.773438
2929,79511.585938
2930,79421.562500
2931,79330.445312
2932,79239.656250
2933,79149.500000
2934,79057.109375
2935,78966.414062
2936,78875.296875
2937,78784.687500
2938,78695.679688
2939,78606.468750
2940,78517.156250
2941,78427.898438
2942,78339.468750
2943,78249.890625
2944,78161.218750
2945,78071.265625
2946,77981.359375
2947,77891.523438
2948,77797.898438
2949,77705.898438
2950,77614.031250
2951,77522.750000
2952,77433.617188
2953,77344.804688
2954,77253.960938
2955,77163.812500
2956,77074.406250
2957,76985.671875
2958,76896.992188
2959,76807.929688
2960,76719.671875
2961,76632.375000
2962,76544.492188
2963,76456.835938
2964,76370.250000
2965,76282.437500
2966,76193.992188
2967,76105.257812
2968,76016.648438
2969,75926.320312
2970,75837.039062
2971,75747.117188
2972,75657.226562
2973,75567.359375
2974,75477.289062
2975,75388.390625
2976,75298.921875
2977,75208.617188
2978,75119.953125
2979,75030.171875
2980,74942.289062
2981,74853.945312
2982,74764.203125
2983,74671.867188
2984,74581.585938
2985,74489.132812
2986,74397.593750
2987,74303.640625
2988,74210.140625
2989,74115.679688
2990,74021.789062
2991,73926.835938
2992,73832.304688
2993,73736.929688
2994,73643.046875
2995,73548.718750
2996,73454.578125
2997,73360.351562
2998,73266.531250
2999,73171.445312
3000,73076.359375
3001,72983.132812
3002,72890.734375
3003,72796.101562
3004,72702.968750
3005,72609.531250
3006,72515.953125
3007,72421.125000
3008,72326.914062
3009,72232.843750
3010,72139.164062
3011,72044.148438
3012,71949.070312
3013,71854.554688
3014,71759.921875
3015,71664.804688
3016,71569.578125
3017,71475.328125
3018,71381.406250
3019,71288.015625
3020,71193.906250
3021,71099.468750
3022,71005.109375
3023,70911.148438
3024,70817.546875
3025,70722.929688
3026,70629.359375
3027,70535.742188
3028,70442.937500
3029,70348.460938
3030,70255.585938
3031,70163.265625
3032,70070.367188
3033,69978.359375
3034,69887.687500
3035,69795.140625
3036,69702.953125
3037,69611.132812
3038,69517.632812
3039,69425.960938
3040,69333.515625
3041,69239.953125
3042,69146.460938
3043,69053.875000
3044,68961.843750
3045,68869.328125
3046,68775.562500
3047,68683.414062
3048,68592.046875
3049,68499.578125
3050,68406.468750
3051,68311.812500
3052,68218.664062
3053,68125.312500
3054,68034.132812
3055,67942.921875
3056,67850.632812
3057,67758.640625
3058,67666.593750
3059,67574.085938
3060,67480.687500
3061,67385.640625
3062,67289.117188
3063,67192.343750
3064,67093.000000
3065,66993.523438
3066,66894.484375
3067,66792.468750
3068,66691.453125
3069,66591.328125
3070,66490.187500
3071,66392.515625
3072,66293.851562
3073,66195.234375
3074,66095.875000
3075,65997.171875
3076,65897.281250
3077,65798.515625
3078,65700.171875
3079,65600.718750
3080,65501.625000
3081,65401.062500
3082,65301.640625
3083,65201.625000
3084,65102.179688
3085,65002.500000
3086,64903.152344
3087,64804.281250
3088,64705.906250
3089,64607.835938
3090,64509.980469
3091,64412.988281
3092,64315.417969
3093,64217.460938
3094,64120.726562
3095,64020.785156
3096,63921.031250
3097,63821.027344
3098,63721.394531
3099,63620.878906
3100,63522.394531
3101,63424.113281
3102,63324.546875
3103,63226.679688
3104,63125.917969
3105,63024.972656
3106,62923.867188
3107,62824.421875
3108,62725.035156
3109,62626.242188
3110,62526.699219
3111,62427.777344
3112,62328.777344
3113,62229.484375
3114,62129.691406
3115,62031.339844
3116,61933.492188
3117,61835.804688
3118,61739.222656
3119,61642.523438
3120,61546.191406
3121,61450.234375
3122,61355.777344
3123,61260.347656
3124,61164.375000
3125,61069.121094
3126,60974.238281
3127,60880.851562
3128,60787.460938
3129,60694.375000
3130,60600.843750
3131,60506.468750
3132,60414.105469
3133,60321.773438
3134,60228.558594
3135,60133.433594
3136,60037.832031
3137,59943.246094
3138,59849.285156
3139,59753.914062
3140,59659.027344
3141,59563.109375
3142,59467.183594
3143,59371.328125
3144,59277.507812
3145,59183.292969
3146,59088.179688
3147,58994.074219
3148,58899.699219
3149,58806.523438
3150,58712.277344
3151,58618.796875
3152,58525.597656
3153,58432.082031
3154,58338.175781
3155,58242.550781
3156,58147.941406
3157,58052.113281
3158,57955.167969
3159,57859.425781
3160,57764.781250
3161,57669.625000
3162,57574.082031
3163,57479.031250
3164,57384.367188
3165,57291.519531
3166,57197.757812
3167,57103.597656
3168,57008.996094
3169,56915.636719
3170,56822.441406
3171,56727.480469
3172,56633.027344
3173,56538.859375
3174,56446.242188
3175,56352.949219
3176,56260.339844
3177,56167.289062
3178,56074.156250
3179,55981.500000
3180,55888.835938
3181,55795.121094
3182,55700.921875
3183,55606.000000
3184,55512.171875
3185,55418.824219
3186,55325.800781
3187,55230.980469
3188,55135.375000
3189,55040.285156
3190,54946.640625
3191,54853.433594
3192,54760.496094
3193,54667.902344
3194,54576.441406
3195,54485.390625
3196,54394.558594
3197,54304.257812
3198,54214.265625
3199,54124.632812
3200,54034.507812
3201,53943.312500
3202,53853.054688
3203,53762.265625
3204,53670.308594
3205,53579.125000
3206,53487.914062
3207,53394.382812
3208,53299.078125
3209,53204.710938
3210,53109.625000
3211,53014.953125
3212,52920.574219
3213,52826.523438
3214,52733.019531
3215,52639.765625
3216,52546.996094
3217,52454.601562
3218,52360.597656
3219,52267.277344
3220,52174.656250
3221,52082.820312
3222,51990.972656
3223,51897.527344
3224,51804.277344
3225,51711.855469
3226,51618.816406
3227,51526.640625
3228,51435.378906
3229,51341.925781
3230,51247.781250
3231,51153.968750
3232,51060.812500
3233,50967.304688
3234,50873.660156
3235,50780.765625
3236,50687.882812
3237,50595.398438
3238,50503.292969
3239,50412.507812
3240,50321.585938
3241,50230.855469
3242,50141.085938
3243,50051.246094
3244,49961.812500
3245,49874.144531
3246,49786.097656
3247,49698.351562
3248,49608.710938
3249,49518.246094
3250,49427.140625
3251,49336.136719
3252,49243.332031
3253,49152.148438
3254,49059.765625
3255,48967.968750
3256,48874.687500
3257,48781.777344
3258,48689.343750
3259,48597.480469
3260,48506.203125
3261,48414.664062
3262,48323.988281
3263,48233.933594
3264,48143.281250
3265,48053.328125
3266,47962.347656
3267,47872.074219
3268,47782.734375
3269,47692.929688
3270,47603.984375
3271,47513.496094
3272,47422.136719
3273,47330.558594
3274,47238.257812
3275,47147.714844
3276,47057.261719
3277,46966.457031
3278,46876.289062
3279,46786.957031
3280,46697.414062
3281,46607.902344
3282,46518.101562
3283,46428.812500
3284,46339.980469
3285,46250.769531
3286,46162.542969
3287,46073.011719
3288,45985.144531
3289,45899.167969
3290,45811.960938
3291,45723.769531
3292,45635.636719
3293,45548.507812
3294,45460.875000
3295,45370.460938
3296,45279.898438
3297,45190.375000
3298,45102.648438
3299,45013.082031
3300,44924.570312
3301,44834.390625
3302,44745.804688
3303,44658.097656
3304,44570.566406
3305,44482.128906
3306,44394.003906
3307,44305.589844
3308,44218.035156
3309,44129.566406
3310,44040.578125
3311,43952.339844
3312,43864.812500
3313,43777.218750
3314,43690.433594
3315,43601.761719
3316,43514.230469
3317,43426.414062
3318,43338.500000
3319,43251.000000
3320,43164.257812
3321,43076.378906
3322,42989.421875
3323,42900.550781
3324,42811.980469
3325,42723.906250
3326,42635.796875
3327,42545.785156
3328,42454.648438
3329,42364.621094
3330,42275.031250
3331,42184.226562
3332,42092.585938
3333,42001.351562
3334,41909.007812
3335,41817.511719
3336,41725.261719
3337,41634.261719
3338,41543.128906
3339,41452.886719
3340,41361.085938
3341,41270.621094
3342,41180.218750
3343,41090.019531
3344,40997.433594
3345,40905.675781
3346,40812.550781
3347,40718.609375
3348,40624.347656
3349,40529.210938
3350,40434.507812
3351,40338.757812
3352,40244.132812
3353,40149.707031
3354,40055.937500
3355,39960.492188
3356,39867.085938
3357,39773.238281
3358,39680.285156
3359,39587.671875
3360,39495.527344
3361,39404.050781
3362,39312.781250
3363,39220.113281
3364,39128.183594
3365,39036.757812
3366,38945.246094
3367,38852.781250
3368,38761.281250
3369,38670.949219
3370,38580.199219
3371,38489.753906
3372,38399.117188
3373,38308.078125
3374,38216.312500
3375,38124.441406
3376,38033.414062
3377,37941.679688
3378,37849.847656
3379,37758.308594
3380,37667.511719
3381,37577.050781
3382,37487.261719
3383,37397.445312
3384,37306.863281
3385,37216.566406
3386,37126.457031
3387,37036.539062
3388,36947.339844
3389,36857.410156
3390,36767.117188
3391,36676.914062
3392,36585.980469
3393,36494.085938
3394,36403.097656
3395,36312.066406
3396,36220.492188
3397,36129.816406
3398,36037.761719
3399,35945.855469
3400,35854.875000
3401,35763.785156
3402,35673.843750
3403,35583.960938
3404,35494.500000
3405,35404.191406
3406,35314.484375
3407,35225.085938
3408,35135.191406
3409,35046.027344
3410,34956.867188
3411,34868.101562
3412,34779.707031
3413,34691.246094
3414,34602.921875
3415,34513.945312
3416,34425.320312
3417,34337.292969
3418,34249.605469
3419,34162.406250
3420,34075.574219
3421,33988.964844
3422,33900.500000
3423,33812.406250
3424,33723.421875
3425,33634.632812
3426,33546.421875
3427,33458.449219
3428,33370.664062
3429,33284.367188
3430,33198.246094
3431,33111.980469
3432,33026.535156
3433,32941.589844
3434,32856.832031
3435,32772.585938
3436,32688.654297
3437,32604.953125
3438,32521.662109
3439,32438.458984
3440,32355.871094
3441,32272.183594
3442,32189.228516
3443,32106.472656
3444,32024.265625
3445,31942.142578
3446,31859.326172
3447,31775.777344
3448,31692.767578
3449,31609.970703
3450,31527.501953
3451,31444.935547
3452,31363.541016
3453,31282.591797
3454,31200.761719
3455,31119.218750
3456,31038.572266
3457,30958.451172
3458,30878.271484
3459,30798.607422
3460,30717.710938
3461,30637.521484
3462,30557.187500
3463,30477.591797
3464,30398.296875
3465,30319.292969
3466,30240.695312
3467,30162.386719
3468,30084.294922
3469,30005.404297
3470,29925.851562
3471,29847.689453
3472,29768.564453
3473,29689.189453
3474,29609.603516
3475,29528.853516
3476,29448.650391
3477,29368.820312
3478,29288.654297
3479,29208.792969
3480,29129.888672
3481,29049.777344
3482,28970.441406
3483,28890.777344
3484,28811.779297
3485,28731.529297
3486,28650.376953
3487,28570.240234
3488,28490.095703
3489,28410.242188
3490,28330.810547
3491,28252.029297
3492,28173.302734
3493,28094.736328
3494,28016.332031
3495,27938.732422
3496,27860.875000
3497,27782.875000
3498,27705.685547
3499,27629.121094
3500,27551.355469
3501,27470.906250
3502,27390.550781
3503,27310.486328
3504,27230.970703
3505,27151.148438
3506,27072.433594
3507,26993.027344
3508,26912.757812
3509,26832.939453
3510,26752.830078
3511,26671.855469
3512,26591.152344
3513,26510.783203
3514,26430.542969
3515,26350.404297
3516,26270.773438
3517,26189.982422
3518,26109.740234
3519,26028.673828
3520,25947.115234
3521,25866.138672
3522,25786.619141
3523,25706.316406
3524,25626.275391
3525,25545.550781
3526,25466.027344
3527,25387.125000
3528,25308.287109
3529,25229.826172
3530,25151.802734
3531,25074.140625
3532,24996.873047
3533,24919.763672
3534,24842.191406
3535,24764.591797
3536,24687.089844
3537,24610.056641
3538,24533.537109
3539,24457.318359
3540,24381.283203
3541,24305.267578
3542,24230.183594
3543,24155.244141
3544,24080.152344
3545,24005.601562
3546,23930.986328
3547,23856.398438
3548,23781.529297
3549,23706.626953
3550,23632.548828
3551,23558.541016
3552,23484.906250
3553,23411.476562
3554,23338.388672
3555,23264.572266
3556,23190.855469
3557,23117.609375
3558,23044.826172
3559,22972.191406
3560,22898.892578
3561,22825.912109
3562,22751.779297
3563,22677.998047
3564,22604.550781
3565,22529.951172
3566,22454.548828
3567,22379.855469
3568,22304.767578
3569,22229.787109
3570,22155.878906
3571,22081.486328
3572,22007.351562
3573,21933.787109
3574,21860.482422
3575,21788.062500
3576,21715.789062
3577,21643.556641
3578,21570.511719
3579,21497.931641
3580,21426.115234
3581,21354.248047
3582,21282.746094
3583,21211.466797
3584,21140.677734
3585,21069.800781
3586,20999.369141
3587,20929.203125
3588,20859.199219
3589,20789.556641
3590,20720.064453
3591,20651.447266
3592,20582.505859
3593,20514.398438
3594,20446.253906
3595,20378.199219
3596,20310.380859
3597,20242.841797
3598,20175.875000
3599,20109.111328
3600,20042.414062
3601,19974.958984
3602,19906.742188
3603,19839.130859
3604,19771.748047
3605,19704.576172
3606,19637.509766
3607,19571.230469
3608,19504.695312
3609,19438.677734
3610,19372.755859
3611,19307.351562
3612,19242.232422
3613,19177.255859
3614,19112.890625
3615,19048.384766
3616,18984.011719
3617,18920.156250
3618,18856.814453
3619,18792.503906
3620,18728.472656
3621,18664.574219
3622,18600.902344
3623,18537.566406
3624,18474.417969
3625,18411.546875
3626,18348.912109
3627,18285.613281
3628,18222.490234
3629,18159.642578
3630,18096.957031
3631,18034.736328
3632,17972.695312
3633,17910.902344
3634,17848.080078
3635,17784.394531
3636,17720.988281
3637,17656.679688
3638,17591.812500
3639,17526.902344
3640,17462.660156
3641,17398.291016
3642,17334.279297
3643,17270.554688
3644,17207.203125
3645,17144.152344
3646,17081.603516
3647,17019.394531
3648,16957.244141
3649,16895.113281
3650,16833.246094
3651,16771.636719
3652,16710.070312
3653,16649.478516
3654,16588.574219
3655,16528.062500
3656,16467.962891
3657,16407.716797
3658,16348.150391
3659,16288.002930
3660,16227.666016
3661,16167.471680
3662,16107.757812
3663,16048.598633
3664,15989.559570
3665,15930.750000
3666,15871.626953
3667,15813.179688
3668,15754.543945
3669,15696.652344
3670,15638.794922
3671,15581.679688
3672,15524.232422
3673,15466.860352
3674,15409.739258
3675,15352.673828
3676,15296.078125
3677,15239.738281
3678,15183.935547
3679,15128.048828
3680,15072.167969
3681,15016.705078
3682,14961.656250
3683,14906.639648
3684,14852.116211
3685,14797.548828
3686,14742.109375
3687,14687.192383
3688,14632.638672
3689,14578.041016
3690,14523.944336
3691,14469.837891
3692,14416.354492
3693,14362.802734
3694,14309.822266
3695,14256.503906
3696,14203.601562
3697,14151.125000
3698,14099.216797
3699,14046.876953
3700,13995.191406
3701,13943.801758
3702,13892.861328
3703,13841.401367
3704,13790.714844
3705,13740.159180
3706,13689.980469
3707,13639.457031
3708,13589.220703
3709,13538.006836
3710,13487.319336
3711,13436.431641
3712,13386.036133
3713,13335.892578
3714,13286.066406
3715,13234.888672
3716,13184.327148
3717,13133.679688
3718,13083.655273
3719,13033.248047
3720,12983.503906
3721,12932.719727
3722,12882.054688
3723,12831.329102
3724,12780.816406
3725,12730.800781
3726,12680.841797
3727,12631.131836
3728,12582.329102
3729,12533.084961
3730,12484.115234
3731,12435.049805
3732,12386.561523
3733,12337.831055
3734,12289.771484
3735,12241.716797
3736,12194.250977
3737,12146.933594
3738,12099.263672
3739,12052.278320
3740,12005.406250
3741,11958.595703
3742,11912.103516
3743,11865.668945
3744,11819.254883
3745,11772.990234
3746,11727.340820
3747,11681.674805
3748,11636.457031
3749,11591.140625
3750,11546.113281
3751,11501.145508
3752,11456.626953
3753,11411.792969
3754,11367.351562
3755,11323.083008
3756,11279.096680
3757,11235.051758
3758,11191.341797
3759,11147.909180
3760,11103.588867
3761,11059.175781
3762,11015.064453
3763,10971.227539
3764,10927.670898
3765,10884.190430
3766,10841.058594
3767,10798.022461
3768,10755.119141
3769,10712.180664
3770,10669.308594
3771,10626.993164
3772,10584.744141
3773,10542.479492
3774,10500.276367
3775,10458.373047
3776,10416.693359
3777,10375.173828
3778,10333.778320
3779,10292.643555
3780,10251.750977
3781,10210.866211
3782,10170.173828
3783,10129.577148
3784,10089.302734
3785,10049.061523
3786,10009.312500
3787,9968.729492
3788,9927.964844
3789,9887.698242
3790,9847.646484
3791,9807.855469
3792,9768.053711
3793,9728.522461
3794,9689.115234
3795,9649.960938
3796,9610.737305
3797,9571.853516
3798,9533.243164
3799,9494.675781
3800,9456.125977
3801,9417.059570
3802,9378.221680
3803,9339.525391
3804,9301.011719
3805,9262.661133
3806,9224.405273
3807,9186.356445
3808,9148.602539
3809,9110.880859
3810,9073.218750
3811,9036.000977
3812,8999.005859
3813,8962.013672
3814,8925.069336
3815,8888.163086
3816,8851.336914
3817,8814.872070
3818,8778.307617
3819,8741.986328
3820,8705.868164
3821,8669.944336
3822,8634.037109
3823,8598.335938
3824,8562.817383
3825,8527.456055
3826,8492.306641
3827,8457.292969
3828,8422.467773
3829,8387.717773
3830,8353.097656
3831,8318.630859
3832,8284.219727
3833,8250.023438
3834,8215.842773
3835,8181.908203
3836,8148.167480
3837,8114.638184
3838,8081.171387
3839,8047.814453
3840,8014.641113
3841,7981.599121
3842,7948.473633
3843,7915.492676
3844,7882.613281
3845,7850.075684
3846,7817.355469
3847,7785.113770
3848,7752.891602
3849,7720.919434
3850,7688.785156
3851,7656.833984
3852,7625.188477
3853,7593.600586
3854,7562.108887
3855,7530.664551
3856,7499.411621
3857,7468.324219
3858,7437.339844
3859,7406.469238
3860,7375.734863
3861,7345.210938
3862,7314.749512
3863,7284.382324
3864,7254.183594
3865,7224.047363
3866,7194.091797
3867,7164.229980
3868,7134.527832
3869,7104.893066
3870,7075.527832
3871,7046.205566
3872,7017.084473
3873,6987.902344
3874,6958.958984
3875,6930.163086
3876,6901.452637
3877,6872.978027
3878,6844.485352
3879,6816.191406
3880,6788.098633
3881,6760.048340
3882,6732.215820
3883,6704.479980
3884,6676.858887
3885,6649.402344
3886,6622.025391
3887,6594.719727
3888,6567.644531
3889,6540.539062
3890,6513.650391
3891,6486.728516
3892,6460.025879
3893,6433.411133
3894,6407.006836
3895,6380.640625
3896,6354.459961
3897,6328.309082
3898,6302.368652
3899,6276.473145
3900,6250.752930
3901,6225.073730
3902,6199.446289
3903,6174.111328
3904,6148.866699
3905,6123.697266
3906,6098.645508
3907,6073.648926
3908,6048.761230
3909,6023.900391
3910,5999.124023
3911,5974.478516
3912,5949.875000
3913,5925.573242
3914,5901.398438
3915,5877.112793
3916,5852.946289
3917,5828.913574
3918,5805.090820
3919,5781.378906
3920,5757.739258
3921,5734.160156
3922,5710.704590
3923,5687.425781
3924,5664.184082
3925,5641.031738
3926,5617.940430
3927,5594.968750
3928,5572.018066
3929,5549.302734
3930,5526.574707
3931,5503.894531
3932,5481.315430
3933,5458.868652
3934,5436.612305
3935,5414.401367
3936,5392.140137
3937,5369.852051
3938,5347.840332
3939,5325.774414
3940,5303.752930
3941,5281.735840
3942,5259.897949
3943,5238.214844
3944,5216.558594
3945,5195.012207
3946,5173.645996
3947,5152.274414
3948,5130.874512
3949,5109.615234
3950,5088.400391
3951,5067.448242
3952,5046.354004
3953,5025.468750
3954,5004.773926
3955,4984.138672
3956,4963.555176
3957,4942.874023
3958,4922.382812
3959,4902.070801
3960,4881.706055
3961,4861.549316
3962,4841.442383
3963,4821.419922
3964,4801.533203
3965,4781.672852
3966,4761.893555
3967,4742.236328
3968,4722.548828
3969,4703.016113
3970,4683.649414
3971,4664.318359
3972,4645.030273
3973,4625.896973
3974,4606.861328
3975,4587.704102
3976,4568.826660
3977,4549.844727
3978,4531.140625
3979,4512.482910
3980,4493.815430
3981,4475.305176
3982,4456.842773
3983,4438.556152
3984,4420.322754
3985,4402.194824
3986,4384.116699
3987,4366.141113
3988,4348.245117
3989,4330.370117
3990,4312.626953
3991,4294.881348
3992,4277.277344
3993,4259.682129
3994,4242.190430
3995,4224.806152
3996,4207.483398
3997,4190.188477
3998,4173.026855
3999,4155.921875
4000,4138.832031
4001,4121.872559
4002,4104.972168
4003,4088.133545
4004,4071.380615
4005,4054.697021
4006,4038.067627
4007,4021.521240
4008,4005.007812
4009,3988.602051
4010,3972.282471
4011,3956.034180
4012,3939.852783
4013,3923.694336
4014,3907.632080
4015,3891.610840
4016,3875.646729
4017,3859.772461
4018,3843.938965
4019,3828.230957
4020,3812.506104
4021,3796.899902
4022,3781.292236
4023,3765.845215
4024,3750.467041
4025,3735.110840
4026,3719.891846
4027,3704.673096
4028,3689.556396
4029,3674.499268
4030,3659.519043
4031,3644.595215
4032,3629.710938
4033,3614.922607
4034,3600.041748
4035,3585.291260
4036,3570.590332
4037,3555.993408
4038,3541.410156
4039,3526.898926
4040,3512.474609
4041,3498.057617
4042,3483.754395
4043,3469.515869
4044,3455.287354
4045,3441.092773
4046,3427.029541
4047,3413.023438
4048,3399.070068
4049,3385.182617
4050,3371.309326
4051,3357.455811
4052,3343.721436
4053,3330.030518
4054,3316.394775
4055,3302.814209
4056,3289.293701
4057,3275.828857
4058,3262.461914
4059,3249.079590
4060,3235.793945
4061,3222.483154
4062,3209.265869
4063,3196.043945
4064,3182.901855
4065,3169.825684
4066,3156.793945
4067,3143.839355
4068,3130.949707
4069,3118.098877
4070,3105.250488
4071,3092.486084
4072,3079.799316
4073,3067.116943
4074,3054.510498
4075,3041.982178
4076,3029.453857
4077,3017.010010
4078,3004.595459
4079,2992.313477
4080,2980.050293
4081,2967.852539
4082,2955.723389
4083,2943.632568
4084,2931.619141
4085,2919.637695
4086,2907.704346
4087,2895.838135
4088,2884.025391
4089,2872.232666
4090,2860.512451
4091,2848.799316
4092,2837.158203
4093,2825.582764
4094,2814.053711
4095,2802.550293
4096,2791.088379
4097,2779.705811
4098,2768.367188
4099,2757.049072
4100,2745.786621
4101,2734.529785
4102,2723.309570
4103,2712.129639
4104,2700.964355
4105,2689.891846
4106,2678.859375
4107,2667.917480
4108,2656.969971
4109,2646.074219
4110,2635.181885
4111,2624.418213
4112,2613.657227
4113,2602.938965
4114,2592.277832
4115,2581.648438
4116,2571.074951
4117,2560.554199
4118,2550.059082
4119,2539.623535
4120,2529.226562
4121,2518.856201
4122,2508.508545
4123,2498.247314
4124,2487.990479
4125,2477.808838
4126,2467.639404
4127,2457.545166
4128,2447.463623
4129,2437.424561
4130,2427.447266
4131,2417.497070
4132,2407.603271
4133,2397.737793
4134,2387.930420
4135,2378.156738
4136,2368.403320
4137,2358.690918
4138,2349.018311
4139,2339.384277
4140,2329.791748
4141,2320.228027
4142,2310.708984
4143,2301.235107
4144,2291.784424
4145,2282.383301
4146,2273.007812
4147,2263.689697
4148,2254.429443
4149,2245.158936
4150,2235.973145
4151,2226.817627
4152,2217.681885
4153,2208.547607
4154,2199.451416
4155,2190.405029
4156,2181.389160
4157,2172.399414
4158,2163.445068
4159,2154.528809
4160,2145.659424
4161,2136.826172
4162,2128.018799
4163,2119.283447
4164,2110.573486
4165,2101.921143
4166,2093.280273
4167,2084.706543
4168,2076.137695
4169,2067.605225
4170,2059.113037
4171,2050.643066
4172,2042.216553
4173,2033.816772
4174,2025.439453
4175,2017.111450
4176,2008.851074
4177,2000.648193
4178,1992.470093
4179,1984.300537
4180,1976.144409
4181,1967.993652
4182,1959.905762
4183,1951.853760
4184,1943.824829
4185,1935.837036
4186,1927.869141
4187,1919.917969
4188,1912.041138
4189,1904.187744
4190,1896.365967
4191,1888.578247
4192,1880.834595
4193,1873.128906
4194,1865.421631
4195,1857.763550
4196,1850.141602
4197,1842.547363
4198,1835.003174
4199,1827.442383
4200,1819.907227
4201,1812.393433
4202,1804.888916
4203,1797.414307
4204,1789.972046
4205,1782.617065
4206,1775.295898
4207,1767.994629
4208,1760.690796
4209,1753.475220
4210,1746.268433
4211,1739.103149
4212,1731.937744
4213,1724.827881
4214,1717.719727
4215,1710.696777
4216,1703.642456
4217,1696.568604
4218,1689.580811
4219,1682.609131
4220,1675.689819
4221,1668.793091
4222,1661.900757
4223,1655.047241
4224,1648.205688
4225,1641.417725
4226,1634.660278
4227,1627.924683
4228,1621.189697
4229,1614.470825
4230,1607.810425
4231,1601.158447
4232,1594.552246
4233,1587.966309
4234,1581.396973
4235,1574.855225
4236,1568.374634
4237,1561.870850
4238,1555.437744
4239,1549.029907
4240,1542.629517
4241,1536.278687
4242,1529.960205
4243,1523.675659
4244,1517.400391
4245,1511.186646
4246,1505.000488
4247,1498.841797
4248,1492.706543
4249,1486.601807
4250,1480.505005
4251,1474.455566
4252,1468.442017
4253,1462.420288
4254,1456.451904
4255,1450.507812
4256,1444.580933
4257,1438.689087
4258,1432.804810
4259,1426.928711
4260,1421.126709
4261,1415.317017
4262,1409.546631
4263,1403.768555
4264,1398.035522
4265,1392.344849
4266,1386.679932
4267,1381.039185
4268,1375.400391
4269,1369.804199
4270,1364.239136
4271,1358.652954
4272,1353.130127
4273,1347.607544
4274,1342.128906
4275,1336.672241
4276,1331.233398
4277,1325.820923
4278,1320.415405
4279,1315.049927
4280,1309.694580
4281,1304.342773
4282,1299.010620
4283,1293.721680
4284,1288.453735
4285,1283.199341
4286,1277.968628
4287,1272.742065
4288,1267.547363
4289,1262.370728
4290,1257.218628
4291,1252.095459
4292,1246.962646
4293,1241.852905
4294,1236.767090
4295,1231.709473
4296,1226.671997
4297,1221.658569
4298,1216.683838
4299,1211.693359
4300,1206.738647
4301,1201.800537
4302,1196.908813
4303,1191.996704
4304,1187.110840
4305,1182.250732
4306,1177.435181
4307,1172.609375
4308,1167.814697
4309,1163.027710
4310,1158.278198
4311,1153.527954
4312,1148.822510
4313,1144.127563
4314,1139.449463
4315,1134.766602
4316,1130.121948
4317,1125.517212
4318,1120.939575
4319,1116.345093
4320,1111.779785
4321,1107.225342
4322,1102.694458
4323,1098.184082
4324,1093.716675
4325,1089.266113
4326,1084.817505
4327,1080.393921
4328,1075.989258
4329,1071.607544
4330,1067.265137
4331,1062.899048
4332,1058.552002
4333,1054.241455
4334,1049.932251
4335,1045.651001
4336,1041.387573
4337,1037.130249
4338,1032.909790
4339,1028.706421
4340,1024.524048
4341,1020.334412
4342,1016.172241
4343,1012.027405
4344,1007.902100
4345,1003.805115
4346,999.703796
4347,995.624695
4348,991.573547
4349,987.515808
4350,983.491211
4351,979.467773
4352,975.481689
4353,971.498779
4354,967.555725
4355,963.604065
4356,959.676086
4357,955.765015
4358,951.875122
4359,947.986450
4360,944.135010
4361,940.276306
4362,936.447998
4363,932.617859
4364,928.830933
4365,925.035278
4366,921.274414
4367,917.506287
4368,913.777588
4369,910.056030
4370,906.343750
4371,902.651428
4372,898.976929
4373,895.319214
4374,891.658691
4375,888.017517
4376,884.383118
4377,880.773376
4378,877.185425
4379,873.584167
4380,870.014709
4381,866.444458
4382,862.884094
4383,859.335815
4384,855.829041
4385,852.318054
4386,848.836182
4387,845.349182
4388,841.903992
4389,838.453430
4390,835.033203
4391,831.615845
4392,828.215393
4393,824.822144
4394,821.459961
4395,818.098938
4396,814.755859
4397,811.420959
4398,808.110046
4399,804.795227
4400,801.512756
4401,798.230286
4402,794.974670
4403,791.716431
4404,788.488098
4405,785.262878
4406,782.058594
4407,778.871643
4408,775.694092
4409,772.514771
4410,769.353638
4411,766.207397
4412,763.075623
4413,759.962646
4414,756.861023
4415,753.760864
4416,750.696228
4417,747.632324
4418,744.591064
4419,741.551147
4420,738.528320
4421,735.508362
4422,732.505737
4423,729.515869
4424,726.537354
4425,723.582581
4426,720.632446
4427,717.690979
4428,714.750305
4429,711.847351
4430,708.936523
4431,706.040894
4432,703.156799
4433,700.293274
4434,697.428650
4435,694.583435
4436,691.756165
4437,688.935181
4438,686.117554
4439,683.326294
4440,680.547363
4441,677.776001
4442,675.007263
4443,672.254395
4444,669.517090
4445,666.790405
4446,664.065857
4447,661.355957
4448,658.659790
4449,655.973694
4450,653.299072
4451,650.632263
4452,647.979309
4453,645.348083
4454,642.719543
4455,640.100220
4456,637.495483
4457,634.902954
4458,632.312012
4459,629.733032
4460,627.166138
4461,624.612915
4462,622.064819
4463,619.537842
4464,617.004883
4465,614.499329
4466,611.983276
4467,609.497375
4468,607.011963
4469,604.541626
4470,602.066223
4471,599.609131
4472,597.155457
4473,594.725098
4474,592.302063
4475,589.888184
4476,587.478271
4477,585.076172
4478,582.696655
4479,580.323853
4480,577.955811
4481,575.595825
4482,573.249939
4483,570.916870
4484,568.592224
4485,566.260986
4486,563.949707
4487,561.653931
4488,559.360535
4489,557.075562
4490,554.806030
4491,552.545471
4492,550.297791
4493,548.045349
4494,545.817017
4495,543.590881
4496,541.367004
4497,539.155029
4498,536.966431
4499,534.778931
4500,532.598633
4501,530.426025
4502,528.263977
4503,526.106873
4504,523.957825
4505,521.811218
4506,519.678345
4507,517.560730
4508,515.451660
4509,513.343506
4510,511.250214
4511,509.170563
4512,507.093689
4513,505.020294
4514,502.963959
4515,500.906036
4516,498.863800
4517,496.830536
4518,494.810211
4519,492.788422
4520,490.789093
4521,488.783478
4522,486.789490
4523,484.802124
4524,482.827667
4525,480.855164
4526,478.891449
4527,476.939362
4528,474.990936
4529,473.052521
4530,471.119324
4531,469.194916
4532,467.276978
4533,465.372864
4534,463.477203
4535,461.592072
4536,459.705994
4537,457.832581
4538,455.963104
4539,454.101746
4540,452.252075
4541,450.401520
4542,448.567200
4543,446.736420
4544,444.918396
4545,443.104370
4546,441.291321
4547,439.495880
4548,437.707947
4549,435.929657
4550,434.156219
4551,432.393005
4552,430.631927
4553,428.873230
4554,427.121094
4555,425.379456
4556,423.641663
4557,421.916016
4558,420.196533
4559,418.478851
4560,416.772522
4561,415.072968
4562,413.380493
4563,411.695862
4564,410.012543
4565,408.340973
4566,406.676666
4567,405.015747
4568,403.360779
4569,401.717926
4570,400.081146
4571,398.449646
4572,396.825043
4573,395.203064
4574,393.590118
4575,391.985779
4576,390.381989
4577,388.794006
4578,387.212891
4579,385.637360
4580,384.063934
4581,382.502319
4582,380.937195
4583,379.388214
4584,377.839050
4585,376.297241
4586,374.759796
4587,373.231140
4588,371.706696
4589,370.190369
4590,368.681061
4591,367.174316
4592,365.678131
4593,364.187286
4594,362.705872
4595,361.225586
4596,359.750977
4597,358.283173
4598,356.825745
4599,355.369232
4600,353.920319
4601,352.481140
4602,351.052063
4603,349.618134
4604,348.187683
4605,346.766754
4606,345.352509
4607,343.941895
4608,342.539398
4609,341.140778
4610,339.746307
4611,338.360565
4612,336.979248
4613,335.600311
4614,334.228851
4615,332.865662
4616,331.506836
4617,330.157257
4618,328.808594
4619,327.466736
4620,326.125854
4621,324.793091
4622,323.463165
4623,322.146149
4624,320.834015
4625,319.524323
4626,318.221039
4627,316.919586
4628,315.628265
4629,314.338318
4630,313.062866
4631,311.784851
4632,310.518463
4633,309.251434
4634,307.990112
4635,306.737854
4636,305.488007
4637,304.236786
4638,302.993713
4639,301.754333
4640,300.520813
4641,299.291779
4642,298.067963
4643,296.847443
4644,295.637695
4645,294.430542
4646,293.218414
4647,292.017029
4648,290.825653
4649,289.635620
4650,288.450348
4651,287.272949
4652,286.103180
4653,284.937836
4654,283.774384
4655,282.615967
4656,281.466766
4657,280.316589
4658,279.161804
4659,278.006989
4660,276.863434
4661,275.731476
4662,274.593628
4663,273.460968
4664,272.332977
4665,271.211121
4666,270.091797
4667,268.977020
4668,267.871033
4669,266.761658
4670,265.662018
4671,264.569916
4672,263.483917
4673,262.395996
4674,261.316620
4675,260.243195
4676,259.175385
4677,258.110992
4678,257.052368
4679,256.000336
4680,254.948914
4681,253.901001
4682,252.861084
4683,251.825287
4684,250.783920
4685,249.758636
4686,248.738693
4687,247.721054
4688,246.707489
4689,245.699310
4690,244.692581
4691,243.692505
4692,242.693558
4693,241.698715
4694,240.703995
4695,239.716858
4696,238.729355
4697,237.751038
4698,236.774933
4699,235.800308
4700,234.830917
4701,233.867233
4702,232.904007
4703,231.945892
4704,230.988342
4705,230.038422
4706,229.090836
4707,228.147263
4708,227.206039
4709,226.278015
4710,225.353638
4711,224.431381
4712,223.511612
4713,222.594147
4714,221.679901
4715,220.769547
4716,219.863602
4717,218.960266
4718,218.059952
4719,217.164444
4720,216.272873
4721,215.386444
4722,214.499039
4723,213.617722
4724,212.734741
4725,211.858444
4726,210.987289
4727,210.120270
4728,209.256989
4729,208.393326
4730,207.537430
4731,206.682938
4732,205.833389
4733,204.985535
4734,204.142883
4735,203.303894
4736,202.465759
4737,201.633377
4738,200.803818
4739,199.978897
4740,199.156738
4741,198.339981
4742,197.522034
4743,196.708710
4744,195.898804
4745,195.091919
4746,194.291946
4747,193.494278
4748,192.699387
4749,191.907944
4750,191.120331
4751,190.336060
4752,189.555588
4753,188.777435
4754,188.002731
4755,187.231491
4756,186.461853
4757,185.696518
4758,184.933823
4759,184.175598
4760,183.418991
4761,182.666199
4762,181.917160
4763,181.171356
4764,180.428604
4765,179.689713
4766,178.953888
4767,178.220886
4768,177.489716
4769,176.760971
4770,176.035385
4771,175.311981
4772,174.592148
4773,173.879318
4774,173.166397
4775,172.458893
4776,171.751984
4777,171.047684
4778,170.348434
4779,169.650925
4780,168.958664
4781,168.265808
4782,167.574142
4783,166.885712
4784,166.201752
4785,165.521606
4786,164.842590
4787,164.166626
4788,163.492813
4789,162.820496
4790,162.151825
4791,161.487305
4792,160.825760
4793,160.167435
4794,159.510590
4795,158.857468
4796,158.206680
4797,157.557159
4798,156.911499
4799,156.268448
4800,155.632294
4801,154.997818
4802,154.364853
4803,153.735611
4804,153.110535
4805,152.486954
4806,151.867111
4807,151.249664
4808,150.634903
4809,150.023239
4810,149.416626
4811,148.812073
4812,148.210556
4813,147.610901
4814,147.014389
4815,146.418472
4816,145.824265
4817,145.233017
4818,144.642517
4819,144.055115
4820,143.471237
4821,142.888885
4822,142.309082
4823,141.731705
4824,141.156708
4825,140.584686
4826,140.014236
4827,139.446182
4828,138.880157
4829,138.317657
4830,137.756851
4831,137.198257
4832,136.642838
4833,136.086731
4834,135.535904
4835,134.986374
4836,134.438721
4837,133.893555
4838,133.351105
4839,132.810699
4840,132.272156
4841,131.736633
4842,131.201233
4843,130.667786
4844,130.136932
4845,129.607956
4846,129.081116
4847,128.556595
4848,128.033798
4849,127.513412
4850,126.994881
4851,126.478844
4852,125.964584
4853,125.452553
4854,124.942802
4855,124.434898
4856,123.929184
4857,123.424797
4858,122.923180
4859,122.423492
4860,121.926025
4861,121.430573
4862,120.936821
4863,120.445259
4864,119.955467
4865,119.467957
4866,118.982635
4867,118.499237
4868,118.015411
4869,117.533241
4870,117.054268
4871,116.576874
4872,116.100647
4873,115.627205
4874,115.156456
4875,114.687370
4876,114.219582
4877,113.754349
4878,113.290825
4879,112.828773
4880,112.368683
4881,111.910934
4882,111.454811
4883,111.000572
4884,110.547806
4885,110.096825
4886,109.649223
4887,109.201248
4888,108.756523
4889,108.312981
4890,107.872169
4891,107.431519
4892,106.995148
4893,106.558884
4894,106.121536
4895,105.685844
4896,105.252144
4897,104.821510
4898,104.389496
4899,103.963257
4900,103.539024
4901,103.115379
4902,102.694649
4903,102.275742
4904,101.858177
4905,101.444290
4906,101.032356
4907,100.617622
4908,100.206886
4909,99.798004
4910,99.390137
4911,98.983185
4912,98.579765
4913,98.177193
4914,97.776039
4915,97.376564
4916,96.976509
4917,96.578560
4918,96.183357
4919,95.788567
4920,95.394165
4921,95.003777
4922,94.615814
4923,94.228493
4924,93.841339
4925,93.455307
4926,93.072220
4927,92.690697
4928,92.310333
4929,91.931000
4930,91.554741
4931,91.180611
4932,90.807495
4933,90.436989
4934,90.067619
4935,89.699699
4936,89.333168
4937,88.966156
4938,88.599098
4939,88.234741
4940,87.871925
4941,87.510017
4942,87.149620
4943,86.793129
4944,86.439529
4945,86.085823
4946,85.733833
4947,85.385315
4948,85.037010
4949,84.689110
4950,84.342041
4951,83.995903
4952,83.652832
4953,83.309006
4954,82.967896
4955,82.627502
4956,82.290222
4957,81.952835
4958,81.617363
4959,81.281677
4960,80.948196
4961,80.616829
4962,80.285683
4963,79.956833
4964,79.630264
4965,79.305267
4966,78.982262
4967,78.659317
4968,78.339973
4969,78.019829
4970,77.701164
4971,77.384689
4972,77.069016
4973,76.755585
4974,76.442924
4975,76.130867
4976,75.818283
4977,75.507652
4978,75.199760
4979,74.893646
4980,74.588829
4981,74.286217
4982,73.984085
4983,73.682816
4984,73.383896
4985,73.085541
4986,72.788910
4987,72.491798
4988,72.197830
4989,71.903839
4990,71.609734
4991,71.317787
4992,71.026543
4993,70.737785
4994,70.448601
4995,70.162598
4996,69.876869
4997,69.592079
4998,69.308029
4999,69.026680
5000,68.745796
5001,68.466263
5002,68.185593
5003,67.907753
5004,67.631119
5005,67.356735
5006,67.082191
5007,66.806015
5008,66.533585
5009,66.262009
5010,65.993721
5011,65.725433
5012,65.458694
5013,65.192032
5014,64.928139
5015,64.663818
5016,64.400719
5017,64.138474
5018,63.878754
5019,63.618725
5020,63.359459
5021,63.101284
5022,62.845470
5023,62.589287
5024,62.335148
5025,62.080559
5026,61.828644
5027,61.576832
5028,61.322784
5029,61.070854
5030,60.820427
5031,60.570213
5032,60.321758
5033,60.075336
5034,59.828342
5035,59.582363
5036,59.336376
5037,59.089794
5038,58.847633
5039,58.605568
5040,58.365620
5041,58.125877
5042,57.887821
5043,57.648148
5044,57.411144
5045,57.175953
5046,56.940868
5047,56.706352
5048,56.473255
5049,56.240513
5050,56.009018
5051,55.777145
5052,55.547722
5053,55.319702
5054,55.093941
5055,54.867485
5056,54.642548
5057,54.418781
5058,54.194691
5059,53.972961
5060,53.752453
5061,53.532787
5062,53.312660
5063,53.093479
5064,52.876617
5065,52.659840
5066,52.443005
5067,52.227901
5068,52.014084
5069,51.800968
5070,51.589375
5071,51.376858
5072,51.166443
5073,50.956505
5074,50.748337
5075,50.539585
5076,50.333218
5077,50.127941
5078,49.922100
5079,49.718372
5080,49.514694
5081,49.312008
5082,49.110195
5083,48.908405
5084,48.707527
5085,48.507431
5086,48.308842
5087,48.109573
5088,47.912872
5089,47.716316
5090,47.520481
5091,47.325775
5092,47.131157
5093,46.937901
5094,46.745682
5095,46.553711
5096,46.363022
5097,46.173538
5098,45.984550
5099,45.796005
5100,45.608593
5101,45.421627
5102,45.235348
5103,45.050613
5104,44.865921
5105,44.682526
5106,44.499798
5107,44.317238
5108,44.135498
5109,43.955044
5110,43.774975
5111,43.596321
5112,43.418102
5113,43.240116
5114,43.063450
5115,42.887398
5116,42.712059
5117,42.537617
5118,42.363998
5119,42.190079
5120,42.018032
5121,41.846786
5122,41.675667
5123,41.505424
5124,41.336014
5125,41.167732
5126,40.999325
5127,40.831532
5128,40.665260
5129,40.499249
5130,40.334171
5131,40.169506
5132,40.005638
5133,39.842304
5134,39.679970
5135,39.516838
5136,39.354946
5137,39.194138
5138,39.033463
5139,38.873810
5140,38.715199
5141,38.556507
5142,38.398621
5143,38.241814
5144,38.085915
5145,37.930191
5146,37.774471
5147,37.619812
5148,37.465912
5149,37.312603
5150,37.159653
5151,37.007393
5152,36.855515
5153,36.703953
5154,36.554058
5155,36.404259
5156,36.255188
5157,36.106281
5158,35.959023
5159,35.812771
5160,35.665684
5161,35.520145
5162,35.374996
5163,35.230679
5164,35.086922
5165,34.943546
5166,34.801132
5167,34.658939
5168,34.517155
5169,34.375912
5170,34.235886
5171,34.095798
5172,33.956371
5173,33.817924
5174,33.679325
5175,33.540936
5176,33.403969
5177,33.267036
5178,33.130787
5179,32.994972
5180,32.859886
5181,32.725384
5182,32.591637
5183,32.458775
5184,32.326832
5185,32.195271
5186,32.064190
5187,31.933779
5188,31.803337
5189,31.673882
5190,31.544361
5191,31.415911
5192,31.287722
5193,31.160522
5194,31.034300
5195,30.908766
5196,30.783426
5197,30.658642
5198,30.534033
5199,30.410723
5200,30.287468
5201,30.165157
5202,30.042871
5203,29.921114
5204,29.799738
5205,29.679085
5206,29.558788
5207,29.438972
5208,29.319630
5209,29.200533
5210,29.082146
5211,28.964706
5212,28.847513
5213,28.730734
5214,28.614441
5215,28.498434
5216,28.382971
5217,28.268085
5218,28.153780
5219,28.039324
5220,27.925774
5221,27.812685
5222,27.699884
5223,27.587793
5224,27.476084
5225,27.364740
5226,27.253874
5227,27.142927
5228,27.032972
5229,26.923443
5230,26.814314
5231,26.705561
5232,26.596909
5233,26.489244
5234,26.381960
5235,26.274910
5236,26.168388
5237,26.062382
5238,25.957237
5239,25.852314
5240,25.747688
5241,25.643505
5242,25.539854
5243,25.436272
5244,25.333296
5245,25.231073
5246,25.129057
5247,25.027554
5248,24.926596
5249,24.825344
5250,24.724911
5251,24.625010
5252,24.525488
5253,24.426229
5254,24.327349
5255,24.229069
5256,24.131226
5257,24.033728
5258,23.936193
5259,23.839056
5260,23.742300
5261,23.645941
5262,23.549984
5263,23.454407
5264,23.359215
5265,23.264387
5266,23.169966
5267,23.075922
5268,22.982277
5269,22.888994
5270,22.796089
5271,22.703548
5272,22.611265
5273,22.519394
5274,22.427933
5275,22.336796
5276,22.245945
5277,22.155533
5278,22.065468
5279,21.975788
5280,21.886471
5281,21.797503
5282,21.708921
5283,21.620466
5284,21.532293
5285,21.444189
5286,21.356558
5287,21.269402
5288,21.182285
5289,21.095531
5290,21.008810
5291,20.922810
5292,20.837133
5293,20.751984
5294,20.666374
5295,20.581057
5296,20.496391
5297,20.412134
5298,20.327888
5299,20.244097
5300,20.160877
5301,20.077766
5302,19.995111
5303,19.912634
5304,19.830446
5305,19.748344
5306,19.667061
5307,19.586107
5308,19.505396
5309,19.425274
5310,19.345255
5311,19.265471
5312,19.186474
5313,19.107557
5314,19.029324
5315,18.951437
5316,18.873676
5317,18.796146
5318,18.719049
5319,18.642632
5320,18.566471
5321,18.490545
5322,18.414536
5323,18.338921
5324,18.264101
5325,18.189466
5326,18.115116
5327,18.041065
5328,17.967203
5329,17.893808
5330,17.820324
5331,17.747278
5332,17.674656
5333,17.602312
5334,17.530458
5335,17.458769
5336,17.387459
5337,17.316336
5338,17.245195
5339,17.174507
5340,17.104271
5341,17.034307
5342,16.964396
5343,16.894913
5344,16.825598
5345,16.756800
5346,16.688358
5347,16.620552
5348,16.553043
5349,16.485807
5350,16.418514
5351,16.351727
5352,16.285099
5353,16.218990
5354,16.153202
5355,16.087290
5356,16.021704
5357,15.956490
5358,15.891553
5359,15.826962
5360,15.762616
5361,15.698303
5362,15.634595
5363,15.570767
5364,15.507138
5365,15.443798
5366,15.380798
5367,15.318246
5368,15.255842
5369,15.193663
5370,15.131673
5371,15.069856
5372,15.008304
5373,14.947035
5374,14.885996
5375,14.825304
5376,14.764688
5377,14.704521
5378,14.644453
5379,14.584702
5380,14.525394
5381,14.466116
5382,14.407084
5383,14.348381
5384,14.289819
5385,14.231503
5386,14.173294
5387,14.115560
5388,14.057836
5389,14.000233
5390,13.942987
5391,13.885963
5392,13.829046
5393,13.772326
5394,13.715775
5395,13.659705
5396,13.603778
5397,13.548122
5398,13.492698
5399,13.437558
5400,13.382477
5401,13.327347
5402,13.272667
5403,13.218065
5404,13.163858
5405,13.109639
5406,13.055747
5407,13.002139
5408,12.948860
5409,12.895603
5410,12.842476
5411,12.789625
5412,12.737017
5413,12.684507
5414,12.632291
5415,12.580145
5416,12.528528
5417,12.477020
5418,12.425507
5419,12.374279
5420,12.323336
5421,12.272698
5422,12.222214
5423,12.171918
5424,12.122054
5425,12.072322
5426,12.022801
5427,11.973397
5428,11.924220
5429,11.875245
5430,11.826545
5431,11.778138
5432,11.729829
5433,11.681687
5434,11.633553
5435,11.585798
5436,11.538240
5437,11.490830
5438,11.443556
5439,11.396549
5440,11.349718
5441,11.303041
5442,11.256574
5443,11.210364
5444,11.164286
5445,11.118402
5446,11.072809
5447,11.027411
5448,10.982114
5449,10.937193
5450,10.892363
5451,10.847507
5452,10.802950
5453,10.758613
5454,10.714666
5455,10.670925
5456,10.627565
5457,10.584405
5458,10.541284
5459,10.498338
5460,10.455494
5461,10.412823
5462,10.370521
5463,10.328271
5464,10.286270
5465,10.244375
5466,10.202709
5467,10.161070
5468,10.119638
5469,10.078257
5470,10.037109
5471,9.996253
5472,9.955544
5473,9.915028
5474,9.874393
5475,9.834128
5476,9.793980
5477,9.753967
5478,9.714178
5479,9.674588
5480,9.634926
5481,9.595653
5482,9.556692
5483,9.517828
5484,9.479020
5485,9.440477
5486,9.402083
5487,9.363635
5488,9.325492
5489,9.287655
5490,9.249781
5491,9.212083
5492,9.174555
5493,9.137284
5494,9.099954
5495,9.062786
5496,9.025745
5497,8.989131
5498,8.952501
5499,8.915916
5500,8.879459
5501,8.843270
5502,8.807117
5503,8.771377
5504,8.735557
5505,8.699773
5506,8.664215
5507,8.628928
5508,8.593577
5509,8.558465
5510,8.523581
5511,8.488956
5512,8.454455
5513,8.420039
5514,8.385637
5515,8.351557
5516,8.317475
5517,8.283508
5518,8.249640
5519,8.215964
5520,8.182313
5521,8.148838
5522,8.115526
5523,8.082403
5524,8.049358
5525,8.016422
5526,7.983751
5527,7.951128
5528,7.918571
5529,7.886267
5530,7.854080
5531,7.821964
5532,7.789976
5533,7.758099
5534,7.726350
5535,7.694714
5536,7.663229
5537,7.631752
5538,7.600474
5539,7.569303
5540,7.538327
5541,7.507378
5542,7.476593
5543,7.445991
5544,7.415567
5545,7.385208
5546,7.354960
5547,7.324812
5548,7.294744
5549,7.264907
5550,7.235079
5551,7.205405
5552,7.175835
5553,7.146494
5554,7.117231
5555,7.088178
5556,7.059142
5557,7.030202
5558,7.001489
5559,6.972815
5560,6.944332
5561,6.916059
5562,6.887900
5563,6.859780
5564,6.831785
5565,6.803952
5566,6.776291
5567,6.748664
5568,6.721209
5569,6.693849
5570,6.666625
5571,6.639414
5572,6.612232
5573,6.585267
5574,6.558485
5575,6.531714
5576,6.505011
5577,6.478467
5578,6.452088
5579,6.425744
5580,6.399498
5581,6.373444
5582,6.347501
5583,6.321599
5584,6.295835
5585,6.270236
5586,6.244696
5587,6.219299
5588,6.193946
5589,6.168641
5590,6.143465
5591,6.118562
5592,6.093471
5593,6.068580
5594,6.043825
5595,6.019235
5596,5.994518
5597,5.970171
5598,5.945755
5599,5.921423
5600,5.897246
5601,5.873029
5602,5.849058
5603,5.825180
5604,5.801341
5605,5.777696
5606,5.753984
5607,5.730384
5608,5.706968
5609,5.683528
5610,5.660339
5611,5.637249
5612,5.614298
5613,5.591384
5614,5.568519
5615,5.545745
5616,5.523137
5617,5.500597
5618,5.477988
5619,5.455537
5620,5.433288
5621,5.411095
5622,5.388989
5623,5.366965
5624,5.345036
5625,5.323134
5626,5.301439
5627,5.279737
5628,5.258087
5629,5.236609
5630,5.215226
5631,5.193951
5632,5.172753
5633,5.151684
5634,5.130676
5635,5.109754
5636,5.088981
5637,5.068151
5638,5.047478
5639,5.026751
5640,5.006096
5641,4.985789
5642,4.965379
5643,4.945058
5644,4.924837
5645,4.904789
5646,4.884741
5647,4.864769
5648,4.844802
5649,4.824853
5650,4.805009
5651,4.785243
5652,4.765605
5653,4.746066
5654,4.726604
5655,4.707267
5656,4.687915
5657,4.668694
5658,4.649517
5659,4.630461
5660,4.611463
5661,4.592526
5662,4.573753
5663,4.554994
5664,4.536418
5665,4.517828
5666,4.499314
5667,4.480894
5668,4.462523
5669,4.444224
5670,4.426015
5671,4.407805
5672,4.389658
5673,4.371645
5674,4.353735
5675,4.335823
5676,4.318083
5677,4.300387
5678,4.282753
5679,4.265176
5680,4.247745
5681,4.230374
5682,4.213088
5683,4.195827
5684,4.178704
5685,4.161672
5686,4.144707
5687,4.127813
5688,4.110986
5689,4.094146
5690,4.077471
5691,4.060825
5692,4.044262
5693,4.027695
5694,4.011266
5695,3.994894
5696,3.978629
5697,3.962374
5698,3.946243
5699,3.930166
5700,3.914073
5701,3.898048
5702,3.882134
5703,3.866230
5704,3.850359
5705,3.834630
5706,3.818993
5707,3.803412
5708,3.787884
5709,3.772421
5710,3.757055
5711,3.741677
5712,3.726380
5713,3.711148
5714,3.696002
5715,3.680878
5716,3.665810
5717,3.650718
5718,3.635712
5719,3.620812
5720,3.605954
5721,3.591118
5722,3.576396
5723,3.561761
5724,3.547156
5725,3.532540
5726,3.517997
5727,3.503558
5728,3.489159
5729,3.474844
5730,3.460674
5731,3.446457
5732,3.432312
5733,3.418226
5734,3.404133
5735,3.390204
5736,3.376219
5737,3.362383
5738,3.348551
5739,3.334791
5740,3.321042
5741,3.307324
5742,3.293737
5743,3.280236
5744,3.266750
5745,3.253345
5746,3.240007
5747,3.226710
5748,3.213439
5749,3.200214
5750,3.187070
5751,3.173969
5752,3.160914
5753,3.147904
5754,3.134957
5755,3.122054
5756,3.109246
5757,3.096478
5758,3.083783
5759,3.071160
5760,3.058567
5761,3.046028
5762,3.033516
5763,3.021111
5764,3.008696
5765,2.996373
5766,2.984098
5767,2.971844
5768,2.959685
5769,2.947482
5770,2.935360
5771,2.923394
5772,2.911480
5773,2.899557
5774,2.887713
5775,2.875901
5776,2.864123
5777,2.852395
5778,2.840709
5779,2.829109
5780,2.817574
5781,2.806062
5782,2.794579
5783,2.783156
5784,2.771772
5785,2.760423
5786,2.749131
5787,2.737857
5788,2.726676
5789,2.715484
5790,2.704343
5791,2.693271
5792,2.682226
5793,2.671259
5794,2.660342
5795,2.649431
5796,2.638555
5797,2.627757
5798,2.617068
5799,2.606373
5800,2.595753
5801,2.585172
5802,2.574694
5803,2.564186
5804,2.553791
5805,2.543369
5806,2.533041
5807,2.522707
5808,2.512453
5809,2.502192
5810,2.492014
5811,2.481832
5812,2.471704
5813,2.461577
5814,2.451509
5815,2.441470
5816,2.431486
5817,2.421537
5818,2.411645
5819,2.401776
5820,2.391964
5821,2.382222
5822,2.372489
5823,2.362779
5824,2.353120
5825,2.343473
5826,2.333929
5827,2.324437
5828,2.314954
5829,2.305532
5830,2.296147
5831,2.286792
5832,2.277473
5833,2.268175
5834,2.258919
5835,2.249683
5836,2.240502
5837,2.231348
5838,2.222270
5839,2.213201
5840,2.204167
5841,2.195187
5842,2.186232
5843,2.177317
5844,2.168451
5845,2.159614
5846,2.150821
5847,2.142045
5848,2.133339
5849,2.124645
5850,2.115978
5851,2.107321
5852,2.098718
5853,2.090164
5854,2.081622
5855,2.073129
5856,2.064671
5857,2.056260
5858,2.047875
5859,2.039526
5860,2.031184
5861,2.022880
5862,2.014635
5863,2.006396
5864,1.998200
5865,1.990018
5866,1.981885
5867,1.973780
5868,1.965728
5869,1.957721
5870,1.949716
5871,1.941779
5872,1.933844
5873,1.925937
5874,1.918058
5875,1.910204
5876,1.902381
5877,1.894564
5878,1.886778
5879,1.879030
5880,1.871317
5881,1.863625
5882,1.855971
5883,1.848356
5884,1.840749
5885,1.833192
5886,1.825658
5887,1.818170
5888,1.810706
5889,1.803270
5890,1.795901
5891,1.788521
5892,1.781173
5893,1.773897
5894,1.766615
5895,1.759374
5896,1.752163
5897,1.745001
5898,1.737869
5899,1.730757
5900,1.723672
5901,1.716619
5902,1.709589
5903,1.702586
5904,1.695616
5905,1.688686
5906,1.681771
5907,1.674882
5908,1.668019
5909,1.661191
5910,1.654381
5911,1.647596
5912,1.640834
5913,1.634096
5914,1.627399
5915,1.620767
5916,1.614135
5917,1.607527
5918,1.600933
5919,1.594396
5920,1.587855
5921,1.581330
5922,1.574809
5923,1.568335
5924,1.561884
5925,1.555444
5926,1.549058
5927,1.542696
5928,1.536358
5929,1.530053
5930,1.523769
5931,1.517512
5932,1.511268
5933,1.505071
5934,1.498892
5935,1.492734
5936,1.486597
5937,1.480491
5938,1.474424
5939,1.468362
5940,1.462332
5941,1.456344
5942,1.450366
5943,1.444422
5944,1.438495
5945,1.432593
5946,1.426717
5947,1.420869
5948,1.415040
5949,1.409223
5950,1.403427
5951,1.397654
5952,1.391921
5953,1.386203
5954,1.380514
5955,1.374829
5956,1.369178
5957,1.363553
5958,1.357968
5959,1.352402
5960,1.346882
5961,1.341346
5962,1.335872
5963,1.330413
5964,1.324960
5965,1.319535
5966,1.314141
5967,1.308761
5968,1.303419
5969,1.298070
5970,1.292772
5971,1.287482
5972,1.282227
5973,1.276960
5974,1.271728
5975,1.266533
5976,1.261348
5977,1.256167
5978,1.251023
5979,1.245898
5980,1.240787
5981,1.235702
5982,1.230629
5983,1.225558
5984,1.220530
5985,1.215492
5986,1.210501
5987,1.205505
5988,1.200535
5989,1.195582
5990,1.190707
5991,1.185860
5992,1.181016
5993,1.176174
5994,1.171382
5995,1.166582
5996,1.161819
5997,1.157070
5998,1.152311
5999,1.147579
6000,1.142879
6001,1.138212
6002,1.133558
6003,1.128917
6004,1.124280
6005,1.119665
6006,1.115067
6007,1.110487
6008,1.105960
6009,1.101424
6010,1.096927
6011,1.092448
6012,1.087990
6013,1.083545
6014,1.079122
6015,1.074726
6016,1.070344
6017,1.065980
6018,1.061620
6019,1.057288
6020,1.052976
6021,1.048668
6022,1.044375
6023,1.040072
6024,1.035792
6025,1.031556
6026,1.027314
6027,1.023122
6028,1.018902
6029,1.014702
6030,1.010533
6031,1.006375
6032,1.002244
6033,0.998138
6034,0.994044
6035,0.989970
6036,0.985940
6037,0.981920
6038,0.977916
6039,0.973910
6040,0.969926
6041,0.965955
6042,0.961998
6043,0.958063
6044,0.954150
6045,0.950246
6046,0.946349
6047,0.942476
6048,0.938619
6049,0.934785
6050,0.930968
6051,0.927165
6052,0.923379
6053,0.919602
6054,0.915850
6055,0.912105
6056,0.908376
6057,0.904671
6058,0.900975
6059,0.897279
6060,0.893603
6061,0.889952
6062,0.886290
6063,0.882672
6064,0.879063
6065,0.875474
6066,0.871883
6067,0.868313
6068,0.864738
6069,0.861212
6070,0.857693
6071,0.854185
6072,0.850683
6073,0.847202
6074,0.843731
6075,0.840298
6076,0.836875
6077,0.833467
6078,0.830061
6079,0.826684
6080,0.823309
6081,0.819952
6082,0.816599
6083,0.813274
6084,0.809952
6085,0.806638
6086,0.803361
6087,0.800087
6088,0.796822
6089,0.793568
6090,0.790327
6091,0.787102
6092,0.783895
6093,0.780702
6094,0.777522
6095,0.774359
6096,0.771211
6097,0.768070
6098,0.764946
6099,0.761834
6100,0.758724
6101,0.755640
6102,0.752565
6103,0.749507
6104,0.746464
6105,0.743424
6106,0.740400
6107,0.737378
6108,0.734370
6109,0.731371
6110,0.728394
6111,0.725424
6112,0.722467
6113,0.719514
6114,0.716586
6115,0.713672
6116,0.710759
6117,0.707855
6118,0.704969
6119,0.702092
6120,0.699226
6121,0.696380
6122,0.693537
6123,0.690704
6124,0.687890
6125,0.685076
6126,0.682287
6127,0.679494
6128,0.676724
6129,0.673965
6130,0.671219
6131,0.668474
6132,0.665747
6133,0.663032
6134,0.660324
6135,0.657618
6136,0.654930
6137,0.652249
6138,0.649590
6139,0.646939
6140,0.644303
6141,0.641667
6142,0.639049
6143,0.636439
6144,0.633853
6145,0.631267
6146,0.628685
6147,0.626122
6148,0.623573
6149,0.621024
6150,0.618499
6151,0.615981
6152,0.613468
6153,0.610965
6154,0.608484
6155,0.605997
6156,0.603525
6157,0.601064
6158,0.598624
6159,0.596190
6160,0.593761
6161,0.591336
6162,0.588932
6163,0.586532
6164,0.584134
6165,0.581756
6166,0.579391
6167,0.577026
6168,0.574674
6169,0.572331
6170,0.569998
6171,0.567683
6172,0.565367
6173,0.563060
6174,0.560768
6175,0.558490
6176,0.556213
6177,0.553947
6178,0.551704
6179,0.549464
6180,0.547224
6181,0.545002
6182,0.542783
6183,0.540581
6184,0.538389
6185,0.536199
6186,0.534021
6187,0.531842
6188,0.529665
6189,0.527512
6190,0.525373
6191,0.523232
6192,0.521102
6193,0.518975
6194,0.516867
6195,0.514756
6196,0.512659
6197,0.510561
6198,0.508470
6199,0.506401
6200,0.504336
6201,0.502272
6202,0.500225
6203,0.498185
6204,0.496156
6205,0.494137
6206,0.492126
6207,0.490119
6208,0.488127
6209,0.486143
6210,0.484161
6211,0.482182
6212,0.480227
6213,0.478269
6214,0.476321
6215,0.474378
6216,0.472452
6217,0.470537
6218,0.468621
6219,0.466715
6220,0.464815
6221,0.462920
6222,0.461030
6223,0.459151
6224,0.457271
6225,0.455409
6226,0.453538
6227,0.451683
6228,0.449833
6229,0.447996
6230,0.446175
6231,0.444353
6232,0.442541
6233,0.440737
6234,0.438937
6235,0.437138
6236,0.435346
6237,0.433565
6238,0.431787
6239,0.430019
6240,0.428261
6241,0.426508
6242,0.424764
6243,0.423028
6244,0.421301
6245,0.419584
6246,0.417870
6247,0.416167
6248,0.414457
6249,0.412764
6250,0.411076
6251,0.409399
6252,0.407723
6253,0.406054
6254,0.404394
6255,0.402744
6256,0.401102
6257,0.399462
6258,0.397829
6259,0.396207
6260,0.394584
6261,0.392972
6262,0.391366
6263,0.389765
6264,0.388172
6265,0.386587
6266,0.385006
6267,0.383433
6268,0.381868
6269,0.380306
6270,0.378748
6271,0.377202
6272,0.375662
6273,0.374122
6274,0.372585
6275,0.371056
6276,0.369531
6277,0.368013
6278,0.366500
6279,0.364996
6280,0.363497
6281,0.362006
6282,0.360521
6283,0.359041
6284,0.357562
6285,0.356093
6286,0.354629
6287,0.353174
6288,0.351718
6289,0.350275
6290,0.348835
6291,0.347396
6292,0.345975
6293,0.344554
6294,0.343138
6295,0.341729
6296,0.340323
6297,0.338925
6298,0.337528
6299,0.336137
6300,0.334762
6301,0.333392
6302,0.332025
6303,0.330665
6304,0.329308
6305,0.327958
6306,0.326612
6307,0.325277
6308,0.323949
6309,0.322623
6310,0.321307
6311,0.319994
6312,0.318688
6313,0.317382
6314,0.316082
6315,0.314793
6316,0.313506
6317,0.312222
6318,0.310945
6319,0.309673
6320,0.308411
6321,0.307151
6322,0.305897
6323,0.304650
6324,0.303407
6325,0.302169
6326,0.300934
6327,0.299703
6328,0.298481
6329,0.297263
6330,0.296051
6331,0.294837
6332,0.293631
6333,0.292427
6334,0.291233
6335,0.290042
6336,0.288860
6337,0.287679
6338,0.286505
6339,0.285331
6340,0.284164
6341,0.282998
6342,0.281840
6343,0.280687
6344,0.279532
6345,0.278393
6346,0.277259
6347,0.276128
6348,0.274997
6349,0.273877
6350,0.272760
6351,0.271650
6352,0.270535
6353,0.269430
6354,0.268330
6355,0.267236
6356,0.266141
6357,0.265058
6358,0.263978
6359,0.262902
6360,0.261825
6361,0.260756
6362,0.259695
6363,0.258637
6364,0.257580
6365,0.256531
6366,0.255486
6367,0.254444
6368,0.253406
6369,0.252370
6370,0.251337
6371,0.250307
6372,0.249284
6373,0.248266
6374,0.247251
6375,0.246241
6376,0.245234
6377,0.244227
6378,0.243224
6379,0.242225
6380,0.241231
6381,0.240237
6382,0.239251
6383,0.238268
6384,0.237290
6385,0.236316
6386,0.235344
6387,0.234377
6388,0.233414
6389,0.232455
6390,0.231496
6391,0.230545
6392,0.229597
6393,0.228650
6394,0.227710
6395,0.226771
6396,0.225835
6397,0.224907
6398,0.223979
6399,0.223057
6400,0.222136
6401,0.221220
6402,0.220309
6403,0.219400
6404,0.218495
6405,0.217595
6406,0.216701
6407,0.215808
6408,0.214918
6409,0.214034
6410,0.213153
6411,0.212274
6412,0.211397
6413,0.210524
6414,0.209654
6415,0.208792
6416,0.207930
6417,0.207073
6418,0.206223
6419,0.205372
6420,0.204527
6421,0.203690
6422,0.202855
6423,0.202022
6424,0.201194
6425,0.200371
6426,0.199551
6427,0.198731
6428,0.197918
6429,0.197109
6430,0.196301
6431,0.195496
6432,0.194696
6433,0.193897
6434,0.193102
6435,0.192312
6436,0.191522
6437,0.190733
6438,0.189951
6439,0.189171
6440,0.188396
6441,0.187620
6442,0.186849
6443,0.186080
6444,0.185314
6445,0.184554
6446,0.183795
6447,0.183041
6448,0.182289
6449,0.181543
6450,0.180799
6451,0.180055
6452,0.179316
6453,0.178578
6454,0.177844
6455,0.177110
6456,0.176381
6457,0.175657
6458,0.174934
6459,0.174215
6460,0.173498
6461,0.172782
6462,0.172070
6463,0.171362
6464,0.170654
6465,0.169951
6466,0.169247
6467,0.168546
6468,0.167850
6469,0.167158
6470,0.166469
6471,0.165782
6472,0.165098
6473,0.164418
6474,0.163739
6475,0.163065
6476,0.162393
6477,0.161720
6478,0.161054
6479,0.160392
6480,0.159736
6481,0.159078
6482,0.158426
6483,0.157777
6484,0.157131
6485,0.156485
6486,0.155842
6487,0.155202
6488,0.154567
6489,0.153934
6490,0.153302
6491,0.152673
6492,0.152047
6493,0.151424
6494,0.150805
6495,0.150186
6496,0.149572
6497,0.148961
6498,0.148352
6499,0.147747
6500,0.147144
6501,0.146544
6502,0.145947
6503,0.145353
6504,0.144759
6505,0.144167
6506,0.143577
6507,0.142989
6508,0.142404
6509,0.141820
6510,0.141238
6511,0.140658
6512,0.140084
6513,0.139507
6514,0.138934
6515,0.138364
6516,0.137796
6517,0.137230
6518,0.136668
6519,0.136109
6520,0.135551
6521,0.134998
6522,0.134446
6523,0.133896
6524,0.133349
6525,0.132803
6526,0.132260
6527,0.131720
6528,0.131182
6529,0.130644
6530,0.130109
6531,0.129576
6532,0.129046
6533,0.128518
6534,0.127990
6535,0.127466
6536,0.126941
6537,0.126419
6538,0.125898
6539,0.125380
6540,0.124868
6541,0.124357
6542,0.123848
6543,0.123340
6544,0.122835
6545,0.122333
6546,0.121833
6547,0.121334
6548,0.120836
6549,0.120339
6550,0.119844
6551,0.119351
6552,0.118860
6553,0.118370
6554,0.117883
6555,0.117398
6556,0.116914
6557,0.116434
6558,0.115956
6559,0.115480
6560,0.115005
6561,0.114530
6562,0.114061
6563,0.113592
6564,0.113126
6565,0.112663
6566,0.112202
6567,0.111740
6568,0.111282
6569,0.110826
6570,0.110372
6571,0.109921
6572,0.109470
6573,0.109022
6574,0.108577
6575,0.108134
6576,0.107692
6577,0.107252
6578,0.106812
6579,0.106377
6580,0.105942
6581,0.105509
6582,0.105077
6583,0.104647
6584,0.104221
6585,0.103795
6586,0.103372
6587,0.102952
6588,0.102531
6589,0.102113
6590,0.101696
6591,0.101281
6592,0.100867
6593,0.100455
6594,0.100046
6595,0.099637
6596,0.099230
6597,0.098827
6598,0.098424
6599,0.098024
6600,0.097625
6601,0.097226
6602,0.096828
6603,0.096432
6604,0.096039
6605,0.095649
6606,0.095259
6607,0.094872
6608,0.094486
6609,0.094100
6610,0.093717
6611,0.093333
6612,0.092953
6613,0.092573
6614,0.092195
6615,0.091818
6616,0.091442
6617,0.091069
6618,0.090698
6619,0.090326
6620,0.089957
6621,0.089592
6622,0.089229
6623,0.088865
6624,0.088505
6625,0.088144
6626,0.087786
6627,0.087428
6628,0.087073
6629,0.086720
6630,0.086367
6631,0.086015
6632,0.085664
6633,0.085314
6634,0.084967
6635,0.084622
6636,0.084278
6637,0.083934
6638,0.083593
6639,0.083252
6640,0.082914
6641,0.082576
6642,0.082240
6643,0.081905
6644,0.081571
6645,0.081238
6646,0.080907
6647,0.080578
6648,0.080250
6649,0.079925
6650,0.079599
6651,0.079275
6652,0.078953
6653,0.078632
6654,0.078312
6655,0.077993
6656,0.077676
6657,0.077360
6658,0.077046
6659,0.076734
6660,0.076423
6661,0.076113
6662,0.075804
6663,0.075495
6664,0.075187
6665,0.074881
6666,0.074575
6667,0.074270
6668,0.073968
6669,0.073665
6670,0.073364
6671,0.073063
6672,0.072766
6673,0.072470
6674,0.072175
6675,0.071881
6676,0.071585
6677,0.071294
6678,0.071002
6679,0.070712
6680,0.070426
6681,0.070141
6682,0.069856
6683,0.069572
6684,0.069289
6685,0.069007
6686,0.068724
6687,0.068444
6688,0.068165
6689,0.067886
6690,0.067609
6691,0.067332
6692,0.067057
6693,0.066782
6694,0.066510
6695,0.066238
6696,0.065967
6697,0.065698
6698,0.065430
6699,0.065163
6700,0.064898
6701,0.064633
6702,0.064369
6703,0.064106
6704,0.063843
6705,0.063583
6706,0.063323
6707,0.063064
6708,0.062808
6709,0.062552
6710,0.062297
6711,0.062042
6712,0.061789
6713,0.061536
6714,0.061285
6715,0.061034
6716,0.060785
6717,0.060537
6718,0.060290
6719,0.060044
6720,0.059799
6721,0.059553
6722,0.059310
6723,0.059068
6724,0.058827
6725,0.058587
6726,0.058348
6727,0.058110
6728,0.057873
6729,0.057636
6730,0.057400
6731,0.057166
6732,0.056933
6733,0.056701
6734,0.056470
6735,0.056240
6736,0.056011
6737,0.055783
6738,0.055556
6739,0.055330
6740,0.055104
6741,0.054880
6742,0.054656
6743,0.054433
6744,0.054210
6745,0.053987
6746,0.053766
6747,0.053545
6748,0.053325
6749,0.053106
6750,0.052889
6751,0.052673
6752,0.052458
6753,0.052243
6754,0.052030
6755,0.051817
6756,0.051604
6757,0.051393
6758,0.051182
6759,0.050973
6760,0.050764
6761,0.050556
6762,0.050349
6763,0.050143
6764,0.049937
6765,0.049733
6766,0.049530
6767,0.049327
6768,0.049125
6769,0.048925
6770,0.048725
6771,0.048525
6772,0.048327
6773,0.048130
6774,0.047933
6775,0.047738
6776,0.047544
6777,0.047351
6778,0.047159
6779,0.046966
6780,0.046775
6781,0.046584
6782,0.046394
6783,0.046203
6784,0.046015
6785,0.045827
6786,0.045641
6787,0.045455
6788,0.045269
6789,0.045085
6790,0.044901
6791,0.044717
6792,0.044533
6793,0.044350
6794,0.044168
6795,0.043987
6796,0.043807
6797,0.043627
6798,0.043449
6799,0.043270
6800,0.043093
6801,0.042917
6802,0.042740
6803,0.042566
6804,0.042391
6805,0.042217
6806,0.042044
6807,0.041871
6808,0.041699
6809,0.041529
6810,0.041359
6811,0.041189
6812,0.041020
6813,0.040852
6814,0.040685
6815,0.040518
6816,0.040352
6817,0.040186
6818,0.040021
6819,0.039857
6820,0.039694
6821,0.039532
6822,0.039370
6823,0.039207
6824,0.039045
6825,0.038885
6826,0.038725
6827,0.038566
6828,0.038407
6829,0.038249
6830,0.038091
6831,0.037934
6832,0.037778
6833,0.037623
6834,0.037468
6835,0.037314
6836,0.037160
6837,0.037007
6838,0.036855
6839,0.036703
6840,0.036552
6841,0.036401
6842,0.036251
6843,0.036102
6844,0.035954
6845,0.035806
6846,0.035658
6847,0.035512
6848,0.035366
6849,0.035220
6850,0.035075
6851,0.034931
6852,0.034787
6853,0.034644
6854,0.034501
6855,0.034359
6856,0.034218
6857,0.034077
6858,0.033936
6859,0.033796
6860,0.033656
6861,0.033517
6862,0.033378
6863,0.033240
6864,0.033103
6865,0.032966
6866,0.032831
6867,0.032697
6868,0.032563
6869,0.032429
6870,0.032297
6871,0.032164
6872,0.032032
6873,0.031901
6874,0.031770
6875,0.031639
6876,0.031509
6877,0.031379
6878,0.031251
6879,0.031122
6880,0.030995
6881,0.030868
6882,0.030742
6883,0.030615
6884,0.030490
6885,0.030365
6886,0.030241
6887,0.030116
6888,0.029993
6889,0.029869
6890,0.029747
6891,0.029625
6892,0.029503
6893,0.029382
6894,0.029262
6895,0.029142
6896,0.029022
6897,0.028903
6898,0.028784
6899,0.028666
6900,0.028548
6901,0.028431
6902,0.028314
6903,0.028198
6904,0.028083
6905,0.027967
6906,0.027853
6907,0.027739
6908,0.027625
6909,0.027511
6910,0.027398
6911,0.027285
6912,0.027173
6913,0.027061
6914,0.026950
6915,0.026839
6916,0.026729
6917,0.026619
6918,0.026510
6919,0.026401
6920,0.026292
6921,0.026184
6922,0.026076
6923,0.025969
6924,0.025862
6925,0.025755
6926,0.025649
6927,0.025544
6928,0.025439
6929,0.025335
6930,0.025231
6931,0.025127
6932,0.025025
6933,0.024922
6934,0.024820
6935,0.024719
6936,0.024618
6937,0.024517
6938,0.024416
6939,0.024316
6940,0.024217
6941,0.024118
6942,0.024019
6943,0.023921
6944,0.023823
6945,0.023725
6946,0.023628
6947,0.023532
6948,0.023435
6949,0.023339
6950,0.023243
6951,0.023148
6952,0.023053
6953,0.022958
6954,0.022864
6955,0.022770
6956,0.022676
6957,0.022583
6958,0.022490
6959,0.022398
6960,0.022306
6961,0.022215
6962,0.022123
6963,0.022032
6964,0.021942
6965,0.021851
6966,0.021762
6967,0.021672
6968,0.021583
6969,0.021495
6970,0.021407
6971,0.021319
6972,0.021231
6973,0.021144
6974,0.021057
6975,0.020971
6976,0.020885
6977,0.020799
6978,0.020714
6979,0.020629
6980,0.020544
6981,0.020460
6982,0.020376
6983,0.020292
6984,0.020209
6985,0.020126
6986,0.020043
6987,0.019961
6988,0.019879
6989,0.019798
6990,0.019717
6991,0.019636
6992,0.019556
6993,0.019475
6994,0.019395
6995,0.019315
6996,0.019236
6997,0.019157
6998,0.019078
6999,0.019000
7000,0.018922
7001,0.018844
7002,0.018767
7003,0.018689
7004,0.018613
7005,0.018536
7006,0.018460
7007,0.018384
7008,0.018309
7009,0.018233
7010,0.018159
7011,0.018084
7012,0.018010
7013,0.017936
7014,0.017862
7015,0.017788
7016,0.017715
7017,0.017642
7018,0.017570
7019,0.017498
7020,0.017426
7021,0.017355
7022,0.017284
7023,0.017214
7024,0.017143
7025,0.017073
7026,0.017004
7027,0.016934
7028,0.016865
7029,0.016796
7030,0.016727
7031,0.016659
7032,0.016591
7033,0.016523
7034,0.016455
7035,0.016388
7036,0.016321
7037,0.016254
7038,0.016187
7039,0.016121
7040,0.016055
7041,0.015989
7042,0.015923
7043,0.015858
7044,0.015792
7045,0.015728
7046,0.015663
7047,0.015598
7048,0.015534
7049,0.015471
7050,0.015408
7051,0.015344
7052,0.015281
7053,0.015219
7054,0.015157
7055,0.015095
7056,0.015033
7057,0.014972
7058,0.014910
7059,0.014849
7060,0.014789
7061,0.014728
7062,0.014668
7063,0.014608
7064,0.014548
7065,0.014488
7066,0.014429
7067,0.014370
7068,0.014311
7069,0.014253
7070,0.014194
7071,0.014136
7072,0.014078
7073,0.014021
7074,0.013963
7075,0.013906
7076,0.013849
7077,0.013792
7078,0.013736
7079,0.013679
7080,0.013623
7081,0.013567
7082,0.013512
7083,0.013457
7084,0.013402
7085,0.013347
7086,0.013293
7087,0.013238
7088,0.013184
7089,0.013130
7090,0.013076
7091,0.013023
7092,0.012970
7093,0.012917
7094,0.012864
7095,0.012812
7096,0.012759
7097,0.012707
7098,0.012655
7099,0.012603
7100,0.012552
7101,0.012501
7102,0.012449
7103,0.012399
7104,0.012348
7105,0.012298
7106,0.012247
7107,0.012197
7108,0.012147
7109,0.012097
7110,0.012048
7111,0.011998
7112,0.011949
7113,0.011900
7114,0.011851
7115,0.011802
7116,0.011754
7117,0.011705
7118,0.011657
7119,0.011609
7120,0.011561
7121,0.011514
7122,0.011466
7123,0.011419
7124,0.011372
7125,0.011326
7126,0.011279
7127,0.011233
7128,0.011186
7129,0.011141
7130,0.011095
7131,0.011049
7132,0.011004
7133,0.010959
7134,0.010914
7135,0.010869
7136,0.010824
7137,0.010780
7138,0.010736
7139,0.010692
7140,0.010648
7141,0.010604
7142,0.010560
7143,0.010517
7144,0.010473
7145,0.010430
7146,0.010387
7147,0.010345
7148,0.010302
7149,0.010260
7150,0.010218
7151,0.010176
7152,0.010134
7153,0.010092
7154,0.010051
7155,0.010009
7156,0.009968
7157,0.009927
7158,0.009887
7159,0.009846
7160,0.009805
7161,0.009765
7162,0.009725
7163,0.009685
7164,0.009645
7165,0.009606
7166,0.009567
7167,0.009528
7168,0.009488
7169,0.009450
7170,0.009411
7171,0.009372
7172,0.009334
7173,0.009296
7174,0.009257
7175,0.009219
7176,0.009181
7177,0.009144
7178,0.009106
7179,0.009069
7180,0.009032
7181,0.008994
7182,0.008957
7183,0.008921
7184,0.008884
7185,0.008847
7186,0.008811
7187,0.008775
7188,0.008739
7189,0.008703
7190,0.008667
7191,0.008631
7192,0.008596
7193,0.008561
7194,0.008525
7195,0.008490
7196,0.008455
7197,0.008421
7198,0.008386
7199,0.008352
7200,0.008317
7201,0.008283
7202,0.008249
7203,0.008215
7204,0.008181
7205,0.008148
7206,0.008114
7207,0.008081
7208,0.008048
7209,0.008014
7210,0.007982
7211,0.007949
7212,0.007916
7213,0.007884
7214,0.007851
7215,0.007819
7216,0.007787
7217,0.007755
7218,0.007723
7219,0.007691
7220,0.007660
7221,0.007628
7222,0.007597
7223,0.007566
7224,0.007535
7225,0.007504
7226,0.007473
7227,0.007442
7228,0.007412
7229,0.007381
7230,0.007351
7231,0.007321
7232,0.007291
7233,0.007261
7234,0.007231
7235,0.007202
7236,0.007172
7237,0.007143
7238,0.007114
7239,0.007085
7240,0.007056
7241,0.007027
7242,0.006998
7243,0.006969
7244,0.006941
7245,0.006912
7246,0.006884
7247,0.006856
7248,0.006827
7249,0.006799
7250,0.006771
7251,0.006743
7252,0.006716
7253,0.006688
7254,0.006660
7255,0.006633
7256,0.006605
7257,0.006578
7258,0.006551
7259,0.006524
7260,0.006497
7261,0.006470
7262,0.006444
7263,0.006417
7264,0.006391
7265,0.006365
7266,0.006339
7267,0.006313
7268,0.006287
7269,0.006261
7270,0.006236
7271,0.006210
7272,0.006185
7273,0.006159
7274,0.006134
7275,0.006109
7276,0.006084
7277,0.006059
7278,0.006035
7279,0.006010
7280,0.005985
7281,0.005961
7282,0.005936
7283,0.005912
7284,0.005888
7285,0.005864
7286,0.005840
7287,0.005816
7288,0.005792
7289,0.005768
7290,0.005744
7291,0.005721
7292,0.005697
7293,0.005674
7294,0.005651
7295,0.005628
7296,0.005605
7297,0.005582
7298,0.005559
7299,0.005536
7300,0.005514
7301,0.005491
7302,0.005469
7303,0.005446
7304,0.005424
7305,0.005402
7306,0.005380
7307,0.005358
7308,0.005336
7309,0.005314
7310,0.005292
7311,0.005270
7312,0.005249
7313,0.005227
7314,0.005206
7315,0.005184
7316,0.005163
7317,0.005142
7318,0.005121
7319,0.005100
7320,0.005079
7321,0.005058
7322,0.005037
7323,0.005017
7324,0.004996
7325,0.004976
7326,0.004955
7327,0.004935
7328,0.004915
7329,0.004895
7330,0.004875
7331,0.004855
7332,0.004835
7333,0.004815
7334,0.004795
7335,0.004775
7336,0.004756
7337,0.004736
7338,0.004717
7339,0.004698
7340,0.004679
7341,0.004659
7342,0.004640
7343,0.004621
7344,0.004603
7345,0.004584
7346,0.004565
7347,0.004546
7348,0.004528
7349,0.004509
7350,0.004491
7351,0.004473
7352,0.004454
7353,0.004436
7354,0.004418
7355,0.004400
7356,0.004382
7357,0.004364
7358,0.004346
7359,0.004328
7360,0.004311
7361,0.004293
7362,0.004275
7363,0.004258
7364,0.004240
7365,0.004223
7366,0.004206
7367,0.004189
7368,0.004171
7369,0.004154
7370,0.004137
7371,0.004120
7372,0.004104
7373,0.004087
7374,0.004070
7375,0.004054
7376,0.004037
7377,0.004020
7378,0.004004
7379,0.003988
7380,0.003971
7381,0.003955
7382,0.003939
7383,0.003923
7384,0.003907
7385,0.003891
7386,0.003875
7387,0.003859
7388,0.003843
7389,0.003827
7390,0.003811
7391,0.003796
7392,0.003780
7393,0.003765
7394,0.003749
7395,0.003734
7396,0.003719
7397,0.003703
7398,0.003688
7399,0.003673
7400,0.003658
7401,0.003643
7402,0.003628
7403,0.003613
7404,0.003599
7405,0.003584
7406,0.003569
7407,0.003555
7408,0.003540
7409,0.003526
7410,0.003511
7411,0.003497
7412,0.003483
7413,0.003468
7414,0.003454
7415,0.003440
7416,0.003426
7417,0.003412
7418,0.003398
7419,0.003384
7420,0.003370
7421,0.003357
7422,0.003343
7423,0.003329
7424,0.003316
7425,0.003302
7426,0.003289
7427,0.003275
7428,0.003262
7429,0.003249
7430,0.003235
7431,0.003222
7432,0.003209
7433,0.003196
7434,0.003183
7435,0.003170
7436,0.003157
7437,0.003144
7438,0.003131
7439,0.003119
7440,0.003106
7441,0.003093
7442,0.003081
7443,0.003068
7444,0.003056
7445,0.003043
7446,0.003031
7447,0.003018
7448,0.003006
7449,0.002994
7450,0.002981
7451,0.002969
7452,0.002957
7453,0.002945
7454,0.002933
7455,0.002921
7456,0.002909
7457,0.002897
7458,0.002885
7459,0.002874
7460,0.002862
7461,0.002850
7462,0.002838
7463,0.002827
7464,0.002815
7465,0.002804
7466,0.002792
7467,0.002781
7468,0.002769
7469,0.002758
7470,0.002747
7471,0.002736
7472,0.002724
7473,0.002713
7474,0.002702
7475,0.002691
7476,0.002680
7477,0.002669
7478,0.002658
7479,0.002647
7480,0.002636
7481,0.002625
7482,0.002614
7483,0.002604
7484,0.002593
7485,0.002582
7486,0.002572
7487,0.002561
7488,0.002551
7489,0.002540
7490,0.002530
7491,0.002519
7492,0.002509
7493,0.002498
7494,0.002488
7495,0.002478
7496,0.002468
7497,0.002457
7498,0.002447
7499,0.002437
7500,0.002427
7501,0.002417
7502,0.002407
7503,0.002398
7504,0.002388
7505,0.002378
7506,0.002368
7507,0.002359
7508,0.002349
7509,0.002339
7510,0.002330
7511,0.002320
7512,0.002311
7513,0.002301
7514,0.002292
7515,0.002282
7516,0.002273
7517,0.002264
7518,0.002254
7519,0.002245
7520,0.002236
7521,0.002227
7522,0.002217
7523,0.002208
7524,0.002199
7525,0.002190
7526,0.002181
7527,0.002172
7528,0.002163
7529,0.002155
7530,0.002146
7531,0.002137
7532,0.002128
7533,0.002120
7534,0.002111
7535,0.002102
7536,0.002094
7537,0.002085
7538,0.002076
7539,0.002068
7540,0.002059
7541,0.002051
7542,0.002043
7543,0.002034
7544,0.002026
7545,0.002018
7546,0.002009
7547,0.002001
7548,0.001993
7549,0.001985
7550,0.001976
7551,0.001968
7552,0.001960
7553,0.001952
7554,0.001944
7555,0.001936
7556,0.001928
7557,0.001921
7558,0.001913
7559,0.001905
7560,0.001897
7561,0.001889
7562,0.001882
7563,0.001874
7564,0.001866
7565,0.001859
7566,0.001851
7567,0.001843
7568,0.001836
7569,0.001828
7570,0.001821
7571,0.001813
7572,0.001806
7573,0.001799
7574,0.001791
7575,0.001784
7576,0.001777
7577,0.001769
7578,0.001762
7579,0.001755
7580,0.001748
7581,0.001741
7582,0.001733
7583,0.001726
7584,0.001719
7585,0.001712
7586,0.001705
7587,0.001698
7588,0.001691
7589,0.001684
7590,0.001678
7591,0.001671
7592,0.001664
7593,0.001657
7594,0.001650
7595,0.001644
7596,0.001637
7597,0.001630
7598,0.001623
7599,0.001617
7600,0.001610
7601,0.001603
7602,0.001597
7603,0.001590
7604,0.001584
7605,0.001577
7606,0.001571
7607,0.001565
7608,0.001558
7609,0.001552
7610,0.001546
7611,0.001539
7612,0.001533
7613,0.001527
7614,0.001521
7615,0.001514
7616,0.001508
7617,0.001502
7618,0.001496
7619,0.001490
7620,0.001484
7621,0.001478
7622,0.001472
7623,0.001466
7624,0.001460
7625,0.001454
7626,0.001448
7627,0.001442
7628,0.001436
7629,0.001430
7630,0.001424
7631,0.001418
7632,0.001412
7633,0.001407
7634,0.001401
7635,0.001395
7636,0.001389
7637,0.001384
7638,0.001378
7639,0.001372
7640,0.001367
7641,0.001361
7642,0.001356
7643,0.001350
7644,0.001344
7645,0.001339
7646,0.001333
7647,0.001328
7648,0.001323
7649,0.001317
7650,0.001312
7651,0.001306
7652,0.001301
7653,0.001296
7654,0.001290
7655,0.001285
7656,0.001280
7657,0.001275
7658,0.001269
7659,0.001264
7660,0.001259
7661,0.001254
7662,0.001249
7663,0.001244
7664,0.001239
7665,0.001233
7666,0.001228
7667,0.001223
7668,0.001218
7669,0.001213
7670,0.001208
7671,0.001203
7672,0.001199
7673,0.001194
7674,0.001189
7675,0.001184
7676,0.001179
7677,0.001174
7678,0.001169
7679,0.001165
7680,0.001160
7681,0.001155
7682,0.001150
7683,0.001146
7684,0.001141
7685,0.001136
7686,0.001132
7687,0.001127
7688,0.001122
7689,0.001118
7690,0.001113
7691,0.001109
7692,0.001104
7693,0.001099
7694,0.001095
7695,0.001090
7696,0.001086
7697,0.001081
7698,0.001077
7699,0.001073
7700,0.001068
7701,0.001064
7702,0.001059
7703,0.001055
7704,0.001051
7705,0.001046
7706,0.001042
7707,0.001038
7708,0.001034
7709,0.001029
7710,0.001025
7711,0.001021
7712,0.001017
7713,0.001013
7714,0.001008
7715,0.001004
7716,0.001000
7717,0.000996
7718,0.000992
7719,0.000988
7720,0.000984
7721,0.000980
7722,0.000976
7723,0.000972
7724,0.000968
7725,0.000964
7726,0.000960
7727,0.000956
7728,0.000952
7729,0.000948
7730,0.000944
7731,0.000940
7732,0.000937
7733,0.000933
7734,0.000929
7735,0.000925
7736,0.000921
7737,0.000918
7738,0.000914
7739,0.000910
7740,0.000906
7741,0.000903
7742,0.000899
7743,0.000895
7744,0.000892
7745,0.000888
7746,0.000884
7747,0.000881
7748,0.000877
7749,0.000874
7750,0.000870
7751,0.000866
7752,0.000863
7753,0.000859
7754,0.000856
7755,0.000852
7756,0.000849
7757,0.000845
7758,0.000842
7759,0.000838
7760,0.000835
7761,0.000832
7762,0.000828
7763,0.000825
7764,0.000821
7765,0.000818
7766,0.000815
7767,0.000811
7768,0.000808
7769,0.000805
7770,0.000801
7771,0.000798
7772,0.000795
7773,0.000792
7774,0.000788
7775,0.000785
7776,0.000782
7777,0.000779
7778,0.000775
7779,0.000772
7780,0.000769
7781,0.000766
7782,0.000763
7783,0.000760
7784,0.000757
7785,0.000753
7786,0.000750
7787,0.000747
7788,0.000744
7789,0.000741
7790,0.000738
7791,0.000735
7792,0.000732
7793,0.000729
7794,0.000726
7795,0.000723
7796,0.000720
7797,0.000717
7798,0.000714
7799,0.000711
7800,0.000708
7801,0.000705
7802,0.000702
7803,0.000699
7804,0.000697
7805,0.000694
7806,0.000691
7807,0.000688
7808,0.000685
7809,0.000682
7810,0.000680
7811,0.000677
7812,0.000674
7813,0.000671
7814,0.000669
7815,0.000666
7816,0.000663
7817,0.000660
7818,0.000658
7819,0.000655
7820,0.000652
7821,0.000650
7822,0.000647
7823,0.000644
7824,0.000642
7825,0.000639
7826,0.000636
7827,0.000634
7828,0.000631
7829,0.000629
7830,0.000626
7831,0.000624
7832,0.000621
7833,0.000618
7834,0.000616
7835,0.000613
7836,0.000611
7837,0.000608
7838,0.000606
7839,0.000603
7840,0.000601
7841,0.000598
7842,0.000596
7843,0.000593
7844,0.000591
7845,0.000589
7846,0.000586
7847,0.000584
7848,0.000581
7849,0.000579
7850,0.000577
7851,0.000574
7852,0.000572
7853,0.000570
7854,0.000567
7855,0.000565
7856,0.000563
7857,0.000560
7858,0.000558
7859,0.000556
7860,0.000553
7861,0.000551
7862,0.000549
7863,0.000546
7864,0.000544
7865,0.000542
7866,0.000540
7867,0.000538
7868,0.000535
7869,0.000533
7870,0.000531
7871,0.000529
7872,0.000527
7873,0.000524
7874,0.000522
7875,0.000520
7876,0.000518
7877,0.000516
7878,0.000514
7879,0.000512
7880,0.000509
7881,0.000507
7882,0.000505
7883,0.000503
7884,0.000501
7885,0.000499
7886,0.000497
7887,0.000495
7888,0.000493
7889,0.000491
7890,0.000489
7891,0.000487
7892,0.000485
7893,0.000483
7894,0.000481
7895,0.000479
7896,0.000477
7897,0.000475
7898,0.000473
7899,0.000471
7900,0.000469
7901,0.000468
7902,0.000466
7903,0.000464
7904,0.000462
7905,0.000460
7906,0.000458
7907,0.000456
7908,0.000454
7909,0.000452
7910,0.000451
7911,0.000449
7912,0.000447
7913,0.000445
7914,0.000443
7915,0.000442
7916,0.000440
7917,0.000438
7918,0.000436
7919,0.000434
7920,0.000433
7921,0.000431
7922,0.000429
7923,0.000427
7924,0.000425
7925,0.000424
7926,0.000422
7927,0.000420
7928,0.000419
7929,0.000417
7930,0.000415
7931,0.000413
7932,0.000412
7933,0.000410
7934,0.000408
7935,0.000407
7936,0.000405
7937,0.000403
7938,0.000402
7939,0.000400
7940,0.000399
7941,0.000397
7942,0.000395
7943,0.000394
7944,0.000392
7945,0.000391
7946,0.000389
7947,0.000387
7948,0.000386
7949,0.000384
7950,0.000383
7951,0.000381
7952,0.000379
7953,0.000378
7954,0.000376
7955,0.000375
7956,0.000373
7957,0.000372
7958,0.000370
7959,0.000369
7960,0.000367
7961,0.000366
7962,0.000364
7963,0.000363
7964,0.000361
7965,0.000360
7966,0.000358
7967,0.000357
7968,0.000355
7969,0.000354
7970,0.000352
7971,0.000351
7972,0.000350
7973,0.000348
7974,0.000347
7975,0.000345
7976,0.000344
7977,0.000342
7978,0.000341
7979,0.000340
7980,0.000338
7981,0.000337
7982,0.000335
7983,0.000334
7984,0.000333
7985,0.000331
7986,0.000330
7987,0.000329
7988,0.000327
7989,0.000326
7990,0.000325
7991,0.000323
7992,0.000322
7993,0.000321
7994,0.000319
7995,0.000318
7996,0.000317
7997,0.000315
7998,0.000314
7999,0.000313
8000,0.000312
8001,0.000310
8002,0.000309
8003,0.000308
8004,0.000306
8005,0.000305
8006,0.000304
8007,0.000303
8008,0.000301
8009,0.000300
8010,0.000299
8011,0.000298
8012,0.000297
8013,0.000295
8014,0.000294
8015,0.000293
8016,0.000292
8017,0.000291
8018,0.000289
8019,0.000288
8020,0.000287
8021,0.000286
8022,0.000285
8023,0.000283
8024,0.000282
8025,0.000281
8026,0.000280
8027,0.000279
8028,0.000278
8029,0.000277
8030,0.000275
8031,0.000274
8032,0.000273
8033,0.000272
8034,0.000271
8035,0.000270
8036,0.000269
8037,0.000268
8038,0.000267
8039,0.000265
8040,0.000264
8041,0.000263
8042,0.000262
8043,0.000261
8044,0.000260
8045,0.000259
8046,0.000258
8047,0.000257
8048,0.000256
8049,0.000255
8050,0.000254
8051,0.000253
8052,0.000252
8053,0.000251
8054,0.000250
8055,0.000249
8056,0.000248
8057,0.000247
8058,0.000246
8059,0.000245
8060,0.000244
8061,0.000243
8062,0.000242
8063,0.000241
8064,0.000240
8065,0.000239
8066,0.000238
8067,0.000237
8068,0.000236
8069,0.000235
8070,0.000234
8071,0.000233
8072,0.000232
8073,0.000231
8074,0.000230
8075,0.000229
8076,0.000228
8077,0.000227
8078,0.000226
8079,0.000225
8080,0.000225
8081,0.000224
8082,0.000223
8083,0.000222
8084,0.000221
8085,0.000220
8086,0.000219
8087,0.000218
8088,0.000217
8089,0.000216
8090,0.000216
8091,0.000215
8092,0.000214
8093,0.000213
8094,0.000212
8095,0.000211
8096,0.000210
8097,0.000209
8098,0.000209
8099,0.000208
8100,0.000207
8101,0.000206
8102,0.000205
8103,0.000204
8104,0.000204
8105,0.000203
8106,0.000202
8107,0.000201
8108,0.000200
8109,0.000199
8110,0.000199
8111,0.000198
8112,0.000197
8113,0.000196
8114,0.000195
8115,0.000195
8116,0.000194
8117,0.000193
8118,0.000192
8119,0.000191
8120,0.000191
8121,0.000190
8122,0.000189
8123,0.000188
8124,0.000188
8125,0.000187
8126,0.000186
8127,0.000185
8128,0.000185
8129,0.000184
8130,0.000183
8131,0.000182
8132,0.000182
8133,0.000181
8134,0.000180
8135,0.000179
8136,0.000179
8137,0.000178
8138,0.000177
8139,0.000176
8140,0.000176
8141,0.000175
8142,0.000174
8143,0.000174
8144,0.000173
8145,0.000172
8146,0.000171
8147,0.000171
8148,0.000170
8149,0.000169
8150,0.000169
8151,0.000168
8152,0.000167
8153,0.000167
8154,0.000166
8155,0.000165
8156,0.000165
8157,0.000164
8158,0.000163
8159,0.000162
8160,0.000162
8161,0.000161
8162,0.000161
8163,0.000160
8164,0.000159
8165,0.000159
8166,0.000158
8167,0.000157
8168,0.000157
8169,0.000156
8170,0.000155
8171,0.000155
8172,0.000154
8173,0.000153
8174,0.000153
8175,0.000152
8176,0.000152
8177,0.000151
8178,0.000150
8179,0.000150
8180,0.000149
8181,0.000148
8182,0.000148
8183,0.000147
8184,0.000147
8185,0.000146
8186,0.000145
8187,0.000145
8188,0.000144
8189,0.000144
8190,0.000143
8191,0.000143
8192,0.000142
8193,0.000141
8194,0.000141
8195,0.000140
8196,0.000140
8197,0.000139
8198,0.000138
8199,0.000138
8200,0.000137
8201,0.000137
8202,0.000136
8203,0.000136
8204,0.000135
8205,0.000135
8206,0.000134
8207,0.000134
8208,0.000133
8209,0.000132
8210,0.000132
8211,0.000131
8212,0.000131
8213,0.000130
8214,0.000130
8215,0.000129
8216,0.000129
8217,0.000128
8218,0.000128
8219,0.000127
8220,0.000127
8221,0.000126
8222,0.000126
8223,0.000125
8224,0.000125
8225,0.000124
8226,0.000124
8227,0.000123
8228,0.000123
8229,0.000122
8230,0.000122
8231,0.000121
8232,0.000121
8233,0.000120
8234,0.000120
8235,0.000119
8236,0.000119
8237,0.000118
8238,0.000118
8239,0.000117
8240,0.000117
8241,0.000116
8242,0.000116
8243,0.000115
8244,0.000115
8245,0.000114
8246,0.000114
8247,0.000113
8248,0.000113
8249,0.000112
8250,0.000112
8251,0.000111
8252,0.000111
8253,0.000111
8254,0.000110
8255,0.000110
8256,0.000109
8257,0.000109
8258,0.000108
8259,0.000108
8260,0.000107
8261,0.000107
8262,0.000107
8263,0.000106
8264,0.000106
8265,0.000105
8266,0.000105
8267,0.000104
8268,0.000104
8269,0.000104
8270,0.000103
8271,0.000103
8272,0.000102
8273,0.000102
8274,0.000101
8275,0.000101
8276,0.000101
8277,0.000100
8278,0.000100
8279,0.000099
8280,0.000099
8281,0.000099
8282,0.000098
8283,0.000098
8284,0.000097
8285,0.000097
8286,0.000097
8287,0.000096
8288,0.000096
8289,0.000095
8290,0.000095
8291,0.000095
8292,0.000094
8293,0.000094
8294,0.000093
8295,0.000093
8296,0.000093
8297,0.000092
8298,0.000092
8299,0.000092
8300,0.000091
8301,0.000091
8302,0.000090
8303,0.000090
8304,0.000090
8305,0.000089
8306,0.000089
8307,0.000089
8308,0.000088
8309,0.000088
8310,0.000088
8311,0.000087
8312,0.000087
8313,0.000086
8314,0.000086
8315,0.000086
8316,0.000085
8317,0.000085
8318,0.000085
8319,0.000084
8320,0.000084
8321,0.000084
8322,0.000083
8323,0.000083
8324,0.000083
8325,0.000082
8326,0.000082
8327,0.000082
8328,0.000081
8329,0.000081
8330,0.000081
8331,0.000080
8332,0.000080
8333,0.000080
8334,0.000079
8335,0.000079
8336,0.000079
8337,0.000078
8338,0.000078
8339,0.000078
8340,0.000077
8341,0.000077
8342,0.000077
8343,0.000076
8344,0.000076
8345,0.000076
8346,0.000076
8347,0.000075
8348,0.000075
8349,0.000075
8350,0.000074
8351,0.000074
8352,0.000074
8353,0.000073
8354,0.000073
8355,0.000073
8356,0.000072
8357,0.000072
8358,0.000072
8359,0.000072
8360,0.000071
8361,0.000071
8362,0.000071
8363,0.000070
8364,0.000070
8365,0.000070
8366,0.000070
8367,0.000069
8368,0.000069
8369,0.000069
8370,0.000068
8371,0.000068
8372,0.000068
8373,0.000068
8374,0.000067
8375,0.000067
8376,0.000067
8377,0.000066
8378,0.000066
8379,0.000066
8380,0.000066
8381,0.000065
8382,0.000065
8383,0.000065
8384,0.000065
8385,0.000064
8386,0.000064
8387,0.000064
8388,0.000064
8389,0.000063
8390,0.000063
8391,0.000063
8392,0.000062
8393,0.000062
8394,0.000062
8395,0.000062
8396,0.000061
8397,0.000061
8398,0.000061
8399,0.000061
8400,0.000060
8401,0.000060
8402,0.000060
8403,0.000060
8404,0.000059
8405,0.000059
8406,0.000059
8407,0.000059
8408,0.000058
8409,0.000058
8410,0.000058
8411,0.000058
8412,0.000058
8413,0.000057
8414,0.000057
8415,0.000057
8416,0.000057
8417,0.000056
8418,0.000056
8419,0.000056
8420,0.000056
8421,0.000055
8422,0.000055
8423,0.000055
8424,0.000055
8425,0.000055
8426,0.000054
8427,0.000054
8428,0.000054
8429,0.000054
8430,0.000053
8431,0.000053
8432,0.000053
8433,0.000053
8434,0.000053
8435,0.000052
8436,0.000052
8437,0.000052
8438,0.000052
8439,0.000052
8440,0.000051
8441,0.000051
8442,0.000051
8443,0.000051
8444,0.000050
8445,0.000050
8446,0.000050
8447,0.000050
8448,0.000050
8449,0.000049
8450,0.000049
8451,0.000049
8452,0.000049
8453,0.000049
8454,0.000048
8455,0.000048
8456,0.000048
8457,0.000048
8458,0.000048
8459,0.000047
8460,0.000047
8461,0.000047
8462,0.000047
8463,0.000047
8464,0.000046
8465,0.000046
8466,0.000046
8467,0.000046
8468,0.000046
8469,0.000046
8470,0.000045
8471,0.000045
8472,0.000045
8473,0.000045
8474,0.000045
8475,0.000044
8476,0.000044
8477,0.000044
8478,0.000044
8479,0.000044
8480,0.000044
8481,0.000043
8482,0.000043
8483,0.000043
8484,0.000043
8485,0.000043
8486,0.000042
8487,0.000042
8488,0.000042
8489,0.000042
8490,0.000042
8491,0.000042
8492,0.000041
8493,0.000041
8494,0.000041
8495,0.000041
8496,0.000041
8497,0.000041
8498,0.000040
8499,0.000040
8500,0.000040
8501,0.000040
8502,0.000040
8503,0.000040
8504,0.000039
8505,0.000039
8506,0.000039
8507,0.000039
8508,0.000039
8509,0.000039
8510,0.000038
8511,0.000038
8512,0.000038
8513,0.000038
8514,0.000038
8515,0.000038
8516,0.000038
8517,0.000037
8518,0.000037
8519,0.000037
8520,0.000037
8521,0.000037
8522,0.000037
8523,0.000036
8524,0.000036
8525,0.000036
8526,0.000036
8527,0.000036
8528,0.000036
8529,0.000036
8530,0.000035
8531,0.000035
8532,0.000035
8533,0.000035
8534,0.000035
8535,0.000035
8536,0.000035
8537,0.000034
8538,0.000034
8539,0.000034
8540,0.000034
8541,0.000034
8542,0.000034
8543,0.000034
8544,0.000033
8545,0.000033
8546,0.000033
8547,0.000033
8548,0.000033
8549,0.000033
8550,0.000033
8551,0.000033
8552,0.000032
8553,0.000032
8554,0.000032
8555,0.000032
8556,0.000032
8557,0.000032
8558,0.000032
8559,0.000031
8560,0.000031
8561,0.000031
8562,0.000031
8563,0.000031
8564,0.000031
8565,0.000031
8566,0.000031
8567,0.000030
8568,0.000030
8569,0.000030
8570,0.000030
8571,0.000030
8572,0.000030
8573,0.000030
8574,0.000030
8575,0.000029
8576,0.000029
8577,0.000029
8578,0.000029
8579,0.000029
8580,0.000029
8581,0.000029
8582,0.000029
8583,0.000029
8584,0.000028
8585,0.000028
8586,0.000028
8587,0.000028
8588,0.000028
8589,0.000028
8590,0.000028
8591,0.000028
8592,0.000028
8593,0.000027
8594,0.000027
8595,0.000027
8596,0.000027
8597,0.000027
8598,0.000027
8599,0.000027
8600,0.000027
8601,0.000027
8602,0.000026
8603,0.000026
8604,0.000026
8605,0.000026
8606,0.000026
8607,0.000026
8608,0.000026
8609,0.000026
8610,0.000026
8611,0.000025
8612,0.000025
8613,0.000025
8614,0.000025
8615,0.000025
8616,0.000025
8617,0.000025
8618,0.000025
8619,0.000025
8620,0.000025
8621,0.000024
8622,0.000024
8623,0.000024
8624,0.000024
8625,0.000024
8626,0.000024
8627,0.000024
8628,0.000024
8629,0.000024
8630,0.000024
8631,0.000023
8632,0.000023
8633,0.000023
8634,0.000023
8635,0.000023
8636,0.000023
8637,0.000023
8638,0.000023
8639,0.000023
8640,0.000023
8641,0.000023
8642,0.000022
8643,0.000022
8644,0.000022
8645,0.000022
8646,0.000022
8647,0.000022
8648,0.000022
8649,0.000022
8650,0.000022
8651,0.000022
8652,0.000022
8653,0.000021
8654,0.000021
8655,0.000021
8656,0.000021
8657,0.000021
8658,0.000021
8659,0.000021
8660,0.000021
8661,0.000021
8662,0.000021
8663,0.000021
8664,0.000020
8665,0.000020
8666,0.000020
8667,0.000020
8668,0.000020
8669,0.000020
8670,0.000020
8671,0.000020
8672,0.000020
8673,0.000020
8674,0.000020
8675,0.000020
8676,0.000020
8677,0.000019
8678,0.000019
8679,0.000019
8680,0.000019
8681,0.000019
8682,0.000019
8683,0.000019
8684,0.000019
8685,0.000019
8686,0.000019
8687,0.000019
8688,0.000019
8689,0.000019
8690,0.000018
8691,0.000018
8692,0.000018
8693,0.000018
8694,0.000018
8695,0.000018
8696,0.000018
8697,0.000018
8698,0.000018
8699,0.000018
8700,0.000018
8701,0.000018
8702,0.000018
8703,0.000017
8704,0.000017
8705,0.000017
8706,0.000017
8707,0.000017
8708,0.000017
8709,0.000017
8710,0.000017
8711,0.000017
8712,0.000017
8713,0.000017
8714,0.000017
8715,0.000017
8716,0.000017
8717,0.000017
8718,0.000016
8719,0.000016
8720,0.000016
8721,0.000016
8722,0.000016
8723,0.000016
8724,0.000016
8725,0.000016
8726,0.000016
8727,0.000016
8728,0.000016
8729,0.000016
8730,0.000016
8731,0.000016
8732,0.000016
8733,0.000015
8734,0.000015
8735,0.000015
8736,0.000015
8737,0.000015
8738,0.000015
8739,0.000015
8740,0.000015
8741,0.000015
8742,0.000015
8743,0.000015
8744,0.000015
8745,0.000015
8746,0.000015
8747,0.000015
8748,0.000015
8749,0.000014
8750,0.000014
8751,0.000014
8752,0.000014
8753,0.000014
8754,0.000014
8755,0.000014
8756,0.000014
8757,0.000014
8758,0.000014
8759,0.000014
8760,0.000014
8761,0.000014
8762,0.000014
8763,0.000014
8764,0.000014
8765,0.000014
8766,0.000014
8767,0.000013
8768,0.000013
8769,0.000013
8770,0.000013
8771,0.000013
8772,0.000013
8773,0.000013
8774,0.000013
8775,0.000013
8776,0.000013
8777,0.000013
8778,0.000013
8779,0.000013
8780,0.000013
8781,0.000013
8782,0.000013
8783,0.000013
8784,0.000013
8785,0.000012
8786,0.000012
8787,0.000012
8788,0.000012
8789,0.000012
8790,0.000012
8791,0.000012
8792,0.000012
8793,0.000012
8794,0.000012
8795,0.000012
8796,0.000012
8797,0.000012
8798,0.000012
8799,0.000012
8800,0.000012
8801,0.000012
8802,0.000012
8803,0.000012
8804,0.000012
8805,0.000012
8806,0.000011
8807,0.000011
8808,0.000011
8809,0.000011
8810,0.000011
8811,0.000011
8812,0.000011
8813,0.000011
8814,0.000011
8815,0.000011
8816,0.000011
8817,0.000011
8818,0.000011
8819,0.000011
8820,0.000011
8821,0.000011
8822,0.000011
8823,0.000011
8824,0.000011
8825,0.000011
8826,0.000011
8827,0.000011
8828,0.000010
8829,0.000010
8830,0.000010
8831,0.000010
8832,0.000010
8833,0.000010
8834,0.000010
8835,0.000010
8836,0.000010
8837,0.000010
8838,0.000010
8839,0.000010
8840,0.000010
8841,0.000010
8842,0.000010
8843,0.000010
8844,0.000010
8845,0.000010
8846,0.000010
8847,0.000010
8848,0.000010
8849,0.000010
8850,0.000010
8851,0.000010
8852,0.000009
8853,0.000009
8854,0.000009
8855,0.000009
8856,0.000009
8857,0.000009
8858,0.000009
8859,0.000009
8860,0.000009
8861,0.000009
8862,0.000009
8863,0.000009
8864,0.000009
8865,0.000009
8866,0.000009
8867,0.000009
8868,0.000009
8869,0.000009
8870,0.000009
8871,0.000009
8872,0.000009
8873,0.000009
8874,0.000009
8875,0.000009
8876,0.000009
8877,0.000009
8878,0.000009
8879,0.000008
8880,0.000008
8881,0.000008
8882,0.000008
8883,0.000008
8884,0.000008
8885,0.000008
8886,0.000008
8887,0.000008
8888,0.000008
8889,0.000008
8890,0.000008
8891,0.000008
8892,0.000008
8893,0.000008
8894,0.000008
8895,0.000008
8896,0.000008
8897,0.000008
8898,0.000008
8899,0.000008
8900,0.000008
8901,0.000008
8902,0.000008
8903,0.000008
8904,0.000008
8905,0.000008
8906,0.000008
8907,0.000008
8908,0.000008
8909,0.000008
8910,0.000007
8911,0.000007
8912,0.000007
8913,0.000007
8914,0.000007
8915,0.000007
8916,0.000007
8917,0.000007
8918,0.000007
8919,0.000007
8920,0.000007
8921,0.000007
8922,0.000007
8923,0.000007
8924,0.000007
8925,0.000007
8926,0.000007
8927,0.000007
8928,0.000007
8929,0.000007
8930,0.000007
8931,0.000007
8932,0.000007
8933,0.000007
8934,0.000007
8935,0.000007
8936,0.000007
8937,0.000007
8938,0.000007
8939,0.000007
8940,0.000007
8941,0.000007
8942,0.000007
8943,0.000007
8944,0.000007
8945,0.000006
8946,0.000006
8947,0.000006
8948,0.000006
8949,0.000006
8950,0.000006
8951,0.000006
8952,0.000006
8953,0.000006
8954,0.000006
8955,0.000006
8956,0.000006
8957,0.000006
8958,0.000006
8959,0.000006
8960,0.000006
8961,0.000006
8962,0.000006
8963,0.000006
8964,0.000006
8965,0.000006
8966,0.000006
8967,0.000006
8968,0.000006
8969,0.000006
8970,0.000006
8971,0.000006
8972,0.000006
8973,0.000006
8974,0.000006
8975,0.000006
8976,0.000006
8977,0.000006
8978,0.000006
8979,0.000006
8980,0.000006
8981,0.000006
8982,0.000006
8983,0.000006
8984,0.000006
8985,0.000006
8986,0.000005
8987,0.000005
8988,0.000005
8989,0.000005
8990,0.000005
8991,0.000005
8992,0.000005
8993,0.000005
8994,0.000005
8995,0.000005
8996,0.000005
8997,0.000005
8998,0.000005
8999,0.000005
9000,0.000005
9001,0.000005
9002,0.000005
9003,0.000005
9004,0.000005
9005,0.000005
9006,0.000005
9007,0.000005
9008,0.000005
9009,0.000005
9010,0.000005
9011,0.000005
9012,0.000005
9013,0.000005
9014,0.000005
9015,0.000005
9016,0.000005
9017,0.000005
9018,0.000005
9019,0.000005
9020,0.000005
9021,0.000005
9022,0.000005
9023,0.000005
9024,0.000005
9025,0.000005
9026,0.000005
9027,0.000005
9028,0.000005
9029,0.000005
9030,0.000005
9031,0.000005
9032,0.000005
9033,0.000005
9034,0.000005
9035,0.000004
9036,0.000004
9037,0.000004
9038,0.000004
9039,0.000004
9040,0.000004
9041,0.000004
9042,0.000004
9043,0.000004
9044,0.000004
9045,0.000004
9046,0.000004
9047,0.000004
9048,0.000004
9049,0.000004
9050,0.000004
9051,0.000004
9052,0.000004
9053,0.000004
9054,0.000004
9055,0.000004
9056,0.000004
9057,0.000004
9058,0.000004
9059,0.000004
9060,0.000004
9061,0.000004
9062,0.000004
9063,0.000004
9064,0.000004
9065,0.000004
9066,0.000004
9067,0.000004
9068,0.000004
9069,0.000004
9070,0.000004
9071,0.000004
9072,0.000004
9073,0.000004
9074,0.000004
9075,0.000004
9076,0.000004
9077,0.000004
9078,0.000004
9079,0.000004
9080,0.000004
9081,0.000004
9082,0.000004
9083,0.000004
9084,0.000004
9085,0.000004
9086,0.000004
9087,0.000004
9088,0.000004
9089,0.000004
9090,0.000004
9091,0.000004
9092,0.000004
9093,0.000004
9094,0.000004
9095,0.000004
9096,0.000003
9097,0.000003
9098,0.000003
9099,0.000003
9100,0.000003
9101,0.000003
9102,0.000003
9103,0.000003
9104,0.000003
9105,0.000003
9106,0.000003
9107,0.000003
9108,0.000003
9109,0.000003
9110,0.000003
9111,0.000003
9112,0.000003
9113,0.000003
9114,0.000003
9115,0.000003
9116,0.000003
9117,0.000003
9118,0.000003
9119,0.000003
9120,0.000003
9121,0.000003
9122,0.000003
9123,0.000003
9124,0.000003
9125,0.000003
9126,0.000003
9127,0.000003
9128,0.000003
9129,0.000003
9130,0.000003
9131,0.000003
9132,0.000003
9133,0.000003
9134,0.000003
9135,0.000003
9136,0.000003
9137,0.000003
9138,0.000003
9139,0.000003
9140,0.000003
9141,0.000003
9142,0.000003
9143,0.000003
9144,0.000003
9145,0.000003
9146,0.000003
9147,0.000003
9148,0.000003
9149,0.000003
9150,0.000003
9151,0.000003
9152,0.000003
9153,0.000003
9154,0.000003
9155,0.000003
9156,0.000003
9157,0.000003
9158,0.000003
9159,0.000003
9160,0.000003
9161,0.000003
9162,0.000003
9163,0.000003
9164,0.000003
9165,0.000003
9166,0.000003
9167,0.000003
9168,0.000003
9169,0.000003
9170,0.000003
9171,0.000003
9172,0.000003
9173,0.000003
9174,0.000003
9175,0.000003
9176,0.000003
9177,0.000003
9178,0.000002
9179,0.000002
9180,0.000002
9181,0.000002
9182,0.000002
9183,0.000002
9184,0.000002
9185,0.000002
9186,0.000002
9187,0.000002
9188,0.000002
9189,0.000002
9190,0.000002
9191,0.000002
9192,0.000002
9193,0.000002
9194,0.000002
9195,0.000002
9196,0.000002
9197,0.000002
9198,0.000002
9199,0.000002
9200,0.000002
9201,0.000002
9202,0.000002
9203,0.000002
9204,0.000002
9205,0.000002
9206,0.000002
9207,0.000002
9208,0.000002
9209,0.000002
9210,0.000002
9211,0.000002
9212,0.000002
9213,0.000002
9214,0.000002
9215,0.000002
9216,0.000002
9217,0.000002
9218,0.000002
9219,0.000002
9220,0.000002
9221,0.000002
9222,0.000002
9223,0.000002
9224,0.000002
9225,0.000002
9226,0.000002
9227,0.000002
9228,0.000002
9229,0.000002
9230,0.000002
9231,0.000002
9232,0.000002
9233,0.000002
9234,0.000002
9235,0.000002
9236,0.000002
9237,0.000002
9238,0.000002
9239,0.000002
9240,0.000002
9241,0.000002
9242,0.000002
9243,0.000002
9244,0.000002
9245,0.000002
9246,0.000002
9247,0.000002
9248,0.000002
9249,0.000002
9250,0.000002
9251,0.000002
9252,0.000002
9253,0.000002
9254,0.000002
9255,0.000002
9256,0.000002
9257,0.000002
9258,0.000002
9259,0.000002
9260,0.000002
9261,0.000002
9262,0.000002
9263,0.000002
9264,0.000002
9265,0.000002
9266,0.000002
9267,0.000002
9268,0.000002
9269,0.000002
9270,0.000002
9271,0.000002
9272,0.000002
9273,0.000002
9274,0.000002
9275,0.000002
9276,0.000002
9277,0.000002
9278,0.000002
9279,0.000002
9280,0.000002
9281,0.000002
9282,0.000002
9283,0.000002
9284,0.000002
9285,0.000002
9286,0.000002
9287,0.000002
9288,0.000002
9289,0.000002
9290,0.000002
9291,0.000002
9292,0.000002
9293,0.000002
9294,0.000002
9295,0.000002
9296,0.000002
9297,0.000002
9298,0.000002
9299,0.000002
9300,0.000002
9301,0.000002
9302,0.000002
9303,0.000002
9304,0.000001
9305,0.000001
9306,0.000001
9307,0.000001
9308,0.000001
9309,0.000001
9310,0.000001
9311,0.000001
9312,0.000001
9313,0.000001
9314,0.000001
9315,0.000001
9316,0.000001
9317,0.000001
9318,0.000001
9319,0.000001
9320,0.000001
9321,0.000001
9322,0.000001
9323,0.000001
9324,0.000001
9325,0.000001
9326,0.000001
9327,0.000001
9328,0.000001
9329,0.000001
9330,0.000001
9331,0.000001
9332,0.000001
9333,0.000001
9334,0.000001
9335,0.000001
9336,0.000001
9337,0.000001
9338,0.000001
9339,0.000001
9340,0.000001
9341,0.000001
9342,0.000001
9343,0.000001
9344,0.000001
9345,0.000001
9346,0.000001
9347,0.000001
9348,0.000001
9349,0.000001
9350,0.000001
9351,0.000001
9352,0.000001
9353,0.000001
9354,0.000001
9355,0.000001
9356,0.000001
9357,0.000001
9358,0.000001
9359,0.000001
9360,0.000001
9361,0.000001
9362,0.000001
9363,0.000001
9364,0.000001
9365,0.000001
9366,0.000001
9367,0.000001
9368,0.000001
9369,0.000001
9370,0.000001
9371,0.000001
9372,0.000001
9373,0.000001
9374,0.000001
9375,0.000001
9376,0.000001
9377,0.000001
9378,0.000001
9379,0.000001
9380,0.000001
9381,0.000001
9382,0.000001
9383,0.000001
9384,0.000001
9385,0.000001
9386,0.000001
9387,0.000001
9388,0.000001
9389,0.000001
9390,0.000001
9391,0.000001
9392,0.000001
9393,0.000001
9394,0.000001
9395,0.000001
9396,0.000001
9397,0.000001
9398,0.000001
9399,0.000001
9400,0.000001
9401,0.000001
9402,0.000001
9403,0.000001
9404,0.000001
9405,0.000001
9406,0.000001
9407,0.000001
9408,0.000001
9409,0.000001
9410,0.000001
9411,0.000001
9412,0.000001
9413,0.000001
9414,0.000001
9415,0.000001
9416,0.000001
9417,0.000001
9418,0.000001
9419,0.000001
9420,0.000001
9421,0.000001
9422,0.000001
9423,0.000001
9424,0.000001
9425,0.000001
9426,0.000001
9427,0.000001
9428,0.000001
9429,0.000001
9430,0.000001
9431,0.000001
9432,0.000001
9433,0.000001
9434,0.000001
9435,0.000001
9436,0.000001
9437,0.000001
9438,0.000001
9439,0.000001
9440,0.000001
9441,0.000001
9442,0.000001
9443,0.000001
9444,0.000001
9445,0.000001
9446,0.000001
9447,0.000001
9448,0.000001
9449,0.000001
9450,0.000001
9451,0.000001
9452,0.000001
9453,0.000001
9454,0.000001
9455,0.000001
9456,0.000001
9457,0.000001
9458,0.000001
9459,0.000001
9460,0.000001
9461,0.000001
9462,0.000001
9463,0.000001
9464,0.000001
9465,0.000001
9466,0.000001
9467,0.000001
9468,0.000001
9469,0.000001
9470,0.000001
9471,0.000001
9472,0.000001
9473,0.000001
9474,0.000001
9475,0.000001
9476,0.000001
9477,0.000001
9478,0.000001
9479,0.000001
9480,0.000001
9481,0.000001
9482,0.000001
9483,0.000001
9484,0.000001
9485,0.000001
9486,0.000001
9487,0.000001
9488,0.000001
9489,0.000001
9490,0.000001
9491,0.000001
9492,0.000001
9493,0.000001
9494,0.000001
9495,0.000001
9496,0.000001
9497,0.000001
9498,0.000001
9499,0.000001
9500,0.000001
9501,0.000001
9502,0.000001
9503,0.000001
9504,0.000001
9505,0.000001
9506,0.000001
9507,0.000001
9508,0.000001
9509,0.000001
9510,0.000001
9511,0.000001
9512,0.000001
9513,0.000001
9514,0.000001
9515,0.000001
9516,0.000001
9517,0.000001
9518,0.000001
9519,0.000001
9520,0.000001
9521,0.000001
9522,0.000001
9523,0.000001
9524,0.000001
9525,0.000001
9526,0.000001
9527,0.000001
9528,0.000001
9529,0.000001
9530,0.000001
9531,0.000001
9532,0.000001
9533,0.000001
9534,0.000001
9535,0.000001
9536,0.000001
9537,0.000001
9538,0.000001
9539,0.000001
9540,0.000001
9541,0.000001
9542,0.000001
9543,0.000001
9544,0.000001
9545,0.000001
9546,0.000001
9547,0.000001
9548,0.000001
9549,0.000001
9550,0.000001
9551,0.000001
9552,0.000001
9553,0.000001
9554,0.000001
9555,0.000001
9556,0.000001
9557,0.000001
9558,0.000001
9559,0.000001
9560,0.000001
9561,0.000001
9562,0.000001
9563,0.000001
9564,0.000001
9565,0.000001
9566,0.000001
9567,0.000001
9568,0.000001
9569,0.000001
9570,0.000001
9571,0.000001
9572,0.000000
9573,0.000000
9574,0.000000
9575,0.000000
9576,0.000000
9577,0.000000
9578,0.000000
9579,0.000000
9580,0.000000
9581,0.000000
9582,0.000000
9583,0.000000
9584,0.000000
9585,0.000000
9586,0.000000
9587,0.000000
9588,0.000000
9589,0.000000
9590,0.000000
9591,0.000000
9592,0.000000
9593,0.000000
9594,0.000000
9595,0.000000
9596,0.000000
9597,0.000000
9598,0.000000
9599,0.000000
9600,0.000000
9601,0.000000
9602,0.000000
9603,0.000000
9604,0.000000
9605,0.000000
9606,0.000000
9607,0.000000
9608,0.000000
9609,0.000000
9610,0.000000
9611,0.000000
9612,0.000000
9613,0.000000
9614,0.000000
9615,0.000000
9616,0.000000
9617,0.000000
9618,0.000000
9619,0.000000
9620,0.000000
9621,0.000000
9622,0.000000
9623,0.000000
9624,0.000000
9625,0.000000
9626,0.000000
9627,0.000000
9628,0.000000
9629,0.000000
9630,0.000000
9631,0.000000
9632,0.000000
9633,0.000000
9634,0.000000
9635,0.000000
9636,0.000000
9637,0.000000
9638,0.000000
9639,0.000000
9640,0.000000
9641,0.000000
9642,0.000000
9643,0.000000
9644,0.000000
9645,0.000000
9646,0.000000
9647,0.000000
9648,0.000000
9649,0.000000
9650,0.000000
9651,0.000000
9652,0.000000
9653,0.000000
9654,0.000000
9655,0.000000
9656,0.000000
9657,0.000000
9658,0.000000
9659,0.000000
9660,0.000000
9661,0.000000
9662,0.000000
9663,0.000000
9664,0.000000
9665,0.000000
9666,0.000000
9667,0.000000
9668,0.000000
9669,0.000000
9670,0.000000
9671,0.000000
9672,0.000000
9673,0.000000
9674,0.000000
9675,0.000000
9676,0.000000
9677,0.000000
9678,0.000000
9679,0.000000
9680,0.000000
9681,0.000000
9682,0.000000
9683,0.000000
9684,0.000000
9685,0.000000
9686,0.000000
9687,0.000000
9688,0.000000
9689,0.000000
9690,0.000000
9691,0.000000
9692,0.000000
9693,0.000000
9694,0.000000
9695,0.000000
9696,0.000000
9697,0.000000
9698,0.000000
9699,0.000000
9700,0.000000
9701,0.000000
9702,0.000000
9703,0.000000
9704,0.000000
9705,0.000000
9706,0.000000
9707,0.000000
9708,0.000000
9709,0.000000
9710,0.000000
9711,0.000000
9712,0.000000
9713,0.000000
9714,0.000000
9715,0.000000
9716,0.000000
9717,0.000000
9718,0.000000
9719,0.000000
9720,0.000000
9721,0.000000
9722,0.000000
9723,0.000000
9724,0.000000
9725,0.000000
9726,0.000000
9727,0.000000
9728,0.000000
9729,0.000000
9730,0.000000
9731,0.000000
9732,0.000000
9733,0.000000
9734,0.000000
9735,0.000000
9736,0.000000
9737,0.000000
9738,0.000000
9739,0.000000
9740,0.000000
9741,0.000000
9742,0.000000
9743,0.000000
9744,0.000000
9745,0.000000
9746,0.000000
9747,0.000000
9748,0.000000
9749,0.000000
9750,0.000000
9751,0.000000
9752,0.000000
9753,0.000000
9754,0.000000
9755,0.000000
9756,0.000000
9757,0.000000
9758,0.000000
9759,0.000000
9760,0.000000
9761,0.000000
9762,0.000000
9763,0.000000
9764,0.000000
9765,0.000000
9766,0.000000
9767,0.000000
9768,0.000000
9769,0.000000
9770,0.000000
9771,0.000000
9772,0.000000
9773,0.000000
9774,0.000000
9775,0.000000
9776,0.000000
9777,0.000000
9778,0.000000
9779,0.000000
9780,0.000000
9781,0.000000
9782,0.000000
9783,0.000000
9784,0.000000
9785,0.000000
9786,0.000000
9787,0.000000
9788,0.000000
9789,0.000000
9790,0.000000
9791,0.000000
9792,0.000000
9793,0.000000
9794,0.000000
9795,0.000000
9796,0.000000
9797,0.000000
9798,0.000000
9799,0.000000
9800,0.000000
9801,0.000000
9802,0.000000
9803,0.000000
9804,0.000000
9805,0.000000
9806,0.000000
9807,0.000000
9808,0.000000
9809,0.000000
9810,0.000000
9811,0.000000
9812,0.000000
9813,0.000000
9814,0.000000
9815,0.000000
9816,0.000000
9817,0.000000
9818,0.000000
9819,0.000000
9820,0.000000
9821,0.000000
9822,0.000000
9823,0.000000
9824,0.000000
9825,0.000000
9826,0.000000
9827,0.000000
9828,0.000000
9829,0.000000
9830,0.000000
9831,0.000000
9832,0.000000
9833,0.000000
9834,0.000000
9835,0.000000
9836,0.000000
9837,0.000000
9838,0.000000
9839,0.000000
9840,0.000000
9841,0.000000
9842,0.000000
9843,0.000000
9844,0.000000
9845,0.000000
9846,0.000000
9847,0.000000
9848,0.000000
9849,0.000000
9850,0.000000
9851,0.000000
9852,0.000000
9853,0.000000
9854,0.000000
9855,0.000000
9856,0.000000
9857,0.000000
9858,0.000000
9859,0.000000
9860,0.000000
9861,0.000000
9862,0.000000
9863,0.000000
9864,0.000000
9865,0.000000
9866,0.000000
9867,0.000000
9868,0.000000
9869,0.000000
9870,0.000000
9871,0.000000
9872,0.000000
9873,0.000000
9874,0.000000
9875,0.000000
9876,0.000000
9877,0.000000
9878,0.000000
9879,0.000000
9880,0.000000
9881,0.000000
9882,0.000000
9883,0.000000
9884,0.000000
9885,0.000000
9886,0.000000
9887,0.000000
9888,0.000000
9889,0.000000
9890,0.000000
9891,0.000000
9892,0.000000
9893,0.000000
9894,0.000000
9895,0.000000
9896,0.000000
9897,0.000000
9898,0.000000
9899,0.000000
9900,0.000000
9901,0.000000
9902,0.000000
9903,0.000000
9904,0.000000
9905,0.000000
9906,0.000000
9907,0.000000
9908,0.000000
9909,0.000000
9910,0.000000
9911,0.000000
9912,0.000000
9913,0.000000
9914,0.000000
9915,0.000000
9916,0.000000
9917,0.000000
9918,0.000000
9919,0.000000
9920,0.000000
9921,0.000000
9922,0.000000
9923,0.000000
9924,0.000000
9925,0.000000
9926,0.000000
9927,0.000000
9928,0.000000
9929,0.000000
9930,0.000000
9931,0.000000
9932,0.000000
9933,0.000000
9934,0.000000
9935,0.000000
9936,0.000000
9937,0.000000
9938,0.000000
9939,0.000000
9940,0.000000
9941,0.000000
9942,0.000000
9943,0.000000
9944,0.000000
9945,0.000000
9946,0.000000
9947,0.000000
9948,0.000000
9949,0.000000
9950,0.000000
9951,0.000000
9952,0.000000
9953,0.000000
9954,0.000000
9955,0.000000
9956,0.000000
9957,0.000000
9958,0.000000
9959,0.000000
9960,0.000000
9961,0.000000
9962,0.000000
9963,0.000000
9964,0.000000
9965,0.000000
9966,0.000000
9967,0.000000
9968,0.000000
9969,0.000000
9970,0.000000
9971,0.000000
9972,0.000000
9973,0.000000
9974,0.000000
9975,0.000000
9976,0.000000
9977,0.000000
9978,0.000000
9979,0.000000
9980,0.000000
9981,0.000000
9982,0.000000
9983,0.000000
9984,0.000000
9985,0.000000
9986,0.000000
9987,0.000000
9988,0.000000
9989,0.000000
9990,0.000000
9991,0.000000
9992,0.000000
9993,0.000000
9994,0.000000
9995,0.000000
9996,0.000000
9997,0.000000
9998,0.000000
9999,0.000000
